# Blender 5.2.0 LTS
# www.blender.org
mtllib brazo.mtl
o RoverModificado.001
v 9.299737 5.214608 -0.532746
v 9.299737 5.214608 0.090952
v 9.408228 5.193027 -0.532746
v 9.408228 5.193027 0.090952
v 9.500202 5.131574 -0.532746
v 9.500202 5.131574 0.090952
v 9.561657 5.039598 -0.532746
v 9.561657 5.039598 0.090952
v 9.583237 4.931108 -0.532746
v 9.583237 4.931108 0.090952
v 9.561657 4.727501 -0.532746
v 9.561657 4.727501 0.090954
v 9.500202 4.727501 -0.532746
v 9.500202 4.727501 0.090954
v 9.408228 4.727501 -0.532746
v 9.408228 4.727501 0.090954
v 9.299737 4.715108 -0.532746
v 9.299737 4.715108 0.090954
v 9.191246 4.727501 -0.532746
v 9.191246 4.727501 0.090954
v 9.099272 4.727501 -0.532746
v 9.099272 4.727501 0.090954
v 9.037817 4.727501 -0.532746
v 9.037817 4.727501 0.090954
v 9.016237 4.931108 -0.532746
v 9.016237 4.931108 0.090952
v 9.037817 5.039598 -0.532746
v 9.037817 5.039598 0.090952
v 9.099272 5.131574 -0.532746
v 9.099272 5.131574 0.090952
v 9.191246 5.193027 -0.532746
v 9.191246 5.193027 0.090952
v 9.299737 5.147109 0.090952
v 9.083736 4.931108 0.090952
v 9.515737 4.931108 0.090952
v 9.100179 4.848450 0.090954
v 9.147001 4.778374 0.090954
v 9.100179 5.013768 0.090952
v 9.147001 5.083844 0.090952
v 9.217077 5.130668 0.090952
v 9.452472 5.083844 0.090952
v 9.382397 5.130667 0.090952
v 9.217077 4.731550 0.090954
v 9.382397 4.731550 0.090954
v 9.499294 5.013768 0.090952
v 9.499294 4.848450 0.090954
v 9.452472 4.778374 0.090954
v 9.382397 5.130667 -0.532746
v 9.499294 4.848450 -0.532746
v 9.217077 4.731550 -0.532746
v 9.100179 5.013768 -0.532746
v 9.217077 5.130668 -0.532746
v 9.299737 5.147109 -0.532746
v 9.382397 4.731550 -0.532746
v 9.452472 5.083844 -0.532746
v 9.515737 4.931108 -0.532746
v 9.499294 5.013768 -0.532746
v 9.452472 4.778374 -0.532746
v 9.083736 4.931108 -0.532746
v 9.147001 4.778374 -0.532746
v 9.100179 4.848450 -0.532746
v 9.147001 5.083844 -0.532746
v 9.299737 5.214608 -0.326821
v 9.408228 5.193027 -0.326821
v 9.037817 4.727501 -0.326821
v 9.099272 4.727501 -0.326821
v 9.500202 5.131574 -0.326821
v 9.016237 4.931108 -0.326821
v 9.561657 5.039598 -0.326821
v 9.037817 5.039598 -0.326821
v 9.583237 4.931108 -0.326821
v 9.099272 5.131574 -0.326821
v 9.561657 4.727501 -0.326821
v 9.191246 5.193027 -0.326821
v 9.500202 4.727501 -0.326821
v 9.408228 4.727501 -0.326821
v 9.299737 4.715108 -0.326821
v 9.191246 4.727501 -0.326821
v 9.299737 5.214608 -0.114972
v 9.408228 5.193027 -0.114972
v 9.037817 4.727501 -0.114971
v 9.099272 4.727501 -0.114971
v 9.500202 5.131574 -0.114972
v 9.016237 4.931108 -0.114972
v 9.561657 5.039598 -0.114972
v 9.037817 5.039598 -0.114972
v 9.583237 4.931108 -0.114972
v 9.099272 5.131574 -0.114972
v 9.561657 4.727501 -0.114971
v 9.191246 5.193027 -0.114972
v 9.500202 4.727501 -0.114971
v 9.408228 4.727501 -0.114971
v 9.299737 4.715108 -0.114971
v 9.191246 4.727501 -0.114971
v 9.382397 5.130667 -0.326821
v 9.499294 4.848450 -0.326821
v 9.515737 4.931108 -0.326821
v 9.382397 4.731550 -0.326821
v 9.299737 5.147109 -0.326821
v 9.217077 5.130668 -0.326821
v 9.100179 4.848450 -0.326821
v 9.147001 4.778374 -0.326821
v 9.452472 5.083844 -0.326821
v 9.147001 5.083844 -0.326821
v 9.499294 5.013768 -0.326821
v 9.452472 4.778374 -0.326821
v 9.217077 4.731550 -0.326821
v 9.083736 4.931108 -0.326821
v 9.100179 5.013768 -0.326821
v 9.382397 5.130667 -0.114972
v 9.499294 4.848450 -0.114971
v 9.515737 4.931108 -0.114972
v 9.382397 4.731550 -0.114971
v 9.299737 5.147109 -0.114972
v 9.217077 5.130668 -0.114972
v 9.100179 4.848450 -0.114971
v 9.147001 4.778374 -0.114971
v 9.452472 5.083844 -0.114972
v 9.147001 5.083844 -0.114972
v 9.499294 5.013768 -0.114972
v 9.452472 4.778374 -0.114971
v 9.217077 4.731550 -0.114971
v 9.083736 4.931108 -0.114972
v 9.100179 5.013768 -0.114972
v 9.561657 4.427502 -0.532746
v 9.500202 4.427502 -0.532746
v 9.561657 4.427502 0.090954
v 9.500202 4.427502 0.090954
v 9.408228 4.427502 -0.532746
v 9.408228 4.427502 0.090954
v 9.299737 4.427502 -0.532746
v 9.299737 4.427502 0.090954
v 9.191246 4.427502 -0.532746
v 9.191246 4.427502 0.090954
v 9.099272 4.427502 -0.532746
v 9.099272 4.427502 0.090954
v 9.037817 4.427502 -0.532746
v 9.037817 4.427502 0.090954
v 9.037817 4.427502 -0.114971
v 9.099272 4.427502 -0.114971
v 9.561657 4.427502 -0.114971
v 9.500202 4.427502 -0.114971
v 9.408228 4.427502 -0.114971
v 9.299737 4.427502 -0.114971
v 9.191246 4.427502 -0.114971
v 9.037817 4.427502 -0.326821
v 9.099272 4.427502 -0.326821
v 9.561657 4.427502 -0.326821
v 9.500202 4.427502 -0.326821
v 9.408228 4.427502 -0.326821
v 9.299737 4.427502 -0.326821
v 9.191246 4.427502 -0.326821
v 9.299737 3.931108 -0.520896
v 9.715483 4.056108 -0.048689
v 8.822440 4.051108 -0.698193
v 11.996325 7.852623 0.252062
v 11.854904 7.852015 0.252062
v 12.198503 7.511365 0.252062
v 12.197893 7.652786 0.252062
v 11.854904 7.852015 -0.693858
v 11.996325 7.852623 -0.693858
v 12.197893 7.652786 -0.693858
v 12.198503 7.511365 -0.693858
v 12.198503 7.511365 -0.552738
v 12.197893 7.652786 -0.552738
v 11.996325 7.852623 -0.552738
v 11.854904 7.852015 -0.552738
v 11.854904 7.852015 0.110942
v 11.996325 7.852623 0.110942
v 12.197893 7.652786 0.110942
v 12.198503 7.511365 0.110942
v 9.453129 4.779033 -0.566497
v 9.453129 4.779033 0.124704
v 9.383256 4.731908 -0.566497
v 9.383256 4.731908 0.124704
v 9.300668 4.715112 -0.566497
v 9.300668 4.715112 0.124704
v 9.217937 4.731196 -0.566497
v 9.217937 4.731196 0.124704
v 9.147661 4.777716 -0.566497
v 9.147661 4.777716 0.124704
v 9.100536 4.847589 -0.566497
v 9.100536 4.847589 0.124704
v 9.083738 4.930178 -0.566497
v 9.083738 4.930178 0.124702
v 9.099824 5.012907 -0.566497
v 9.099824 5.012907 0.124702
v 9.146345 5.083183 -0.566497
v 9.146345 5.083184 0.124702
v 9.216217 5.130309 -0.566497
v 9.216217 5.130309 0.124702
v 9.298805 5.147106 -0.566497
v 9.298805 5.147106 0.124702
v 9.381535 5.131021 -0.566497
v 9.381535 5.131021 0.124702
v 9.451812 5.084501 -0.566497
v 9.451812 5.084501 0.124702
v 9.498936 5.014627 -0.566497
v 9.498936 5.014627 0.124702
v 9.515734 4.932040 -0.566497
v 9.515734 4.932040 0.124702
v 9.499649 4.849310 -0.566497
v 9.499649 4.849310 0.124704
v 11.962150 7.360914 -0.760898
v 11.962150 7.360914 0.319102
v 11.835100 7.307644 -0.760898
v 11.835100 7.307644 0.319102
v 11.707594 7.359817 -0.760898
v 11.707594 7.359817 0.319102
v 11.654325 7.486867 -0.760898
v 11.654325 7.486867 0.319102
v 11.706497 7.614372 -0.760898
v 11.706497 7.614372 0.319102
v 11.833547 7.667641 -0.760898
v 11.833547 7.667641 0.319102
v 11.961053 7.615469 -0.760898
v 11.961053 7.615469 0.319102
v 12.014322 7.488420 -0.760898
v 12.014322 7.488420 0.319102
v 11.962150 7.360914 0.252062
v 11.962150 7.360914 -0.693858
v 11.835100 7.307644 0.252062
v 11.835100 7.307644 -0.693858
v 11.707594 7.359817 0.252062
v 11.707594 7.359817 -0.693858
v 11.654325 7.486867 0.252062
v 11.654325 7.486867 -0.693858
v 11.706497 7.614372 0.252062
v 11.706497 7.614372 -0.693858
v 11.833547 7.667641 0.252062
v 11.833547 7.667641 -0.693858
v 11.961053 7.615469 0.252062
v 11.961053 7.615469 -0.693858
v 12.014322 7.488420 0.252062
v 12.014322 7.488420 -0.693858
v 8.935556 4.907386 0.252063
v 8.936166 4.765965 0.252063
v 8.906571 4.836551 0.252063
v 9.137734 4.566129 0.252063
v 9.279155 4.566738 0.252063
v 9.208570 4.537144 0.252063
v 8.936167 4.765965 -0.693856
v 8.935556 4.907386 -0.693856
v 8.906572 4.836551 -0.693856
v 9.279155 4.566738 -0.693856
v 9.137734 4.566129 -0.693856
v 9.208571 4.537144 -0.693856
v 8.935556 4.907386 -0.552736
v 8.936166 4.765965 -0.552736
v 8.906571 4.836551 -0.552736
v 9.137734 4.566129 -0.552736
v 9.279155 4.566738 -0.552736
v 9.208570 4.537144 -0.552736
v 9.279155 4.566738 0.110944
v 9.137734 4.566129 0.110944
v 9.208570 4.537144 0.110944
v 8.936166 4.765965 0.110944
v 8.935556 4.907386 0.110944
v 8.906571 4.836551 0.110944
v 11.632944 7.807881 -0.542731
v 11.632944 7.807881 0.098148
v 11.839311 7.791020 -0.542731
v 11.839311 7.791020 0.098148
v 12.081322 7.279716 -0.542731
v 12.081322 7.279716 0.098148
v 11.963535 7.109428 -0.542731
v 11.963535 7.109428 0.098148
v 11.776386 7.020846 -0.542731
v 11.776386 7.020846 0.098148
v 11.570019 7.037706 -0.542731
v 11.570019 7.037706 0.098148
v 11.399730 7.155492 -0.542731
v 11.399730 7.155492 0.098148
v 11.311148 7.342641 -0.542731
v 11.311148 7.342641 0.098148
v 11.328008 7.549009 -0.542731
v 11.328008 7.549009 0.098147
v 11.445793 7.719299 -0.542731
v 11.445793 7.719299 0.098147
v 11.623108 7.274599 -0.542731
v 11.623108 7.274599 0.098148
v 11.720714 7.209987 -0.542731
v 11.720714 7.209987 0.098148
v 11.557657 7.371644 -0.542731
v 11.557657 7.371644 0.098148
v 11.534326 7.486350 -0.542731
v 11.534326 7.486350 0.098148
v 11.835615 7.187646 -0.542731
v 11.835615 7.187646 0.098148
v 11.556667 7.601252 -0.542731
v 11.556667 7.601252 0.098148
v 11.950323 7.210978 0.098147
v 11.950323 7.210978 -0.542731
v 12.047367 7.276428 -0.542731
v 12.047367 7.276428 0.098147
v 11.621279 7.698859 -0.542731
v 11.621279 7.698859 0.098148
v 11.718324 7.764309 0.098148
v 11.718324 7.764309 -0.542731
v 11.833030 7.787640 -0.542731
v 11.833030 7.787640 0.098148
v 11.314125 7.336351 0.098148
v 11.315900 7.332600 0.098148
v 9.524561 10.010929 -0.285492
v 9.591648 10.079782 -0.277828
v 9.589536 10.075727 -0.222922
v 9.541092 10.025539 -0.214743
v 9.498972 9.980974 -0.180499
v 9.469589 9.948820 -0.125405
v 9.457417 9.933969 -0.057849
v 9.464309 9.938683 0.011886
v 9.489215 9.962242 0.073182
v 9.528343 10.001064 0.116707
v 9.575737 10.049236 0.135836
v 9.624181 10.099424 0.127656
v 9.666300 10.143990 0.093413
v 9.695683 10.176144 0.038319
v 9.707855 10.190994 -0.029238
v 9.700963 10.186281 -0.098972
v 9.676058 10.162722 -0.160268
v 9.636929 10.123898 -0.203794
v 9.467688 9.952559 -0.291990
v 9.424372 9.903355 -0.158150
v 9.407331 9.882563 -0.063571
v 9.416978 9.889162 0.034057
v 9.449665 9.917961 0.176580
v 9.506537 9.976330 0.183077
v 9.573625 10.045181 0.190742
v 9.640711 10.114033 0.198406
v 9.697584 10.172403 0.204903
v 9.740901 10.221607 0.071064
v 9.757942 10.242399 -0.023515
v 9.748294 10.235800 -0.121144
v 9.715607 10.207003 -0.263666
v 9.658733 10.148632 -0.270164
v 9.493229 10.422857 -0.256281
v 9.436355 10.364487 -0.262779
v 9.369268 10.295635 -0.270443
v 9.525916 10.451654 -0.113759
v 9.535563 10.458254 -0.016130
v 9.518522 10.437464 0.078449
v 9.475205 10.388258 0.212289
v 9.418333 10.329889 0.205791
v 9.351246 10.261036 0.198127
v 9.284160 10.192184 0.190462
v 9.227285 10.133816 0.183965
v 9.194600 10.105017 0.041442
v 9.184952 10.098417 -0.056186
v 9.201993 10.119209 -0.150765
v 9.245309 10.168413 -0.284605
v 9.302181 10.226784 -0.278107
v 9.254987 10.176414 -0.212300
v 9.477596 10.404882 -0.186868
v 9.257747 10.181711 -0.284052
v 9.480356 10.410181 -0.258620
v 9.239655 10.146980 0.186321
v 9.462265 10.375448 0.211753
v 9.242414 10.152279 0.114569
v 9.465025 10.380747 0.140001
v 8.995182 10.436573 -0.275332
v 8.992710 10.597315 -0.263559
v 8.960590 10.516527 -0.270759
v 9.056739 10.663031 -0.256244
v 9.217792 10.665041 -0.249900
v 9.136753 10.697325 -0.250633
v 8.989950 10.592016 -0.191807
v 8.992422 10.431274 -0.203581
v 8.957830 10.511229 -0.199008
v 9.215033 10.659744 -0.178149
v 9.053979 10.657730 -0.184492
v 9.133994 10.692028 -0.178882
v 8.979850 10.407139 0.123288
v 8.977378 10.567881 0.135062
v 8.945259 10.487093 0.127862
v 9.041407 10.633595 0.142377
v 9.202459 10.635609 0.148721
v 9.121421 10.667892 0.147987
v 8.974618 10.562584 0.206814
v 8.977090 10.401842 0.195040
v 8.942499 10.481796 0.199613
v 9.199699 10.630310 0.220472
v 9.038647 10.628298 0.214129
v 9.118662 10.662594 0.219739
v 12.588543 7.511081 -0.390223
v 12.583134 7.500698 -0.249590
v 12.251957 7.165637 -0.428677
v 12.246548 7.155253 -0.288043
v 12.236441 7.135850 -0.025272
v 12.231031 7.125467 0.115361
v 12.573027 7.481295 0.013181
v 12.567617 7.470911 0.153814
v 12.325237 7.430584 -0.406295
v 12.261753 7.332716 -0.415963
v 12.421484 7.496650 -0.397714
v 12.240699 7.217947 -0.425247
v 12.535841 7.520856 -0.391529
v 12.319828 7.420200 -0.265661
v 12.256345 7.322332 -0.275329
v 12.416075 7.486267 -0.257081
v 12.235290 7.207563 -0.284614
v 12.530432 7.510472 -0.250895
v 12.309722 7.400797 -0.002890
v 12.246238 7.302930 -0.012559
v 12.405968 7.466863 0.005690
v 12.225183 7.188159 -0.021843
v 12.520325 7.491069 0.011876
v 12.304313 7.390413 0.137743
v 12.240829 7.292546 0.128075
v 12.400558 7.456480 0.146323
v 12.514915 7.480685 0.152509
v 12.219774 7.177776 0.118791
v 12.750177 7.437871 -0.416546
v 12.727179 7.393723 0.181386
v 12.816646 7.341629 -0.421095
v 12.793648 7.297479 0.176836
v 12.841224 7.227429 -0.428583
v 12.818225 7.183279 0.169349
v 12.820168 7.112659 -0.437867
v 12.797170 7.068509 0.160064
v 12.756685 7.014791 -0.447535
v 12.733686 6.970641 0.150396
v 12.660438 6.948726 -0.456115
v 12.637440 6.904575 0.141816
v 12.546082 6.924520 -0.462301
v 12.523083 6.880369 0.135630
v 12.431024 6.945858 -0.465151
v 12.408026 6.901707 0.132780
v 12.332782 7.009493 -0.464231
v 12.309784 6.965343 0.133700
v 12.266313 7.105736 -0.459681
v 12.243315 7.061586 0.138250
v 12.241735 7.219936 -0.452194
v 12.218737 7.175786 0.145737
v 12.262791 7.334707 -0.442910
v 12.239792 7.290555 0.155022
v 12.326274 7.432574 -0.433241
v 12.303276 7.388423 0.164690
v 12.422521 7.498640 -0.424661
v 12.399522 7.454489 0.173270
v 12.536878 7.522846 -0.418475
v 12.513879 7.478695 0.179456
v 12.651935 7.501506 -0.415626
v 12.628937 7.457357 0.182306
v 10.347196 9.641823 0.087100
v 10.341787 9.631439 0.227733
v 10.362713 9.671610 -0.316305
v 10.357304 9.661226 -0.175671
v 10.026126 9.326166 -0.354758
v 10.020717 9.315781 -0.214125
v 10.010610 9.296379 0.048646
v 10.005201 9.285994 0.189280
v 9.424545 10.235874 -0.217443
v 9.376101 10.185686 -0.209263
v 9.333982 10.141123 -0.175020
v 9.304601 10.108967 -0.119926
v 9.292429 10.094116 -0.052369
v 9.299320 10.098829 0.017365
v 9.324225 10.122391 0.078661
v 9.363354 10.161213 0.122186
v 9.410747 10.209385 0.141315
v 9.459192 10.259573 0.133136
v 9.501310 10.304136 0.098892
v 9.530693 10.336292 0.043798
v 9.542865 10.351143 -0.023758
v 9.535973 10.346430 -0.093493
v 9.511067 10.322868 -0.154789
v 9.471940 10.284046 -0.198314
v 9.750559 9.822216 -0.221699
v 9.799003 9.872404 -0.229879
v 9.708440 9.777651 -0.187455
v 9.679056 9.745497 -0.132362
v 9.666884 9.730644 -0.064805
v 9.673777 9.735359 0.004929
v 9.698682 9.758921 0.066225
v 9.737811 9.797741 0.109751
v 9.785204 9.845913 0.128880
v 9.833649 9.896101 0.120700
v 9.875768 9.940666 0.086456
v 9.905149 9.972820 0.031363
v 9.917322 9.987673 -0.036194
v 9.910431 9.982958 -0.105928
v 9.885526 9.959396 -0.167224
v 9.846396 9.920576 -0.210750
v 9.797989 9.879372 -0.283590
v 9.934715 9.746656 -0.288131
v 9.871737 9.681412 -0.277497
v 9.816982 9.623478 -0.232980
v 9.778786 9.581676 -0.161358
v 9.762961 9.562370 -0.073535
v 9.771921 9.568497 0.017120
v 9.804298 9.599127 0.096805
v 9.855165 9.649595 0.153388
v 9.916777 9.712217 0.178256
v 9.979753 9.777462 0.167622
v 10.034510 9.835396 0.123105
v 10.072706 9.877197 0.051483
v 10.088530 9.896505 -0.036340
v 10.079571 9.890377 -0.126995
v 10.047194 9.859747 -0.206680
v 9.996327 9.809278 -0.263263
v 9.735011 9.814127 -0.272956
v 9.680256 9.756193 -0.228440
v 9.642059 9.714392 -0.156818
v 9.626235 9.695084 -0.068994
v 9.635194 9.701214 0.021661
v 9.667571 9.731842 0.101345
v 9.718437 9.782310 0.157929
v 9.780050 9.844934 0.182796
v 9.843027 9.910179 0.172162
v 9.897783 9.968111 0.127646
v 9.935980 10.009912 0.056024
v 9.951803 10.029221 -0.031800
v 9.942844 10.023092 -0.122455
v 9.910467 9.992462 -0.202139
v 9.859600 9.941994 -0.258723
v 10.300092 9.607695 -0.350566
v 10.398691 9.703751 -0.189162
v 10.372192 9.680187 -0.298354
v 9.981296 9.275372 -0.236848
v 10.091393 9.393503 -0.374409
v 10.015924 9.314545 -0.339056
v 10.387191 9.681675 0.109803
v 10.277093 9.563543 0.247365
v 10.352563 9.642504 0.212012
v 10.068396 9.349354 0.223522
v 9.969797 9.253296 0.062118
v 9.996294 9.276859 0.171310
v 10.140444 9.954420 -0.180586
v 10.041845 9.858364 -0.341990
v 10.113946 9.930859 -0.289778
v 9.833148 9.644175 -0.365833
v 9.723049 9.526041 -0.228271
v 9.757678 9.565214 -0.330480
v 10.018847 9.814213 0.255941
v 10.128944 9.932344 0.118379
v 10.094316 9.893173 0.220588
v 9.711551 9.503965 0.070694
v 9.810150 9.600023 0.232098
v 9.738048 9.527529 0.179886
v 9.013297 10.442421 -0.134251
v 9.214970 10.266216 -0.142039
v 9.013505 10.433535 0.072197
v 9.215178 10.257330 0.064409
v 9.213470 10.266529 -0.202759
v 9.213801 10.252424 0.124938
v 9.011147 10.443302 -0.194946
v 9.011479 10.429197 0.132751
v 9.295167 10.741598 0.148753
v 9.294773 10.758362 -0.240721
v 9.485402 10.575388 0.141406
v 9.654020 10.578972 0.133567
v 9.653634 10.595373 -0.247517
v 9.485008 10.592152 -0.248067
v 9.520709 11.016472 -0.229840
v 9.521103 10.999720 0.159400
v 9.805276 10.751432 0.148426
v 9.804882 10.768187 -0.240814
v 9.778629 11.123167 0.051670
v 9.817774 11.087702 0.080132
v 9.784637 11.118500 0.037594
v 9.823782 11.083036 0.066056
v 10.086561 11.313940 -0.143618
v 10.125704 11.278475 -0.115156
v 10.092568 11.309275 -0.157694
v 10.131712 11.273809 -0.129233
v 9.907884 11.018106 -0.140012
v 9.868740 11.053570 -0.168474
v 9.901875 11.022772 -0.125936
v 9.862732 11.058235 -0.154398
v 9.491366 10.572851 0.077710
v 9.491758 10.569918 0.139161
v 9.491158 10.581736 -0.128739
v 9.491426 10.584095 -0.190214
v 9.289426 10.746689 0.147214
v 9.289694 10.749056 0.085498
v 9.289485 10.757942 -0.120951
v 9.289092 10.760887 -0.182640
v 10.072224 11.185383 0.049465
v 10.035261 11.216228 0.085276
v 9.523921 10.633314 -0.246157
v 9.594474 10.638035 -0.246025
v 10.028341 11.222828 0.072449
v 10.065302 11.191982 0.036637
v 9.907306 11.011486 0.029028
v 9.870344 11.042330 0.064840
v 9.914227 11.004887 0.041856
v 9.877265 11.035730 0.077667
v 9.523761 10.640110 -0.404011
v 9.594314 10.644829 -0.403879
v 9.750809 10.812397 -0.166724
v 9.783274 10.780878 -0.093157
v 9.640138 10.910572 -0.197581
v 9.705034 10.853876 -0.200176
v 9.561660 10.974480 -0.083986
v 9.594090 10.949303 -0.160149
v 9.594087 10.939983 0.060994
v 9.561621 10.971502 -0.012573
v 9.704757 10.841808 0.091851
v 9.639860 10.898504 0.094446
v 9.783235 10.777901 -0.021744
v 9.750805 10.803078 0.054419
v 9.952725 10.974461 -0.084996
v 9.920260 11.005980 -0.158563
v 9.874485 11.047459 -0.192016
v 9.809589 11.104156 -0.189421
v 9.763542 11.142885 -0.151988
v 9.731112 11.168062 -0.075826
v 9.731072 11.165087 -0.004413
v 9.763537 11.133566 0.069155
v 9.809313 11.092087 0.102607
v 9.874208 11.035391 0.100012
v 9.920257 10.996660 0.062579
v 9.952686 10.971483 -0.013583
v 9.886501 11.033390 -0.107799
v 9.903872 11.016525 -0.068437
v 9.824614 11.088341 -0.126263
v 9.859337 11.058006 -0.127651
v 9.779949 11.124784 -0.063309
v 9.797300 11.111315 -0.104060
v 9.797297 11.106155 0.018390
v 9.779926 11.123020 -0.020971
v 9.859184 11.051205 0.036854
v 9.824462 11.081539 0.038242
v 9.903849 11.014761 -0.026099
v 9.886497 11.028233 0.014651
v 10.046785 11.179792 -0.061555
v 10.029415 11.196655 -0.100917
v 10.029411 11.191498 0.021533
v 10.046762 11.178026 -0.019217
v 9.967376 11.244806 0.045125
v 10.002096 11.214470 0.043737
v 9.922840 11.286285 -0.014089
v 9.940210 11.269421 0.025273
v 9.940214 11.274580 -0.097177
v 9.922863 11.288050 -0.056427
v 10.002250 11.221272 -0.120769
v 9.967527 11.251608 -0.119380
v 9.700559 10.759228 -0.240916
v 9.697835 10.799904 -0.239163
v 9.399896 10.779974 -0.239719
v 9.402619 10.739298 -0.241473
v 9.635891 10.854027 -0.236771
v 9.585381 10.871078 -0.235986
v 9.501855 10.865490 -0.236142
v 9.454070 10.841864 -0.237110
v 9.585222 10.877871 -0.393840
v 9.635731 10.860821 -0.394625
v 9.453910 10.848658 -0.394964
v 9.501696 10.872284 -0.393996
v 9.697675 10.806700 -0.397017
v 9.700399 10.766022 -0.398770
v 9.402461 10.746092 -0.399327
v 9.399735 10.786768 -0.397573
v 9.215789 10.396070 -0.336603
v 9.239802 10.423504 -0.335446
v 9.158008 10.395636 -0.336563
v 9.193794 10.388577 -0.336903
v 9.128742 10.445414 -0.334391
v 9.140514 10.410921 -0.335887
v 9.157259 10.495625 -0.332259
v 9.133245 10.468191 -0.333415
v 9.215041 10.496059 -0.332299
v 9.179255 10.503117 -0.331958
v 9.244306 10.446281 -0.334471
v 9.232533 10.480776 -0.332974
v 9.239601 10.432104 -0.535261
v 9.215588 10.404673 -0.536418
v 9.193592 10.397177 -0.536718
v 9.157805 10.404238 -0.536378
v 9.140313 10.419521 -0.535702
v 9.128541 10.454014 -0.534206
v 9.133043 10.476791 -0.533230
v 9.157057 10.504225 -0.532074
v 9.179052 10.511719 -0.531773
v 9.214838 10.504658 -0.532113
v 9.232330 10.489376 -0.532789
v 9.244103 10.454882 -0.534285
v 9.266745 10.405107 -0.336265
v 9.237630 10.371845 -0.337667
v 9.191317 10.356066 -0.338300
v 9.147928 10.364626 -0.337888
v 9.111095 10.396809 -0.336465
v 9.096823 10.438627 -0.334651
v 9.106302 10.486588 -0.332596
v 9.135419 10.519850 -0.331194
v 9.181732 10.535629 -0.330562
v 9.225120 10.527069 -0.330974
v 9.261952 10.494888 -0.332396
v 9.276226 10.453068 -0.334211
v 9.237698 10.368952 -0.270442
v 9.266813 10.402214 -0.269039
v 9.147996 10.361732 -0.270662
v 9.191385 10.353174 -0.271074
v 9.096890 10.435734 -0.267425
v 9.111164 10.393913 -0.269239
v 9.135486 10.516956 -0.263968
v 9.106371 10.483694 -0.265370
v 9.225187 10.524176 -0.263748
v 9.181800 10.532736 -0.263336
v 9.276294 10.450174 -0.266985
v 9.262021 10.491995 -0.265170
v 9.234223 10.353062 0.068485
v 9.267938 10.391577 0.070109
v 9.145304 10.349794 0.068435
v 9.195543 10.339884 0.067957
v 9.098015 10.425097 0.071724
v 9.114542 10.376673 0.069623
v 9.139646 10.503666 0.075063
v 9.105932 10.465153 0.073440
v 9.228567 10.506935 0.075114
v 9.178326 10.516846 0.075591
v 9.275856 10.431631 0.071825
v 9.259328 10.480057 0.073926
v 9.267728 10.400490 -0.136992
v 9.234015 10.361977 -0.138616
v 9.195334 10.348797 -0.139144
v 9.145095 10.358709 -0.138667
v 9.114333 10.385586 -0.137479
v 9.097805 10.434011 -0.135378
v 9.105722 10.474066 -0.133662
v 9.139437 10.512581 -0.132038
v 9.178116 10.525759 -0.131510
v 9.228356 10.515848 -0.131987
v 9.259119 10.488972 -0.133175
v 9.275646 10.440546 -0.135276
v 10.143419 11.253025 -0.066186
v 10.121665 11.274145 -0.115481
v 10.084695 11.307648 -0.142500
v 10.041210 11.345638 -0.140761
v 10.004051 11.376892 -0.110554
v 9.982320 11.393763 -0.059520
v 9.982288 11.391361 -0.001941
v 10.004043 11.370241 0.047355
v 10.041014 11.336740 0.074373
v 10.084498 11.298750 0.072634
v 10.121658 11.267496 0.042427
v 10.143388 11.250626 -0.008607
v 10.104965 11.255066 -0.116286
v 10.126719 11.233946 -0.066990
v 10.067798 11.279671 0.071829
v 10.024313 11.317661 0.073568
v 9.965619 11.374681 -0.060324
v 9.987350 11.357813 -0.111358
v 10.126687 11.231546 -0.009412
v 10.104957 11.248417 0.041623
v 9.987342 11.351162 0.046550
v 9.965588 11.372282 -0.002745
v 10.024508 11.326559 -0.141565
v 10.067993 11.288568 -0.143304
v 10.102976 11.289928 -0.101774
v 10.125691 11.267874 -0.050301
v 10.040236 11.345304 -0.112626
v 10.085641 11.305635 -0.114442
v 10.000031 11.377651 -0.045101
v 10.022722 11.360035 -0.098390
v 10.022732 11.354460 0.033647
v 10.000017 11.376514 -0.017826
v 10.085473 11.299084 0.044499
v 10.040067 11.338753 0.046315
v 10.125677 11.266737 -0.023026
v 10.102985 11.284353 0.030263
v 10.125657 11.265285 0.011833
v 10.086344 11.265341 0.029461
v 10.109034 11.247725 -0.023827
v 9.983374 11.357502 -0.018628
v 10.006090 11.335447 0.032846
v 10.068998 11.286623 -0.115243
v 10.023593 11.326292 -0.113428
v 10.109049 11.248861 -0.051102
v 10.086334 11.270916 -0.102575
v 10.023424 11.319740 0.045514
v 10.068830 11.280071 0.043698
v 10.006080 11.341022 -0.099191
v 9.983389 11.358639 -0.045902
v 9.950372 11.078175 -0.123600
v 10.077208 11.223072 -0.117492
v 10.038064 11.258537 -0.145954
v 9.911228 11.113638 -0.152062
v 10.083216 11.218407 -0.131568
v 9.956380 11.073509 -0.137676
v 9.917236 11.108973 -0.166138
v 10.044071 11.253872 -0.160030
v 9.943258 11.085150 -0.132951
v 10.074350 11.234913 -0.126637
v 10.052431 11.254772 -0.142576
v 9.921337 11.105009 -0.148889
v 10.077716 11.232300 -0.134520
v 9.946622 11.082537 -0.140833
v 9.924702 11.102398 -0.156772
v 10.055795 11.252159 -0.150458
v 9.894219 11.243689 0.042872
v 9.933364 11.208223 0.071333
v 9.888212 11.248354 0.056948
v 9.927356 11.212891 0.085410
v 9.900356 11.238340 0.050537
v 10.020237 11.375294 0.056310
v 10.045289 11.352596 0.074525
v 10.016393 11.378281 0.065319
v 10.041444 11.355583 0.083534
v 9.921562 11.218628 0.077761
v 9.925407 11.215643 0.068752
v 9.896509 11.241325 0.059545
v 9.980372 11.150618 -0.056065
v 9.970418 11.160282 -0.078623
v 9.951696 11.177246 -0.092305
v 9.931797 11.194632 -0.091509
v 9.912988 11.210451 -0.076219
v 9.903044 11.218172 -0.052865
v 9.903028 11.216957 -0.023731
v 9.912983 11.207293 -0.001173
v 9.931704 11.190329 0.012509
v 9.951604 11.172943 0.011713
v 9.970413 11.157124 -0.003577
v 9.980356 11.149403 -0.026931
v 10.013603 11.209618 -0.076543
v 10.023559 11.199953 -0.053985
v 10.023542 11.198738 -0.024851
v 10.013598 11.206459 -0.001497
v 9.994790 11.222279 0.013793
v 9.974890 11.239664 0.014588
v 9.956169 11.256628 0.000907
v 9.946214 11.266293 -0.021652
v 9.946230 11.267508 -0.050785
v 9.956174 11.259787 -0.074139
v 9.974983 11.243967 -0.089429
v 9.994882 11.226582 -0.090225
v 9.523841 10.636713 -0.325084
v 9.594394 10.641432 -0.324952
v 9.697755 10.803301 -0.318090
v 9.700479 10.762625 -0.319843
v 9.402541 10.742695 -0.320400
v 9.399816 10.783371 -0.318646
v 9.635811 10.857424 -0.315698
v 9.585301 10.874474 -0.314913
v 9.453990 10.845261 -0.316037
v 9.501775 10.868887 -0.315069
vn -0.0000 -0.0000 1.0000
vn -0.8339 0.5520 -0.0000
vn -0.7101 0.7041 -0.0000
vn 0.7101 -0.7041 -0.0000
vn 0.5592 -0.8291 -0.0000
vn -0.5520 -0.8339 -0.0000
vn -0.8291 -0.5591 -0.0000
vn -0.8291 -0.5592 -0.0000
vn 0.7041 0.7101 -0.0000
vn 0.7040 0.7102 -0.0000
vn -0.0000 -0.0000 -1.0000
vn -0.0043 1.0000 -0.0000
vn 1.0000 0.0043 -0.0000
vn 0.7041 0.7102 -0.0000
vn 0.7102 -0.7040 -0.0000
vn 0.3867 -0.9222 -0.0000
vn 0.0043 -1.0000 -0.0000
vn -0.3787 -0.9255 -0.0000
vn -0.7040 -0.7102 -0.0000
vn -0.7041 -0.7101 -0.0000
vn -0.9222 -0.3867 -0.0000
vn -1.0000 -0.0043 -0.0000
vn -0.9255 0.3787 -0.0000
vn -0.7102 0.7040 -0.0000
vn -0.3867 0.9222 -0.0000
vn 0.3787 0.9255 -0.0000
vn 0.9222 0.3867 -0.0000
vn 0.9255 -0.3787 -0.0000
vn 0.8224 -0.5689 -0.0000
vn 0.6472 -0.7623 -0.0000
vn 0.1793 -0.9838 -0.0000
vn -0.0814 -0.9967 -0.0000
vn -0.9039 -0.4278 -0.0000
vn -0.9967 0.0814 -0.0000
vn -0.9416 0.3366 -0.0000
vn -0.8224 0.5689 -0.0000
vn -0.4278 0.9039 -0.0000
vn -0.1793 0.9838 -0.0000
vn 0.0814 0.9967 -0.0000
vn -0.0964 0.9953 -0.0000
vn 0.4738 -0.8806 -0.0000
vn -0.5689 -0.8224 -0.0000
vn -0.7623 -0.6472 -0.0000
vn 0.6957 0.7140 0.0795
vn -0.7174 0.6963 0.0238
vn -0.7173 0.6963 0.0238
vn -0.0383 -0.0736 0.9966
vn -0.6957 -0.7140 -0.0795
vn 0.0383 0.0736 -0.9966
vn -0.3965 0.9165 0.0524
vn 0.3682 0.9261 0.0825
vn -0.9172 -0.3932 -0.0643
vn -0.9290 0.3701 -0.0084
vn -0.9172 -0.3931 -0.0643
vn 0.3682 0.9261 0.0826
vn -0.0010 0.0430 -0.9991
vn 0.7527 -0.6580 -0.0220
vn -0.6577 -0.7494 -0.0757
vn -0.6576 -0.7532 0.0124
vn 0.0668 -0.9968 -0.0430
vn 0.5567 -0.8299 -0.0363
vn 0.0668 -0.9968 -0.0429
vn -0.4411 -0.8967 -0.0381
vn -0.8307 -0.5562 -0.0231
vn 0.0110 -0.0598 0.9981
vn 0.0120 -0.0616 0.9980
vn 0.0015 -0.0425 0.9991
vn -0.0002 0.0416 -0.9991
vn -0.0003 0.0417 -0.9991
vn -0.6583 -0.7521 -0.0317
vn 0.0192 -0.9989 -0.0430
vn 0.7527 -0.6577 -0.0291
vn 0.6583 0.7521 0.0317
vn 0.0010 -0.0430 0.9991
vn -0.7527 0.6577 0.0291
vn 0.7527 -0.6574 -0.0362
vn -0.7527 0.6580 0.0220
vn -0.7527 0.6574 0.0362
vn -0.0001 -0.0451 0.9990
vn -0.0002 -0.0449 0.9990
vn -0.0003 -0.0445 0.9990
vn -0.0020 0.0405 -0.9992
vn 0.1942 -0.1290 -0.9724
vn 0.5327 -0.4357 -0.7256
vn 0.5326 -0.4357 -0.7256
vn -0.5343 0.4966 -0.6840
vn -0.1977 0.2134 -0.9568
vn -0.7272 0.6463 -0.2310
vn -0.7272 0.6246 0.2847
vn 0.7272 -0.6246 -0.2847
vn 0.7273 -0.6463 0.2310
vn -0.7273 0.6463 -0.2310
vn 0.5344 -0.4966 0.6840
vn 0.1977 -0.2134 0.9568
vn 0.7272 -0.6463 0.2310
vn -0.1942 0.1290 0.9724
vn -0.5327 0.4357 0.7256
vn -0.5344 0.4966 -0.6840
vn 0.5343 -0.4966 0.6840
vn 0.1976 -0.2134 0.9568
vn 0.9978 0.0667 0.0019
vn -0.9978 -0.0667 -0.0019
vn -0.9978 -0.0668 -0.0019
vn -0.6098 0.7918 0.0347
vn -0.2601 0.9647 0.0418
vn -0.5326 0.4357 0.7256
vn 0.6583 0.7521 0.0316
vn 0.4988 0.8659 0.0368
vn 0.1292 0.9907 0.0425
vn 0.0488 -0.1281 0.9906
vn 0.0026 0.0365 -0.9993
vn 0.6583 0.7521 0.0309
vn 0.7527 -0.6574 -0.0361
vn -0.0000 -0.0455 0.9990
vn -0.0020 0.0407 -0.9992
vn -0.0023 0.0415 -0.9991
vn -0.0021 0.0406 -0.9992
vn -0.1943 0.1290 0.9724
vn -0.0000 1.0000 -0.0000
vn 0.3827 0.9239 -0.0000
vn 0.7071 0.7071 -0.0000
vn 0.9239 0.3827 -0.0000
vn 0.9990 0.0454 -0.0000
vn 0.9986 -0.0528 -0.0000
vn 1.0000 -0.0000 -0.0000
vn -0.9986 -0.0528 -0.0000
vn -0.9990 0.0454 -0.0000
vn -0.9239 0.3827 -0.0000
vn -0.7071 0.7071 -0.0000
vn -0.0001 -0.0000 1.0000
vn -0.3827 0.9239 -0.0000
vn -1.0000 -0.0000 -0.0000
vn 0.0001 -0.0000 1.0000
vn 0.4936 0.4838 0.7227
vn 0.7100 0.3424 -0.6154
vn 0.5446 0.5817 -0.6041
vn 0.6589 0.2444 0.7114
vn 0.7711 0.0583 -0.6341
vn 0.7201 -0.0397 0.6928
vn 0.7187 -0.2272 -0.6571
vn 0.6677 -0.3251 0.6697
vn 0.5608 -0.4706 -0.6812
vn 0.5098 -0.5686 0.6456
vn 0.3214 -0.6349 -0.7025
vn 0.2704 -0.7329 0.6243
vn 0.0370 -0.6951 -0.7179
vn -0.0141 -0.7931 0.6089
vn -0.2492 -0.6421 -0.7250
vn -0.3003 -0.7400 0.6018
vn -0.4936 -0.4838 -0.7227
vn -0.5446 -0.5818 0.6041
vn -0.6589 -0.2444 -0.7114
vn -0.7099 -0.3424 0.6154
vn -0.7200 0.0397 -0.6928
vn -0.7711 -0.0583 0.6341
vn -0.6677 0.3251 -0.6697
vn -0.7187 0.2272 0.6572
vn -0.5098 0.5686 -0.6456
vn -0.5608 0.4706 0.6812
vn -0.2704 0.7329 -0.6243
vn -0.3214 0.6349 0.7025
vn 0.0141 0.7931 -0.6089
vn -0.0370 0.6952 0.7179
vn 0.3003 0.7400 -0.6018
vn 0.2492 0.6421 0.7250
vn -0.4411 -0.8967 -0.0382
vn -0.8975 0.4406 0.0199
vn -0.0668 0.9968 0.0430
vn -0.5567 0.8299 0.0363
vn 0.8307 0.5562 0.0231
vn 0.4411 0.8967 0.0381
vn 0.9978 0.0668 0.0019
vn 0.8975 -0.4406 -0.0199
vn 0.4411 0.8967 0.0382
vn 0.3755 -0.2916 -0.8798
vn -0.6524 0.5911 -0.4743
vn -0.6524 0.5911 -0.4744
vn 0.6583 0.7521 0.0318
vn -0.3755 0.2916 0.8798
vn 0.6524 -0.5911 0.4743
vn 0.6524 -0.5911 0.4744
vn 0.6524 -0.5910 0.4744
vn 0.7173 -0.6963 -0.0238
vn 0.7174 -0.6963 -0.0238
vn -0.6748 -0.6859 -0.2724
vn 0.6613 0.6912 -0.2913
vn 0.6332 0.6373 0.4392
vn -0.6898 -0.7146 0.1165
vn 0.6748 0.6859 0.2724
vn -0.6613 -0.6912 0.2913
vn -0.6332 -0.6373 -0.4392
vn 0.6898 0.7146 -0.1165
vn 0.4326 -0.4124 0.8017
vn -0.4326 0.4125 -0.8017
vn 0.6160 -0.5141 -0.5968
vn 0.6160 -0.5141 -0.5969
vn -0.6160 0.5141 0.5969
vn -0.6160 0.5141 0.5968
vn -0.6524 0.5910 -0.4744
vn 0.6523 -0.5910 0.4745
vn -0.3755 0.2916 0.8797
vn 0.6584 0.7520 0.0316
vn 0.6524 -0.5911 0.4742
vn -0.6525 0.5912 -0.4741
vn 0.3755 -0.2916 -0.8797
vn -0.6522 0.5908 -0.4750
vn -0.0667 0.9968 0.0430
vn 0.6558 0.7543 0.0327
vn 0.6557 0.7544 0.0309
vn 0.6564 0.7539 0.0293
vn 0.6564 0.7538 0.0293
vn 0.6557 0.7544 0.0308
vn 0.6565 0.7536 0.0343
vn 0.6564 0.7536 0.0342
vn 0.6609 0.7498 0.0325
vn 0.6602 0.7503 0.0341
vn 0.6577 0.7528 0.0283
vn 0.6602 0.7506 0.0291
vn 0.6590 0.7516 0.0284
vn 0.6590 0.7516 0.0283
vn 0.6577 0.7525 0.0351
vn 0.6576 0.7528 0.0284
vn 0.6590 0.7513 0.0351
vn 0.6576 0.7525 0.0351
vn 0.6602 0.7503 0.0342
vn 0.6602 0.7505 0.0291
vn 0.6609 0.7499 0.0307
vn -0.0011 0.0430 -0.9991
vn -0.0010 0.0431 -0.9991
vn -0.7937 0.0323 -0.6075
vn -0.0346 0.7717 0.6350
vn -0.0260 -0.9754 -0.2191
vn -0.9923 -0.0697 0.1028
vn -0.9811 -0.0483 -0.1874
vn 0.5508 -0.4135 0.7250
vn -0.6069 0.3058 0.7336
vn 0.3482 -0.6213 0.7019
vn -0.4043 0.5136 0.7568
vn -0.0491 0.8712 -0.4885
vn -0.3482 0.6213 -0.7019
vn 0.4044 -0.5136 -0.7567
vn -0.5508 0.4135 -0.7251
vn 0.0372 0.9968 -0.0710
vn 0.9811 0.0483 0.1874
vn 0.9923 0.0697 -0.1028
vn 0.0096 0.8567 -0.5157
vn 0.6379 0.6427 0.4243
vn 0.6648 0.6943 -0.2755
vn 0.6648 0.6944 -0.2755
vn -0.8379 -0.0527 0.5432
vn -0.6379 -0.6427 -0.4243
vn -0.6648 -0.6943 0.2755
vn -0.5376 0.5908 -0.6017
vn -0.6628 0.3333 -0.6705
vn -0.7051 0.4172 -0.5734
vn -0.3737 0.7573 -0.5355
vn -0.1212 0.8838 -0.4519
vn -0.2782 0.7280 -0.6266
vn -0.8318 0.1545 -0.5331
vn -0.8507 0.2631 -0.4550
vn -0.4684 0.5347 -0.7033
vn -0.9497 0.0255 -0.3120
vn -0.9524 0.1519 -0.2645
vn -0.9945 0.1005 -0.0308
vn -0.9986 -0.0341 -0.0409
vn -0.9709 -0.0152 0.2389
vn -0.9706 0.1168 0.2103
vn -0.8710 0.0793 0.4849
vn -0.8845 0.1983 0.4223
vn -0.7140 0.2351 0.6595
vn -0.7492 0.3326 0.5728
vn 0.3016 0.3412 -0.8903
vn 0.5190 0.5569 -0.6485
vn -0.1522 0.9731 -0.1731
vn 0.6574 0.6878 -0.3079
vn -0.1705 0.9380 0.3017
vn 0.6280 0.6315 0.4548
vn 0.4648 0.4528 0.7609
vn -0.4178 0.6727 0.6107
vn 0.2308 0.2052 0.9511
vn -0.5853 0.4991 0.6390
vn -0.3016 -0.3412 0.8903
vn -0.5190 -0.5569 0.6485
vn -0.6574 -0.6878 0.3079
vn -0.6280 -0.6315 -0.4548
vn -0.4648 -0.4528 -0.7609
vn -0.2308 -0.2052 -0.9511
vn -0.5238 0.4284 0.7363
vn -0.3294 0.6298 0.7034
vn -0.1604 0.8086 0.5660
vn -0.0425 0.9377 0.3450
vn 0.0064 0.9972 0.0739
vn -0.0213 0.9783 -0.2059
vn -0.2384 0.8916 -0.3850
vn -0.1284 0.9894 0.0681
vn -0.2721 0.8268 0.4923
vn 0.0260 0.9754 0.2191
vn 0.8130 -0.0873 0.5757
vn -0.0913 0.7904 0.6057
vn 0.0492 -0.8712 0.4884
vn -0.8551 0.0065 0.5185
vn 0.8551 -0.0065 -0.5185
vn 0.0913 -0.7904 -0.6057
vn -0.8130 0.0873 -0.5757
vn 0.6069 -0.3058 -0.7336
vn -0.0372 -0.9968 0.0711
vt 0.046828 0.461009
vt 0.046828 0.157667
vt 0.073616 0.164646
vt 0.083291 0.454278
vt 0.073442 0.164895
vt 0.083291 0.164895
vt 0.117058 0.164895
vt 0.126907 0.454278
vt 0.117058 0.454278
vt 0.083465 0.484522
vt 0.073616 0.464713
vt 0.083465 0.464713
vt 0.117232 0.454030
vt 0.127081 0.164646
vt 0.127081 0.454030
vt 0.083465 0.454030
vt 0.083465 0.164646
vt 0.127081 0.154776
vt 0.117232 0.134967
vt 0.127081 0.134967
vt 0.090269 0.461257
vt 0.083291 0.484771
vt 0.073442 0.464961
vt 0.083291 0.464961
vt 0.126907 0.125347
vt 0.117058 0.135216
vt 0.117058 0.125347
vt 0.117232 0.154777
vt 0.127081 0.125097
vt 0.117232 0.125097
vt 0.126907 0.155025
vt 0.126907 0.164895
vt 0.126907 0.135216
vt 0.087145 0.484830
vt 0.122878 0.480473
vt 0.122878 0.484830
vt 0.087145 0.480473
vt 0.122878 0.476116
vt 0.087145 0.476116
vt 0.122878 0.471759
vt 0.087145 0.471759
vt 0.122878 0.467402
vt 0.087145 0.467402
vt 0.122878 0.463045
vt 0.087145 0.532756
vt 0.122878 0.528399
vt 0.122878 0.532756
vt 0.087145 0.528399
vt 0.122878 0.524042
vt 0.087145 0.524042
vt 0.122878 0.519686
vt 0.087145 0.519685
vt 0.122878 0.515329
vt 0.087145 0.515329
vt 0.122878 0.510972
vt 0.087145 0.510972
vt 0.122878 0.506615
vt 0.087145 0.506615
vt 0.122878 0.502258
vt 0.087145 0.502258
vt 0.122878 0.497901
vt 0.087145 0.497901
vt 0.122878 0.493544
vt 0.087145 0.493544
vt 0.122878 0.489187
vt 0.087145 0.489187
vt 0.057061 0.038700
vt 0.068931 0.044477
vt 0.057061 0.044477
vt 0.091931 0.038640
vt 0.103801 0.044417
vt 0.091931 0.044417
vt 0.068931 0.038700
vt 0.080801 0.044477
vt 0.080061 0.044417
vt 0.080061 0.038640
vt 0.080801 0.038700
vt 0.092671 0.044477
vt 0.068191 0.044417
vt 0.068191 0.038640
vt 0.104541 0.038700
vt 0.092671 0.038700
vt 0.056321 0.044417
vt 0.056321 0.038640
vt 0.116411 0.038700
vt 0.104541 0.044477
vt 0.044451 0.044417
vt 0.044451 0.038640
vt 0.128281 0.044477
vt 0.116411 0.044477
vt 0.032581 0.044417
vt 0.032581 0.038640
vt 0.084172 0.130312
vt 0.073261 0.103970
vt 0.099603 0.093058
vt 0.033321 0.038700
vt 0.045191 0.044477
vt 0.033321 0.044477
vt 0.127541 0.038640
vt 0.115671 0.044417
vt 0.115671 0.038640
vt 0.045191 0.038700
vt 0.103801 0.038640
vt 0.099740 0.129955
vt 0.073398 0.119043
vt 0.084309 0.092701
vt 0.073616 0.454030
vt 0.083465 0.459371
vt 0.073616 0.459371
vt 0.083291 0.495454
vt 0.073442 0.490112
vt 0.083291 0.490112
vt 0.073442 0.484771
vt 0.073616 0.495205
vt 0.083465 0.489863
vt 0.083465 0.495205
vt 0.073616 0.489864
vt 0.073442 0.454278
vt 0.083291 0.459620
vt 0.073442 0.459620
vt -0.002734 0.058292
vt 0.036350 0.070598
vt -0.002640 0.070889
vt -0.002546 0.083486
vt 0.036444 0.083195
vt -0.002452 0.096083
vt 0.036720 0.120310
vt 0.036725 0.120895
vt -0.002264 0.121276
vt 0.036599 0.134238
vt -0.002382 0.133870
vt -0.002501 0.146465
vt 0.036480 0.146832
vt -0.002620 0.159059
vt 0.089189 0.070066
vt 0.072594 0.086322
vt 0.067351 0.070066
vt 0.109182 0.142560
vt 0.090087 0.153675
vt 0.096666 0.145432
vt 0.083158 0.079933
vt 0.095363 0.078072
vt 0.037519 0.099898
vt 0.064188 0.120461
vt 0.037519 0.121736
vt 0.070578 0.131025
vt 0.048438 0.140649
vt 0.080524 0.138340
vt 0.067351 0.151569
vt 0.092512 0.141291
vt 0.089189 0.151569
vt 0.104717 0.139431
vt 0.108102 0.140649
vt 0.062328 0.108256
vt 0.065280 0.096268
vt 0.048438 0.080985
vt 0.107348 0.081034
vt 0.062737 0.113373
vt 0.065606 0.125928
vt 0.037181 0.098770
vt 0.064948 0.100694
vt 0.048982 0.079302
vt 0.071843 0.089826
vt 0.068937 0.068343
vt 0.091698 0.068830
vt 0.082372 0.082424
vt 0.094932 0.079615
vt 0.107611 0.081826
vt 0.083968 0.143279
vt 0.067309 0.153294
vt 0.047773 0.141575
vt 0.073061 0.136430
vt 0.036718 0.121644
vt 0.036242 0.172021
vt -0.002739 0.171653
vt 0.036240 0.055926
vt 0.036256 0.058001
vt 0.036232 0.172701
vt 0.111166 0.080631
vt 0.036538 0.095792
vt -0.002358 0.108680
vt 0.071572 0.458965
vt 0.066637 0.461009
vt 0.041893 0.458965
vt 0.039849 0.454030
vt 0.039849 0.164646
vt 0.066637 0.157667
vt 0.073616 0.484522
vt 0.117232 0.164646
vt 0.090270 0.157916
vt 0.110079 0.157916
vt 0.115013 0.459213
vt 0.110079 0.461257
vt 0.085335 0.459213
vt 0.117058 0.155025
vt 0.087145 0.463046
vt 0.128281 0.038700
vt 0.110514 0.103970
vt 0.110514 0.119401
vt 0.099603 0.130312
vt 0.073261 0.119401
vt 0.084172 0.093058
vt 0.127541 0.044417
vt 0.099740 0.092701
vt 0.110652 0.103612
vt 0.110652 0.119043
vt 0.084309 0.129955
vt 0.073398 0.103612
vt 0.073442 0.495454
vt 0.036632 0.108389
vt 0.036361 0.159427
vt 0.110004 0.142616
vt 0.108102 0.080985
vt -0.002750 0.056217
vt -0.002750 0.172333
vt 0.355705 0.237792
vt 0.295105 0.328071
vt 0.280266 0.313231
vt 0.391665 0.201832
vt 0.425475 0.197701
vt 0.406504 0.216672
vt 0.458262 0.161182
vt 0.518862 0.070903
vt 0.533701 0.085743
vt 0.422302 0.197142
vt 0.388492 0.201273
vt 0.407462 0.182302
vt 0.557949 0.107683
vt 0.547523 0.053769
vt 0.583119 0.018173
vt 0.291933 0.327512
vt 0.352532 0.237233
vt 0.367372 0.252072
vt 0.557949 0.106662
vt 0.547523 0.052747
vt 0.583119 0.017152
vt 0.546801 0.055378
vt 0.582397 0.019782
vt 0.696705 0.119718
vt 0.546801 0.051138
vt 0.582397 0.015542
vt 0.696705 0.115478
vt 0.373685 0.219812
vt 0.388525 0.234652
vt 0.461435 0.161741
vt 0.428615 0.164882
vt 0.446595 0.146902
vt 0.443455 0.179721
vt 0.410635 0.182862
vt 0.440282 0.179162
vt 0.425442 0.164322
vt 0.385352 0.234092
vt 0.370512 0.219253
vt 0.403332 0.216113
vt 0.522034 0.071463
vt 0.370545 0.252632
vt 0.443422 0.146343
vt 0.697427 0.018173
vt 0.697427 0.118109
vt 0.583119 0.118109
vt 0.547523 0.082513
vt 0.557949 0.028599
vt 0.277093 0.312672
vt 0.697427 0.017152
vt 0.697427 0.117087
vt 0.583119 0.117087
vt 0.547523 0.081492
vt 0.557949 0.027577
vt 0.582397 0.119718
vt 0.557227 0.109292
vt 0.546801 0.084122
vt 0.557227 0.030208
vt 0.696705 0.019782
vt 0.582397 0.115478
vt 0.557227 0.105052
vt 0.546801 0.079883
vt 0.557227 0.025968
vt 0.696705 0.015542
vt 0.536874 0.086302
vt 0.818999 0.778579
vt 0.914116 0.629338
vt 0.914250 0.778493
vt 0.819558 0.776844
vt 0.797985 0.627646
vt 0.819560 0.626737
vt 0.914250 0.607743
vt 0.818864 0.629424
vt 0.818692 0.607829
vt 0.915119 0.626737
vt 0.819713 0.605144
vt 0.914965 0.605144
vt 0.962003 0.951947
vt 0.995228 0.927786
vt 0.995228 0.951947
vt 0.962003 0.973785
vt 0.995228 0.997947
vt 0.962003 0.997947
vt 0.891213 0.476628
vt 0.812319 0.505639
vt 0.812040 0.418794
vt 0.811243 0.242324
vt 0.890323 0.270676
vt 0.890586 0.328813
vt 0.949127 0.418229
vt 0.890991 0.418491
vt 0.987917 0.416256
vt 0.948723 0.328551
vt 0.987521 0.328509
vt 0.724791 0.329561
vt 0.672336 0.417680
vt 0.671940 0.329934
vt 0.811636 0.329170
vt 0.702434 0.776609
vt 0.702733 0.627455
vt 0.895523 0.477370
vt 0.939836 0.465060
vt 0.928300 0.509248
vt 0.797126 0.778598
vt 0.701562 0.778493
vt 0.680153 0.629259
vt 0.701730 0.628386
vt 0.680476 0.776565
vt 0.681162 0.626459
vt 0.797289 0.628491
vt 0.915121 0.776844
vt 0.626731 0.450373
vt 0.578989 0.473778
vt 0.578989 0.450373
vt 0.507357 0.230394
vt 0.494830 0.202378
vt 0.507357 0.202378
vt 0.517136 0.287214
vt 0.532565 0.270977
vt 0.532565 0.287214
vt 0.517136 0.217712
vt 0.532565 0.234161
vt 0.517136 0.234161
vt 0.517136 0.180764
vt 0.532565 0.164103
vt 0.532565 0.180764
vt 0.507357 0.173801
vt 0.494830 0.145344
vt 0.507357 0.145344
vt 0.507357 0.344240
vt 0.494830 0.315784
vt 0.507357 0.315784
vt 0.507357 0.116716
vt 0.494830 0.088480
vt 0.507357 0.088480
vt 0.517136 0.004110
vt 0.532565 0.020771
vt 0.517136 0.020771
vt 0.507357 0.059955
vt 0.494830 0.031939
vt 0.507357 0.031939
vt 0.507357 0.287155
vt 0.494830 0.258919
vt 0.507357 0.258919
vt 0.517136 0.057719
vt 0.532565 0.074168
vt 0.517136 0.074168
vt 0.638821 0.473778
vt 0.638821 0.450373
vt 0.756065 0.473778
vt 0.743975 0.450373
vt 0.756065 0.450373
vt 0.719595 0.473778
vt 0.703799 0.450373
vt 0.719595 0.450373
vt 0.494830 0.287155
vt 0.494830 0.116716
vt 0.507357 0.003361
vt 0.494830 0.003361
vt 0.494830 0.230394
vt 0.517136 0.110984
vt 0.532565 0.127221
vt 0.517136 0.127221
vt 0.532565 0.217712
vt 0.532565 0.324096
vt 0.532565 0.110984
vt 0.517136 0.164103
vt 0.517136 0.270977
vt 0.532565 0.057719
vt 0.489613 0.131072
vt 0.829839 0.948499
vt 0.844705 0.974433
vt 0.818216 0.955939
vt 0.829839 0.935019
vt 0.912270 0.918134
vt 0.912270 0.935361
vt 0.897404 0.909427
vt 0.923894 0.956377
vt 0.909606 0.981126
vt 0.897350 0.974683
vt 0.818216 0.927483
vt 0.844759 0.909178
vt 0.885292 0.888814
vt 0.885921 0.902702
vt 0.856135 0.902609
vt 0.856766 0.888726
vt 0.832504 0.902734
vt 0.856189 0.981159
vt 0.832453 0.980776
vt 0.885974 0.981251
vt 0.856818 0.995046
vt 0.885343 0.995134
vt 0.909657 0.903084
vt 0.912270 0.948841
vt 0.923894 0.927921
vt 0.663201 0.450373
vt 0.663201 0.473778
vt 0.678997 0.473778
vt 0.743975 0.473778
vt 0.558039 0.473778
vt 0.678997 0.450373
vt 0.703799 0.473778
vt 0.803807 0.450373
vt 0.803807 0.473778
vt 0.797685 0.776800
vt 0.962003 0.927786
vt 0.995228 0.973785
vt 0.865200 0.505469
vt 0.864095 0.242086
vt 0.725195 0.419186
vt 0.913902 0.509248
vt 0.902576 0.502709
vt 0.895483 0.490423
vt 0.902746 0.465036
vt 0.914112 0.458521
vt 0.928510 0.458521
vt 0.946929 0.477346
vt 0.946889 0.490400
vt 0.939666 0.502733
vt 0.679605 0.778412
vt 0.626731 0.473778
vt 0.494830 0.173801
vt 0.494830 0.344240
vt 0.532565 0.004110
vt 0.494830 0.059955
vt 0.517136 0.324096
vt 0.558039 0.450373
vt 0.215273 0.397490
vt 0.242840 0.382682
vt 0.242840 0.397490
vt 0.215273 0.382682
vt 0.242840 0.367874
vt 0.215273 0.367874
vt 0.242840 0.353066
vt 0.215273 0.353066
vt 0.242840 0.338258
vt 0.215273 0.338258
vt 0.242840 0.310849
vt 0.082749 0.751077
vt 0.097524 0.702885
vt 0.097524 0.751077
vt 0.094401 0.920835
vt 0.017398 0.891788
vt 0.097719 0.891788
vt 0.065510 0.748880
vt 0.047270 0.699360
vt 0.065946 0.699129
vt 0.107397 0.702885
vt 0.107396 0.751077
vt 0.096997 0.375052
vt 0.019051 0.342924
vt 0.019051 0.375052
vt 0.092912 0.920835
vt 0.015909 0.891788
vt 0.096229 0.891788
vt 0.215273 0.484131
vt 0.242840 0.456721
vt 0.242840 0.484131
vt 0.215273 0.456721
vt 0.242840 0.441913
vt 0.215273 0.441913
vt 0.242840 0.427105
vt 0.226645 0.920835
vt 0.204414 0.974506
vt 0.204171 0.942966
vt 0.096229 0.974506
vt 0.128612 0.974264
vt 0.150742 0.978666
vt 0.215273 0.427105
vt 0.242840 0.412298
vt 0.215273 0.412298
vt 0.181278 0.990960
vt 0.097719 0.974507
vt 0.152232 0.978666
vt 0.181278 0.850710
vt 0.222357 0.891788
vt 0.193124 0.879942
vt 0.096997 0.444365
vt 0.019051 0.432518
vt 0.019051 0.444365
vt 0.096997 0.432518
vt 0.019051 0.420672
vt 0.096997 0.408825
vt 0.019051 0.408825
vt 0.019051 0.396979
vt 0.096997 0.396979
vt 0.085027 0.698933
vt 0.084278 0.750914
vt 0.017398 0.949882
vt 0.017398 0.920835
vt 0.101299 0.698952
vt 0.098986 0.750931
vt 0.015909 0.867163
vt 0.096229 0.867163
vt 0.109196 0.698933
vt 0.110572 0.751919
vt 0.097719 0.949882
vt 0.019051 0.513677
vt 0.096997 0.491750
vt 0.019051 0.491750
vt 0.019051 0.479904
vt 0.096997 0.479904
vt 0.019051 0.468057
vt 0.096997 0.468057
vt 0.019051 0.456211
vt 0.096997 0.456211
vt 0.079580 0.751590
vt 0.055251 0.815956
vt 0.066445 0.815483
vt 0.053974 0.824672
vt 0.044816 0.812409
vt 0.082195 0.818889
vt 0.077076 0.810921
vt 0.085794 0.802407
vt 0.068339 0.824334
vt 0.040570 0.820096
vt 0.029537 0.811135
vt 0.036313 0.805365
vt 0.022103 0.798647
vt 0.030807 0.795544
vt 0.093983 0.808435
vt 0.091191 0.790388
vt 0.029214 0.783856
vt 0.019234 0.783620
vt 0.102150 0.793236
vt 0.091793 0.775964
vt 0.032028 0.770640
vt 0.021598 0.750802
vt 0.087012 0.761615
vt 0.039857 0.759217
vt 0.031889 0.750746
vt 0.051609 0.751543
vt 0.080104 0.751932
vt 0.047284 0.750838
vt 0.090932 0.751038
vt 0.097719 0.867163
vt 0.130101 0.867406
vt 0.047893 0.751077
vt 0.065321 0.749086
vt 0.052043 0.751728
vt 0.078600 0.751728
vt 0.033118 0.751077
vt 0.040786 0.759249
vt 0.023246 0.751077
vt 0.089857 0.759250
vt 0.082749 0.825860
vt 0.078600 0.815842
vt 0.089857 0.808321
vt 0.033264 0.770506
vt 0.097379 0.770507
vt 0.110863 0.783785
vt 0.019779 0.783785
vt 0.030623 0.783785
vt 0.100020 0.783785
vt 0.023246 0.801213
vt 0.107396 0.801213
vt 0.033264 0.797064
vt 0.097379 0.797064
vt 0.040786 0.808321
vt 0.033118 0.815988
vt 0.097524 0.815988
vt 0.047893 0.825860
vt 0.052043 0.815842
vt 0.065321 0.818484
vt 0.065321 0.829327
vt 0.015909 0.949882
vt 0.015909 0.920835
vt 0.082749 0.702885
vt 0.215273 0.524291
vt 0.031538 0.699549
vt 0.017398 0.867163
vt 0.047893 0.702885
vt 0.065321 0.702885
vt 0.096229 0.949882
vt 0.017398 0.850710
vt 0.097719 0.850710
vt 0.033118 0.702885
vt 0.096997 0.545806
vt 0.096997 0.513677
vt 0.096229 0.990960
vt 0.015909 0.974506
vt 0.215273 0.310849
vt 0.242840 0.270688
vt 0.097719 0.990960
vt 0.017398 0.974506
vt 0.015909 0.850710
vt 0.096229 0.850710
vt 0.179789 0.850710
vt 0.172873 0.867406
vt 0.150742 0.863004
vt 0.096997 0.342924
vt 0.208573 0.920835
vt 0.220868 0.949882
vt 0.191635 0.961727
vt 0.172873 0.974264
vt 0.179789 0.990960
vt 0.150742 0.996738
vt 0.097314 0.942966
vt 0.109850 0.961727
vt 0.210063 0.920835
vt 0.205660 0.898704
vt 0.228135 0.920835
vt 0.222357 0.949882
vt 0.205903 0.974506
vt 0.152231 0.996738
vt 0.205660 0.942966
vt 0.098803 0.942966
vt 0.111339 0.961727
vt 0.193124 0.961727
vt 0.130101 0.974264
vt 0.174362 0.974264
vt 0.174362 0.867406
vt 0.205903 0.867163
vt 0.096997 0.420672
vt 0.098803 0.898704
vt 0.152231 0.844932
vt 0.111339 0.879942
vt 0.152232 0.863004
vt 0.242840 0.524291
vt 0.021061 0.699659
vt 0.023246 0.702885
vt 0.019051 0.545806
vt 0.015909 0.990960
vt 0.215273 0.270688
vt 0.017398 0.990960
vt 0.097314 0.898704
vt 0.150742 0.844932
vt 0.109850 0.879942
vt 0.204414 0.867163
vt 0.220868 0.891788
vt 0.204171 0.898704
vt 0.128611 0.867406
vt 0.191635 0.879942
vt 0.607413 0.036614
vt 0.603145 0.014733
vt 0.607413 0.014733
vt 0.603145 0.036614
vt 0.598876 0.014733
vt 0.598876 0.036614
vt 0.594607 0.014733
vt 0.594607 0.036614
vt 0.590339 0.014733
vt 0.590339 0.036614
vt 0.586070 0.014733
vt 0.586070 0.036614
vt 0.581802 0.014733
vt 0.581802 0.036614
vt 0.577533 0.014733
vt 0.577533 0.036614
vt 0.573264 0.014733
vt 0.573264 0.036614
vt 0.568996 0.014733
vt 0.637294 0.036614
vt 0.633025 0.014733
vt 0.637294 0.014733
vt 0.633025 0.036614
vt 0.628757 0.014733
vt 0.628757 0.036614
vt 0.624488 0.014733
vt 0.624488 0.036614
vt 0.620219 0.014733
vt 0.620219 0.036614
vt 0.615951 0.014733
vt 0.615951 0.036614
vt 0.611682 0.014733
vt 0.611682 0.036614
vt 0.568996 0.036614
vt 0.929180 0.609372
vt 0.990595 0.621480
vt 0.929180 0.621480
vt 0.929181 0.745772
vt 0.990595 0.757879
vt 0.929181 0.757879
vt 0.929181 0.718492
vt 0.990595 0.730599
vt 0.929181 0.730599
vt 0.929181 0.691212
vt 0.990595 0.703319
vt 0.929181 0.703319
vt 0.929181 0.676040
vt 0.990595 0.663932
vt 0.990595 0.676040
vt 0.929180 0.648760
vt 0.990595 0.636652
vt 0.990595 0.648760
vt 0.961280 0.946844
vt 0.928054 0.922682
vt 0.961280 0.922682
vt 0.961280 0.830683
vt 0.928054 0.854844
vt 0.928054 0.830683
vt 0.961280 0.900844
vt 0.928054 0.876682
vt 0.961280 0.876682
vt 0.908920 0.552420
vt 0.991114 0.582047
vt 0.908920 0.582047
vt 0.908920 0.589947
vt 0.582489 0.317517
vt 0.562160 0.244308
vt 0.582489 0.244308
vt 0.716648 0.317517
vt 0.696319 0.244308
vt 0.716648 0.244308
vt 0.671754 0.317517
vt 0.651774 0.244308
vt 0.671754 0.244308
vt 0.627253 0.317517
vt 0.607098 0.244308
vt 0.627253 0.244308
vt 0.805912 0.317517
vt 0.785932 0.244308
vt 0.805912 0.244308
vt 0.761412 0.317517
vt 0.741257 0.244308
vt 0.761411 0.244308
vt 0.608687 0.822261
vt 0.616587 0.851888
vt 0.608687 0.851888
vt 0.592237 0.963953
vt 0.628612 0.993580
vt 0.592237 0.993580
vt 0.652963 0.889415
vt 0.616587 0.859788
vt 0.652963 0.859788
vt 0.628612 0.918525
vt 0.592237 0.926426
vt 0.592237 0.918525
vt 0.616587 0.897316
vt 0.652963 0.897316
vt 0.803807 0.426967
vt 0.678997 0.426967
vt 0.578989 0.426967
vt 0.719595 0.426967
vt 0.743975 0.426967
vt 0.562160 0.317517
vt 0.537595 0.244308
vt 0.785932 0.317517
vt 0.741257 0.317517
vt 0.696319 0.317517
vt 0.651774 0.317517
vt 0.607098 0.317517
vt 0.695109 0.917171
vt 0.675457 0.894803
vt 0.700162 0.894726
vt 0.649450 0.981720
vt 0.637244 0.960729
vt 0.659301 0.953721
vt 0.680403 0.974121
vt 0.700055 0.996489
vt 0.675350 0.996566
vt 0.726062 0.909572
vt 0.708967 0.925115
vt 0.882102 0.885206
vt 0.836291 0.810139
vt 0.903840 0.799880
vt 0.663201 0.426967
vt 0.928054 0.784683
vt 0.961280 0.762844
vt 0.961280 0.784683
vt 0.928054 0.968682
vt 0.961280 0.968682
vt 0.961280 0.854844
vt 0.961280 0.808844
vt 0.928054 0.808844
vt 0.830149 0.564803
vt 0.835887 0.574741
vt 0.814149 0.566716
vt 0.826230 0.587641
vt 0.814149 0.544878
vt 0.929181 0.663932
vt 0.990595 0.594200
vt 0.929180 0.594200
vt 0.929180 0.636652
vt 0.628612 0.956053
vt 0.628612 0.963953
vt 0.652963 0.851888
vt 0.628612 0.926426
vt 0.616587 0.822261
vt 0.660863 0.822261
vt 0.652963 0.822261
vt 0.991114 0.544519
vt 0.991114 0.552420
vt 0.908920 0.514892
vt 0.991114 0.514892
vt 0.901020 0.544519
vt 0.908920 0.544519
vt 0.680462 0.917217
vt 0.666605 0.925217
vt 0.695049 0.974075
vt 0.708907 0.966075
vt 0.649557 0.909756
vt 0.659301 0.937777
vt 0.738268 0.930563
vt 0.716210 0.937571
vt 0.637244 0.930930
vt 0.738268 0.960362
vt 0.716210 0.953515
vt 0.725955 0.981536
vt 0.666545 0.966177
vt 0.830149 0.546791
vt 0.845142 0.513034
vt 0.835887 0.536853
vt 0.826230 0.523953
vt 0.888216 0.523953
vt 0.878559 0.536853
vt 0.862960 0.527848
vt 0.845142 0.598560
vt 0.851485 0.583746
vt 0.851485 0.527848
vt 0.869304 0.598560
vt 0.869304 0.513034
vt 0.862960 0.583746
vt 0.900297 0.566716
vt 0.888216 0.587641
vt 0.878559 0.574741
vt 0.900297 0.544878
vt 0.884296 0.546791
vt 0.884296 0.564803
vt 0.584336 0.963953
vt 0.584336 0.993580
vt 0.703799 0.426967
vt 0.756065 0.426967
vt 0.626731 0.426967
vt 0.638821 0.426967
vt 0.990595 0.609372
vt 0.990595 0.745772
vt 0.990595 0.718492
vt 0.990595 0.691212
vt 0.928054 0.946844
vt 0.928054 0.900844
vt 0.991114 0.589947
vt 0.616587 0.889415
vt 0.558039 0.426967
vt 0.537595 0.317517
vt 0.921617 0.817656
vt 0.921617 0.874948
vt 0.911358 0.885206
vt 0.864589 0.877952
vt 0.843545 0.856907
vt 0.836291 0.839395
vt 0.846549 0.799880
vt 0.928054 0.762844
vt 0.592237 0.956053
vt 0.660863 0.851888
vt 0.901020 0.514892
vt 0.414083 0.020191
vt 0.394006 0.009194
vt 0.414083 0.005200
vt 0.440583 0.031167
vt 0.463030 0.037589
vt 0.448707 0.043325
vt 0.440583 0.084166
vt 0.463030 0.077745
vt 0.463030 0.094766
vt 0.414084 0.095142
vt 0.394006 0.106139
vt 0.399742 0.092290
vt 0.379460 0.043325
vt 0.365137 0.057667
vt 0.365137 0.037589
vt 0.387584 0.031167
vt 0.399742 0.023043
vt 0.434161 0.009194
vt 0.463030 0.020567
vt 0.448707 0.072008
vt 0.463030 0.057667
vt 0.434161 0.106139
vt 0.414084 0.110133
vt 0.387584 0.084166
vt 0.365137 0.077745
vt 0.379460 0.072008
vt 0.365137 0.020567
vt 0.428425 0.023043
vt 0.451559 0.057667
vt 0.428425 0.092290
vt 0.360949 0.270723
vt 0.401924 0.282747
vt 0.387449 0.297222
vt 0.376608 0.057667
vt 0.365137 0.094766
vt 0.434161 0.010684
vt 0.434161 0.107629
vt 0.365137 0.079234
vt 0.312776 0.318896
vt 0.353472 0.331198
vt 0.339275 0.345396
vt 0.286543 0.345129
vt 0.325078 0.359593
vt 0.313042 0.371629
vt 0.298579 0.333093
vt 0.537138 0.094534
vt 0.541697 0.142974
vt 0.515198 0.116474
vt 0.464307 0.167365
vt 0.512746 0.171924
vt 0.490806 0.193865
vt 0.438073 0.193598
vt 0.450376 0.234295
vt 0.423876 0.207796
vt 0.389900 0.241772
vt 0.375425 0.256247
vt 0.326973 0.304699
vt 0.365508 0.319162
vt 0.500722 0.130949
vt 0.486247 0.145425
vt 0.452271 0.179401
vt 0.464573 0.220098
vt 0.411840 0.219831
vt 0.416399 0.268271
vt 0.339009 0.292663
vt 0.527222 0.157449
vt 0.478770 0.205901
vt 0.438340 0.246331
vt 0.365137 0.039078
vt 0.365137 0.022057
vt 0.394006 0.010684
vt 0.414084 0.006690
vt 0.463030 0.022057
vt 0.463030 0.039078
vt 0.463030 0.059156
vt 0.365137 0.059156
vt 0.463030 0.079234
vt 0.463030 0.096255
vt 0.414083 0.111622
vt 0.394006 0.107629
vt 0.365137 0.096255
vt 0.563638 0.121033
vt 0.694918 0.553132
vt 0.687018 0.523505
vt 0.694918 0.523505
vt 0.694918 0.561032
vt 0.813426 0.590659
vt 0.694918 0.590659
vt 0.813426 0.553132
vt 0.813426 0.523505
vt 0.694918 0.598560
vt 0.813426 0.561032
vt 0.687018 0.501767
vt 0.785346 0.497342
vt 0.785346 0.501767
vt 0.785346 0.518358
vt 0.687018 0.522782
vt 0.687018 0.518358
vt 0.687018 0.480751
vt 0.785346 0.480751
vt 0.583686 0.914547
vt 0.598318 0.898963
vt 0.603200 0.901804
vt 0.574761 0.816516
vt 0.555477 0.907992
vt 0.555471 0.816517
vt 0.579910 0.907991
vt 0.579904 0.816516
vt 0.599193 0.816516
vt 0.687018 0.553132
vt 0.813426 0.598560
vt 0.687018 0.497342
vt 0.785346 0.522782
vt 0.574767 0.907991
vt 0.603987 0.816560
vt 0.703212 0.935314
vt 0.692293 0.968139
vt 0.669325 0.942270
vt 0.745623 0.945876
vt 0.816728 0.954138
vt 0.745623 0.954138
vt 0.745623 0.903415
vt 0.816728 0.911677
vt 0.745623 0.911677
vt 0.745623 0.890447
vt 0.816728 0.882185
vt 0.816728 0.890447
vt 0.745623 0.924646
vt 0.816728 0.932908
vt 0.745623 0.932908
vt 0.745623 0.967107
vt 0.816728 0.975368
vt 0.745623 0.975369
vt 0.611886 0.352316
vt 0.599433 0.416633
vt 0.599433 0.352316
vt 0.559724 0.352316
vt 0.547170 0.416633
vt 0.547170 0.352316
vt 0.664198 0.352316
vt 0.651846 0.416633
vt 0.651846 0.352316
vt 0.533454 0.352316
vt 0.521001 0.416633
vt 0.521001 0.352316
vt 0.638155 0.352316
vt 0.625601 0.416633
vt 0.625601 0.352316
vt 0.994395 0.872300
vt 0.962003 0.858007
vt 0.994395 0.858007
vt 0.994395 0.817689
vt 0.962003 0.803291
vt 0.994395 0.803291
vt 0.994395 0.790191
vt 0.962003 0.775898
vt 0.994395 0.775898
vt 0.994395 0.899799
vt 0.962003 0.885401
vt 0.994395 0.885401
vt 0.796537 0.803056
vt 0.780657 0.789351
vt 0.799488 0.789292
vt 0.994395 0.912876
vt 0.962003 0.927063
vt 0.962003 0.912876
vt 0.533454 0.416633
vt 0.638155 0.416633
vt 0.585766 0.352316
vt 0.585766 0.416633
vt 0.573415 0.416633
vt 0.573415 0.352316
vt 0.507335 0.352316
vt 0.611886 0.416633
vt 0.745623 0.988337
vt 0.816728 0.869216
vt 0.745623 0.882185
vt 0.745623 0.869216
vt 0.816728 0.996599
vt 0.745623 0.996599
vt 0.962003 0.830767
vt 0.994395 0.830767
vt 0.994395 0.762844
vt 0.962003 0.872300
vt 0.962003 0.790191
vt 0.962003 0.899799
vt 0.962003 0.844954
vt 0.773368 0.808991
vt 0.762840 0.799637
vt 0.783579 0.803096
vt 0.817305 0.799505
vt 0.806748 0.808909
vt 0.799412 0.862455
vt 0.796489 0.848710
vt 0.806700 0.842815
vt 0.766902 0.820111
vt 0.762763 0.852300
vt 0.753450 0.836284
vt 0.766902 0.831859
vt 0.813167 0.819946
vt 0.753450 0.815785
vt 0.826619 0.836021
vt 0.826619 0.815521
vt 0.813167 0.831695
vt 0.817229 0.852168
vt 0.773320 0.842897
vt 0.780580 0.862513
vt 0.783531 0.848750
vt 0.673341 0.935314
vt 0.684260 0.929010
vt 0.692293 0.929010
vt 0.707228 0.942270
vt 0.707228 0.954879
vt 0.703212 0.961835
vt 0.684260 0.968139
vt 0.673341 0.961835
vt 0.669325 0.954879
vt 0.816728 0.945876
vt 0.816728 0.903415
vt 0.816728 0.924646
vt 0.816728 0.967107
vt 0.559724 0.416633
vt 0.664198 0.416633
vt 0.962003 0.817689
vt 0.994395 0.927063
vt 0.507335 0.416633
vt 0.816728 0.988337
vt 0.962003 0.762844
vt 0.994395 0.844954
vt 0.945445 0.148636
vt 0.879277 0.880651
vt 0.862039 0.863413
vt 0.759513 0.880651
vt 0.759513 0.131398
vt 0.825680 0.148636
vt 0.862040 0.148636
vt 0.879278 0.131398
vt 0.928207 0.131398
vt 0.945444 0.863413
vt 0.940395 0.875602
vt 0.928206 0.880651
vt 0.867088 0.875602
vt 0.825680 0.863413
vt 0.820631 0.875602
vt 0.808442 0.880651
vt 0.747324 0.875602
vt 0.742275 0.863413
vt 0.742275 0.148636
vt 0.808442 0.131398
vt 0.580852 0.146243
vt 0.654403 0.833258
vt 0.628151 0.827709
vt 0.556250 0.098026
vt 0.676256 0.087072
vt 0.675217 0.091635
vt 0.557193 0.073165
vt 0.675612 0.059977
vt 0.674674 0.064508
vt 0.545290 0.056720
vt 0.536160 0.045764
vt 0.545290 0.045764
vt 0.520640 0.032070
vt 0.531595 0.041199
vt 0.520640 0.041199
vt 0.531595 0.032070
vt 0.548517 0.028842
vt 0.549855 0.032070
vt 0.560810 0.041199
vt 0.549855 0.041199
vt 0.549855 0.025082
vt 0.560810 0.015953
vt 0.560810 0.025082
vt 0.629694 0.112102
vt 0.643987 0.102551
vt 0.653538 0.116845
vt 0.630084 0.112301
vt 0.644378 0.102750
vt 0.653929 0.117044
vt 0.557340 0.054040
vt 0.679987 0.048462
vt 0.679987 0.054040
vt 0.557124 0.053931
vt 0.679770 0.048875
vt 0.679746 0.054452
vt 0.556784 0.078691
vt 0.680912 0.075517
vt 0.680800 0.081157
vt 0.557105 0.078806
vt 0.681243 0.075104
vt 0.681154 0.080745
vt 0.532927 0.141943
vt 0.460758 0.829304
vt 0.434016 0.833977
vt 0.551144 0.078535
vt 0.550610 0.097870
vt 0.551762 0.053997
vt 0.670009 0.105863
vt 0.673857 0.105126
vt 0.672638 0.106952
vt 0.667164 0.105863
vt 0.663315 0.105126
vt 0.666735 0.103710
vt 0.676475 0.107745
vt 0.674649 0.108965
vt 0.670437 0.103710
vt 0.677892 0.111165
vt 0.675738 0.111594
vt 0.675738 0.114439
vt 0.677891 0.114867
vt 0.676475 0.118287
vt 0.674650 0.117068
vt 0.673858 0.120904
vt 0.672638 0.119079
vt 0.670438 0.122321
vt 0.670009 0.120168
vt 0.649919 0.016570
vt 0.647358 0.035606
vt 0.647358 0.016570
vt 0.652480 0.016570
vt 0.649919 0.035606
vt 0.655042 0.035606
vt 0.655042 0.016570
vt 0.657603 0.016570
vt 0.660164 0.035606
vt 0.660164 0.016570
vt 0.662725 0.016570
vt 0.665286 0.035606
vt 0.665286 0.016570
vt 0.667848 0.035606
vt 0.667848 0.016570
vt 0.670409 0.016570
vt 0.672970 0.035606
vt 0.672970 0.016570
vt 0.675531 0.016570
vt 0.678092 0.035606
vt 0.678092 0.016570
vt 0.680653 0.016570
vt 0.642236 0.035606
vt 0.639675 0.016570
vt 0.642236 0.016570
vt 0.644797 0.016570
vt 0.669494 0.037595
vt 0.673194 0.045317
vt 0.669494 0.045317
vt 0.676893 0.037595
vt 0.676893 0.045317
vt 0.680593 0.037595
vt 0.680593 0.045317
vt 0.621401 0.037595
vt 0.625101 0.045317
vt 0.621401 0.045317
vt 0.628800 0.037595
vt 0.628800 0.045317
vt 0.632500 0.045317
vt 0.632500 0.037595
vt 0.636199 0.045317
vt 0.636199 0.037595
vt 0.639899 0.045317
vt 0.639899 0.037595
vt 0.643598 0.045317
vt 0.643598 0.037595
vt 0.647298 0.045317
vt 0.647298 0.037595
vt 0.650997 0.045317
vt 0.654696 0.037595
vt 0.654696 0.045317
vt 0.658396 0.045317
vt 0.662095 0.037595
vt 0.662095 0.045317
vt 0.665795 0.045317
vt 0.665795 0.037595
vt 0.664535 0.106952
vt 0.660698 0.107744
vt 0.661435 0.111592
vt 0.662523 0.108963
vt 0.659281 0.114865
vt 0.659282 0.111164
vt 0.662524 0.117066
vt 0.661435 0.114437
vt 0.663316 0.120904
vt 0.660698 0.118286
vt 0.667164 0.120168
vt 0.664535 0.119078
vt 0.666736 0.122321
vt 0.531595 0.025082
vt 0.520640 0.028576
vt 0.520640 0.025082
vt 0.531595 0.028576
vt 0.532666 0.056720
vt 0.532666 0.045764
vt 0.529173 0.045764
vt 0.560810 0.028576
vt 0.549855 0.028576
vt 0.548783 0.056720
vt 0.549855 0.044693
vt 0.560810 0.044693
vt 0.549855 0.070414
vt 0.532932 0.073642
vt 0.536160 0.056720
vt 0.579290 0.847266
vt 0.566549 0.865538
vt 0.691746 0.147570
vt 0.688723 0.858776
vt 0.676532 0.848430
vt 0.601776 0.832628
vt 0.678494 0.100209
vt 0.681646 0.102481
vt 0.678963 0.083255
vt 0.676003 0.096248
vt 0.678082 0.072920
vt 0.678212 0.056150
vt 0.675542 0.069053
vt 0.532932 0.044427
vt 0.532932 0.028842
vt 0.536160 0.027505
vt 0.545290 0.027505
vt 0.548517 0.044427
vt 0.560810 0.032070
vt 0.549855 0.015953
vt 0.651723 0.121227
vt 0.648369 0.124581
vt 0.643987 0.126396
vt 0.639244 0.126396
vt 0.634862 0.124581
vt 0.631509 0.121227
vt 0.629694 0.116845
vt 0.631509 0.107720
vt 0.634862 0.104366
vt 0.639244 0.102551
vt 0.648369 0.104366
vt 0.651723 0.107720
vt 0.653538 0.112102
vt 0.652114 0.121425
vt 0.648760 0.124779
vt 0.644378 0.126594
vt 0.639635 0.126594
vt 0.635253 0.124779
vt 0.631899 0.121425
vt 0.630084 0.117044
vt 0.631899 0.107919
vt 0.635253 0.104565
vt 0.639635 0.102750
vt 0.648760 0.104565
vt 0.652114 0.107919
vt 0.653929 0.112301
vt 0.557340 0.048462
vt 0.557148 0.048354
vt 0.556896 0.073051
vt 0.397997 0.866867
vt 0.420752 0.139323
vt 0.521681 0.861431
vt 0.509466 0.850825
vt 0.487253 0.835220
vt 0.411098 0.848528
vt 0.551615 0.073122
vt 0.652480 0.035606
vt 0.657603 0.035606
vt 0.662725 0.035606
vt 0.670409 0.035606
vt 0.675531 0.035606
vt 0.680653 0.035606
vt 0.639675 0.035606
vt 0.644797 0.035606
vt 0.673194 0.037595
vt 0.625101 0.037595
vt 0.650997 0.037595
vt 0.658396 0.037595
vt 0.529173 0.056720
vt 0.548783 0.045764
vt 0.548517 0.058057
vt 0.549855 0.061285
vt 0.548517 0.073642
vt 0.545290 0.074979
vt 0.536160 0.074979
vt 0.531595 0.070414
vt 0.531595 0.061285
vt 0.532932 0.058057
s 1
usemtl SpacialRoverExploreralumWhite
f 251/1/1 165/2/1 167/3/1
f 258/4/2 157/5/3 168/6/3
f 171/7/4 240/8/5 254/9/5
f 246/10/6 249/11/7 242/12/8
f 245/13/5 164/14/4 252/15/5
f 243/16/2 167/3/3 160/17/3
f 165/18/9 161/19/10 166/20/10
f 171/7/11 257/21/11 258/4/11
f 255/22/6 237/23/7 257/24/8
f 157/25/12 169/26/12 168/27/12
f 164/14/13 162/28/13 165/18/13
f 167/29/12 161/19/12 160/30/12
f 171/7/13 159/31/13 158/32/13
f 159/31/9 169/26/14 156/33/10
f 173/34/15 174/35/16 172/36/15
f 175/37/16 176/38/17 174/35/16
f 177/39/17 178/40/18 176/38/17
f 179/41/18 180/42/19 178/40/18
f 181/43/20 182/44/21 180/42/19
f 183/45/21 184/46/22 182/47/21
f 185/48/22 186/49/23 184/46/22
f 187/50/23 188/51/24 186/49/23
f 189/52/24 190/53/25 188/51/24
f 191/54/25 192/55/12 190/53/25
f 193/56/12 194/57/26 192/55/12
f 195/58/26 196/59/9 194/57/26
f 197/60/9 198/61/27 196/59/9
f 199/62/27 200/63/13 198/61/27
f 201/64/13 202/65/28 200/63/13
f 203/66/28 172/36/15 202/65/28
f 205/67/16 222/68/16 220/69/16
f 206/70/16 221/71/16 223/72/16
f 207/73/18 224/74/18 222/68/18
f 206/70/18 225/75/18 208/76/18
f 209/77/21 226/78/21 224/74/21
f 208/76/21 227/79/21 210/80/21
f 213/81/23 226/78/23 211/82/23
f 210/80/23 229/83/23 212/84/23
f 215/85/25 228/86/25 213/81/25
f 212/84/25 231/87/25 214/88/25
f 215/85/26 232/89/26 230/90/26
f 214/88/26 233/91/26 216/92/26
f 207/93/1 219/94/1 215/95/1
f 217/96/27 234/97/27 232/98/27
f 216/99/27 235/100/27 218/101/27
f 219/102/28 220/69/28 234/97/28
f 204/103/28 235/100/28 221/71/28
f 208/104/11 212/105/11 216/106/11
f 248/107/2 244/108/23 250/109/23
f 250/109/21 242/12/8 249/11/7
f 254/110/5 241/111/16 256/112/16
f 256/112/18 239/113/6 255/22/6
f 252/114/5 247/115/16 245/116/5
f 253/117/18 246/10/6 247/115/18
f 236/118/2 259/119/23 238/120/23
f 238/120/21 257/24/8 237/23/7
f 264/121/29 267/122/30 266/123/30
f 267/122/30 268/124/31 266/123/30
f 269/125/31 270/126/32 268/124/31
f 303/127/33 302/128/33 274/129/33
f 274/129/34 277/130/35 276/131/35
f 277/130/35 278/132/36 276/131/35
f 279/133/37 260/134/38 278/132/37
f 260/135/11 290/136/11 278/137/11
f 301/138/1 261/139/1 298/140/1
f 296/141/11 260/135/11 299/142/11
f 274/143/11 280/144/11 272/145/11
f 272/145/11 282/146/11 270/147/11
f 270/147/11 288/148/11 268/149/11
f 268/149/11 293/150/11 266/151/11
f 266/151/11 294/152/11 264/153/11
f 294/152/11 266/151/11 293/150/11
f 293/150/11 268/149/11 288/148/11
f 288/148/11 270/147/11 282/146/11
f 282/146/11 272/145/11 280/144/11
f 280/144/11 274/143/11 284/154/11
f 278/137/11 290/136/11 286/155/11
f 286/155/11 284/154/11 276/156/11
f 284/154/11 274/143/11 276/156/11
f 276/156/11 278/137/11 286/155/11
f 290/136/11 260/135/11 296/141/11
f 260/135/11 300/157/11 299/142/11
f 302/128/1 285/158/1 287/159/1
f 285/158/1 273/160/1 281/161/1
f 281/161/1 271/162/1 283/163/1
f 283/163/1 271/162/1 269/164/1
f 269/164/1 267/165/1 289/166/1
f 289/166/1 267/165/1 292/167/1
f 292/167/1 267/165/1 295/168/1
f 289/166/1 283/163/1 269/164/1
f 271/162/1 281/161/1 273/160/1
f 273/160/1 285/158/1 303/127/1
f 298/140/1 261/139/1 297/169/1
f 297/169/1 261/139/1 279/170/1
f 279/170/1 277/171/1 291/172/1
f 275/173/1 287/159/1 277/171/1
f 287/159/1 291/172/1 277/171/1
f 291/172/1 297/169/1 279/170/1
f 260/134/38 263/174/39 262/175/39
f 264/121/40 295/176/40 265/177/40
f 301/178/41 262/175/41 263/174/41
f 295/168/1 267/165/1 265/179/1
f 271/180/42 272/181/43 270/126/42
f 167/3/1 248/107/1 250/182/1
f 250/182/1 249/183/1 251/1/1
f 251/1/1 253/184/1 252/185/1
f 252/185/1 164/186/1 165/2/1
f 165/2/1 166/187/1 167/3/1
f 167/3/1 250/182/1 251/1/1
f 251/1/1 252/185/1 165/2/1
f 258/4/2 236/118/2 157/5/3
f 171/7/4 158/32/4 240/8/5
f 246/10/6 251/188/6 249/11/7
f 245/13/5 163/189/4 164/14/4
f 243/16/2 248/107/2 167/3/3
f 165/18/9 162/28/9 161/19/10
f 258/4/11 168/6/11 169/190/11
f 169/190/11 170/191/11 171/7/11
f 171/7/11 254/9/11 256/192/11
f 256/192/11 255/193/11 257/21/11
f 257/21/11 259/194/11 258/4/11
f 258/4/11 169/190/11 171/7/11
f 171/7/11 256/192/11 257/21/11
f 255/22/6 239/113/6 237/23/7
f 157/25/12 156/33/12 169/26/12
f 164/14/13 163/189/13 162/28/13
f 167/29/12 166/20/12 161/19/12
f 171/7/13 170/195/13 159/31/13
f 159/31/9 170/195/9 169/26/14
f 173/34/15 175/37/16 174/35/16
f 175/37/16 177/39/17 176/38/17
f 177/39/17 179/41/18 178/40/18
f 179/41/18 181/43/20 180/42/19
f 181/43/20 183/196/21 182/44/21
f 183/45/21 185/48/22 184/46/22
f 185/48/22 187/50/23 186/49/23
f 187/50/23 189/52/24 188/51/24
f 189/52/24 191/54/25 190/53/25
f 191/54/25 193/56/12 192/55/12
f 193/56/12 195/58/26 194/57/26
f 195/58/26 197/60/9 196/59/9
f 197/60/9 199/62/27 198/61/27
f 199/62/27 201/64/13 200/63/13
f 201/64/13 203/66/28 202/65/28
f 203/66/28 173/34/15 172/36/15
f 205/67/16 207/73/16 222/68/16
f 206/70/16 204/103/16 221/71/16
f 207/73/18 209/77/18 224/74/18
f 206/70/18 223/72/18 225/75/18
f 209/77/21 211/82/21 226/78/21
f 208/76/21 225/75/21 227/79/21
f 213/81/23 228/86/23 226/78/23
f 210/80/23 227/79/23 229/83/23
f 215/85/25 230/90/25 228/86/25
f 212/84/25 229/83/25 231/87/25
f 215/85/26 217/197/26 232/89/26
f 214/88/26 231/87/26 233/91/26
f 215/95/1 213/198/1 211/199/1
f 211/199/1 209/200/1 207/93/1
f 207/93/1 205/201/1 219/94/1
f 219/94/1 217/202/1 215/95/1
f 215/95/1 211/199/1 207/93/1
f 217/96/27 219/102/27 234/97/27
f 216/99/27 233/203/27 235/100/27
f 219/102/28 205/67/28 220/69/28
f 204/103/28 218/101/28 235/100/28
f 216/106/11 218/204/11 204/205/11
f 204/205/11 206/206/11 208/104/11
f 208/104/11 210/207/11 212/105/11
f 212/105/11 214/208/11 216/106/11
f 216/106/11 204/205/11 208/104/11
f 248/107/2 243/16/2 244/108/23
f 250/109/21 244/108/21 242/12/8
f 254/110/5 240/209/5 241/111/16
f 256/112/18 241/111/18 239/113/6
f 252/114/5 253/117/16 247/115/16
f 253/117/18 251/188/6 246/10/6
f 236/118/2 258/4/2 259/119/23
f 238/120/21 259/119/21 257/24/8
f 264/121/29 265/177/29 267/122/30
f 267/122/30 269/125/31 268/124/31
f 269/125/31 271/180/32 270/126/32
f 274/129/33 272/181/43 273/210/43
f 274/129/33 273/210/43 303/127/33
f 302/128/33 275/173/33 274/129/33
f 274/129/34 275/173/34 277/130/35
f 277/130/35 279/133/36 278/132/36
f 279/133/37 261/211/38 260/134/38
f 301/138/1 263/212/1 261/139/1
f 260/135/11 262/213/11 300/157/11
f 302/128/1 303/127/1 285/158/1
f 275/173/1 302/128/1 287/159/1
f 260/134/38 261/211/38 263/174/39
f 264/121/40 294/214/40 295/176/40
f 301/178/41 300/215/41 262/175/41
f 271/180/42 273/210/43 272/181/43
f 364/216/44 353/217/44 355/218/44
f 363/219/45 366/220/45 370/221/46
f 376/222/44 357/223/44 359/224/44
f 375/225/46 378/226/46 382/227/45
f 371/228/47 366/229/47 367/230/47
f 358/231/48 379/232/48 372/233/48
f 383/234/47 378/235/47 379/236/47
f 375/237/49 376/238/49 358/239/49
f 363/240/49 364/241/49 354/242/49
f 370/221/50 365/243/50 363/219/50
f 371/244/51 364/216/51 365/243/51
f 367/245/52 362/246/52 360/247/52
f 368/248/53 361/249/53 362/246/53
f 382/227/50 377/250/50 375/225/50
f 383/251/51 376/222/51 377/250/51
f 379/232/54 374/252/54 372/233/54
f 380/253/53 373/254/53 374/252/53
f 354/255/48 367/245/48 360/247/48
f 364/216/44 369/256/44 353/217/44
f 363/219/45 361/249/45 366/220/45
f 376/222/44 381/257/44 357/223/44
f 375/225/46 373/254/46 378/226/46
f 367/230/47 352/258/47 353/259/47
f 353/259/47 369/260/47 371/228/47
f 371/228/47 370/261/47 366/229/47
f 366/229/47 368/262/47 367/230/47
f 367/230/47 353/259/47 371/228/47
f 358/231/48 356/263/48 379/232/48
f 379/236/47 356/264/47 357/265/47
f 357/265/47 381/266/47 383/234/47
f 383/234/47 382/267/47 378/235/47
f 378/235/47 380/268/47 379/236/47
f 379/236/47 357/265/47 383/234/47
f 358/239/49 372/269/49 374/270/49
f 374/270/49 373/271/49 375/237/49
f 375/237/49 377/272/49 376/238/49
f 376/238/49 359/273/49 358/239/49
f 358/239/49 374/270/49 375/237/49
f 354/242/49 360/274/49 362/275/49
f 362/275/49 361/276/49 363/240/49
f 363/240/49 365/277/49 364/241/49
f 364/241/49 355/278/49 354/242/49
f 354/242/49 362/275/49 363/240/49
f 370/221/50 371/244/50 365/243/50
f 371/244/51 369/256/51 364/216/51
f 367/245/52 368/248/54 362/246/52
f 368/248/53 366/220/53 361/249/53
f 382/227/50 383/251/50 377/250/50
f 383/251/51 381/257/55 376/222/51
f 379/232/54 380/253/54 374/252/54
f 380/253/53 378/226/53 373/254/53
f 354/255/48 352/279/48 367/245/48
f 570/280/56 542/281/56 575/282/56
f 573/283/57 541/284/57 544/285/57
f 547/286/58 543/287/58 545/288/58
f 546/289/59 541/290/59 540/291/59
f 680/292/60 690/293/61 693/294/62
f 681/295/63 695/296/64 682/297/64
f 550/298/65 556/299/66 555/300/67
f 557/301/68 553/302/69 549/303/56
f 549/303/70 550/304/70 548/305/70
f 551/306/71 553/307/71 552/308/71
f 557/309/72 551/310/72 552/311/72
f 555/300/73 557/309/73 554/312/73
f 541/284/74 576/313/74 540/314/74
f 806/315/73 810/316/73 814/317/73
f 549/303/75 555/300/75 554/312/75
f 571/318/76 543/287/76 570/280/76
f 574/319/77 542/320/77 547/321/77
f 540/314/78 577/322/78 546/323/78
f 571/318/79 547/321/80 545/324/81
f 573/283/82 546/289/82 577/325/82
f 830/326/72 581/327/72 828/328/72
f 749/329/83 727/330/84 738/331/84
f 756/332/85 771/333/83 766/334/85
f 761/335/86 772/336/87 758/337/87
f 760/338/88 769/339/89 764/340/88
f 739/341/90 737/342/91 744/343/91
f 747/344/89 731/345/92 742/346/92
f 745/347/93 735/348/94 740/349/94
f 757/350/90 774/351/95 754/352/95
f 741/353/96 733/354/97 746/355/97
f 743/356/98 729/357/87 748/358/87
f 755/359/99 768/360/94 752/361/100
f 639/362/101 830/326/101 829/363/101
f 641/364/102 832/365/103 831/366/103
f 645/367/104 836/368/105 835/369/104
f 693/294/62 681/295/63 680/292/60
f 727/330/84 739/341/90 738/331/84
f 735/348/94 741/353/96 740/349/94
f 742/346/92 730/370/98 743/356/98
f 745/347/93 737/342/91 736/371/93
f 747/372/89 733/354/97 732/373/89
f 749/329/83 729/357/87 728/374/83
f 753/375/96 770/376/106 750/377/106
f 761/335/86 764/340/88 763/378/86
f 765/379/90 756/332/85 766/334/85
f 767/380/96 752/361/100 768/360/94
f 770/376/106 751/381/89 750/377/106
f 772/336/87 759/382/83 758/337/87
f 754/352/95 773/383/93 755/359/99
f 737/342/73 762/384/73 736/371/73
f 754/385/73 755/386/73 731/387/73
f 757/388/73 754/385/73 731/387/73
f 762/389/73 760/390/73 761/391/73
f 726/392/73 727/393/73 750/394/107
f 757/388/73 732/395/73 756/396/73
f 735/397/73 758/398/73 759/399/73
f 734/400/73 759/399/73 733/401/73
f 755/386/73 752/402/73 730/403/73
f 755/386/73 730/403/73 731/387/73
f 734/400/73 735/397/73 759/399/73
f 753/404/73 729/405/73 752/402/73
f 759/399/73 756/396/73 733/401/73
f 753/404/73 728/406/73 729/405/73
f 736/407/73 758/398/73 735/397/73
f 753/404/73 727/393/73 728/406/73
f 736/407/73 761/391/73 758/398/73
f 750/394/107 727/393/73 753/404/73
f 736/407/73 762/389/73 761/391/73
f 751/408/73 726/392/73 750/394/107
f 732/395/73 733/401/73 756/396/73
f 752/402/73 729/405/73 730/403/73
f 737/409/73 760/390/73 762/389/73
f 737/409/73 751/408/73 760/390/73
f 737/409/73 726/392/73 751/408/73
f 757/388/73 731/387/73 732/395/73
f 639/362/73 833/410/108 642/411/108
f 833/410/108 643/412/109 642/411/108
f 640/413/75 835/369/104 832/365/75
f 580/414/62 828/328/62 581/327/62
f 834/415/109 644/416/105 643/412/109
f 641/364/70 827/417/70 580/418/70
f 570/280/56 543/287/56 542/281/56
f 573/283/57 572/419/57 541/284/57
f 547/286/58 542/281/58 543/287/58
f 546/289/59 544/285/59 541/290/59
f 680/292/60 679/420/61 690/293/61
f 681/295/63 692/421/63 695/296/64
f 555/300/67 548/305/67 550/298/65
f 550/298/65 551/422/110 556/299/66
f 549/303/56 554/312/56 557/301/68
f 557/301/68 552/423/111 553/302/69
f 549/303/70 553/307/70 550/304/70
f 551/306/71 550/304/71 553/307/71
f 557/309/72 556/424/72 551/310/72
f 555/300/73 556/424/73 557/309/73
f 541/284/74 572/419/74 576/313/74
f 814/317/73 803/425/73 804/426/73
f 804/426/73 805/427/112 806/315/73
f 806/315/73 807/428/73 808/429/73
f 808/429/73 809/430/73 810/316/73
f 810/316/73 811/431/73 812/432/73
f 812/432/73 813/433/73 814/317/73
f 814/317/73 804/426/73 806/315/73
f 806/315/73 808/429/73 810/316/73
f 810/316/73 812/432/73 814/317/73
f 549/303/75 548/305/75 555/300/75
f 571/318/113 545/324/113 543/287/113
f 574/319/77 575/434/77 542/320/77
f 540/314/78 576/313/78 577/322/78
f 571/318/79 574/319/114 547/321/80
f 573/283/115 544/285/116 546/289/117
f 830/326/72 638/435/72 581/327/72
f 749/329/83 728/374/83 727/330/84
f 756/332/85 759/382/83 771/333/83
f 761/335/86 763/378/86 772/336/87
f 760/338/88 751/381/89 769/339/89
f 739/341/90 726/436/90 737/342/91
f 747/344/89 732/437/89 731/345/92
f 745/347/93 736/371/93 735/348/94
f 757/350/90 765/438/90 774/351/95
f 741/353/96 734/439/118 733/354/97
f 743/356/98 730/370/98 729/357/87
f 755/359/99 773/383/93 768/360/94
f 639/362/101 638/435/101 830/326/101
f 641/364/102 640/413/102 832/365/103
f 645/367/104 644/416/105 836/368/105
f 693/294/62 692/421/63 681/295/63
f 727/330/84 726/436/90 739/341/90
f 735/348/94 734/439/118 741/353/96
f 742/346/92 731/345/92 730/370/98
f 745/347/93 744/343/91 737/342/91
f 747/372/89 746/355/97 733/354/97
f 749/329/83 748/358/87 729/357/87
f 753/375/96 767/380/96 770/376/106
f 761/335/86 760/338/88 764/340/88
f 765/379/90 757/440/90 756/332/85
f 767/380/96 753/375/96 752/361/100
f 770/376/106 769/339/89 751/381/89
f 772/336/87 771/333/83 759/382/83
f 754/352/95 774/351/95 773/383/93
f 639/362/73 829/363/73 833/410/108
f 833/410/108 834/415/109 643/412/109
f 640/413/75 645/367/104 835/369/104
f 580/414/60 827/441/60 828/328/60
f 834/415/109 836/368/105 644/416/105
f 641/364/70 831/366/70 827/417/70
usemtl SpacialRoverExploreralumGray
f 2/442/119 80/443/120 79/444/119
f 4/445/120 83/446/121 80/443/120
f 6/447/121 85/448/122 83/446/121
f 8/449/122 87/450/123 85/448/122
f 10/451/123 89/452/124 87/450/123
f 94/453/11 140/454/11 82/455/11
f 17/456/11 133/457/11 19/458/11
f 77/459/1 152/460/1 151/461/1
f 82/455/11 139/462/11 81/463/11
f 73/464/124 125/465/125 11/466/124
f 18/467/1 130/468/1 16/469/1
f 24/470/126 84/471/127 81/472/126
f 26/473/127 86/474/128 84/471/127
f 28/475/128 88/476/129 86/474/128
f 2/477/1 30/478/1 40/479/1
f 22/480/1 36/481/130 34/482/1
f 30/483/129 90/484/131 88/476/129
f 32/485/131 79/444/119 90/484/131
f 7/486/11 13/487/11 56/488/11
f 27/489/11 31/490/11 62/491/11
f 63/492/119 3/493/120 1/494/119
f 64/495/120 5/496/121 3/493/120
f 5/496/121 69/497/122 7/498/122
f 69/497/122 9/499/123 7/498/122
f 71/500/123 11/466/124 9/499/123
f 77/459/1 150/501/1 76/502/1
f 17/456/11 129/503/11 131/504/11
f 76/502/1 149/505/1 75/506/1
f 16/469/1 128/507/1 14/508/1
f 75/506/1 148/509/1 73/510/1
f 13/487/11 129/503/11 15/511/11
f 23/512/126 68/513/127 25/514/127
f 68/513/127 27/515/128 25/514/127
f 70/516/128 29/517/129 27/515/128
f 72/518/129 31/519/131 29/517/129
f 74/520/131 1/494/119 31/519/131
f 98/521/1 77/459/1 76/502/1
f 99/522/1 95/523/1 63/524/1
f 100/525/1 99/522/1 63/524/1
f 67/526/1 103/527/1 105/528/1
f 95/523/1 64/529/1 63/524/1
f 74/530/1 72/531/1 104/532/1
f 67/526/1 64/529/1 103/527/1
f 100/525/1 74/530/1 104/532/1
f 64/529/1 95/523/1 103/527/1
f 72/531/1 70/533/1 109/534/1
f 69/535/1 67/526/1 105/528/1
f 104/532/1 72/531/1 109/534/1
f 105/528/1 97/536/1 69/535/1
f 70/533/1 108/537/1 109/534/1
f 70/533/1 68/538/1 108/537/1
f 97/536/1 71/539/1 69/535/1
f 97/536/1 96/540/1 71/539/1
f 68/538/1 101/541/1 108/537/1
f 96/540/1 73/510/1 71/539/1
f 68/538/1 65/542/1 101/541/1
f 96/540/1 106/543/1 73/510/1
f 65/542/1 102/544/1 101/541/1
f 102/544/1 65/542/1 66/545/1
f 73/510/1 106/543/1 75/506/1
f 107/546/1 102/544/1 66/545/1
f 106/543/1 98/547/1 75/506/1
f 66/545/1 78/548/1 107/546/1
f 75/549/1 98/521/1 76/502/1
f 78/548/1 77/459/1 107/546/1
f 21/550/11 27/489/11 61/551/11
f 74/530/1 100/525/1 63/524/1
f 92/552/11 93/553/11 113/554/11
f 82/455/11 122/555/11 94/453/11
f 91/556/11 92/552/11 113/554/11
f 121/557/11 89/558/11 91/556/11
f 113/554/11 121/557/11 91/556/11
f 81/463/11 117/559/11 82/455/11
f 117/559/11 122/555/11 82/455/11
f 90/560/11 115/561/11 119/562/11
f 89/558/11 121/557/11 111/563/11
f 116/564/11 117/559/11 81/463/11
f 116/564/11 81/463/11 84/565/11
f 87/566/11 89/558/11 111/563/11
f 87/566/11 111/563/11 112/567/11
f 123/568/11 116/564/11 84/565/11
f 85/569/11 87/566/11 112/567/11
f 123/568/11 84/565/11 86/570/11
f 85/569/11 112/567/11 120/571/11
f 124/572/11 123/568/11 86/570/11
f 118/573/11 83/574/11 120/571/11
f 86/570/11 88/575/11 124/572/11
f 88/575/11 119/562/11 124/572/11
f 80/576/11 83/574/11 118/573/11
f 110/577/11 80/576/11 118/573/11
f 88/575/11 90/560/11 119/562/11
f 114/578/11 80/576/11 110/577/11
f 115/561/11 90/560/11 79/579/11
f 83/574/11 85/569/11 120/571/11
f 114/578/11 115/561/11 79/579/11
f 122/555/11 93/553/11 94/453/11
f 79/579/11 80/576/11 114/578/11
f 66/545/1 152/460/1 78/548/1
f 18/467/1 134/580/1 132/581/1
f 93/553/11 145/582/11 94/453/11
f 81/472/126 138/583/132 24/470/126
f 65/542/1 147/584/1 66/545/1
f 19/458/11 135/585/11 21/550/11
f 93/553/11 143/586/11 144/587/11
f 22/480/1 134/580/1 20/588/1
f 91/556/11 143/586/11 92/552/11
f 21/550/11 137/589/11 23/590/11
f 89/558/11 142/591/11 91/556/11
f 23/512/126 146/592/132 65/593/126
f 24/594/1 136/595/1 22/480/1
f 12/596/124 141/597/125 89/452/124
f 11/598/11 126/599/11 13/487/11
f 14/508/1 127/600/1 12/601/1
f 8/602/1 45/603/1 35/604/1
f 2/442/119 4/445/120 80/443/120
f 4/445/120 6/447/121 83/446/121
f 6/447/121 8/449/122 85/448/122
f 8/449/122 10/451/123 87/450/123
f 10/451/123 12/596/124 89/452/124
f 94/453/11 145/582/11 140/454/11
f 17/456/11 131/504/11 133/457/11
f 77/459/1 78/548/1 152/460/1
f 82/455/11 140/454/11 139/462/11
f 73/464/124 148/605/125 125/465/125
f 18/467/1 132/581/1 130/468/1
f 24/470/126 26/473/127 84/471/127
f 26/473/127 28/475/128 86/474/128
f 28/475/128 30/483/129 88/476/129
f 40/479/1 33/606/1 2/477/1
f 2/477/1 32/607/1 30/478/1
f 30/478/1 39/608/1 40/479/1
f 38/609/1 39/608/1 30/478/1
f 30/478/1 28/610/1 26/611/1
f 26/611/1 24/594/1 22/480/1
f 20/588/1 18/467/1 43/612/1
f 38/609/1 30/478/1 26/611/1
f 34/482/1 38/609/1 26/611/1
f 22/480/1 20/588/1 43/612/1
f 22/480/1 43/612/1 37/613/1
f 34/482/1 26/611/1 22/480/1
f 22/480/1 37/613/1 36/481/130
f 30/483/129 32/485/131 90/484/131
f 32/485/131 2/442/119 79/444/119
f 53/614/11 52/615/11 31/490/11
f 31/490/11 1/616/11 3/617/11
f 3/617/11 5/618/11 7/486/11
f 7/486/11 9/619/11 11/598/11
f 7/486/11 11/598/11 13/487/11
f 53/614/11 31/490/11 3/617/11
f 48/620/11 53/614/11 3/617/11
f 15/511/11 17/456/11 54/621/11
f 15/511/11 54/621/11 58/622/11
f 48/620/11 3/617/11 7/486/11
f 55/623/11 48/620/11 7/486/11
f 13/487/11 15/511/11 58/622/11
f 13/487/11 58/622/11 49/624/11
f 57/625/11 55/623/11 7/486/11
f 13/487/11 49/624/11 56/488/11
f 56/488/11 57/625/11 7/486/11
f 62/491/11 51/626/11 27/489/11
f 27/489/11 29/627/11 31/490/11
f 31/490/11 52/615/11 62/491/11
f 63/492/119 64/495/120 3/493/120
f 64/495/120 67/628/121 5/496/121
f 5/496/121 67/628/121 69/497/122
f 69/497/122 71/500/123 9/499/123
f 71/500/123 73/464/124 11/466/124
f 77/459/1 151/461/1 150/501/1
f 17/456/11 15/511/11 129/503/11
f 76/502/1 150/501/1 149/505/1
f 16/469/1 130/468/1 128/507/1
f 75/506/1 149/505/1 148/509/1
f 13/487/11 126/599/11 129/503/11
f 23/512/126 65/593/126 68/513/127
f 68/513/127 70/516/128 27/515/128
f 70/516/128 72/518/129 29/517/129
f 72/518/129 74/520/131 31/519/131
f 74/520/131 63/492/119 1/494/119
f 50/629/11 17/456/11 19/458/11
f 21/550/11 23/590/11 25/630/11
f 50/629/11 19/458/11 21/550/11
f 60/631/11 50/629/11 21/550/11
f 21/550/11 25/630/11 27/489/11
f 27/489/11 51/626/11 59/632/11
f 61/551/11 60/631/11 21/550/11
f 27/489/11 59/632/11 61/551/11
f 66/545/1 147/584/1 152/460/1
f 18/467/1 20/588/1 134/580/1
f 93/553/11 144/587/11 145/582/11
f 81/472/126 139/633/132 138/583/132
f 65/542/1 146/634/1 147/584/1
f 19/458/11 133/457/11 135/585/11
f 93/553/11 92/552/11 143/586/11
f 22/480/1 136/595/1 134/580/1
f 91/556/11 142/591/11 143/586/11
f 21/550/11 135/585/11 137/589/11
f 89/558/11 141/635/11 142/591/11
f 23/512/126 137/636/132 146/592/132
f 24/594/1 138/637/1 136/595/1
f 12/596/124 127/638/125 141/597/125
f 11/598/11 125/639/11 126/599/11
f 14/508/1 128/507/1 127/600/1
f 44/640/1 18/467/1 16/469/1
f 14/508/1 12/601/1 10/641/1
f 44/640/1 16/469/1 14/508/1
f 47/642/1 44/640/1 14/508/1
f 14/508/1 10/641/1 8/602/1
f 8/602/1 6/643/1 4/644/1
f 4/644/1 2/477/1 33/606/1
f 4/644/1 33/606/1 42/645/1
f 46/646/133 47/642/1 14/508/1
f 35/604/1 46/646/133 14/508/1
f 8/602/1 4/644/1 42/645/1
f 8/602/1 42/645/1 41/647/1
f 35/604/1 14/508/1 8/602/1
f 8/602/1 41/647/1 45/603/1
f 413/648/134 414/649/135 412/650/136
f 415/651/137 416/652/138 414/649/135
f 417/653/139 418/654/140 416/652/138
f 419/655/141 420/656/142 418/654/140
f 421/657/143 422/658/144 420/656/142
f 423/659/145 424/660/146 422/658/144
f 425/661/147 426/662/148 424/660/146
f 427/663/149 428/664/150 426/662/148
f 429/665/151 430/666/152 428/664/150
f 431/667/153 432/668/154 430/669/152
f 433/670/155 434/671/156 432/668/154
f 435/672/157 436/673/158 434/671/156
f 437/674/159 438/675/160 436/673/158
f 439/676/161 440/677/162 438/675/160
f 441/678/163 442/679/164 440/677/162
f 443/680/165 412/650/136 442/679/164
f 413/648/134 415/651/137 414/649/135
f 415/651/137 417/653/139 416/652/138
f 417/653/139 419/655/141 418/654/140
f 419/655/141 421/657/143 420/656/142
f 421/657/143 423/659/145 422/658/144
f 423/659/145 425/661/147 424/660/146
f 425/661/147 427/663/149 426/662/148
f 427/663/149 429/665/151 428/664/150
f 429/665/151 431/681/153 430/666/152
f 431/667/153 433/670/155 432/668/154
f 433/670/155 435/672/157 434/671/156
f 435/672/157 437/674/159 436/673/158
f 437/674/159 439/676/161 438/675/160
f 439/676/161 441/678/163 440/677/162
f 441/678/163 443/680/165 442/679/164
f 443/680/165 413/648/134 412/650/136
f 707/682/64 717/683/166 704/684/63
f 709/685/167 719/686/102 706/687/102
f 711/688/168 721/689/169 708/690/169
f 713/691/170 723/692/171 710/693/171
f 712/694/172 714/695/173 725/696/101
f 702/697/61 716/698/60 715/699/61
f 683/700/103 697/701/167 684/702/167
f 688/703/170 698/704/174 701/705/170
f 685/706/169 699/707/168 686/708/168
f 792/709/175 560/710/175 791/711/175
f 560/710/176 793/712/177 791/711/177
f 600/713/91 602/714/90 613/715/91
f 594/716/92 608/717/89 607/718/88
f 596/719/97 610/720/96 609/721/97
f 598/722/94 612/723/93 611/724/94
f 590/725/84 604/726/83 603/727/84
f 592/728/87 606/729/98 605/730/87
f 564/731/178 563/732/73 565/733/73
f 778/734/179 568/735/179 775/736/179
f 782/737/175 565/738/175 779/739/175
f 568/740/180 780/741/180 775/742/181
f 562/743/176 782/737/176 777/744/177
f 831/366/70 588/745/70 827/417/70
f 646/746/109 836/368/105 834/415/109
f 827/441/60 589/747/60 828/328/60
f 832/365/75 648/748/104 653/749/75
f 591/750/90 603/751/84 602/714/90
f 605/730/87 593/752/83 592/728/87
f 607/718/88 595/753/86 594/716/92
f 609/721/97 597/754/89 596/719/97
f 611/724/94 599/755/96 598/722/94
f 613/715/91 601/756/93 600/713/91
f 621/757/73 607/758/73 608/759/73
f 603/760/73 604/761/73 617/762/73
f 615/763/73 613/764/73 602/765/73
f 609/766/73 620/767/73 608/759/73
f 648/768/56 650/769/56 589/770/56
f 647/771/108 834/415/109 833/410/108
f 829/363/73 647/771/108 833/410/108
f 691/772/173 679/773/61 678/774/173
f 695/775/64 683/700/103 682/776/64
f 697/701/167 685/706/169 684/702/167
f 699/707/168 687/777/171 686/708/168
f 701/705/170 689/778/101 688/703/170
f 678/774/173 700/779/101 691/772/173
f 661/780/56 658/781/56 684/782/56
f 658/781/56 683/783/56 684/782/56
f 685/784/56 661/780/56 684/782/56
f 721/689/169 709/685/167 708/690/169
f 715/699/61 703/785/173 702/697/61
f 719/786/102 707/682/64 706/787/102
f 723/692/171 711/688/168 710/693/171
f 725/696/101 713/691/170 712/694/172
f 704/684/63 716/698/60 705/788/60
f 778/734/177 567/789/177 569/790/177
f 776/791/182 565/738/180 563/732/180
f 567/789/175 780/741/175 566/792/175
f 562/793/179 776/791/179 563/732/179
f 782/794/70 776/791/70 777/795/70
f 792/709/181 559/796/180 561/797/180
f 559/796/179 793/798/179 558/799/179
f 792/800/73 793/798/73 794/801/73
f 618/802/73 619/803/73 607/758/73
f 613/764/73 624/804/73 625/805/73
f 606/806/73 619/803/73 616/807/73
f 609/766/73 610/808/73 623/809/73
f 620/767/73 609/766/73 623/809/73
f 605/810/73 606/806/73 616/807/73
f 611/811/73 623/809/73 610/808/73
f 616/807/73 617/762/73 605/810/73
f 611/811/73 622/812/73 623/809/73
f 611/811/73 612/813/73 622/812/73
f 614/814/73 603/760/73 617/762/73
f 602/765/73 603/760/73 614/814/73
f 619/803/73 606/806/73 607/758/73
f 612/813/73 613/764/73 625/805/73
f 615/763/73 602/765/73 614/814/73
f 617/762/73 604/761/73 605/810/73
f 612/813/73 625/805/73 622/812/73
f 613/764/73 615/763/73 624/804/73
f 620/767/73 621/757/73 608/759/73
f 607/758/73 621/757/73 618/802/73
f 661/780/56 685/784/56 660/815/56
f 687/816/56 663/817/56 686/818/56
f 689/819/56 664/820/56 665/821/56
f 658/781/56 682/822/56 683/783/56
f 682/822/56 658/781/56 659/823/56
f 662/824/56 663/817/56 687/816/56
f 681/825/56 682/822/56 659/823/56
f 688/826/56 665/821/56 687/816/56
f 681/825/56 659/823/56 656/827/56
f 679/828/56 680/829/56 657/830/56
f 681/825/56 656/827/56 657/830/56
f 688/826/56 689/819/56 665/821/56
f 680/829/56 681/825/56 657/830/56
f 678/831/56 655/832/56 664/820/56
f 654/833/56 679/828/56 657/830/56
f 689/819/56 678/831/56 664/820/56
f 655/832/56 679/828/56 654/833/56
f 685/784/56 686/818/56 660/815/56
f 665/821/56 662/824/56 687/816/56
f 679/828/56 655/832/56 678/831/56
f 663/817/56 660/815/56 686/818/56
f 781/834/178 775/736/73 780/835/73
f 835/369/104 649/836/105 648/748/104
f 831/366/103 653/749/103 652/837/103
f 829/363/101 651/838/172 650/839/172
f 651/838/72 828/328/72 589/747/72
f 707/682/64 718/840/64 717/683/166
f 709/685/167 720/841/167 719/686/102
f 711/688/168 722/842/168 721/689/169
f 713/691/170 724/843/170 723/692/171
f 712/694/172 703/785/173 714/695/173
f 702/697/61 705/788/60 716/698/60
f 683/700/103 694/844/103 697/701/167
f 688/703/170 687/777/171 698/704/174
f 685/706/169 696/845/169 699/707/168
f 792/709/175 561/797/175 560/710/175
f 560/710/176 558/846/176 793/712/177
f 600/713/91 591/750/90 602/714/90
f 594/716/92 597/754/89 608/717/89
f 596/719/97 599/755/96 610/720/96
f 598/722/94 601/756/93 612/723/93
f 590/725/84 593/752/83 604/726/83
f 592/728/87 595/753/86 606/729/98
f 564/731/178 562/793/178 563/732/73
f 778/734/179 569/790/179 568/735/179
f 782/737/175 564/847/175 565/738/175
f 568/740/180 566/792/180 780/741/180
f 562/743/176 564/847/176 782/737/176
f 831/366/70 652/837/70 588/745/70
f 646/746/109 649/836/105 836/368/105
f 827/441/60 588/848/60 589/747/60
f 832/365/75 835/369/104 648/748/104
f 591/750/90 590/849/84 603/751/84
f 605/730/87 604/726/83 593/752/83
f 607/718/88 606/729/98 595/753/86
f 609/721/97 608/717/89 597/754/89
f 611/724/94 610/720/96 599/755/96
f 613/715/91 612/723/93 601/756/93
f 589/770/56 588/850/56 652/851/56
f 652/851/56 653/852/56 648/768/56
f 648/768/56 649/853/56 646/854/56
f 646/854/56 647/855/56 650/769/56
f 650/769/56 651/856/56 589/770/56
f 589/770/56 652/851/56 648/768/56
f 648/768/56 646/854/56 650/769/56
f 647/771/108 646/746/109 834/415/109
f 829/363/73 650/839/73 647/771/108
f 691/772/173 690/857/61 679/773/61
f 695/775/64 694/844/103 683/700/103
f 697/701/167 696/845/169 685/706/169
f 699/707/168 698/704/174 687/777/171
f 701/705/170 700/779/101 689/778/101
f 678/774/173 689/778/101 700/779/101
f 721/689/169 720/841/167 709/685/167
f 715/699/61 714/695/173 703/785/173
f 719/786/102 718/840/64 707/682/64
f 723/692/171 722/842/168 711/688/168
f 725/696/101 724/843/170 713/691/170
f 704/684/63 717/683/166 716/698/60
f 778/734/177 781/858/176 567/789/177
f 776/791/182 779/739/182 565/738/180
f 567/789/175 781/858/175 780/741/175
f 562/793/179 777/795/179 776/791/179
f 782/794/70 779/859/70 776/791/70
f 792/709/181 794/801/182 559/796/180
f 559/796/179 794/801/179 793/798/179
f 792/800/73 791/860/73 793/798/73
f 781/834/178 778/734/178 775/736/73
f 835/369/104 836/368/105 649/836/105
f 831/366/103 832/365/103 653/749/103
f 829/363/101 830/326/101 651/838/172
f 651/838/72 830/326/72 828/328/72
usemtl SpacialRoverExploreralumBlack
f 318/861/183 333/862/183 332/863/183
f 316/864/183 329/865/184 315/866/183
f 312/867/183 327/868/183 326/869/183
f 310/870/184 323/871/184 309/872/184
f 321/873/183 305/874/184 335/875/183
f 320/876/183 333/862/183 319/877/183
f 316/864/183 331/878/183 330/879/183
f 313/880/184 328/881/183 327/868/183
f 310/870/184 325/882/184 324/883/184
f 308/884/184 304/885/184 307/886/183
f 320/876/183 335/875/183 334/887/183
f 318/861/183 331/878/183 317/888/183
f 315/866/183 328/881/183 314/889/184
f 312/867/183 325/882/184 311/890/184
f 323/891/185 348/892/185 349/893/185
f 307/886/183 305/874/184 306/894/183
f 308/884/184 323/871/184 322/895/184
f 347/896/46 341/897/46 337/898/46
f 305/899/49 351/900/49 338/901/49
f 334/902/49 337/903/49 336/904/49
f 335/905/49 338/901/49 337/903/49
f 334/906/186 339/907/186 333/908/186
f 330/909/187 341/910/187 342/911/187
f 328/912/47 345/913/47 327/914/47
f 325/915/188 348/892/188 324/916/188
f 304/917/49 350/918/49 351/900/49
f 332/919/189 341/910/189 331/920/189
f 329/921/47 344/922/47 328/912/47
f 326/923/190 347/924/190 325/915/190
f 322/925/191 349/893/191 350/918/191
f 332/919/192 339/907/192 340/926/192
f 330/909/47 343/927/47 329/921/47
f 327/914/47 346/928/47 326/923/47
f 318/861/183 319/877/183 333/862/183
f 316/864/183 330/879/183 329/865/184
f 312/867/183 313/880/184 327/868/183
f 310/870/184 324/883/184 323/871/184
f 321/873/183 306/894/183 305/874/184
f 320/876/183 334/887/183 333/862/183
f 316/864/183 317/888/183 331/878/183
f 313/880/184 314/889/184 328/881/183
f 310/870/184 311/890/184 325/882/184
f 308/884/184 322/895/184 304/885/184
f 320/876/183 321/873/183 335/875/183
f 318/861/183 332/863/183 331/878/183
f 315/866/183 329/865/184 328/881/183
f 312/867/183 326/869/183 325/882/184
f 323/891/185 324/916/185 348/892/185
f 307/886/183 304/885/184 305/874/184
f 308/884/184 309/872/184 323/871/184
f 351/929/45 350/930/46 349/931/45
f 349/931/45 348/932/46 347/896/46
f 347/896/46 346/933/46 345/934/46
f 347/896/46 345/934/46 344/935/45
f 351/929/45 349/931/45 347/896/46
f 338/936/46 351/929/45 347/896/46
f 347/896/46 344/935/45 343/937/45
f 343/937/45 342/938/46 341/897/46
f 341/897/46 340/939/46 339/940/46
f 339/940/46 336/941/46 337/898/46
f 337/898/46 338/936/46 347/896/46
f 347/896/46 343/937/45 341/897/46
f 341/897/46 339/940/46 337/898/46
f 305/899/49 304/917/49 351/900/49
f 334/902/49 335/905/49 337/903/49
f 335/905/49 305/899/49 338/901/49
f 334/906/186 336/942/186 339/907/186
f 330/909/187 331/920/187 341/910/187
f 328/912/47 344/922/47 345/913/47
f 325/915/188 347/924/188 348/892/188
f 304/917/49 322/925/49 350/918/49
f 332/919/189 340/926/189 341/910/189
f 329/921/47 343/927/47 344/922/47
f 326/923/190 346/928/190 347/924/190
f 322/925/191 323/891/191 349/893/191
f 332/919/192 333/908/192 339/907/192
f 330/909/47 342/911/47 343/927/47
f 327/914/47 345/913/47 346/928/47
f 582/943/73 578/944/73 583/945/73
f 579/946/193 586/947/193 578/948/193
f 585/949/194 583/945/194 584/950/194
f 586/947/195 583/951/196 578/948/196
f 579/946/197 585/949/198 587/952/198
f 785/953/177 789/954/199 786/955/199
f 783/956/200 787/957/182 784/958/182
f 789/954/175 787/959/175 788/960/175
f 784/958/201 786/955/179 783/956/179
f 799/961/73 796/962/202 798/963/202
f 800/964/179 798/965/179 802/966/179
f 797/967/203 800/964/180 801/968/180
f 795/969/177 798/963/204 796/962/177
f 797/967/205 795/969/205 796/962/205
f 582/943/73 579/970/73 578/944/73
f 579/946/193 587/952/193 586/947/193
f 585/949/194 582/943/194 583/945/194
f 586/947/195 584/971/195 583/951/196
f 579/946/197 582/943/197 585/949/198
f 785/953/177 790/972/177 789/954/199
f 783/956/200 788/973/200 787/957/182
f 789/954/175 790/972/175 787/959/175
f 784/958/201 785/953/201 786/955/179
f 799/961/73 797/967/73 796/962/202
f 800/964/179 799/974/179 798/965/179
f 797/967/203 799/974/203 800/964/180
f 795/969/177 802/975/206 798/963/204
f 797/967/175 801/968/175 795/969/175
usemtl SpacialRoverExploreralumOrange
f 667/976/56 671/977/56 675/978/56
f 661/979/167 671/980/102 658/981/102
f 665/982/170 675/983/171 662/984/171
f 664/985/101 666/986/173 677/987/101
f 663/988/207 673/989/169 660/990/169
f 659/991/64 669/992/63 656/993/166
f 619/994/98 637/995/87 616/996/87
f 615/997/90 629/998/91 624/999/95
f 623/1000/96 633/1001/97 620/1002/97
f 625/1003/93 631/1004/94 622/1005/94
f 621/1006/89 635/1007/92 618/1008/92
f 824/1009/99 806/1010/94 825/1011/94
f 816/1012/89 814/1013/88 817/1014/92
f 818/1015/98 812/1016/87 819/1017/87
f 822/1018/90 808/1019/91 823/1020/95
f 822/1021/208 635/1022/209 632/1023/208
f 821/1024/84 811/1025/83 810/1026/84
f 625/1003/93 629/998/91 628/1027/93
f 621/1006/89 633/1001/97 632/1028/89
f 617/1029/83 637/995/87 636/1030/83
f 627/1031/84 615/997/90 614/1032/84
f 631/1004/94 623/1033/96 622/1005/94
f 618/1008/92 634/1034/98 619/994/98
f 617/1029/83 627/1031/84 614/1032/84
f 669/992/63 657/1035/60 656/993/166
f 675/983/171 663/988/207 662/984/171
f 677/987/101 665/982/170 664/985/101
f 673/989/169 661/979/167 660/990/169
f 671/980/102 659/991/64 658/981/102
f 667/1036/61 655/1037/173 654/1038/61
f 657/1035/60 667/1039/61 654/1040/61
f 804/1041/97 816/1012/89 815/1042/97
f 812/1016/87 820/1043/83 819/1017/87
f 823/1020/95 807/1044/93 824/1009/99
f 818/1015/98 814/1013/88 813/1045/98
f 822/1018/90 810/1026/84 809/1046/90
f 805/1047/96 825/1011/94 806/1010/94
f 815/1042/97 805/1047/96 804/1041/97
f 824/1048/210 634/1049/211 635/1022/209
f 635/1022/209 822/1021/208 823/1050/212
f 633/1051/213 821/1052/214 632/1023/208
f 823/1050/212 824/1048/210 635/1022/209
f 629/1053/215 817/1054/215 818/1055/216
f 634/1049/211 824/1048/210 825/1056/217
f 627/1057/218 636/1058/219 826/1059/220
f 821/1052/214 633/1051/213 820/1060/221
f 637/1061/222 634/1049/211 825/1056/217
f 631/1062/223 820/1060/221 630/1063/224
f 825/1056/217 826/1059/220 637/1061/222
f 631/1062/223 819/1064/223 820/1060/221
f 631/1062/223 628/1065/225 819/1064/223
f 815/1066/226 627/1057/218 826/1059/220
f 626/1067/227 627/1057/218 815/1066/226
f 633/1051/213 630/1063/224 820/1060/221
f 628/1065/225 629/1053/215 818/1055/216
f 816/1068/227 626/1067/227 815/1066/226
f 826/1059/220 636/1058/219 637/1061/222
f 628/1065/225 818/1055/216 819/1064/223
f 816/1068/227 629/1053/215 626/1067/227
f 821/1052/214 822/1021/208 632/1023/208
f 629/1053/215 816/1068/227 817/1054/215
f 675/978/56 676/1069/228 677/1070/56
f 677/1070/56 666/1071/56 667/976/56
f 667/976/56 668/1072/56 669/1073/56
f 669/1073/56 670/1074/228 671/977/56
f 671/977/56 672/1075/228 673/1076/56
f 673/1076/56 674/1077/229 675/978/56
f 675/978/56 677/1070/56 667/976/56
f 667/976/56 669/1073/56 671/977/56
f 671/977/56 673/1076/56 675/978/56
f 661/979/167 672/1078/167 671/980/102
f 665/982/170 676/1079/170 675/983/171
f 664/985/101 655/1037/173 666/986/173
f 663/988/207 674/1080/168 673/989/169
f 659/991/64 670/1081/64 669/992/63
f 619/994/98 634/1034/98 637/995/87
f 615/997/90 626/1082/90 629/998/91
f 623/1000/96 630/1083/96 633/1001/97
f 625/1003/93 628/1027/93 631/1004/94
f 621/1006/89 632/1028/89 635/1007/92
f 824/1009/99 807/1044/93 806/1010/94
f 816/1012/89 803/1084/89 814/1013/88
f 818/1015/98 813/1045/98 812/1016/87
f 822/1018/90 809/1046/90 808/1019/91
f 821/1024/84 820/1085/83 811/1025/83
f 625/1003/93 624/999/95 629/998/91
f 621/1006/89 620/1002/97 633/1001/97
f 617/1029/83 616/996/87 637/995/87
f 627/1031/84 626/1082/90 615/997/90
f 631/1004/94 630/1086/96 623/1033/96
f 618/1008/92 635/1007/92 634/1034/98
f 617/1029/83 636/1030/83 627/1031/84
f 669/992/63 668/1087/60 657/1035/60
f 675/983/171 674/1080/168 663/988/207
f 677/987/101 676/1079/170 665/982/170
f 673/989/169 672/1078/167 661/979/167
f 671/980/102 670/1081/64 659/991/64
f 667/1036/61 666/986/173 655/1037/173
f 657/1035/60 668/1087/60 667/1039/61
f 804/1041/97 803/1084/89 816/1012/89
f 812/1016/87 811/1088/83 820/1043/83
f 823/1020/95 808/1019/91 807/1044/93
f 818/1015/98 817/1014/92 814/1013/88
f 822/1018/90 821/1024/84 810/1026/84
f 805/1047/96 826/1089/96 825/1011/94
f 815/1042/97 826/1089/96 805/1047/96
usemtl SpacialRoverExploreralumArm
f 163/1090/11 242/1091/11 243/1092/11
f 239/1093/1 159/1094/1 157/1095/1
f 243/1092/11 160/1096/11 161/1097/11
f 161/1097/11 162/1098/11 163/1090/11
f 163/1090/11 245/1099/11 247/1100/11
f 247/1100/11 246/1101/11 242/1091/11
f 242/1091/11 244/1102/11 243/1092/11
f 243/1092/11 161/1097/11 163/1090/11
f 163/1090/11 247/1100/11 242/1091/11
f 157/1095/1 236/1103/1 238/1104/1
f 238/1104/1 237/1105/1 239/1093/1
f 239/1093/1 241/1106/1 240/1107/1
f 240/1107/1 158/1108/1 159/1094/1
f 159/1094/1 156/1109/1 157/1095/1
f 157/1095/1 238/1104/1 239/1093/1
f 239/1093/1 240/1107/1 159/1094/1
f 448/1110/230 394/1111/49 392/1112/49
f 447/1113/231 398/1114/47 397/1115/47
f 450/1116/230 404/1117/49 402/1118/49
f 519/1119/232 537/1120/233 532/1121/234
f 523/1122/235 538/1123/236 525/1124/237
f 534/1125/238 530/1126/239 532/1121/234
f 529/1127/240 520/1128/241 531/1129/242
f 528/1130/243 522/1131/244 517/1132/245
f 433/1133/155 425/1134/147 417/1135/139
f 426/1136/148 434/1137/156 442/1138/164
f 444/1139/246 391/1140/247 390/1141/248
f 446/1142/246 385/1143/247 384/1144/249
f 449/1145/250 386/1146/251 387/1147/252
f 451/1148/250 388/1149/251 389/1150/252
f 451/1151/250 407/1152/47 409/1153/47
f 448/1154/230 447/1113/231 446/1155/246
f 450/1116/230 445/1156/231 444/1139/246
f 469/1157/253 501/1158/254 468/1159/255
f 483/1160/256 514/1161/257 515/1162/258
f 468/1159/255 502/1163/259 470/1164/260
f 483/1160/256 484/1165/261 469/1157/253
f 470/1164/260 503/1166/262 471/1167/263
f 472/1168/264 503/1166/262 504/1169/265
f 472/1168/264 505/1170/266 473/1171/267
f 473/1171/267 506/1172/268 474/1173/269
f 474/1173/269 507/1174/270 475/1175/271
f 467/1176/272 469/1177/253 452/1178/49
f 466/1179/273 483/1180/256 467/1176/272
f 481/1181/274 466/1179/273 465/1182/275
f 464/1183/44 481/1181/274 465/1182/275
f 479/1184/276 464/1183/44 463/1185/277
f 462/1186/278 479/1184/276 463/1185/277
f 477/1187/279 462/1186/278 461/1188/280
f 476/1189/281 461/1188/280 460/1190/47
f 459/1191/282 476/1189/281 460/1190/47
f 474/1192/269 459/1191/282 458/1193/283
f 457/1194/284 474/1192/269 458/1193/283
f 472/1195/264 457/1194/284 456/1196/48
f 455/1197/285 472/1195/264 456/1196/48
f 470/1198/260 455/1199/285 454/1200/286
f 453/1201/287 470/1198/260 454/1200/286
f 469/1177/253 453/1201/287 452/1178/49
f 485/1202/49 501/1203/254 484/1204/261
f 501/1203/254 487/1205/286 502/1206/259
f 502/1206/259 488/1207/285 503/1208/262
f 488/1209/285 504/1210/265 503/1211/262
f 504/1210/265 490/1212/284 505/1213/266
f 490/1212/284 506/1214/268 505/1213/266
f 491/1215/283 507/1216/270 506/1214/268
f 492/1217/282 508/1218/288 507/1216/270
f 493/1219/47 509/1220/289 508/1218/288
f 494/1221/280 510/1222/290 509/1220/289
f 495/1223/278 511/1224/291 510/1222/290
f 511/1224/291 497/1225/44 512/1226/292
f 497/1225/44 513/1227/293 512/1226/292
f 513/1227/293 499/1228/273 514/1229/257
f 499/1228/273 515/1230/258 514/1229/257
f 500/1231/272 484/1204/261 515/1230/258
f 482/1232/294 513/1233/293 514/1161/257
f 480/1234/295 513/1233/293 481/1235/274
f 480/1234/295 511/1236/291 512/1237/292
f 478/1238/296 511/1236/291 479/1239/276
f 478/1238/296 509/1240/289 510/1241/290
f 476/1242/281 509/1240/289 477/1243/279
f 476/1242/281 507/1174/270 508/1244/288
f 535/1245/297 524/1246/298 522/1247/244
f 536/1248/299 523/1122/235 524/1246/298
f 537/1120/233 527/1249/300 539/1250/301
f 527/1249/300 538/1251/236 539/1250/301
f 528/1130/243 518/1252/302 530/1253/239
f 518/1252/302 529/1127/240 530/1253/239
f 532/1121/234 521/1254/303 519/1119/232
f 533/1255/304 520/1128/241 521/1256/303
f 516/1257/305 524/1258/298 526/1259/306
f 395/1260/49 386/1261/251 448/1110/230
f 448/1110/230 446/1262/246 384/1263/249
f 448/1110/230 384/1263/249 396/1264/49
f 393/1265/49 395/1260/49 448/1110/230
f 392/1112/49 393/1265/49 448/1110/230
f 448/1110/230 396/1264/49 394/1111/49
f 401/1266/47 385/1267/247 447/1113/231
f 447/1113/231 449/1145/250 387/1147/252
f 447/1113/231 387/1147/252 400/1268/47
f 399/1269/47 401/1266/47 447/1113/231
f 397/1115/47 399/1269/47 447/1113/231
f 447/1113/231 400/1268/47 398/1114/47
f 405/1270/49 388/1149/251 450/1116/230
f 450/1116/230 444/1139/246 390/1141/248
f 450/1116/230 390/1141/248 406/1271/49
f 403/1272/49 405/1270/49 450/1116/230
f 402/1118/49 403/1272/49 450/1116/230
f 450/1116/230 406/1271/49 404/1117/49
f 519/1119/232 526/1259/306 537/1120/233
f 523/1122/235 534/1125/238 538/1123/236
f 532/1121/234 537/1120/233 539/1273/301
f 539/1273/301 538/1123/236 534/1125/238
f 534/1125/238 536/1274/299 535/1275/297
f 535/1275/297 528/1276/243 530/1126/239
f 530/1126/239 529/1127/240 531/1129/242
f 531/1129/242 533/1277/304 532/1121/234
f 532/1121/234 539/1273/301 534/1125/238
f 534/1125/238 535/1275/297 530/1126/239
f 530/1126/239 531/1129/242 532/1121/234
f 529/1127/240 516/1278/305 520/1128/241
f 528/1130/243 535/1279/297 522/1131/244
f 417/1135/139 415/1280/137 413/1281/134
f 413/1281/134 443/1282/165 441/1283/163
f 441/1283/163 439/1284/161 437/1285/159
f 437/1285/159 435/1286/157 433/1133/155
f 433/1133/155 431/1287/153 429/1288/151
f 429/1288/151 427/1289/149 425/1134/147
f 425/1134/147 423/1290/145 421/1291/143
f 421/1291/143 419/1292/141 417/1135/139
f 417/1135/139 413/1281/134 441/1283/163
f 441/1283/163 437/1285/159 433/1133/155
f 433/1133/155 429/1288/151 425/1134/147
f 425/1134/147 421/1291/143 417/1135/139
f 417/1135/139 441/1283/163 433/1133/155
f 442/1138/164 412/1293/136 414/1294/135
f 414/1294/135 416/1295/138 418/1296/140
f 418/1296/140 420/1297/142 422/1298/144
f 422/1298/144 424/1299/146 426/1136/148
f 426/1136/148 428/1300/150 430/1301/152
f 430/1301/152 432/1302/154 434/1137/156
f 434/1137/156 436/1303/158 438/1304/160
f 438/1304/160 440/1305/162 442/1138/164
f 442/1138/164 414/1294/135 418/1296/140
f 418/1296/140 422/1298/144 426/1136/148
f 426/1136/148 430/1301/152 434/1137/156
f 434/1137/156 438/1304/160 442/1138/164
f 442/1138/164 418/1296/140 426/1136/148
f 444/1139/246 445/1306/231 391/1140/247
f 446/1142/246 447/1307/231 385/1143/247
f 449/1145/250 448/1308/230 386/1146/251
f 451/1148/250 450/1116/230 388/1149/251
f 391/1309/247 445/1310/231 451/1151/250
f 451/1151/250 389/1311/252 411/1312/47
f 451/1151/250 411/1312/47 408/1313/47
f 410/1314/47 391/1309/247 451/1151/250
f 409/1153/47 410/1314/47 451/1151/250
f 451/1151/250 408/1313/47 407/1152/47
f 448/1154/230 449/1145/250 447/1113/231
f 450/1116/230 451/1315/250 445/1156/231
f 469/1157/253 484/1165/261 501/1158/254
f 483/1160/256 482/1232/294 514/1161/257
f 468/1159/255 501/1158/254 502/1163/259
f 483/1160/256 515/1162/258 484/1165/261
f 470/1164/260 502/1163/259 503/1166/262
f 472/1168/264 471/1167/263 503/1166/262
f 472/1168/264 504/1169/265 505/1170/266
f 473/1171/267 505/1170/266 506/1172/268
f 474/1173/269 506/1172/268 507/1174/270
f 467/1176/272 483/1180/256 469/1177/253
f 466/1179/273 482/1316/294 483/1180/256
f 481/1181/274 482/1316/294 466/1179/273
f 464/1183/44 480/1317/295 481/1181/274
f 479/1184/276 480/1317/295 464/1183/44
f 462/1186/278 478/1318/296 479/1184/276
f 477/1187/279 478/1318/296 462/1186/278
f 476/1189/281 477/1187/279 461/1188/280
f 459/1191/282 475/1319/271 476/1189/281
f 474/1192/269 475/1319/271 459/1191/282
f 457/1194/284 473/1320/267 474/1192/269
f 472/1195/264 473/1320/267 457/1194/284
f 455/1197/285 471/1321/263 472/1195/264
f 470/1198/260 471/1322/263 455/1199/285
f 453/1201/287 468/1323/255 470/1198/260
f 469/1177/253 468/1323/255 453/1201/287
f 485/1202/49 486/1324/287 501/1203/254
f 501/1203/254 486/1324/287 487/1205/286
f 502/1206/259 487/1205/286 488/1207/285
f 488/1209/285 489/1325/48 504/1210/265
f 504/1210/265 489/1325/48 490/1212/284
f 490/1212/284 491/1215/283 506/1214/268
f 491/1215/283 492/1217/282 507/1216/270
f 492/1217/282 493/1219/47 508/1218/288
f 493/1219/47 494/1221/280 509/1220/289
f 494/1221/280 495/1223/278 510/1222/290
f 495/1223/278 496/1326/277 511/1224/291
f 511/1224/291 496/1326/277 497/1225/44
f 497/1225/44 498/1327/275 513/1227/293
f 513/1227/293 498/1327/275 499/1228/273
f 499/1228/273 500/1231/272 515/1230/258
f 500/1231/272 485/1202/49 484/1204/261
f 482/1232/294 481/1235/274 513/1233/293
f 480/1234/295 512/1237/292 513/1233/293
f 480/1234/295 479/1239/276 511/1236/291
f 478/1238/296 510/1241/290 511/1236/291
f 478/1238/296 477/1243/279 509/1240/289
f 476/1242/281 508/1244/288 509/1240/289
f 476/1242/281 475/1175/271 507/1174/270
f 535/1245/297 536/1248/299 524/1246/298
f 536/1248/299 534/1125/238 523/1122/235
f 537/1120/233 526/1259/306 527/1249/300
f 527/1249/300 525/1328/237 538/1251/236
f 528/1130/243 517/1132/245 518/1252/302
f 518/1252/302 516/1278/305 529/1127/240
f 532/1121/234 533/1329/304 521/1254/303
f 533/1255/304 531/1129/242 520/1128/241
f 526/1259/306 519/1119/232 521/1330/303
f 521/1330/303 520/1331/241 516/1257/305
f 516/1257/305 518/1332/302 517/1333/245
f 517/1333/245 522/1334/244 524/1258/298
f 524/1258/298 523/1335/235 525/1336/237
f 525/1336/237 527/1337/300 526/1259/306
f 526/1259/306 521/1330/303 516/1257/305
f 516/1257/305 517/1333/245 524/1258/298
f 524/1258/298 525/1336/237 526/1259/306
