# Blender 5.2.0 LTS
# www.blender.org
mtllib Cuerpo.mtl
o RoverModificado
v 1.741858 5.338328 0.673529
v 1.741858 5.265673 0.897135
v 1.741858 5.030560 0.897135
v 1.741858 4.957905 0.673529
v 1.741858 5.332778 0.795332
v 1.741858 5.148116 0.929496
v 1.741858 5.262243 0.578250
v 1.741858 4.963456 0.795332
v 1.741858 5.148116 0.535332
v 1.741858 5.033991 0.578250
v 1.741843 5.420119 0.646953
v 1.541975 5.420119 0.646953
v 1.741843 5.316223 0.966711
v 1.541975 5.316223 0.966711
v 1.541975 5.148116 0.449332
v 1.741843 5.148116 0.449332
v 1.741843 5.311318 0.510705
v 1.741843 4.980011 0.966711
v 1.741843 4.884052 0.821132
v 1.741843 4.876115 0.646953
v 1.741843 4.984916 0.510705
v 1.741843 5.148116 1.012987
v 1.741843 5.412182 0.821132
v 1.541975 4.980011 0.966711
v 1.541975 4.876115 0.646953
v 1.541975 5.412182 0.821132
v 1.541975 5.148116 1.012987
v 1.541975 5.311318 0.510705
v 1.541975 4.884052 0.821132
v 1.541975 4.984916 0.510705
v 1.776991 5.224654 0.564114
v 1.802108 5.262243 0.578250
v 1.761766 5.148116 0.535332
v 1.761766 5.148118 0.535332
v 1.776991 5.071582 0.908427
v 1.804399 5.030560 0.897135
v 1.761766 5.148116 0.929496
v 1.761766 5.148118 0.929496
v 1.776991 5.224654 0.908427
v 1.804399 5.265673 0.897135
v 1.885058 4.963456 0.795332
v 1.820346 5.006696 0.860932
v 1.912553 5.338328 0.673529
v 1.885230 5.332893 0.666723
v 1.820346 5.289539 0.612431
v 1.885230 5.332893 0.792796
v 1.885056 5.332778 0.795332
v 1.820346 5.006696 0.612430
v 1.802108 5.033991 0.578250
v 1.885230 4.963342 0.666721
v 1.912559 4.957905 0.673529
v 1.820346 5.289539 0.860930
v 1.885230 4.963342 0.792822
v 1.776991 5.071582 0.564114
v 1.761766 5.148118 0.477692
v 1.761766 5.148118 0.997692
v 1.776991 5.224654 0.477692
v 1.776991 5.224654 0.997692
v 1.820346 5.289539 0.477692
v 1.820346 5.289539 0.997692
v 1.885230 5.332893 0.477692
v 1.885230 5.332893 0.997692
v 1.961767 5.348118 0.477692
v 1.961767 5.348118 0.997692
v 2.038303 5.332893 0.477692
v 2.038303 5.332893 0.997692
v 2.103188 5.289539 0.477692
v 2.103188 5.289539 0.997692
v 2.146543 5.224654 0.477692
v 2.146543 5.224654 0.997692
v 2.161767 5.148118 0.477692
v 2.161767 5.148118 0.997692
v 2.146543 5.071582 0.477692
v 2.146543 5.071582 0.997692
v 2.103188 5.006696 0.477692
v 2.103188 5.006696 0.997692
v 2.038303 4.963341 0.477692
v 2.038303 4.963341 0.997692
v 1.961767 4.948117 0.477692
v 1.961767 4.948117 0.997692
v 1.885230 4.963342 0.477692
v 1.885230 4.963342 0.997692
v 1.820346 5.006696 0.477692
v 1.820346 5.006696 0.997692
v 1.776991 5.071582 0.477692
v 1.776991 5.071582 0.997692
v -0.392243 6.071287 0.735332
v -0.352479 6.071287 0.666458
v -0.272949 5.936288 0.666458
v -0.272949 6.071287 0.666458
v -0.233184 6.071287 0.735332
v -0.272949 5.936288 0.804207
v -0.272949 6.071287 0.804207
v -0.352479 5.936288 0.804207
v -0.352479 6.071287 0.804207
v -0.233184 5.936288 0.735332
v -0.392243 5.936288 0.735332
v -0.352479 5.936288 0.666458
v -0.398272 5.777716 0.811617
v -0.336000 5.777716 0.847569
v -0.289428 5.777716 0.847569
v -0.227158 5.777716 0.811617
v -0.203871 5.777716 0.771284
v -0.203871 5.777716 0.699380
v -0.227158 5.777716 0.659048
v -0.289428 5.777716 0.623095
v -0.421557 5.777716 0.699380
v -0.421557 5.777716 0.771284
v -0.336000 5.777716 0.623095
v -0.398272 5.777716 0.659048
v -0.336000 5.318516 0.847569
v -0.398272 5.318516 0.811617
v -0.227158 5.318516 0.811617
v -0.289428 5.318516 0.847569
v -0.203871 5.318516 0.699380
v -0.203871 5.318516 0.771284
v -0.289428 5.318516 0.623095
v -0.227158 5.318516 0.659048
v -0.398272 5.318516 0.659048
v -0.336000 5.318516 0.623095
v -0.421557 5.318516 0.771284
v -0.421557 5.318516 0.699380
v -0.400866 5.076576 1.444680
v -0.330813 5.036132 1.444680
v -0.294615 5.036132 1.444680
v -0.224564 5.076576 1.444680
v -0.206465 5.107924 1.444680
v -0.206465 5.188813 1.444680
v -0.224564 5.220160 1.444680
v -0.294615 5.260606 1.444680
v -0.418963 5.188813 1.444680
v -0.418963 5.107924 1.444680
v -0.330813 5.260606 1.444680
v -0.400866 5.220160 1.444680
v -0.330813 5.036132 0.885480
v -0.400866 5.076576 0.885480
v -0.224564 5.076576 0.885480
v -0.294615 5.036132 0.885480
v -0.206465 5.188813 0.885480
v -0.206465 5.107924 0.885480
v -0.294615 5.260606 0.885480
v -0.224564 5.220160 0.885480
v -0.400866 5.220160 0.885480
v -0.330813 5.260606 0.885480
v -0.418963 5.107924 0.885480
v -0.418963 5.188813 0.885480
v -0.337894 5.777716 0.811860
v -0.366399 5.777716 0.795402
v -0.259029 5.777716 0.795402
v -0.287534 5.777716 0.811860
v -0.233850 5.777716 0.718875
v -0.233850 5.777716 0.751790
v -0.287534 5.777716 0.658805
v -0.259029 5.777716 0.675263
v -0.366399 5.777716 0.675263
v -0.337894 5.777716 0.658805
v -0.391578 5.777716 0.751790
v -0.391578 5.777716 0.718875
v -0.259029 5.927716 0.675263
v -0.287534 5.927716 0.658805
v -0.272932 5.936252 0.666427
v -0.287534 5.927716 0.811860
v -0.259029 5.927716 0.795402
v -0.272933 5.936252 0.804238
v -0.366399 5.927716 0.795402
v -0.337894 5.927716 0.811860
v -0.352497 5.936252 0.804238
v -0.391578 5.927716 0.718875
v -0.391578 5.927716 0.751790
v -0.392280 5.936252 0.735332
v -0.233850 5.927716 0.751790
v -0.233850 5.927716 0.718875
v -0.233149 5.936252 0.735332
v -0.337894 5.927716 0.658805
v -0.366399 5.927716 0.675263
v -0.352497 5.936252 0.666427
v -0.385417 5.175498 1.844680
v -0.385417 5.121239 1.844680
v -0.325572 5.224895 1.844680
v -0.372561 5.197766 1.844680
v -0.325572 5.071841 1.444680
v -0.372561 5.098971 1.444680
v -0.252868 5.098971 1.444680
v -0.299859 5.071841 1.444680
v -0.240011 5.175498 1.444680
v -0.240011 5.121239 1.444680
v -0.299857 5.224895 1.444680
v -0.252867 5.197766 1.444680
v -0.372561 5.197766 1.444680
v -0.325572 5.224895 1.444680
v -0.385417 5.121239 1.444680
v -0.385417 5.175498 1.444680
v -0.252867 5.197766 1.844680
v -0.299857 5.224895 1.844680
v -0.240011 5.121239 1.844680
v -0.240011 5.175498 1.844680
v -0.299859 5.071841 1.844680
v -0.252868 5.098971 1.844680
v -0.372561 5.098971 1.844680
v -0.325572 5.071841 1.844680
v -1.007123 5.012438 0.869642
v -1.007123 5.062308 0.905875
v -1.007123 5.233926 0.905875
v -1.007123 5.283796 0.869642
v -1.007123 5.336829 0.706423
v -1.007123 5.317780 0.647797
v -1.007123 5.178939 0.546923
v -1.007123 5.117295 0.546923
v -1.007123 4.978453 0.647797
v -1.007123 4.959404 0.706424
v -1.007123 5.314655 0.822826
v -1.007123 5.334277 0.762437
v -1.007123 5.116368 0.920756
v -1.007123 5.179866 0.920756
v -1.007123 5.282791 0.603982
v -1.007123 5.231421 0.566659
v -1.007123 5.064812 0.566659
v -1.007123 5.013443 0.603982
v -1.007123 4.961957 0.762437
v -1.007123 4.981579 0.822826
v 1.541960 5.283796 0.869642
v 1.541960 5.233926 0.905875
v 1.541960 5.317780 0.647797
v 1.541960 5.336829 0.706423
v 1.541960 5.062308 0.905875
v 1.541960 5.012438 0.869642
v 1.541960 4.959404 0.706424
v 1.541960 4.978453 0.647797
v 1.541960 5.334277 0.762437
v 1.541960 5.314655 0.822826
v 1.541960 5.179866 0.920756
v 1.541960 5.116368 0.920756
v 1.541960 5.231421 0.566659
v 1.541960 5.282791 0.603982
v 1.541960 4.981579 0.822826
v 1.541960 4.961957 0.762437
v 1.541960 5.013443 0.603982
v 1.541960 5.064812 0.566659
v 1.541960 5.117295 0.546923
v 1.541960 5.178940 0.546923
v -0.912715 4.974278 0.807337
v -0.912715 4.959956 0.735332
v -0.912715 5.321953 0.663326
v -0.912715 5.336275 0.735332
v -0.912715 4.974278 0.663326
v -0.912715 5.321953 0.807337
v -0.912715 5.015066 0.602282
v -0.912715 5.281165 0.868381
v -0.912715 5.076111 0.561494
v -0.912715 5.220121 0.909169
v -0.912715 5.148115 0.547172
v -0.912715 5.148115 0.923492
v -0.912715 5.076111 0.909169
v -0.912715 5.220121 0.561494
v -0.912715 5.015066 0.868381
v -0.912715 5.281164 0.602282
v -1.197716 5.041214 0.993413
v -1.197716 5.148115 1.014677
v -1.197716 4.950588 0.932859
v -1.197716 4.890033 0.842232
v -1.197716 4.868769 0.735331
v -1.197716 4.890033 0.628430
v -1.197716 4.950588 0.537803
v -1.197716 5.041214 0.477248
v -1.197716 5.148115 0.455984
v -1.197716 5.255017 0.477248
v -1.197716 5.345644 0.537803
v -1.197716 5.406199 0.628430
v -1.197716 5.427462 0.735330
v -1.197716 5.406199 0.842232
v -1.197716 5.345644 0.932859
v -1.197716 5.255017 0.993413
v -0.912716 4.941250 0.821018
v -0.912716 5.354982 0.649645
v -0.912716 5.148115 0.959242
v -0.912716 4.924205 0.735332
v -0.912716 5.372026 0.735332
v -0.912716 4.941250 0.649645
v -0.912716 5.354982 0.821018
v -0.912716 4.989787 0.577003
v -0.912716 5.306444 0.893660
v -0.912716 5.062429 0.528465
v -0.912716 5.233802 0.942198
v -0.912716 5.148115 0.511421
v -0.912716 5.062429 0.942198
v -0.912716 5.233802 0.528465
v -0.912716 4.989787 0.893660
v -0.912716 5.306444 0.577003
v -1.197716 5.062429 0.942198
v -1.197716 5.148115 0.959242
v -1.197716 4.989787 0.893660
v -1.197716 4.941250 0.821018
v -1.197716 4.924205 0.735332
v -1.197716 4.941250 0.649645
v -1.197716 4.989787 0.577003
v -1.197716 5.062429 0.528465
v -1.197716 5.148115 0.511421
v -1.197716 5.233802 0.528465
v -1.197716 5.306444 0.577003
v -1.197716 5.354982 0.649645
v -1.197716 5.372026 0.735332
v -1.197716 5.354982 0.821018
v -1.197716 5.306444 0.893660
v -1.197716 5.233802 0.942198
v -1.651829 5.267349 1.535331
v -1.690571 5.148115 1.535331
v -1.550402 5.341040 1.535331
v -1.425032 5.341040 1.535331
v -1.323606 5.267349 1.535331
v -1.284863 5.148115 1.535331
v -1.323606 5.028880 1.535331
v -1.425032 4.955189 1.535331
v -1.550402 4.955189 1.535332
v -1.651829 5.028880 1.535331
v -1.651829 5.267349 1.735331
v -1.690571 5.148115 1.735331
v -1.518958 5.341040 1.703887
v -1.456476 5.341040 1.703887
v -1.323606 5.267349 1.735331
v -1.284863 5.148115 1.735331
v -1.323606 5.028880 1.735331
v -1.425032 4.955189 1.735331
v -1.550402 4.955189 1.735331
v -1.651829 5.028880 1.735331
v -1.246087 5.030025 0.486547
v -1.261193 4.983535 0.518180
v -1.298703 4.956281 0.537803
v -1.242013 5.042566 0.477248
v -1.246087 5.266206 0.984114
v -1.261192 5.312694 0.952482
v -1.298707 5.339949 0.932859
v -1.242013 5.253665 0.993413
v -1.208833 5.144683 0.456735
v -1.207717 5.148115 0.455985
v -1.207717 5.148115 0.455984
v -1.238008 5.054888 0.996133
v -1.207717 5.148115 1.014677
v -1.207717 5.148115 1.014677
v -1.242013 5.042566 0.993413
v -1.208833 5.151549 1.013927
v -1.238009 5.241343 0.474528
v -1.242013 5.253665 0.477248
v -1.273394 4.974670 0.947407
v -1.261193 4.983535 0.953579
v -1.298703 4.956281 0.932859
v -1.261192 5.312694 0.517081
v -1.273396 5.321562 0.523254
v -1.298707 5.339949 0.537803
v -1.340892 4.925629 0.883424
v -1.372195 4.902887 0.842232
v -1.340894 5.370601 0.587236
v -1.372198 5.393345 0.628430
v -1.383127 4.894944 0.798254
v -1.397254 4.884680 0.735331
v -1.383130 5.401287 0.672407
v -1.397257 5.411551 0.735330
v -1.386704 4.892345 0.692566
v -1.372195 4.902886 0.628430
v -1.386707 5.403886 0.778094
v -1.372198 5.393345 0.842232
v -1.327763 4.935168 0.575218
v -1.327767 5.361063 0.895442
v -1.767717 5.148115 0.121998
v -1.767717 5.148115 1.348665
v -1.714242 5.312694 1.348665
v -1.714242 5.312694 0.121998
v -1.574242 5.414410 1.348665
v -1.574242 5.414410 0.121998
v -1.401192 5.414410 1.348665
v -1.401192 5.414410 0.121998
v -1.261192 5.312694 1.348665
v -1.261192 5.312694 0.121998
v -1.207717 5.148115 1.348665
v -1.207717 5.148115 0.121998
v -1.261193 4.983535 1.348665
v -1.261193 4.983535 0.121998
v -1.401192 4.881819 1.348665
v -1.401192 4.881819 0.121998
v -1.574242 4.881819 1.348665
v -1.574242 4.881819 0.121998
v -1.714242 4.983535 1.348665
v -1.714242 4.983535 0.121998
v -1.518958 5.341040 1.666775
v -1.456476 5.341040 1.666775
v -1.550402 5.341040 1.735331
v -1.425032 5.341040 1.735331
v -1.425032 5.341040 1.635331
v -1.550402 5.341040 1.635331
v -1.512710 5.841041 1.700176
v -1.462724 5.841041 1.700176
v -1.462724 5.841041 1.670486
v -1.512710 5.841041 1.670486
v -1.955430 5.446311 1.447650
v -1.955430 5.340360 1.593332
v -1.955430 5.415278 1.550663
v -1.955430 4.960261 1.593332
v -1.955430 4.854311 1.447650
v -1.955430 4.885343 1.550663
v -1.955430 5.340360 -0.122668
v -1.955430 5.446311 0.023014
v -1.955430 5.415278 -0.079999
v -1.955430 4.854311 0.023014
v -1.955430 4.960261 -0.122668
v -1.955430 4.885343 -0.079999
v -2.555430 5.340360 1.593332
v -2.555430 5.446311 1.447650
v -2.555430 5.415278 1.550663
v -2.555430 4.854311 1.447650
v -2.555430 4.960261 1.593332
v -2.555430 4.885343 1.550663
v -2.555430 5.446311 0.023014
v -2.555430 5.340360 -0.122668
v -2.555430 5.415278 -0.079999
v -2.555430 4.960261 -0.122668
v -2.555430 4.854311 0.023014
v -2.555430 4.885343 -0.079999
v -2.835429 5.120311 0.102423
v -2.835429 5.186765 0.120229
v -2.835429 5.235413 0.168877
v -2.835429 5.253220 0.235332
v -2.835429 5.235413 0.301787
v -2.835429 5.186765 0.350435
v -2.835429 5.120311 0.368241
v -2.835429 5.053857 0.350435
v -2.835429 5.005208 0.301786
v -2.835429 4.987401 0.235332
v -2.835429 5.005208 0.168877
v -2.835429 5.053857 0.120229
v -2.655429 5.120311 0.053332
v -2.655429 5.211311 0.077715
v -2.655429 5.277927 0.144332
v -2.655429 5.302311 0.235332
v -2.655429 5.277927 0.326332
v -2.655429 5.211311 0.392949
v -2.655429 5.120311 0.417332
v -2.655429 5.029310 0.392949
v -2.655429 4.962694 0.326332
v -2.655429 4.938310 0.235332
v -2.655429 4.962694 0.144332
v -2.655429 5.029310 0.077715
v -2.555429 5.120311 0.016932
v -2.555429 5.229511 0.046192
v -2.655429 5.229511 0.046192
v -2.555429 5.309450 0.126132
v -2.655429 5.309450 0.126132
v -2.555429 5.338711 0.235332
v -2.655429 5.338711 0.235332
v -2.555429 5.309450 0.344532
v -2.655429 5.309450 0.344532
v -2.555429 5.229511 0.424472
v -2.655429 5.229511 0.424472
v -2.555429 5.120311 0.453732
v -2.655429 5.120311 0.453732
v -2.555429 5.011110 0.424472
v -2.655429 5.011110 0.424472
v -2.555429 4.931170 0.344532
v -2.655429 4.931172 0.344532
v -2.555429 4.901911 0.235332
v -2.655429 4.901911 0.235332
v -2.555429 4.931170 0.126132
v -2.655429 4.931172 0.126132
v -2.555429 5.011110 0.046192
v -2.655429 5.011110 0.046192
v -2.655429 5.120311 0.016932
v -2.135430 4.914311 -0.280668
v -2.375430 4.914311 -0.280668
v -2.135430 5.154311 -0.120668
v -2.135430 4.914311 -0.120668
v -2.375430 5.154311 -0.120668
v -2.375430 4.914311 -0.120668
v -2.135430 5.034311 -0.280668
v -2.375430 5.034311 -0.280668
v -2.375430 5.034311 -0.120668
v -2.135430 5.034311 -0.120668
v -2.555430 5.270311 1.335332
v -2.555430 5.030311 1.335332
v -2.555430 5.270311 0.535332
v -2.555430 5.030311 0.535332
v -2.655430 5.198771 1.263791
v -2.655430 5.101852 1.263791
v -2.655430 5.198771 0.606873
v -2.655430 5.101852 0.606873
v -2.835429 5.211311 0.077715
v -2.835429 5.120311 0.053332
v -2.835429 5.277927 0.144332
v -2.835429 5.302311 0.235332
v -2.835429 5.277927 0.326332
v -2.835429 5.211311 0.392949
v -2.835429 5.120311 0.417332
v -2.835429 5.029311 0.392949
v -2.835429 4.962694 0.326332
v -2.835429 4.938310 0.235332
v -2.835429 4.962694 0.144332
v -2.835429 5.029311 0.077715
v -2.735430 5.186765 0.120229
v -2.735430 5.120311 0.102423
v -2.735430 5.235413 0.168877
v -2.735430 5.253220 0.235332
v -2.735430 5.235413 0.301787
v -2.735430 5.186765 0.350435
v -2.735430 5.120311 0.368241
v -2.735430 5.053857 0.350435
v -2.735430 5.005208 0.301786
v -2.735430 4.987401 0.235332
v -2.735430 5.005208 0.168877
v -2.735430 5.053857 0.120229
v -2.655430 5.198771 0.935332
v -2.655430 5.101852 0.935332
v -2.655430 5.030311 0.535332
v -2.655430 5.270311 0.535332
v -2.655430 5.270311 0.935332
v -2.655430 5.030311 0.935332
v -2.655430 5.030311 1.335332
v -2.655430 5.270311 1.335332
v -2.655430 5.101852 0.771102
v -2.655430 5.198771 0.771102
v -2.655430 5.198771 1.099561
v -2.655430 5.101852 1.099561
v -2.585429 5.121236 0.639719
v -2.585429 5.179387 0.639719
v -2.585429 5.179387 0.738257
v -2.585429 5.121236 1.132407
v -2.585429 5.121236 1.230945
v -2.585429 5.179387 1.230945
v -2.585429 5.121236 0.738257
v -2.585429 5.179387 1.132407
v -1.505430 4.865310 0.121998
v -1.505430 4.865310 1.348665
v -1.670009 4.918784 1.348665
v -1.670009 4.918784 0.121998
v -1.771725 5.058785 1.348665
v -1.771725 5.058785 0.121998
v -1.771725 5.231834 1.348665
v -1.771725 5.231834 0.121998
v -1.670009 5.371834 1.348665
v -1.670009 5.371834 0.121998
v -1.505430 5.425309 1.348665
v -1.505430 5.425309 0.121998
v -1.340850 5.371834 1.348665
v -1.340850 5.371834 0.121998
v -1.239134 5.231834 1.348665
v -1.239134 5.231834 0.121998
v -1.239134 5.058785 1.348665
v -1.239134 5.058785 0.121998
v -1.340850 4.918785 1.348665
v -1.340850 4.918785 0.121998
v -1.505430 4.837310 -0.064669
v -1.686467 4.896132 -0.064669
v -1.624664 4.981197 1.535331
v -1.505430 4.942456 1.535331
v -1.505430 4.837310 1.348665
v -1.686467 4.896132 0.121998
v -1.798355 5.050132 -0.064669
v -1.698355 5.082624 1.535331
v -1.798355 5.050132 0.121998
v -1.798355 5.240487 -0.064669
v -1.698355 5.207995 1.535331
v -1.798355 5.240487 0.121998
v -1.686467 5.394487 -0.064669
v -1.624664 5.309422 1.535331
v -1.686467 5.394487 0.121998
v -1.505430 5.453310 -0.064669
v -1.505430 5.348163 1.535331
v -1.505430 5.453310 0.121998
v -1.324392 5.394487 -0.064669
v -1.386195 5.309422 1.535331
v -1.324392 5.394487 0.121998
v -1.212504 5.240487 -0.064669
v -1.312504 5.207995 1.535331
v -1.212504 5.240487 0.121998
v -1.212504 5.050132 -0.064669
v -1.312504 5.082624 1.535332
v -1.212504 5.050132 0.121998
v -1.324392 4.896132 -0.064669
v -1.386195 4.981198 1.535331
v -1.324392 4.896132 0.121998
v -1.505430 4.837310 0.121998
v -1.686467 4.896132 1.348665
v -1.798355 5.050132 1.348665
v -1.798355 5.240487 1.348665
v -1.686467 5.394487 1.348665
v -1.505430 5.453310 1.348665
v -1.324392 5.394487 1.348665
v -1.212504 5.240487 1.348665
v -1.212504 5.050132 1.348665
v -1.324392 4.896132 1.348665
v -1.686467 4.896132 1.535331
v -1.505430 4.837310 1.535331
v -1.798355 5.050132 1.535331
v -1.798355 5.240487 1.535331
v -1.686467 5.394487 1.535331
v -1.505430 5.453310 1.535331
v -1.324392 5.394487 1.535331
v -1.212504 5.240487 1.535332
v -1.212504 5.050132 1.535332
v -1.324392 4.896132 1.535331
v -1.955500 4.896132 0.121998
v -1.955500 4.896132 -0.064669
v -1.955500 5.050132 -0.064669
v -1.955500 5.050132 1.535331
v -1.955500 4.896132 1.535331
v -1.955500 5.050132 0.121998
v -1.955500 5.240487 0.121998
v -1.955500 5.240487 -0.064669
v -1.955500 5.394487 -0.064669
v -1.955500 5.394487 1.535331
v -1.955500 5.240487 1.535331
v -1.955500 5.394487 0.121998
v -1.955500 4.896132 1.348665
v -1.955500 5.050132 1.348665
v -1.955500 5.240487 1.348665
v -1.955500 5.394487 1.348665
v -3.298233 5.042696 0.905174
v -3.298233 5.042696 1.075174
v -3.211631 4.992696 0.905174
v -3.211631 4.992696 1.075174
v -3.211631 4.892696 0.905174
v -3.211631 4.892696 1.075174
v -3.298233 4.842696 0.905174
v -3.298233 4.842696 1.075174
v -3.384835 4.892696 0.905174
v -3.384835 4.892696 1.075174
v -3.384835 4.992696 0.905174
v -3.384835 4.992696 1.075174
v -3.298233 5.072696 0.906174
v -3.185650 5.007696 0.906174
v -3.185650 4.877697 0.906174
v -3.298233 4.812696 0.906174
v -3.410816 4.877697 0.906174
v -3.410816 5.007696 0.906174
v -3.298233 5.072696 0.764174
v -3.185650 5.007696 0.764174
v -3.185650 4.877697 0.764174
v -3.298233 4.812696 0.764174
v -3.410816 4.877697 0.764174
v -3.410816 5.007696 0.764174
v -3.463233 4.822696 0.935174
v -3.463233 4.822696 0.735174
v -3.133233 4.822696 0.935174
v -3.133233 4.822696 0.735174
v -3.185648 4.822696 0.735174
v -3.410819 4.822696 0.735174
v -3.410819 4.822696 0.935174
v -3.185648 4.822696 0.935174
v -3.463233 4.989765 0.935174
v -3.463233 5.042696 0.882242
v -3.463233 5.016230 0.928082
v -3.463233 5.035605 0.908708
v -3.463233 5.042696 0.788105
v -3.463233 4.989765 0.735174
v -3.463233 5.035605 0.761640
v -3.463233 5.016230 0.742265
v -3.133233 5.042696 0.882242
v -3.133233 4.989765 0.935174
v -3.133233 5.035605 0.908708
v -3.133233 5.016230 0.928082
v -3.133233 4.989765 0.735174
v -3.133233 5.042696 0.788105
v -3.133233 5.016230 0.742265
v -3.133233 5.035605 0.761640
v -3.410819 4.989765 0.735174
v -3.410819 5.042696 0.788105
v -3.410819 5.016230 0.742265
v -3.410819 5.035605 0.761640
v -3.185648 5.042696 0.788105
v -3.185648 4.989765 0.735174
v -3.185648 5.035605 0.761640
v -3.185648 5.016230 0.742265
v -3.185648 4.989765 0.935174
v -3.185648 5.042696 0.882242
v -3.185648 5.016230 0.928082
v -3.185648 5.035605 0.908708
v -3.410819 5.042696 0.882242
v -3.410819 4.989765 0.935174
v -3.410819 5.035605 0.908708
v -3.410819 5.016230 0.928082
v -3.128233 4.822696 0.735174
v -3.128233 4.822696 0.935174
v -3.468232 4.822696 0.735174
v -3.468232 4.822696 0.935174
v -3.158233 4.762696 0.765174
v -3.158233 4.762696 0.905174
v -3.438233 4.762696 0.905174
v -3.438233 4.762696 0.765174
v -3.128233 4.762696 0.735174
v -3.128233 4.762696 0.935174
v -3.468232 4.762696 0.935174
v -3.468232 4.762696 0.735174
v -3.158233 4.612696 0.765174
v -3.158233 4.612696 0.905174
v -3.438233 4.612696 0.905174
v -3.438233 4.612696 0.765174
v -3.411573 4.588117 -0.291930
v -3.264894 4.588117 -0.291930
v -3.157014 4.588117 -0.247245
v -3.053296 4.588117 -0.143527
v -3.008611 4.588117 -0.035647
v -3.008611 4.588117 0.111031
v -3.053296 4.588117 0.218911
v -3.157014 4.588117 0.322629
v -3.264894 4.588117 0.367314
v -3.411573 4.588117 0.367314
v -3.519452 4.588117 0.322629
v -3.623170 4.588117 0.218911
v -3.667855 4.588117 0.111031
v -3.667855 4.588117 -0.035647
v -3.623170 4.588117 -0.143527
v -3.519452 4.588117 -0.247245
v -3.053296 5.308119 -0.143527
v -3.157014 5.308119 -0.247245
v -3.264894 5.308119 -0.291930
v -3.411573 5.308119 -0.291930
v -3.008611 5.308119 0.111031
v -3.008611 5.308119 -0.035647
v -3.157014 5.308119 0.322629
v -3.053296 5.308119 0.218911
v -3.411573 5.308119 0.367314
v -3.264894 5.308119 0.367314
v -3.623170 5.308119 0.218911
v -3.519452 5.308119 0.322629
v -3.667855 5.308119 -0.035647
v -3.667855 5.308119 0.111031
v -3.519452 5.308119 -0.247245
v -3.623170 5.308119 -0.143527
v -3.290544 5.808119 -0.031956
v -3.268584 5.808119 -0.009997
v -3.353761 5.808119 -0.045278
v -3.322706 5.808119 -0.045278
v -3.255263 5.808119 0.022164
v -3.255263 5.808119 0.053220
v -3.268584 5.808119 0.085381
v -3.290544 5.808119 0.107341
v -3.322706 5.808119 0.120662
v -3.353761 5.808119 0.120662
v -3.385922 5.808119 0.107341
v -3.407882 5.808119 0.085381
v -3.421203 5.808119 0.053220
v -3.421203 5.808119 0.022164
v -3.407882 5.808119 -0.009997
v -3.385922 5.808119 -0.031956
v -3.268584 7.808118 -0.010000
v -3.290544 7.808118 -0.031959
v -3.322706 7.808118 -0.045281
v -3.353761 7.808118 -0.045281
v -3.255263 7.808118 0.053217
v -3.255263 7.808118 0.022161
v -3.290544 7.808118 0.107338
v -3.268584 7.808118 0.085378
v -3.353761 7.808118 0.120659
v -3.322706 7.808118 0.120659
v -3.407882 7.808118 0.085378
v -3.385922 7.808118 0.107338
v -3.421203 7.808118 0.022161
v -3.421203 7.808118 0.053217
v -3.385922 7.808118 -0.031959
v -3.407882 7.808118 -0.010000
v -3.373866 5.308119 -0.145190
v -3.302601 5.308119 -0.145190
v -3.234113 5.308119 -0.116821
v -3.183720 5.308119 -0.066429
v -3.155351 5.308119 0.002059
v -3.155351 5.308119 0.073325
v -3.183720 5.308119 0.141813
v -3.234113 5.308119 0.192205
v -3.302601 5.308119 0.220574
v -3.373866 5.308119 0.220574
v -3.442354 5.308119 0.192205
v -3.492746 5.308119 0.141813
v -3.521115 5.308119 0.073325
v -3.521115 5.308119 0.002059
v -3.492746 5.308119 -0.066429
v -3.442354 5.308119 -0.116821
v -3.183720 5.808119 -0.066429
v -3.234113 5.808119 -0.116821
v -3.302601 5.808119 -0.145190
v -3.373866 5.808119 -0.145190
v -3.155351 5.808119 0.073325
v -3.155351 5.808119 0.002059
v -3.234113 5.808119 0.192205
v -3.183720 5.808119 0.141813
v -3.373866 5.808119 0.220574
v -3.302601 5.808119 0.220574
v -3.492746 5.808119 0.141813
v -3.442354 5.808119 0.192205
v -3.521115 5.808119 0.002059
v -3.521115 5.808119 0.073325
v -3.442354 5.808119 -0.116821
v -3.492746 5.808119 -0.066429
v -4.084090 4.302601 -2.264668
v -4.084090 4.302601 -1.764668
v -1.684091 3.422600 -2.264668
v -1.684091 3.422600 -1.764668
v -1.684091 4.302601 -1.764668
v -1.684091 4.302601 -2.264668
v -0.978235 4.002600 -2.264668
v -0.978235 4.002600 -1.764668
v -0.978235 3.422600 -1.764668
v -0.978235 3.422600 -2.264668
v 0.481765 3.422600 -1.764668
v 0.481765 4.017600 -1.764668
v 0.481765 4.017600 -2.264668
v 0.481765 3.422600 -2.264668
v 2.581766 4.017600 -1.764668
v 2.581766 3.422600 -1.764668
v 2.581766 4.017600 -2.264668
v 2.581766 3.422600 -2.264668
v 1.931765 3.422600 -1.764668
v 1.931765 4.017600 -1.764668
v -3.335545 3.854063 -3.173669
v -3.335545 3.854063 -2.473668
v -3.260545 3.833968 -3.173669
v -3.260545 3.833968 -2.473668
v -3.205641 3.779064 -3.173669
v -3.205641 3.779064 -2.473668
v -3.185545 3.704064 -3.173669
v -3.185545 3.704064 -2.473668
v -3.205641 3.629064 -3.173669
v -3.205641 3.629064 -2.473668
v -3.260545 3.574160 -3.173669
v -3.260545 3.574160 -2.473668
v -3.335545 3.554064 -3.173669
v -3.335545 3.554064 -2.473668
v -3.410545 3.574160 -3.173669
v -3.410545 3.574160 -2.473668
v -3.465449 3.629064 -3.173669
v -3.465449 3.629064 -2.473668
v -3.485545 3.704064 -3.173669
v -3.485545 3.704064 -2.473668
v -3.465449 3.779064 -3.173669
v -3.465449 3.779064 -2.473668
v -3.410545 3.833968 -3.173669
v -3.410545 3.833968 -2.473668
v -4.084090 4.002600 -2.564668
v -1.684091 4.002600 -2.564668
v -1.684091 3.422600 -2.564668
v -4.084090 3.593303 -1.764668
v -3.913388 3.422600 -1.764668
v -4.084090 3.593303 -2.264668
v -3.913388 3.422600 -2.264668
v -3.913388 3.422600 -2.564668
v -4.084090 3.593303 -2.564668
v -2.335544 3.854062 -3.173668
v -2.335544 3.854062 -2.473667
v -2.260545 3.833967 -3.173668
v -2.260545 3.833967 -2.473667
v -2.205641 3.779063 -3.173668
v -2.205641 3.779063 -2.473667
v -2.185544 3.704062 -3.173668
v -2.185544 3.704062 -2.473667
v -2.205641 3.629063 -3.173668
v -2.205641 3.629063 -2.473667
v -2.260545 3.574159 -3.173668
v -2.260545 3.574159 -2.473667
v -2.335544 3.554064 -3.173668
v -2.335544 3.554064 -2.473667
v -2.410545 3.574159 -3.173668
v -2.410545 3.574159 -2.473667
v -2.465448 3.629063 -3.173668
v -2.465448 3.629063 -2.473667
v -2.485544 3.704062 -3.173668
v -2.485544 3.704062 -2.473667
v -2.465448 3.779063 -3.173668
v -2.465448 3.779063 -2.473667
v -2.410545 3.833967 -3.173668
v -2.410545 3.833967 -2.473667
v 1.931765 4.017600 -2.264668
v 1.931765 3.422600 -2.264668
v 2.331765 3.122600 -2.264668
v 2.331765 3.122600 -1.764668
v 1.931765 3.122600 -2.264668
v 1.931765 3.122600 -1.764668
v -4.084090 4.302601 2.335332
v -4.084090 4.302601 1.835332
v -1.684091 3.422601 2.335332
v -1.684091 3.422601 1.835332
v -1.684091 4.302601 1.835332
v -1.684091 4.302601 2.335332
v -0.978235 4.002600 2.335332
v -0.978235 4.002600 1.835332
v -0.978235 3.422601 1.835332
v -0.978235 3.422601 2.335332
v 0.481765 3.422601 1.835332
v 0.481765 4.017601 1.835332
v 0.481765 4.017601 2.335332
v 0.481765 3.422601 2.335332
v 2.581766 4.017601 1.835332
v 2.581766 3.422601 1.835332
v 2.581766 4.017601 2.335332
v 2.581766 3.422601 2.335332
v 1.931765 3.422601 1.835332
v 1.931765 4.017601 1.835332
v 2.581766 4.017601 3.235332
v 2.381764 4.017601 3.435332
v 2.523187 4.017601 3.376753
v 2.381764 3.422601 3.435332
v 2.581766 3.422601 3.235332
v 2.523187 3.422601 3.376753
v 2.131764 3.422601 3.435332
v 1.990344 3.422601 3.376753
v 2.131764 4.017601 3.435332
v 1.990344 4.017601 3.376753
v 1.931765 4.217601 2.335332
v 2.581766 4.217601 2.335332
v 2.523187 4.217602 3.376753
v 2.581766 4.217602 3.235332
v 2.381764 4.217602 3.435332
v 1.990344 4.217602 3.376753
v 2.131764 4.217602 3.435332
v 1.931765 4.217602 3.235332
v -3.335545 3.854064 3.244332
v -3.335545 3.854064 2.544331
v -3.260545 3.833969 3.244332
v -3.260545 3.833969 2.544331
v -3.205641 3.779065 3.244332
v -3.205641 3.779065 2.544331
v -3.185545 3.704065 3.244332
v -3.185545 3.704065 2.544331
v -3.205641 3.629065 3.244332
v -3.205641 3.629065 2.544331
v -3.260545 3.574161 3.244332
v -3.260545 3.574161 2.544331
v -3.335545 3.554065 3.244332
v -3.335545 3.554065 2.544331
v -3.410545 3.574161 3.244332
v -3.410545 3.574161 2.544331
v -3.465449 3.629065 3.244332
v -3.465449 3.629065 2.544331
v -3.485545 3.704065 3.244332
v -3.485545 3.704065 2.544331
v -3.465449 3.779065 3.244332
v -3.465449 3.779065 2.544331
v -3.410545 3.833969 3.244332
v -3.410545 3.833969 2.544331
v -4.084090 4.002600 2.635332
v -1.684091 4.002600 2.635332
v -1.684091 3.422601 2.635332
v -4.084090 3.593303 1.835332
v -3.913388 3.422601 1.835332
v -4.084090 3.593303 2.335332
v -3.913388 3.422601 2.335332
v -3.913388 3.422601 2.635332
v -4.084090 3.593303 2.635332
v -2.335544 3.854064 3.244332
v -2.335544 3.854064 2.544331
v -2.260545 3.833967 3.244332
v -2.260545 3.833967 2.544331
v -2.205641 3.779063 3.244332
v -2.205641 3.779063 2.544331
v -2.185544 3.704064 3.244332
v -2.185544 3.704064 2.544331
v -2.205641 3.629064 3.244332
v -2.205641 3.629064 2.544331
v -2.260545 3.574160 3.244332
v -2.260545 3.574160 2.544331
v -2.335544 3.554065 3.244332
v -2.335544 3.554065 2.544331
v -2.410545 3.574160 3.244332
v -2.410545 3.574160 2.544331
v -2.465448 3.629064 3.244332
v -2.465448 3.629064 2.544331
v -2.485544 3.704064 3.244332
v -2.485544 3.704064 2.544331
v -2.465448 3.779063 3.244332
v -2.465448 3.779063 2.544331
v -2.410545 3.833967 3.244332
v -2.410545 3.833967 2.544331
v 1.931765 4.017601 2.335332
v 1.931765 3.422601 2.335332
v 1.931765 3.422601 3.235332
v 1.931765 4.017601 3.235332
v 1.931765 3.641082 2.755332
v 1.931765 3.542601 2.853812
v 1.931765 3.571445 2.784176
v 1.931765 3.897601 2.853812
v 1.931765 3.799119 2.755332
v 1.931765 3.868757 2.784176
v 1.931765 3.542601 3.016851
v 1.931765 3.641082 3.115332
v 1.931765 3.571445 3.086488
v 1.931765 3.799119 3.115332
v 1.931765 3.897601 3.016851
v 1.931765 3.868757 3.086488
v 1.031765 3.799119 2.755332
v 1.031765 3.897601 2.853812
v 1.031765 3.868757 2.784176
v 1.031765 3.542601 2.853812
v 1.031765 3.641082 2.755332
v 1.031765 3.571445 2.784176
v 1.031765 3.641082 3.115332
v 1.031765 3.542601 3.016851
v 1.031765 3.571445 3.086488
v 1.031765 3.897601 3.016851
v 1.031765 3.799119 3.115332
v 1.031765 3.868757 3.086488
v 2.331765 3.122601 2.335332
v 2.331765 3.122601 1.835332
v 1.931765 3.122601 2.335332
v 1.931765 3.122601 1.835332
v -3.157313 5.010156 1.625174
v -3.296339 5.016908 1.625174
v -3.437164 5.013386 1.625174
v -3.160590 4.862409 1.625174
v -3.300825 4.869221 1.625174
v -3.437164 4.865587 1.625174
v -3.135034 4.824200 1.625174
v -3.130119 5.045805 1.625174
v -3.296117 5.053866 1.625174
v -3.301032 4.832261 1.625174
v -3.463555 5.049679 1.625174
v -3.463555 4.827929 1.625174
v -3.160590 4.862409 1.515174
v -3.157313 5.010156 1.515174
v -3.296339 5.016908 1.515174
v -3.300825 4.869221 1.515174
v -3.437164 5.013386 1.515174
v -3.437164 4.865587 1.515174
v -3.349331 5.038274 2.415992
v -3.247139 5.038274 2.415992
v -3.184012 5.038446 2.403436
v -3.089599 5.038991 2.364331
v -3.036082 5.039489 2.328574
v -2.963822 5.040491 2.256316
v -2.928062 5.041235 2.202802
v -2.888956 5.042546 2.108393
v -2.876399 5.043423 2.045269
v -2.876399 5.044843 1.943084
v -2.888956 5.045720 1.879958
v -2.920880 5.046883 1.781533
v -2.971003 5.047925 1.672509
v -3.044862 5.047401 1.625174
v -3.551608 5.048862 1.625174
v -3.625467 5.047925 1.672509
v -3.675590 5.046883 1.781533
v -3.707515 5.045720 1.879958
v -3.720072 5.044843 1.943084
v -3.720072 5.043423 2.045269
v -3.707515 5.042546 2.108393
v -3.668408 5.041235 2.202802
v -3.632648 5.040491 2.256316
v -3.560388 5.039489 2.328574
v -3.506871 5.038991 2.364331
v -3.412459 5.038446 2.403436
v -3.089599 4.817242 2.362759
v -3.184012 4.816697 2.401864
v -3.247139 4.816524 2.414420
v -3.349331 4.816524 2.414420
v -2.963822 4.818743 2.254746
v -3.036082 4.817738 2.327002
v -2.888956 4.820798 2.106823
v -2.928062 4.819486 2.201230
v -2.876399 4.823094 1.941512
v -2.876399 4.821674 2.043697
v -2.921020 4.825136 1.780025
v -2.888956 4.823971 1.878386
v -3.044862 4.825740 1.625174
v -2.970864 4.826173 1.672444
v -3.625606 4.826173 1.672444
v -3.551608 4.827112 1.625174
v -3.707515 4.823971 1.878386
v -3.675451 4.825136 1.780025
v -3.720072 4.821674 2.043697
v -3.720072 4.823094 1.941512
v -3.668408 4.819486 2.201230
v -3.707515 4.820798 2.106823
v -3.560388 4.817738 2.327002
v -3.632648 4.818743 2.254745
v -3.412459 4.816697 2.401864
v -3.506871 4.817242 2.362759
v -3.318982 4.887771 1.515174
v -3.277484 4.887771 1.515174
v -3.277484 4.887771 1.075174
v -3.318982 4.887771 1.075174
v -3.252408 4.905989 1.515174
v -3.239584 4.945457 1.515174
v -3.239584 4.945457 1.075174
v -3.252408 4.905989 1.075174
v -3.249162 4.974936 1.515174
v -3.282735 4.999327 1.515174
v -3.282735 4.999327 1.075174
v -3.249162 4.974936 1.075174
v -3.313730 4.999327 1.515174
v -3.347303 4.974936 1.515174
v -3.347303 4.974936 1.075174
v -3.313730 4.999327 1.075174
v -3.356881 4.945457 1.515174
v -3.344058 4.905989 1.515174
v -3.344058 4.905989 1.075174
v -3.356881 4.945457 1.075174
v -0.620886 4.611601 -0.524668
v -0.628938 4.611601 -0.964668
v -0.566288 4.861601 -0.964668
v -0.566288 4.861601 -0.524668
v 0.566765 4.861601 -0.524668
v 0.641765 4.611601 -0.524668
v 0.641765 4.611601 -0.964668
v 0.571764 4.861601 -0.964668
v 0.321764 4.611601 -0.964668
v 0.241765 4.611601 -0.524668
v 0.316765 4.861601 -0.524668
v 0.321764 4.861601 -0.964668
v 0.241765 4.611601 1.835332
v 0.316765 4.861601 1.835332
v 0.566765 4.861601 1.835332
v 0.641765 4.611601 1.835332
v 0.241765 4.211600 1.835332
v 0.641765 4.211600 1.835332
v 0.631080 4.647216 2.126895
v 0.641765 4.554818 2.155572
v 0.241765 4.554818 2.155572
v 0.252450 4.647216 2.126895
v 0.641765 4.508884 2.139586
v 0.641765 4.413288 2.073912
v 0.241765 4.413288 2.073912
v 0.241765 4.508884 2.139586
v -5.221397 3.652358 -1.264668
v -5.221397 3.652358 0.035332
v -6.109282 4.715132 0.035332
v -6.109282 4.715132 -1.264668
v -5.758341 4.904426 -0.993831
v -5.624516 4.976611 -1.211843
v -5.551888 5.015786 -1.264668
v -4.981728 5.319507 -0.115821
v -5.805336 4.879080 -0.736668
v -5.758341 4.904426 -0.479505
v -5.424232 5.084643 -0.115821
v -5.187979 5.212075 -0.064668
v -5.624516 4.976611 -0.261492
v -4.843560 3.917304 -0.736668
v -4.801037 3.947122 -0.479505
v -4.801037 3.947122 -0.993831
v -4.614223 4.078121 -1.264668
v -4.679941 4.032037 -1.211843
v -4.679941 4.032037 -0.261492
v -4.284930 4.309027 -0.064668
v -4.498709 4.159122 -0.115821
v -4.101152 4.438932 -0.115821
v -5.811069 4.874774 0.035332
v -5.811069 4.874774 1.635332
v -4.865397 3.902359 1.635332
v -4.865397 3.902358 0.035332
v -5.811069 4.874774 0.685332
v -4.865397 3.902358 0.685332
v -6.126138 4.665620 0.685332
v -6.126138 4.665620 1.635332
v -5.180465 3.693205 1.635332
v -5.180465 3.693204 0.685332
v -5.012498 5.306485 0.035332
v -5.012498 5.306485 1.635332
v -4.100597 4.438358 1.635332
v -4.100597 4.438358 0.035332
v -4.100597 4.438358 0.685332
v -5.012498 5.306485 0.685332
v -1.173733 4.613118 1.137692
v -1.173733 4.613118 0.337692
v -0.942733 4.613118 1.137692
v -0.942733 4.613118 0.337692
v -1.173733 5.047307 0.978706
v -1.173733 4.904742 0.836142
v -1.173733 4.961845 0.921603
v -1.173733 4.884690 0.735334
v -1.173733 4.904742 0.634526
v -1.173733 5.047307 0.491962
v -1.173733 4.961845 0.549065
v -0.942733 4.904742 0.634526
v -0.942733 4.961845 0.549065
v -0.942733 5.047307 0.491962
v -0.942733 5.047307 0.978706
v -0.942733 4.961845 0.921603
v -0.942733 4.884690 0.735334
v -0.942733 4.904742 0.836142
v 2.228280 3.012358 -1.164668
v 3.261765 4.612358 -1.764668
v 2.228280 3.012358 0.035332
v 3.261765 4.612358 0.035332
v 1.181765 3.012358 -1.164668
v -0.298235 3.012358 -1.164668
v -1.378235 3.012358 -1.164668
v -3.258235 3.012358 -1.164668
v -3.858235 4.612358 -1.764668
v -1.378235 4.612358 -1.764668
v -0.298235 4.612358 -1.764668
v 1.181765 4.612358 -1.764668
v -3.858235 4.612358 0.035332
v -1.378235 4.612358 0.035332
v -0.298235 4.612358 0.035332
v 1.181765 4.612358 0.035332
v -3.258235 3.012358 0.035332
v 2.221765 4.612358 -1.764668
v 2.221765 4.612358 0.035332
v -4.580621 3.059541 -1.614668
v -5.238235 3.652358 -1.764668
v -4.861535 3.152627 -1.614668
v -5.238235 3.652358 0.035332
v -4.580621 3.059541 0.035332
v -4.861535 3.152627 0.035332
v 2.228280 3.012359 1.235332
v 3.261765 4.612358 1.835332
v 1.181765 3.012359 1.235332
v -0.298235 3.012359 1.235332
v -1.378235 3.012359 1.235332
v -3.258235 3.012359 1.235332
v -3.858235 4.612358 1.835332
v -1.378235 4.612358 1.835332
v -0.298235 4.612358 1.835332
v 1.181765 4.612358 1.835332
v 2.221765 4.612358 1.835332
v -4.580621 3.059541 1.685332
v -5.238235 3.652359 1.835332
v -4.861535 3.152627 1.685332
v 3.261765 3.629358 0.435332
v 3.261765 3.395358 0.435332
v 3.261765 3.629358 -1.564668
v 3.261765 3.395358 -1.564668
v 3.761765 3.564740 0.370714
v 3.761765 3.459977 0.370714
v 3.761765 3.629358 -1.564668
v 3.761765 3.395358 -1.564668
v 3.761765 3.459977 -0.500050
v 3.761765 3.564740 -0.500050
v 3.761765 3.395358 -0.564668
v 3.761765 3.395358 0.435332
v 3.761765 3.629358 0.435332
v 3.761765 3.629358 -0.564668
v 3.561765 3.459977 -0.500050
v 3.561765 3.459977 0.370714
v 3.561765 3.564740 0.370714
v 3.561765 3.564740 -0.500050
v -5.003921 3.199809 -1.764668
v -4.438235 3.012358 -1.764668
v -4.438235 3.012358 0.035332
v -5.003921 3.199809 0.035332
v -5.003921 3.199810 1.835332
v -4.438235 3.012359 1.835332
v -4.892989 3.057703 -1.614668
v -4.612076 2.964617 -1.614668
v -4.612076 2.964617 0.035332
v -4.892989 3.057703 0.035332
v -4.892989 3.057703 1.685332
v -4.612076 2.964617 1.685332
v 3.261765 3.012358 0.035332
v 3.261765 3.012358 -1.764668
v 2.221765 3.012358 -1.764668
v 1.181765 3.012358 -1.764668
v -0.298235 3.012358 -1.764668
v -1.378235 3.012358 -1.764668
v -3.858235 3.012358 -1.764668
v -3.858235 3.012358 0.035332
v 3.261765 3.012359 1.835332
v 2.221765 3.012359 1.835332
v 1.181765 3.012359 1.835332
v -0.298235 3.012359 1.835332
v -1.378235 3.012359 1.835332
v -3.858235 3.012359 1.835332
v 2.228280 3.212358 0.035332
v 2.228280 3.212358 -1.164668
v 1.181765 3.212358 -1.164668
v -0.298235 3.212358 -1.164668
v -1.378235 3.212358 -1.164668
v -3.258235 3.212358 -1.164668
v -3.258235 3.212358 0.035332
v 2.228280 3.212358 1.235332
v 1.181765 3.212358 1.235332
v -0.298235 3.212358 1.235332
v -1.378235 3.212358 1.235332
v -3.258235 3.212358 1.235332
v -2.618235 3.012358 -1.764668
v -2.618235 4.612358 -1.764668
v -2.618235 4.612358 0.035332
v -2.618235 3.012359 1.835332
v -2.618235 4.612358 1.835332
v -2.318235 3.012358 -1.164668
v -2.318235 3.012359 1.235332
v -2.318235 3.212358 -1.164668
v -2.318235 3.212358 1.235332
v -2.618235 4.312359 0.035332
v -1.378235 4.312359 0.035332
v -2.618235 4.312359 1.835332
v -1.378235 4.312359 1.835332
v 3.261767 3.788119 1.537692
v 3.261767 3.788118 1.137692
v 3.370889 2.708118 1.492948
v 3.306510 2.708118 1.428571
v 3.306510 2.708118 1.246814
v 3.370889 2.708118 1.182436
v 3.617023 2.708118 1.428571
v 3.552646 2.708118 1.492948
v 3.552646 2.708118 1.182436
v 3.617023 2.708118 1.246814
v 3.261767 3.086118 1.447104
v 3.352354 3.086118 1.537692
v 3.261767 3.176707 1.537692
v 3.352354 3.086118 1.137692
v 3.261767 3.086118 1.228280
v 3.261767 3.176706 1.137692
v 3.661766 3.086118 1.228280
v 3.571178 3.086118 1.137692
v 3.661766 3.176706 1.137692
v 3.571178 3.086118 1.537692
v 3.661766 3.086118 1.447104
v 3.661766 3.176707 1.537692
v 3.661766 3.554537 1.465568
v 3.661766 3.554536 1.209816
v 3.661766 3.788118 1.137692
v 3.661766 3.788119 1.537692
v 3.661766 3.482413 1.537692
v 3.661766 3.482412 1.137692
v 3.861766 3.715995 1.209816
v 3.861766 3.715996 1.465568
v 3.761766 3.715995 1.209816
v 3.761766 3.715996 1.465568
v -5.238235 3.652358 0.935332
v -5.003921 3.199809 0.935332
v -5.418540 3.130632 1.064539
v -5.418540 3.130632 1.706125
v -5.534038 3.353702 1.064539
v -5.534038 3.353703 1.706125
v -0.942733 5.043118 0.337692
v -0.942733 5.043118 1.137692
v -1.173733 5.043118 0.337692
v -1.173733 5.043118 1.137692
v 3.834905 3.554537 1.465568
v 3.861766 3.554537 1.438707
v 3.861766 3.581398 1.465568
v 3.861766 3.554536 1.236677
v 3.834905 3.554536 1.209816
v 3.861766 3.581397 1.209816
v 3.788628 3.554536 1.209816
v 3.761766 3.554536 1.236677
v 3.734905 3.554536 1.209816
v 3.761766 3.581397 1.209816
v 3.761766 3.554537 1.438707
v 3.788628 3.554537 1.465568
v 3.761766 3.581398 1.465568
v 3.734905 3.554537 1.465568
v 3.834905 2.854537 1.209816
v 3.861766 2.854537 1.236677
v 3.861766 2.854537 1.438707
v 3.834905 2.854537 1.465568
v 3.761766 2.854537 1.236677
v 3.788628 2.854537 1.209816
v 3.788628 2.854537 1.465568
v 3.761766 2.854537 1.438707
v 3.352354 2.708118 1.137692
v 3.261767 2.708118 1.228280
v 3.661766 2.708118 1.228280
v 3.571178 2.708118 1.137692
v 3.571178 2.708118 1.537692
v 3.661766 2.708118 1.447104
v 3.261767 2.708118 1.447104
v 3.352354 2.708118 1.537692
v 3.370889 2.768118 1.182436
v 3.306510 2.768118 1.246814
v 3.617023 2.768118 1.246814
v 3.552646 2.768118 1.182436
v 3.552646 2.768118 1.492948
v 3.617023 2.768118 1.428571
v 3.306510 2.768118 1.428571
v 3.370889 2.768118 1.492948
v -5.359131 3.015893 0.935332
v -5.359131 3.015893 1.835332
v -5.593446 3.468441 0.935332
v -5.593446 3.468441 1.835332
v -5.329736 3.176611 1.064539
v -5.329736 3.176612 1.706125
v -5.445235 3.399681 1.064539
v -5.445235 3.399682 1.706125
v -4.389475 4.594007 -0.453887
v -4.354120 4.629362 -0.472055
v -5.131938 5.407180 -0.472055
v -5.167294 5.371824 -0.453887
v -4.320335 4.663147 -0.451281
v -4.308158 4.675324 -0.403887
v -5.085977 5.453142 -0.403887
v -5.098152 5.440965 -0.451281
v -4.338012 4.645470 -0.319448
v -4.373368 4.610114 -0.301281
v -5.151186 5.387932 -0.301281
v -5.115829 5.423288 -0.319448
v -4.407152 4.576330 -0.322055
v -4.419329 4.564153 -0.369449
v -5.197147 5.341971 -0.369449
v -5.184970 5.354147 -0.322055
v 1.763768 5.148118 1.158893
v 1.763768 5.148118 0.216493
v 1.778840 5.072347 1.158893
v 1.778840 5.072347 0.216493
v 1.821761 5.008111 1.158893
v 1.821761 5.008111 0.216493
v 1.885996 4.960166 1.158893
v 1.885996 4.960166 0.216493
v 1.961768 4.940166 1.158893
v 1.961768 4.960166 0.216493
v 2.037539 4.960166 1.158893
v 2.037539 4.960166 0.216493
v 2.101775 5.008111 1.158893
v 2.101775 5.008111 0.216493
v 2.144696 5.072347 1.158893
v 2.144696 5.072347 0.216493
v 2.159768 5.148118 1.158893
v 2.159768 5.148118 0.216493
v 2.144696 5.223889 1.158893
v 2.144696 5.223889 0.216493
v 2.101775 5.288126 1.158893
v 2.101775 5.288126 0.216493
v 2.037539 5.331046 1.158893
v 2.037539 5.331046 0.216493
v 1.961768 5.346118 1.158893
v 1.961768 5.346118 0.216493
v 1.885996 5.331046 1.158893
v 1.885996 5.331046 0.216493
v 1.821761 5.288126 1.158893
v 1.821761 5.288126 0.216493
v 1.778840 5.223889 1.158893
v 1.778840 5.223889 0.216493
v 1.763768 5.148118 0.997692
v 1.763768 5.148118 0.477692
v 1.778840 5.072347 0.477692
v 1.778840 5.072347 0.997692
v 1.821761 5.008111 0.997692
v 1.821761 5.008111 0.477692
v 1.885996 4.960166 0.997692
v 1.885996 4.960166 0.477692
v 1.961768 4.940166 0.997692
v 1.961768 4.960166 0.477692
v 2.037539 4.960166 0.997692
v 2.037539 4.960166 0.477692
v 2.101775 5.008111 0.997692
v 2.101775 5.008111 0.477692
v 2.144696 5.072347 0.477692
v 2.144696 5.072347 0.997692
v 2.159768 5.148118 0.477692
v 2.159768 5.148118 0.997692
v 2.144696 5.223889 0.477692
v 2.144696 5.223889 0.997692
v 2.101775 5.288126 0.477692
v 2.101775 5.288126 0.997692
v 2.037539 5.331046 0.997692
v 2.037539 5.331046 0.477692
v 1.961768 5.346118 0.997692
v 1.961768 5.346118 0.477692
v 1.885996 5.331046 0.997692
v 1.885996 5.331046 0.477692
v 1.821761 5.288126 0.997692
v 1.821761 5.288126 0.477692
v 1.778840 5.223889 0.997692
v 1.778840 5.223889 0.477692
v 1.885996 4.610166 0.216493
v 1.961768 4.610166 0.216493
v 2.037539 4.610166 0.216493
v 1.885996 4.610166 0.477692
v 1.961768 4.610166 0.477692
v 2.037539 4.610166 0.477692
v 1.815681 4.610517 1.158893
v 1.882454 4.610517 1.158893
v 1.961219 4.610517 1.158893
v 2.039983 4.610517 1.158893
v 2.106756 4.610517 1.158893
v 2.151371 4.610517 1.158893
v 1.961219 4.610517 0.997692
v 2.039983 4.610517 0.997692
v 1.882454 4.610517 0.997692
v 2.106756 4.610517 0.997692
v 2.151371 4.610517 0.997692
v 1.815681 4.610517 0.997692
v 2.737538 4.610166 0.477692
v 2.737538 4.610166 0.216493
v 2.737538 4.960166 0.477692
v 2.737538 4.960166 0.216493
v 1.090518 5.143209 0.116493
v 1.090518 5.218980 0.116493
v 1.090518 5.143209 0.377692
v 1.090518 5.218980 0.377692
v 1.385996 4.960166 0.216493
v 1.385996 4.960166 0.477692
v 1.385996 4.610166 0.216493
v 1.385996 4.610166 0.477692
v 1.661767 4.608117 1.397692
v 1.661767 5.408118 1.397692
v 1.661767 4.608117 1.157692
v 1.661767 5.408118 1.157692
v 2.461767 4.608117 1.397692
v 2.461767 5.408118 1.397692
v 2.461767 4.608117 1.157692
v 2.461767 5.408118 1.157692
v 0.917641 4.614517 0.069970
v 1.005893 4.614517 0.069970
v 1.005893 5.341717 0.069970
v 0.917641 5.341717 0.069970
v 1.056232 4.614517 0.090822
v 1.118637 4.614517 0.153225
v 1.118637 5.341717 0.153225
v 1.056232 5.341717 0.090822
v 1.139489 4.614517 0.203566
v 1.139489 4.614517 0.291818
v 1.139489 5.341717 0.291818
v 1.139489 5.341717 0.203566
v 1.118637 4.614517 0.342159
v 1.056232 4.614517 0.404563
v 1.056232 5.341717 0.404563
v 1.118637 5.341717 0.342159
v 1.005893 4.614517 0.425415
v 0.917641 4.614517 0.425415
v 0.917641 5.341717 0.425415
v 1.005893 5.341717 0.425415
v 0.867300 4.614517 0.404563
v 0.804895 4.614517 0.342159
v 0.804895 5.341717 0.342159
v 0.867300 5.341717 0.404563
v 0.784044 4.614517 0.291818
v 0.784044 4.614517 0.203566
v 0.784044 5.341717 0.203566
v 0.784044 5.341717 0.291818
v 0.804895 4.614517 0.153225
v 0.867300 4.614517 0.090822
v 0.867300 5.341717 0.090822
v 0.804895 5.341717 0.153225
v -5.797918 5.357038 0.875879
v -5.896829 5.299963 0.952183
v -5.962921 5.261827 1.066380
v -5.986128 5.248435 1.201085
v -5.962921 5.261827 1.335789
v -5.896829 5.299963 1.449986
v -5.797918 5.357038 1.526290
v -5.681244 5.424362 1.553085
v -5.564571 5.491687 1.526290
v -5.465659 5.548761 1.449986
v -5.399570 5.586898 1.335789
v -5.376362 5.600288 1.201085
v -5.399570 5.586898 1.066380
v -5.465659 5.548761 0.952183
v -5.564571 5.491687 0.875879
v -5.681244 5.424362 0.849085
v -5.918869 5.566644 0.875879
v -6.017779 5.509570 0.952183
v -6.083870 5.471433 1.066380
v -6.107079 5.458042 1.201085
v -6.083870 5.471433 1.335789
v -6.017779 5.509570 1.449986
v -5.918869 5.566644 1.526290
v -5.802196 5.633969 1.553085
v -5.685520 5.701294 1.526289
v -5.586610 5.758368 1.449986
v -5.520519 5.796505 1.335789
v -5.497313 5.809896 1.201085
v -5.520519 5.796504 1.066380
v -5.586610 5.758368 0.952183
v -5.685520 5.701293 0.875879
v -5.802196 5.633969 0.849085
v -5.902765 5.563237 0.905443
v -5.992683 5.511350 0.974811
v -6.052765 5.476682 1.078626
v -6.073864 5.464507 1.201085
v -6.052765 5.476682 1.323543
v -5.992683 5.511350 1.427359
v -5.902765 5.563237 1.496726
v -5.796697 5.624441 1.521085
v -5.690629 5.685645 1.496725
v -5.600711 5.737532 1.427359
v -5.540629 5.772201 1.323543
v -5.519531 5.784375 1.201085
v -5.540629 5.772200 1.078625
v -5.600711 5.737531 0.974811
v -5.690629 5.685645 0.905443
v -5.796697 5.624441 0.881085
v -5.659353 5.435565 0.942917
v -6.126560 6.196097 0.881083
v -5.616675 5.460187 0.949190
v -6.020494 6.257301 0.905441
v -5.930575 6.309188 0.974810
v -5.870492 6.343857 1.078624
v -5.462107 5.549381 1.236046
v -5.849394 6.356030 1.201085
v -5.470597 5.544483 1.267580
v -5.870492 6.343858 1.323543
v -5.930575 6.309189 1.427359
v -6.020494 6.257301 1.496725
v -5.701923 5.410995 1.459252
v -6.126560 6.196097 1.521085
v -5.744602 5.386374 1.452979
v -6.232627 6.134893 1.496725
v -6.322546 6.083009 1.427359
v -6.382629 6.048339 1.323543
v -5.899169 5.297180 1.166123
v -6.403727 6.036164 1.201085
v -5.890681 5.302077 1.134589
v -6.382629 6.048338 1.078624
v -6.322546 6.083008 0.974811
v -6.232627 6.134893 0.905441
v -5.659353 5.435565 0.914728
v -5.602076 5.468610 0.923146
v -5.423954 5.571391 1.236046
v -5.435349 5.564819 1.278368
v -5.701923 5.410995 1.487441
v -5.759202 5.377949 1.479023
v -5.937322 5.275168 1.166123
v -5.925930 5.281741 1.123801
v -5.449619 5.072142 0.914728
v -5.392340 5.105188 0.923146
v -5.214220 5.207970 1.236046
v -5.225614 5.201397 1.278368
v -5.492189 5.047573 1.487441
v -5.549468 5.014528 1.479023
v -5.727587 4.911747 1.166123
v -5.716193 4.918319 1.123801
v -5.449619 5.072142 0.942917
v -5.406940 5.096766 0.949190
v -5.252372 5.185960 1.236046
v -5.260861 5.181061 1.267580
v -5.492189 5.047573 1.459252
v -5.534867 5.022951 1.452979
v -5.689435 4.933757 1.166123
v -5.680945 4.938656 1.134589
v -4.051910 4.669807 -0.611755
v -5.066159 5.824396 -0.588344
v -4.101799 4.619919 -0.457110
v -5.127725 5.762831 -0.397506
v -4.189737 4.531981 -0.341237
v -5.236244 5.654311 -0.254514
v -4.302337 4.419380 -0.281777
v -5.375197 5.515360 -0.181136
v -4.422454 4.299263 -0.287780
v -5.523428 5.367128 -0.188545
v -4.531805 4.189913 -0.358334
v -5.658370 5.232185 -0.275612
v -4.613739 4.107978 -0.482698
v -5.759482 5.131074 -0.429082
v -4.655784 4.065933 -0.641937
v -5.811368 5.079189 -0.625590
v -4.651539 4.070178 -0.811810
v -5.806129 5.084428 -0.835221
v -4.601650 4.120068 -0.966454
v -5.744564 5.145994 -1.026058
v -4.513711 4.208007 -1.082327
v -5.636044 5.254513 -1.169051
v -4.401114 4.320605 -1.141788
v -5.497091 5.393466 -1.242428
v -4.280994 4.440723 -1.135784
v -5.348860 5.541697 -1.235019
v -4.171644 4.550072 -1.065230
v -5.213917 5.676639 -1.147953
v -4.089710 4.632007 -0.940867
v -5.112806 5.777750 -0.994483
v -4.047664 4.674053 -0.781627
v -5.060920 5.829635 -0.797974
v -4.175336 4.810444 -0.397506
v -4.113771 4.872008 -0.588344
v -3.981740 4.739978 -0.588344
v -4.043306 4.678412 -0.397506
v -4.151825 4.569893 -0.254514
v -4.290777 4.430940 -0.181136
v -4.439008 4.282709 -0.188545
v -4.573951 4.147766 -0.275612
v -4.675062 4.046656 -0.429082
v -4.726947 3.994770 -0.625590
v -4.721709 4.000008 -0.835221
v -4.660143 4.061574 -1.026058
v -4.551624 4.170094 -1.169051
v -4.412672 4.309046 -1.242428
v -4.264441 4.457277 -1.235019
v -4.129498 4.592220 -1.147953
v -4.028388 4.693331 -0.994483
v -3.976501 4.745216 -0.797974
v -3.840319 4.598557 -0.588344
v -3.901885 4.536990 -0.397506
v -4.297587 4.141288 -0.188545
v -4.432530 4.006345 -0.275612
v -4.580287 3.858587 -0.835221
v -4.518723 3.920153 -1.026058
v -4.123019 4.315856 -1.235019
v -3.988076 4.450799 -1.147953
v -3.910488 4.528386 -0.611755
v -3.960378 4.478498 -0.457110
v -4.281034 4.157842 -0.287780
v -4.390383 4.048491 -0.358334
v -4.510118 3.928757 -0.811810
v -4.460228 3.978647 -0.966454
v -4.139574 4.299301 -1.135784
v -4.030223 4.408651 -1.065230
v -4.283856 4.701923 -0.254514
v -4.422808 4.562971 -0.181136
v -4.571039 4.414740 -0.188545
v -4.683655 4.302125 -1.169051
v -4.792174 4.193605 -1.026058
v -4.705982 4.279797 -0.275612
v -4.807093 4.178686 -0.429082
v -4.108532 4.877248 -0.797974
v -4.160419 4.825361 -0.994483
v -4.261528 4.724251 -1.147953
v -4.544703 4.441077 -1.242428
v -4.396472 4.589308 -1.235019
v -4.853740 4.132040 -0.835221
v -4.858979 4.126801 -0.625590
v -4.889824 5.648061 -0.588344
v -4.951389 5.586496 -0.397506
v -5.059909 5.477976 -0.254514
v -5.198862 5.339023 -0.181136
v -5.347092 5.190792 -0.188545
v -5.459708 5.078177 -1.169051
v -5.568227 4.969659 -1.026058
v -5.482035 5.055851 -0.275612
v -5.583147 4.954739 -0.429082
v -4.884585 5.653300 -0.797974
v -4.936471 5.601414 -0.994483
v -5.037582 5.500303 -1.147953
v -5.320755 5.217130 -1.242428
v -5.172524 5.365361 -1.235019
v -5.629792 4.908092 -0.835221
v -5.635031 4.902854 -0.625590
v -5.192338 5.345548 -0.668249
v -4.416285 4.569495 -0.668249
v -4.068534 4.917247 -1.023430
v -4.844587 5.693298 -1.023430
v -4.857920 5.679965 -0.543726
v -4.081867 4.903911 -0.543726
v -5.247005 4.514827 -0.625590
v -5.241766 4.520066 -0.835221
v -5.441019 4.708840 -0.625590
v -5.435780 4.714080 -0.835221
v -4.959066 4.802766 -0.188545
v -5.094009 4.667824 -0.275612
v -5.153080 4.996779 -0.188545
v -5.288022 4.861837 -0.275612
v -5.388339 4.373494 -0.632654
v -5.383100 4.378733 -0.842284
v -5.582351 4.567507 -0.632654
v -5.577112 4.572746 -0.842284
v -5.152709 4.609123 -0.093654
v -5.017766 4.744066 -0.006588
v -5.211781 4.938080 -0.006588
v -5.346722 4.803137 -0.093654
v -5.217334 5.975571 -0.588344
v -5.278899 5.914006 -0.397506
v -5.387419 5.805486 -0.254514
v -5.526371 5.666533 -0.181136
v -5.674603 5.518304 -0.188545
v -5.809546 5.383361 -0.275612
v -5.910656 5.282249 -0.429082
v -5.962542 5.230364 -0.625590
v -5.957304 5.235602 -0.835220
v -5.895737 5.297168 -1.026058
v -5.787219 5.405687 -1.169050
v -5.648265 5.544639 -1.242428
v -5.500034 5.692871 -1.235020
v -5.365092 5.827813 -1.147953
v -5.328235 5.808600 -0.914668
v -5.328235 5.852535 -0.808602
v -5.328235 5.864670 -1.092012
v -5.212927 5.979977 -0.764668
v -5.328235 5.864670 -0.803576
v -5.234305 5.958601 -0.764668
v -5.101508 5.808600 -0.914668
v -5.143656 5.808600 -0.994483
v -5.089432 5.852535 -0.808602
v -5.109478 5.878192 -0.797974
v -5.328235 5.808600 -1.134564
v -5.191550 5.958601 -0.764668
v -2.804959 3.177714 -3.164127
v -2.804959 3.177714 -2.764127
v -2.433051 3.281572 -3.164127
v -2.529096 3.182294 -3.164127
v -2.537072 3.666566 -3.164127
v -2.437838 3.571887 -3.164127
v -2.529096 3.182294 -2.764127
v -2.433051 3.281572 -2.764127
v -2.437838 3.571887 -2.764127
v -2.537072 3.666566 -2.764127
v -3.088157 3.649757 -3.164127
v -3.261138 3.606140 -3.164127
v -3.088157 3.649757 -2.764127
v -3.261138 3.606140 -2.764127
v -3.245420 2.699184 -2.760668
v -4.894748 0.955588 -2.760668
v -2.873919 3.168841 -2.773208
v -2.873919 3.168841 -3.173208
v -3.247500 3.266511 -2.773208
v -3.149820 3.168842 -2.773208
v -3.149883 3.653179 -2.773208
v -3.247532 3.556867 -2.773208
v -3.149820 3.168842 -3.173208
v -3.247500 3.266511 -3.173208
v -3.247532 3.556867 -3.173208
v -3.149883 3.653179 -3.173208
v -2.598596 3.645520 -2.773209
v -2.424914 3.604781 -2.773209
v -2.598596 3.645520 -3.173209
v -2.424915 3.604781 -3.173209
v -2.425576 2.697689 -3.176668
v -0.747534 0.981710 -3.176668
v 7.010097 2.286301 -2.414671
v 6.899204 2.493765 -2.414671
v 7.010097 2.286301 -3.614671
v 6.899204 2.493765 -3.614671
v 7.010097 2.286301 -3.614671
v 7.010097 2.286301 -2.414671
v 6.899204 2.493765 -2.414671
v 6.899204 2.493765 -3.614671
v -2.797170 3.168842 2.843873
v -2.797170 3.168842 3.243873
v -2.423589 3.266513 2.843873
v -2.521269 3.168843 2.843873
v -2.521206 3.653181 2.843873
v -2.423557 3.556869 2.843873
v -2.521269 3.168843 3.243873
v -2.423589 3.266513 3.243873
v -2.423557 3.556869 3.243873
v -2.521206 3.653181 3.243873
v -3.072494 3.645522 2.843873
v -3.246175 3.604782 2.843873
v -3.072493 3.645522 3.243873
v -3.246175 3.604782 3.243873
v -3.245513 2.697690 3.247332
v -4.923556 0.981711 3.247332
v -2.873919 3.168842 3.234792
v -2.873919 3.168842 2.834791
v -3.247500 3.266513 3.234792
v -3.149820 3.168843 3.234792
v -3.149883 3.653181 3.234792
v -3.247532 3.556869 3.234792
v -3.149820 3.168843 2.834791
v -3.247500 3.266513 2.834791
v -3.247532 3.556869 2.834791
v -3.149883 3.653181 2.834791
v -2.598596 3.645522 3.234791
v -2.424914 3.604782 3.234791
v -2.598596 3.645522 2.834791
v -2.424915 3.604782 2.834791
v -2.425576 2.697690 2.831332
v -0.747534 0.981711 2.831332
v 2.591981 4.660652 3.295032
v 2.011510 4.660652 3.295032
v 2.589290 4.660652 2.883024
v 2.008819 4.660652 2.883024
v 2.011510 4.410117 3.295032
v 2.491982 4.410117 3.295032
v 2.008819 4.410116 2.883024
v 2.489289 4.410116 2.883024
v 2.284473 4.410116 3.199951
v 2.354474 4.410116 3.129951
v 2.134876 4.410116 3.129951
v 2.204876 4.410116 3.199951
v 2.354474 4.410116 3.060113
v 2.284473 4.410116 2.990113
v 2.204876 4.410116 2.990113
v 2.134876 4.410116 3.060113
v 2.204876 4.010117 3.199951
v 2.134876 4.010117 3.129951
v 2.354474 4.010117 3.129951
v 2.284473 4.010117 3.199951
v 2.134876 4.010117 3.060113
v 2.204876 4.010117 2.990113
v 2.284473 4.010117 2.990113
v 2.354474 4.010117 3.060113
v 2.626778 4.305385 3.382382
v 2.626778 4.705384 3.382382
v 2.626778 4.305385 2.882913
v 2.626778 4.305385 2.795563
v 2.626778 4.705384 2.882913
v 2.626778 4.705384 2.795563
v 2.626778 4.705384 3.295032
v 2.626778 4.305385 3.295032
v 1.926778 4.365385 3.382382
v 1.986778 4.305385 3.382382
v 1.944352 4.322960 3.382382
v 1.986778 4.705384 3.382382
v 1.926778 4.645385 3.382382
v 1.944352 4.687813 3.382382
v 1.926778 4.365384 2.882913
v 1.986778 4.305385 2.882913
v 1.944352 4.322959 2.882913
v 1.986778 4.305385 2.795563
v 1.926778 4.365384 2.795563
v 1.944352 4.322959 2.795563
v 1.986778 4.705384 2.882913
v 1.926778 4.645385 2.882913
v 1.944352 4.687813 2.882913
v 1.926778 4.645385 2.795563
v 1.986778 4.705384 2.795563
v 1.944352 4.687813 2.795563
v 1.926778 4.645385 3.295032
v 1.986778 4.705384 3.295032
v 1.944352 4.687813 3.295032
v 1.986778 4.305385 3.295032
v 1.926778 4.365385 3.295032
v 1.944352 4.322960 3.295032
v 1.986778 4.505386 3.295032
v 1.986778 4.505386 3.382382
v 1.986778 4.505384 2.882913
v 1.986778 4.505384 2.795563
v 2.591981 4.660652 3.295032
v 2.011510 4.660652 3.295032
v 2.589290 4.660652 2.883024
v 2.008819 4.660652 2.883024
v 2.011510 4.410117 3.295032
v 2.491982 4.410117 3.295032
v 2.008819 4.410116 2.883024
v 2.489289 4.410116 2.883024
v 2.284473 4.410116 3.199951
v 2.354474 4.410116 3.129951
v 2.134876 4.410116 3.129951
v 2.204876 4.410116 3.199951
v 2.354474 4.410116 3.060113
v 2.284473 4.410116 2.990113
v 2.204876 4.410116 2.990113
v 2.134876 4.410116 3.060113
v 2.204876 4.010117 3.199951
v 2.134876 4.010117 3.129951
v 2.354474 4.010117 3.129951
v 2.284473 4.010117 3.199951
v 2.134876 4.010117 3.060113
v 2.204876 4.010117 2.990113
v 2.284473 4.010117 2.990113
v 2.354474 4.010117 3.060113
v 2.626778 4.305385 3.382382
v 2.626778 4.705384 3.382382
v 2.626778 4.305385 2.882913
v 2.626778 4.305385 2.795563
v 2.626778 4.705384 2.882913
v 2.626778 4.705384 2.795563
v 2.626778 4.705384 3.295032
v 2.626778 4.305385 3.295032
v 1.926778 4.365385 3.382382
v 1.986778 4.305385 3.382382
v 1.944352 4.322960 3.382382
v 1.986778 4.705384 3.382382
v 1.926778 4.645385 3.382382
v 1.944352 4.687813 3.382382
v 1.926778 4.365384 2.882913
v 1.986778 4.305385 2.882913
v 1.944352 4.322959 2.882913
v 1.986778 4.305385 2.795563
v 1.926778 4.365384 2.795563
v 1.944352 4.322959 2.795563
v 1.986778 4.705384 2.882913
v 1.926778 4.645385 2.882913
v 1.944352 4.687813 2.882913
v 1.926778 4.645385 2.795563
v 1.986778 4.705384 2.795563
v 1.944352 4.687813 2.795563
v 1.926778 4.645385 3.295032
v 1.986778 4.705384 3.295032
v 1.944352 4.687813 3.295032
v 1.986778 4.305385 3.295032
v 1.926778 4.365385 3.295032
v 1.944352 4.322960 3.295032
v 1.986778 4.505386 3.295032
v 1.986778 4.505386 3.382382
v 1.986778 4.505384 2.882913
v 1.986778 4.505384 2.795563
v 4.813430 2.286302 2.485333
v 4.813430 2.286302 2.485333
v 1.644864 5.308600 -0.564669
v 1.401765 5.308600 -0.807767
v 1.472967 5.308600 -0.635870
v 1.401765 5.604964 -0.807767
v 1.644864 5.604964 -0.564669
v 1.472967 5.604964 -0.635870
v 1.401765 5.308600 -1.321569
v 1.644864 5.308600 -1.564668
v 1.472967 5.308600 -1.493466
v 1.644864 5.604964 -1.564668
v 1.401765 5.604964 -1.321569
v 1.472967 5.604964 -1.493466
v 2.401765 5.308600 -0.807767
v 2.158666 5.308600 -0.564669
v 2.330563 5.308600 -0.635870
v 2.158666 5.604964 -0.564669
v 2.401765 5.604964 -0.807767
v 2.330563 5.604964 -0.635870
v 2.158666 5.308600 -1.564668
v 2.401765 5.308600 -1.321569
v 2.330563 5.308600 -1.493466
v 2.401765 5.604964 -1.321569
v 2.158666 5.604964 -1.564668
v 2.330563 5.604964 -1.493466
v 1.901765 5.308600 -1.364668
v 2.016570 5.308600 -1.341832
v 2.113896 5.308600 -1.276800
v 2.178928 5.308600 -1.179473
v 2.201765 5.308600 -1.064668
v 2.178928 5.308600 -0.949863
v 2.113896 5.308600 -0.852536
v 2.016570 5.308600 -0.787504
v 1.901765 5.308600 -0.764668
v 1.786960 5.308600 -0.787504
v 1.689632 5.308600 -0.852536
v 1.624600 5.308600 -0.949863
v 1.601765 5.308600 -1.064668
v 1.624600 5.308600 -1.179473
v 1.689632 5.308600 -1.276800
v 1.786960 5.308600 -1.341832
v 1.901765 5.108600 -1.364668
v 2.016570 5.108600 -1.341832
v 2.113896 5.108600 -1.276800
v 2.178928 5.108600 -1.179473
v 2.201765 5.108600 -1.064668
v 2.178928 5.108600 -0.949863
v 2.113896 5.108600 -0.852536
v 2.016570 5.108600 -0.787504
v 1.901765 5.108600 -0.764668
v 1.786960 5.108600 -0.787504
v 1.689632 5.108600 -0.852536
v 1.624600 5.108600 -0.949863
v 1.601765 5.108600 -1.064668
v 1.624600 5.108600 -1.179473
v 1.689632 5.108600 -1.276800
v 1.786960 5.108600 -1.341832
v 1.901765 4.608599 -1.364668
v 2.016570 4.608599 -1.341832
v 2.113896 4.608599 -1.276800
v 2.178928 4.608599 -1.179473
v 2.201765 4.608599 -1.064668
v 2.178928 4.608599 -0.949863
v 2.113896 4.608599 -0.852536
v 2.016570 4.608599 -0.787504
v 1.901765 4.608599 -0.764668
v 1.786960 4.608599 -0.787504
v 1.689632 4.608599 -0.852536
v 1.624600 4.608599 -0.949863
v 1.601765 4.608599 -1.064668
v 1.624600 4.608599 -1.179473
v 1.689632 4.608599 -1.276800
v 1.786960 4.608599 -1.341832
v 1.901765 5.108600 -1.364668
v 2.016570 5.108600 -1.341832
v 2.113896 5.108600 -1.276800
v 2.178928 5.108600 -1.179473
v 2.201765 5.108600 -1.064668
v 2.178928 5.108600 -0.949863
v 2.113896 5.108600 -0.852536
v 2.016570 5.108600 -0.787504
v 1.901765 5.108600 -0.764668
v 1.786960 5.108600 -0.787504
v 1.689632 5.108600 -0.852536
v 1.624600 5.108600 -0.949863
v 1.601765 5.108600 -1.064668
v 1.624600 5.108600 -1.179473
v 1.689632 5.108600 -1.276800
v 1.786960 5.108600 -1.341832
v 2.073972 5.233600 -1.480414
v 2.073972 4.613601 -1.480414
v 2.219963 4.613601 -1.382866
v 2.219963 5.233600 -1.382866
v 2.317511 5.233600 -0.892461
v 2.317511 4.613601 -0.892461
v 2.219963 4.613601 -0.746470
v 2.219963 5.233600 -0.746470
v 1.729557 5.233600 -0.648922
v 1.729557 4.613601 -0.648922
v 1.583567 4.613601 -0.746470
v 1.583567 5.233600 -0.746470
v 1.486019 5.233600 -1.236876
v 1.486019 4.613601 -1.236876
v 1.583567 4.613601 -1.382866
v 1.583567 5.233600 -1.382866
v 2.160076 5.228601 -1.688287
v 2.160076 4.608600 -1.688287
v 2.379062 4.608600 -1.541965
v 2.379062 5.228601 -1.541965
v 2.525383 5.228601 -0.806357
v 2.525383 4.608600 -0.806357
v 2.379062 4.608600 -0.587371
v 2.379062 5.228601 -0.587371
v 1.643454 5.228601 -0.441050
v 1.643454 4.608600 -0.441050
v 1.424468 4.608600 -0.587371
v 1.424468 5.228601 -0.587371
v 1.278146 5.228601 -1.322980
v 1.278146 4.608600 -1.322979
v 1.424468 4.608600 -1.541965
v 1.424468 5.228601 -1.541965
v 2.016570 4.783600 -1.341832
v 2.113896 4.783600 -1.276800
v 2.178928 4.783600 -1.179473
v 2.201765 4.783600 -1.064668
v 2.178928 4.783600 -0.949863
v 2.113896 4.783600 -0.852536
v 2.016570 4.783600 -0.787504
v 1.901765 4.783600 -0.764668
v 1.786960 4.783600 -0.787504
v 1.689632 4.783600 -0.852536
v 1.624600 4.783600 -0.949863
v 1.601765 4.783600 -1.064668
v 1.624600 4.783600 -1.179473
v 1.689632 4.783600 -1.276800
v 1.786960 4.783600 -1.341832
v 1.901765 4.783600 -1.364668
v 2.073972 4.830601 -1.480414
v 2.219963 4.830601 -1.382866
v 2.317511 4.830601 -0.892461
v 2.219963 4.830601 -0.746470
v 1.729557 4.830601 -0.648922
v 1.583567 4.830601 -0.746470
v 1.486019 4.830601 -1.236876
v 1.583567 4.830601 -1.382866
v 2.160076 4.825600 -1.688287
v 2.379062 4.825600 -1.541965
v 2.525383 4.825600 -0.806357
v 2.379062 4.825600 -0.587371
v 1.643454 4.825600 -0.441050
v 1.424468 4.825600 -0.587371
v 1.278146 4.825600 -1.322980
v 1.424468 4.825600 -1.541965
v -3.820932 1.985252 -3.503617
v -3.935253 2.190847 -3.503617
v -3.820932 1.985251 -4.703617
v -3.935253 2.190847 -4.703617
v -3.820932 1.985251 -4.703617
v -3.820932 1.985252 -3.503617
v -3.935253 2.190847 -3.503617
v -3.935253 2.190847 -4.703617
v -6.029459 1.993409 4.774282
v -5.918568 2.200874 4.774282
v -6.029459 1.993409 4.774282
v -5.918568 2.200874 4.774282
vn 0.7071 -0.0000 -0.7071
vn 0.9659 -0.0000 -0.2588
vn -0.2588 -0.0000 -0.9659
vn 0.2588 -0.0000 -0.9659
vn -0.9659 -0.0000 -0.2588
vn -0.7071 -0.0000 -0.7071
vn 0.9659 -0.0000 0.2588
vn 0.7071 -0.0000 0.7071
vn -0.0000 0.7230 0.6908
vn -0.0000 0.9011 0.4336
vn -0.0000 0.4336 0.9011
vn -0.0000 0.1339 0.9910
vn -0.0000 -0.4742 -0.8804
vn -0.0000 -0.1789 -0.9839
vn -0.7071 -0.0000 0.7071
vn -0.9659 -0.0000 0.2588
vn 0.2588 -0.0000 0.9659
vn -0.2588 -0.0000 0.9659
vn -0.0000 0.3520 -0.9360
vn -0.0000 0.5878 -0.8090
vn -0.0000 0.3478 -0.9376
vn -0.0000 0.1789 -0.9839
vn -0.0000 0.4742 -0.8804
vn -0.0000 -0.9011 0.4336
vn -0.0000 -0.7230 0.6908
vn -0.0000 0.8804 -0.4742
vn -0.0000 0.6908 -0.7230
vn -0.0000 0.9839 0.1789
vn -0.0000 0.9910 -0.1339
vn -0.0000 -0.6908 -0.7230
vn -0.0000 -0.8804 -0.4742
vn -0.0000 -0.9910 -0.1339
vn -0.0000 -0.9839 0.1789
vn -0.0000 -0.0000 1.0000
vn -0.0000 -0.2654 0.9641
vn -0.0000 0.2654 0.9641
vn 0.0248 -0.0240 0.9994
vn 0.6418 -0.0146 0.7667
vn -0.0000 -0.9511 0.3090
vn -0.0000 -0.8349 0.5504
vn -0.0000 0.7814 -0.6240
vn -0.0000 0.9990 0.0455
vn -0.0000 0.9733 0.2296
vn -0.0001 0.9990 0.0454
vn -0.0000 -0.7814 -0.6240
vn -0.0000 0.9511 0.3090
vn -0.0000 0.8349 0.5504
vn -0.0000 -0.9990 0.0455
vn 0.0001 -0.9990 0.0456
vn 0.0001 -0.9733 0.2297
vn -0.0000 -0.5878 -0.8090
vn -0.0000 -0.3520 -0.9360
vn 0.7071 0.7071 -0.0000
vn 0.9659 0.2588 -0.0000
vn -0.2588 0.9659 -0.0000
vn 0.2588 0.9659 -0.0000
vn -0.9659 0.2588 -0.0000
vn -0.7071 0.7071 -0.0000
vn 0.9659 -0.2588 -0.0000
vn 0.7071 -0.7071 -0.0000
vn -0.7071 -0.7071 -0.0000
vn -0.9659 -0.2588 -0.0000
vn 0.2588 -0.9659 -0.0000
vn -0.2588 -0.9659 -0.0000
vn -0.0000 1.0000 -0.0000
vn -0.0000 -0.4336 0.9011
vn -0.0000 -0.1339 0.9910
vn 1.0000 -0.0000 -0.0000
vn -0.0000 -0.9239 0.3827
vn -0.0000 -1.0000 -0.0000
vn -0.0398 -0.7106 -0.7025
vn -0.0313 -0.5553 -0.8311
vn -0.0716 -0.5712 -0.8177
vn -0.0000 0.9239 -0.3827
vn -0.0000 -0.9239 -0.3827
vn -0.0000 0.9239 0.3827
vn -0.0000 -0.7071 -0.7071
vn -0.0000 0.7071 0.7071
vn -0.0000 -0.3827 -0.9239
vn -0.0000 0.3827 0.9239
vn -0.0000 -0.0000 -1.0000
vn -0.0000 -0.3827 0.9239
vn -0.0000 0.3827 -0.9239
vn -0.0000 -0.7071 0.7071
vn -0.0000 0.7071 -0.7071
vn -0.0459 0.7135 0.6992
vn -0.0313 0.5553 0.8311
vn -0.0716 0.5712 0.8177
vn -0.0026 -0.0015 -1.0000
vn -0.0042 -0.2007 -0.9796
vn -0.0000 -0.2160 -0.9764
vn -0.0094 -0.3876 0.9218
vn -0.0024 0.0010 1.0000
vn -0.0000 -0.1706 0.9853
vn -0.0024 0.0028 1.0000
vn -0.0267 0.4176 0.9082
vn -0.0041 0.2007 0.9796
vn 0.1863 0.2684 -0.9451
vn -0.0071 0.4150 -0.9098
vn -0.0380 -0.7157 0.6974
vn -0.0128 -0.4200 0.9074
vn -0.0169 -0.5555 0.8314
vn -0.0354 0.7130 -0.7003
vn -0.0196 0.5707 -0.8210
vn -0.0404 0.7748 -0.6309
vn -0.0243 -0.8623 0.5058
vn -0.0623 -0.9453 0.3203
vn -0.0625 0.9250 -0.3748
vn -0.0561 0.8436 -0.5340
vn -0.0697 -0.9236 0.3771
vn -0.0692 -0.9808 0.1822
vn -0.0760 -0.9971 -0.0048
vn -0.0771 0.9970 0.0018
vn -0.0697 0.9461 -0.3164
vn -0.0749 0.9796 -0.1867
vn -0.0779 -0.9970 0.0016
vn -0.0798 -0.9791 -0.1870
vn -0.0738 -0.9436 -0.3227
vn -0.0705 0.9236 0.3769
vn -0.0795 0.9968 0.0073
vn -0.0761 0.9790 0.1890
vn -0.0660 -0.9242 -0.3761
vn -0.0672 -0.8359 -0.5447
vn -0.0562 -0.7755 -0.6289
vn -0.0696 0.9453 0.3186
vn -0.0584 0.8351 0.5470
vn -0.5878 -0.8090 -0.0000
vn 0.9511 -0.3090 -0.0000
vn -0.9511 -0.3090 -0.0000
vn 0.5878 -0.8090 -0.0000
vn 0.5878 0.8090 -0.0000
vn -0.9511 0.3090 -0.0000
vn 0.9511 0.3090 -0.0000
vn -0.5878 0.8090 -0.0000
vn -0.0000 -0.2560 0.9667
vn -0.0000 0.2560 0.9667
vn -1.0000 -0.0000 -0.0000
vn -0.0000 -0.9893 -0.1458
vn -0.0000 -0.9893 0.1458
vn -0.0000 0.2560 -0.9667
vn -0.0000 -0.2560 -0.9667
vn -0.0000 0.9893 -0.1458
vn -0.0000 0.9575 -0.2884
vn -0.0000 0.4949 -0.8689
vn -0.0000 -0.9575 -0.2884
vn -0.0000 -0.4949 -0.8690
vn -0.0000 -0.4949 -0.8689
vn -0.0000 0.9893 0.1458
vn -0.0000 0.9575 0.2884
vn -0.0000 0.4949 0.8689
vn -0.0000 -0.9575 0.2884
vn -0.0000 -0.4949 0.8690
vn -0.0000 -0.4949 0.8689
vn -0.0000 0.5000 -0.8660
vn -0.0000 0.8660 -0.5000
vn -0.0000 0.8660 0.5000
vn -0.0000 0.5000 0.8660
vn -0.0000 -0.5000 0.8660
vn -0.0000 -0.8660 0.5000
vn -0.0000 -0.8660 -0.5000
vn -0.0000 -0.5000 -0.8660
vn -0.0000 0.8000 -0.6000
vn -0.0289 0.0167 0.9994
vn -0.0289 -0.0167 0.9994
vn -0.0000 0.0333 0.9994
vn -0.0000 -0.0333 0.9994
vn 0.0289 0.0167 0.9994
vn 0.5000 0.8660 -0.0000
vn 0.5000 -0.8660 -0.0000
vn -0.5000 0.8660 -0.0000
vn -0.5000 -0.8660 -0.0000
vn 0.0289 -0.0167 0.9994
vn 0.5556 -0.0000 0.8315
vn 0.1951 -0.0000 0.9808
vn 0.8315 -0.0000 -0.5556
vn 0.9808 -0.0000 -0.1951
vn 0.9808 -0.0000 0.1951
vn 0.8315 -0.0000 0.5556
vn -0.9808 -0.0000 -0.1951
vn -0.8315 -0.0000 -0.5556
vn -0.1951 -0.0000 0.9808
vn -0.5556 -0.0000 0.8315
vn -0.5556 -0.0000 -0.8315
vn -0.1951 -0.0000 -0.9808
vn -0.8315 -0.0000 0.5556
vn -0.9808 -0.0000 0.1951
vn 0.1951 -0.0000 -0.9808
vn 0.5556 -0.0000 -0.8315
vn 0.3912 0.9203 -0.0000
vn -0.0103 0.9999 -0.0000
vn -0.0051 1.0000 -0.0000
vn 0.7682 -0.6402 -0.0000
vn 0.9239 -0.0000 0.3827
vn 0.3827 -0.0000 0.9239
vn -0.3827 -0.0000 0.9239
vn -0.9239 -0.0000 0.3827
vn -0.7674 -0.6411 -0.0000
vn -0.4731 0.8810 0.0014
vn -0.4747 0.8801 -0.0000
vn -0.5019 0.8650 -0.0000
vn -0.4756 0.8797 -0.0000
vn -0.1589 -0.1589 -0.9744
vn -0.0270 -0.0270 -0.9993
vn 0.0176 0.0176 -0.9997
vn 0.2576 0.2576 -0.9313
vn 0.2926 0.2926 -0.9104
vn 0.4924 0.4924 -0.7177
vn 0.5131 0.5131 -0.6881
vn 0.6511 0.6511 -0.3902
vn 0.6572 0.6572 -0.3691
vn 0.6572 0.6572 0.3691
vn 0.6511 0.6511 0.3902
vn 0.5131 0.5131 0.6881
vn 0.4924 0.4924 0.7177
vn 0.3929 0.3929 0.8315
vn -0.5531 0.8331 -0.0000
vn -0.5148 0.8573 -0.0000
vn -0.7169 -0.6972 -0.0000
vn -0.4745 0.8803 0.0017
vn -0.4716 0.8818 -0.0067
vn 0.6790 0.7106 0.1845
vn 0.6976 0.7164 0.0078
vn 0.7071 0.7071 0.0001
vn -0.2992 0.9542 -0.0000
vn -0.1593 -0.9872 -0.0000
vn -0.8880 -0.4598 -0.0000
vn -0.5711 0.8209 -0.0000
vn -0.0000 -1.0000 -0.0001
vn -0.0000 1.0000 0.0001
vn -0.5350 0.8449 -0.0000
vn -0.4598 0.8880 -0.0000
vn -0.5165 0.8563 -0.0000
vn -0.3145 -0.9492 -0.0000
vn -0.5774 -0.5773 0.5773
vn -0.5774 -0.5773 -0.5773
vn 0.5774 -0.5773 -0.5774
vn 0.5774 -0.5773 0.5774
vn 0.4598 -0.8880 -0.0000
vn -0.9239 -0.3827 -0.0000
vn -0.9808 -0.1951 -0.0000
vn -0.7253 -0.6884 -0.0000
vn -0.9591 -0.2830 -0.0000
vn -0.5982 -0.8014 -0.0000
vn 0.5981 -0.8014 -0.0000
vn 0.7253 -0.6884 -0.0000
vn 0.9239 -0.3827 -0.0000
vn 0.9959 -0.0908 -0.0000
vn 0.9239 0.3827 -0.0000
vn 0.3827 0.9239 -0.0000
vn -0.3827 0.9239 -0.0000
vn 0.0480 -0.0095 -0.9988
vn -0.8315 0.5556 -0.0000
vn -0.9239 0.3827 -0.0000
vn 0.0073 -1.0000 -0.0000
vn -0.9999 0.0153 -0.0000
vn 0.0564 -0.0105 -0.9984
vn 0.1467 -0.0020 -0.9892
vn -0.0566 0.0105 0.9983
vn -0.1467 0.0020 0.9892
vn -0.1469 -0.0000 0.9891
vn -0.0071 1.0000 -0.0000
vn 0.9999 0.0145 -0.0000
vn -0.4748 0.8801 0.0007
vn -0.4736 0.8807 -0.0003
vn -0.4757 0.8796 0.0040
vn -0.4766 0.8791 0.0021
vn -0.4655 0.8849 -0.0185
vn 0.6895 0.7243 -0.0000
vn 0.3315 0.1913 -0.9239
vn 0.6125 0.3534 -0.7071
vn 0.8002 0.4617 -0.3827
vn 0.8661 0.4998 -0.0000
vn 0.8002 0.4617 0.3827
vn 0.6125 0.3534 0.7071
vn 0.3315 0.1913 0.9239
vn -0.3315 -0.1913 0.9239
vn -0.6125 -0.3534 0.7071
vn -0.8002 -0.4617 0.3827
vn -0.8661 -0.4998 -0.0000
vn -0.8002 -0.4617 -0.3827
vn -0.6125 -0.3534 -0.7071
vn -0.4998 0.8661 -0.0000
vn -0.3315 -0.1913 -0.9239
vn 0.4998 -0.8661 -0.0000
vn 0.6882 0.6882 0.2296
vn 0.5737 0.5737 0.5846
vn 0.3718 0.3718 0.8506
vn 0.1134 0.1134 0.9871
vn -0.1624 -0.1624 0.9733
vn -0.2075 -0.2075 0.9560
vn -0.4134 -0.4134 0.8113
vn -0.6014 -0.6014 0.5259
vn -0.6980 -0.6980 0.1603
vn -0.6014 -0.6015 0.5258
vn -0.3718 -0.3718 -0.8506
vn -0.1134 -0.1134 -0.9871
vn 0.6980 0.6980 -0.1603
vn 0.6014 0.6014 -0.5259
vn 0.3546 0.3546 -0.8652
vn -0.5737 -0.5737 -0.5846
vn -0.6882 -0.6882 -0.2296
vn 0.1624 0.1624 -0.9733
vn 0.4134 0.4134 -0.8113
vn -0.6760 -0.6760 -0.2935
vn 0.3745 0.3745 -0.8482
vn 0.2075 0.2075 -0.9560
vn -0.5998 -0.5998 -0.5296
vn 0.5998 0.5998 0.5296
vn 0.6760 0.6760 0.2935
vn -0.3745 -0.3745 0.8482
vn -0.6889 -0.6889 0.2253
vn -0.4504 -0.4504 0.7709
vn -0.0250 -0.0250 0.9994
vn -0.0999 -0.0999 0.9900
vn -0.7067 -0.7067 -0.0353
vn -0.2935 -0.2935 0.9098
vn -0.6433 -0.6433 -0.4151
vn 0.0250 0.0250 -0.9994
vn 0.2222 0.3095 0.9246
vn 0.6433 0.6433 0.4151
vn 0.6624 0.6624 -0.3498
vn 0.5173 0.5173 -0.6817
vn 0.7071 0.7071 -0.0054
vn 0.7067 0.7067 0.0353
vn -0.0000 0.9808 -0.1951
vn -0.0000 0.2903 -0.9569
vn -0.0000 0.2900 -0.9570
vn -0.0000 0.9716 -0.2366
vn -0.0000 0.6566 -0.7543
vn -0.0000 0.3450 -0.9386
vn -0.0000 -0.8349 0.5503
vn -0.0000 -0.9508 0.3099
vn -0.0000 -0.6566 -0.7543
vn -0.0267 -0.4176 -0.9082
vn -0.0118 -0.3859 -0.9225
vn -0.0118 0.3859 0.9225
vn -0.0445 0.7885 0.6134
vn -0.0000 0.0276 -0.9996
vn -0.0032 -0.2042 0.9789
vn -0.0000 0.0686 0.9976
vn -0.0118 0.3859 -0.9225
vn -0.0277 -0.5792 0.8147
vn -0.0437 -0.7758 0.6295
vn 0.5877 0.8091 -0.0001
vn -0.0000 1.0000 -0.0001
vn 0.6863 0.7209 0.0971
vn -0.0480 0.0095 0.9988
vn -0.9594 -0.2821 -0.0000
vn 0.0566 -0.0105 -0.9983
vn 0.1469 -0.0000 -0.9891
vn 0.9959 -0.0900 -0.0000
vn -0.4998 0.8662 -0.0000
vn 0.4999 -0.8661 -0.0000
vn 0.4998 -0.8662 -0.0000
vn -0.3117 -0.3117 -0.8976
vn -0.1005 -0.1005 0.9898
vn -0.2081 -0.2081 0.9557
vn 0.5803 0.5803 -0.5715
vn 0.5173 0.5174 -0.6817
vn 0.0001 0.3826 -0.9239
vn 0.0166 -0.9999 -0.0000
vn 0.6903 0.7235 -0.0000
vn 0.7187 -0.6953 -0.0000
vn 0.9999 0.0165 -0.0000
vn -0.2445 0.9697 -0.0000
vn -0.1383 0.9904 -0.0000
vn -0.0305 0.9995 -0.0000
vn -0.6846 -0.7289 -0.0000
vn -0.7022 0.7120 -0.0000
vn -1.0000 -0.0001 -0.0000
vn 0.2284 0.9736 -0.0000
vn 0.1218 0.9926 -0.0000
vn 0.0139 0.9999 -0.0000
vn 0.1218 0.9925 -0.0000
vn 0.6966 -0.7175 -0.0000
vn 0.7022 0.7120 -0.0000
vn 1.0000 -0.0001 -0.0000
vn -0.2284 0.9736 -0.0000
vn -0.1218 0.9925 -0.0000
vn -0.0139 0.9999 -0.0000
vn -0.6966 -0.7175 -0.0000
vn -0.3827 -0.0000 -0.9239
vn -0.9239 -0.0000 -0.3827
vn 0.9239 -0.0000 -0.3827
vn 0.3827 -0.0000 -0.9239
vn -0.3597 0.7621 0.5384
vn 0.3597 0.7621 -0.5384
vn 0.5384 0.7621 0.3597
vn -0.5384 0.7621 -0.3597
vn -0.0188 0.9997 -0.0126
vn -0.0126 0.9997 0.0188
vn 0.0188 0.9997 0.0126
vn 0.0126 0.9997 -0.0188
vn 0.3827 -0.9239 -0.0000
vn -0.3827 -0.9239 -0.0000
vn -0.3090 -0.9511 -0.0000
vn -0.1564 -0.9877 -0.0000
vn -0.1564 0.9877 -0.0000
vn -0.3090 0.9511 -0.0000
vn 0.3090 0.9511 -0.0000
vn 0.8090 0.5878 -0.0000
vn 0.8090 -0.5878 -0.0000
vn 0.3090 -0.9511 -0.0000
vn -0.2902 -0.0068 0.9570
vn -0.0981 -0.0071 0.9952
vn -0.2904 -0.0068 0.9569
vn 0.7732 -0.0045 0.6341
vn 0.8818 -0.0033 0.4717
vn 0.8821 -0.0033 0.4711
vn 0.9571 -0.0021 0.2899
vn 0.9951 -0.0007 0.0984
vn 0.9952 -0.0007 0.0976
vn 0.9951 0.0007 -0.0984
vn 0.9675 0.0018 -0.2527
vn 0.9676 0.0015 -0.2526
vn 0.9313 0.0013 -0.3643
vn 0.7537 0.0010 -0.6572
vn 0.7543 0.0007 -0.6565
vn 0.2785 -0.0000 -0.9604
vn 0.2832 0.0002 -0.9591
vn -0.2793 -0.0000 -0.9602
vn -0.7546 0.0012 -0.6562
vn -0.9313 0.0013 -0.3643
vn -0.7532 0.0004 -0.6578
vn -0.9675 0.0018 -0.2527
vn -0.9951 0.0007 -0.0984
vn -0.9676 0.0015 -0.2526
vn -0.9951 -0.0007 0.0984
vn -0.9571 -0.0021 0.2899
vn -0.9952 -0.0007 0.0976
vn -0.8817 -0.0033 0.4717
vn -0.7732 -0.0045 0.6341
vn -0.8821 -0.0033 0.4711
vn -0.6342 -0.0055 0.7732
vn -0.4716 -0.0063 0.8818
vn -0.6346 -0.0055 0.7728
vn -0.0017 -0.9999 -0.0122
vn 0.0039 -0.9997 -0.0254
vn 0.0021 -0.9999 -0.0114
vn 0.4716 -0.0063 0.8818
vn 0.6342 -0.0055 0.7732
vn 0.6346 -0.0055 0.7728
vn 0.0981 -0.0071 0.9952
vn 0.2902 -0.0068 0.9569
vn 0.2904 -0.0068 0.9569
vn -0.0980 -0.0071 0.9952
vn 0.4712 -0.0063 0.8820
vn 0.7728 -0.0045 0.6346
vn 0.9568 -0.0021 0.2907
vn 0.9952 0.0007 -0.0976
vn 0.9308 0.0021 -0.3655
vn -0.2824 0.0002 -0.9593
vn -0.9308 0.0022 -0.3655
vn -0.9952 0.0007 -0.0976
vn -0.9568 -0.0021 0.2907
vn -0.7728 -0.0045 0.6346
vn -0.4712 -0.0063 0.8820
vn -0.0025 0.9999 0.0105
vn -0.0006 0.9999 0.0147
vn 0.0001 0.9999 0.0133
vn -0.9492 0.3146 -0.0000
vn -0.3146 -0.9492 -0.0000
vn 0.9492 -0.3146 -0.0000
vn -0.1555 -0.9878 -0.0000
vn -0.1555 0.9878 -0.0000
vn -0.0000 -0.9999 -0.0139
vn -0.0000 -0.9999 -0.0138
vn 0.0001 -0.9999 -0.0139
vn -0.0038 -0.9999 -0.0137
vn -0.0161 -0.9997 -0.0171
vn -0.0039 -0.9999 -0.0147
vn 0.0093 -0.9999 -0.0053
vn -0.0072 -0.9992 -0.0400
vn -0.0001 -0.9999 -0.0139
vn 0.0038 -0.9999 -0.0137
vn 0.0147 -0.9998 -0.0152
vn 0.0161 -0.9997 -0.0171
vn 0.0171 -0.9997 -0.0176
vn 0.0171 -0.9997 -0.0175
vn 0.0980 -0.0071 0.9952
vn -0.0000 0.9999 0.0139
vn -0.0000 0.9999 0.0138
vn -0.0000 0.9999 0.0141
vn -0.0001 0.9999 0.0136
vn -0.0001 0.9999 0.0137
vn -0.0008 0.9999 0.0134
vn -0.0038 0.9999 0.0137
vn -0.0165 0.9997 0.0172
vn -0.0187 0.9997 0.0182
vn 0.0054 1.0000 -0.0024
vn -0.0021 0.9995 0.0327
vn -0.0000 0.9999 0.0140
vn 0.0024 0.9999 0.0129
vn 0.0099 0.9998 0.0147
vn 0.0167 0.9997 0.0172
vn -0.0093 0.9999 0.0053
vn -1.0000 -0.0000 0.0065
vn 0.9287 -0.3707 -0.0061
vn -0.9744 -0.0112 0.2245
vn 0.9744 -0.0112 -0.2245
vn 0.2928 -0.0112 -0.9561
vn -0.6816 -0.0112 -0.7316
vn -0.0000 0.6660 -0.7460
vn -0.0000 0.6710 -0.7414
vn -0.0007 0.6656 -0.7463
vn 0.6460 0.6660 0.3730
vn 0.6474 0.6671 0.3685
vn 0.6473 0.6645 0.3734
vn 0.6461 0.6659 -0.3730
vn 0.6481 0.6662 -0.3689
vn 0.6454 0.6681 -0.3703
vn -0.6460 0.6660 -0.3730
vn -0.6473 0.6644 -0.3736
vn -0.6502 0.6711 -0.3561
vn -0.6460 0.6660 0.3730
vn -0.6452 0.6642 0.3776
vn -0.6429 0.6691 0.3729
vn -0.0000 0.6660 0.7459
vn -0.0000 0.6610 0.7504
vn -0.0000 0.6663 0.7457
vn 1.0000 0.0001 0.0001
vn 1.0000 0.0002 0.0001
vn 1.0000 -0.0001 0.0001
vn 1.0000 -0.0002 0.0001
vn -1.0000 -0.0001 0.0001
vn -1.0000 -0.0002 0.0001
vn 1.0000 0.0002 -0.0001
vn 1.0000 0.0001 -0.0001
vn 1.0000 -0.0000 -0.0002
vn -1.0000 0.0002 0.0001
vn -1.0000 0.0002 -0.0000
vn 1.0000 -0.0000 0.0002
vn -1.0000 -0.0002 -0.0000
vn 1.0000 -0.0002 -0.0001
vn 1.0000 -0.0001 -0.0001
vn -1.0000 -0.0002 -0.0001
vn -1.0000 -0.0000 -0.0002
vn -1.0000 0.0002 -0.0001
vn -1.0000 0.0001 -0.0002
vn -0.0000 0.8349 0.5503
vn 0.6816 -0.0112 0.7316
vn -0.8660 -0.0000 0.5000
vn 0.8660 -0.0000 0.5000
vn 0.8660 -0.0000 -0.5000
vn -0.8660 -0.0000 -0.5000
vn -0.2928 -0.0112 0.9561
vn 0.6816 -0.0112 -0.7316
vn 0.4984 -0.0819 -0.8631
vn 0.2928 -0.0112 0.9561
vn 0.4984 -0.0818 0.8631
vn -0.6816 -0.0112 0.7316
vn -0.4984 -0.0818 0.8631
vn -0.9744 -0.0112 -0.2245
vn -0.9966 -0.0819 -0.0000
vn 0.9744 -0.0112 0.2245
vn 0.9966 -0.0820 -0.0000
vn -0.2928 -0.0112 -0.9561
vn -0.4984 -0.0818 -0.8631
vn -1.0000 -0.0001 -0.0001
vn -1.0000 -0.0001 -0.0002
vn -1.0000 -0.0000 0.0002
vn -1.0000 0.0001 0.0001
vn -1.0000 0.0001 0.0002
vn -1.0000 0.0001 -0.0001
vn -1.0000 -0.0001 0.0002
vn -0.0000 0.0074 -1.0000
vn 0.9999 0.0125 -0.0000
vn -0.9999 0.0125 -0.0000
vn -0.0000 0.0074 1.0000
vn 0.0266 -0.9996 -0.0000
vn -0.0109 -0.9999 -0.0000
vn -0.0485 -0.9988 -0.0000
vn 0.9998 -0.0222 -0.0000
vn 0.0118 0.9999 -0.0000
vn -0.0250 0.9997 -0.0000
vn 0.0485 0.9988 -0.0000
vn 0.9612 0.2757 0.0037
vn 0.9587 0.2843 0.0036
vn 0.9630 0.2696 -0.0000
vn -0.0000 -0.7637 0.6456
vn -0.0001 -0.6716 0.7409
vn 0.9985 0.0532 0.0094
vn 0.9811 0.1934 0.0014
vn 0.9848 0.1733 0.0149
vn -0.9811 0.1934 0.0014
vn -0.9985 0.0532 0.0094
vn 0.9578 0.2873 0.0054
vn -0.9578 0.2873 -0.0000
vn 0.9578 0.2873 -0.0000
vn -0.0000 -0.3287 0.9444
vn -0.0000 -0.4515 0.8923
vn -0.9747 0.2234 0.0060
vn -0.9724 0.2331 0.0118
vn -0.9699 0.2430 0.0177
vn -0.0000 0.2964 0.9551
vn -0.0000 -0.6709 0.7415
vn -0.0000 0.8057 0.5924
vn -0.9848 0.1733 0.0149
vn -0.7328 0.6690 -0.1244
vn -0.6718 0.7042 -0.2299
vn -0.7542 0.6566 -0.0000
vn -0.7328 0.6690 0.1244
vn -0.6718 0.7042 0.2299
vn -0.4726 0.8191 0.3251
vn -0.3649 0.8813 0.3003
vn -0.5804 0.7569 0.3003
vn -0.2735 0.9340 0.2299
vn -0.2125 0.9692 0.1244
vn -0.1911 0.9816 -0.0000
vn -0.2125 0.9692 -0.1244
vn -0.2735 0.9340 -0.2299
vn -0.3649 0.8813 -0.3003
vn -0.4726 0.8191 -0.3251
vn -0.5804 0.7569 -0.3003
vn 0.8271 0.4773 0.2967
vn 0.8271 0.4773 0.2968
vn -0.8271 -0.4773 -0.2968
vn 0.1094 0.0631 -0.9920
vn 0.4997 -0.8662 -0.0000
vn -0.2219 -0.1281 0.9666
vn -0.1094 -0.0631 0.9920
vn 0.2219 0.1281 -0.9666
vn 0.7271 0.4196 0.5433
vn -0.7271 -0.4196 -0.5434
vn -0.7271 -0.4196 -0.5433
vn -0.0010 0.6653 -0.7466
vn -0.0000 0.6661 -0.7459
vn -0.0000 0.6738 -0.7389
vn 0.6479 0.6638 0.3736
vn 0.6482 0.6678 0.3660
vn 0.6450 0.6692 -0.3690
vn 0.6460 0.6660 -0.3730
vn 0.6492 0.6664 -0.3666
vn -0.6524 0.6736 -0.3474
vn -0.6460 0.6660 -0.3729
vn -0.6480 0.6636 -0.3739
vn -0.6412 0.6706 0.3730
vn -0.6460 0.6660 0.3729
vn -0.6447 0.6633 0.3799
vn -0.0000 0.6665 0.7455
vn -0.0000 0.6661 0.7459
vn -0.0000 0.6583 0.7528
vn -0.9770 0.2134 -0.0000
vn -0.2669 -0.9637 -0.0000
vn -0.2669 0.9637 -0.0000
vn -0.4248 -0.0000 0.9053
vn -0.4248 -0.0000 -0.9053
vn 0.5773 -0.5774 0.5774
vn 0.5774 -0.5774 -0.5774
vn 0.0009 -0.7071 -0.7071
vn -0.5774 -0.5773 -0.5774
vn -0.6325 -0.6325 -0.4472
vn -0.2819 -0.2819 0.9171
vn -0.2820 -0.2820 0.9171
vn 0.6325 0.6325 0.4472
vn 0.2819 0.2819 -0.9171
vn -0.2415 -0.2415 -0.9399
vn 0.6646 0.6646 -0.3415
vn 0.2415 0.2415 0.9399
vn -0.6646 -0.6646 0.3415
vn -0.0010 -0.7071 -0.7071
vn -0.5774 -0.5773 0.5774
vn -0.0000 0.9659 -0.2588
vn -0.0000 0.2588 -0.9659
vn -0.0000 0.9659 0.2588
vn -0.0000 0.2588 0.9659
vn -0.0000 0.9997 0.0263
vn -0.0000 0.5556 0.8315
vn -0.0000 0.5556 -0.8315
vn -0.0000 0.9996 -0.0271
vn 0.2935 0.2935 -0.9098
vn 0.7066 0.7066 0.0393
vn -0.1800 -0.1800 0.9670
vn -0.0000 0.2589 0.9659
vn -0.7066 0.7070 0.0294
vn -0.7069 0.7072 0.0147
vt 0.392537 0.758622
vt 0.291720 0.768847
vt 0.291720 0.758622
vt 0.392537 0.732610
vt 0.291720 0.742835
vt 0.291720 0.732610
vt 0.291720 0.862667
vt 0.392537 0.872892
vt 0.291720 0.872892
vt 0.392537 0.784633
vt 0.291720 0.794858
vt 0.291720 0.784633
vt 0.004109 0.663742
vt 0.493790 0.674512
vt 0.004109 0.674513
vt 0.004109 0.651898
vt 0.493789 0.641126
vt 0.493789 0.651898
vt 0.004109 0.537759
vt 0.493789 0.526988
vt 0.493789 0.537760
vt 0.392537 0.836656
vt 0.291720 0.846881
vt 0.291720 0.836656
vt 0.392537 0.810645
vt 0.291720 0.820869
vt 0.291720 0.810645
vt 0.301302 0.471804
vt 0.277569 0.472260
vt 0.301228 0.467929
vt 0.493790 0.515146
vt 0.004109 0.504372
vt 0.493790 0.504375
vt 0.004109 0.595542
vt 0.493789 0.606314
vt 0.004109 0.606313
vt 0.004109 0.481403
vt 0.493790 0.492177
vt 0.004109 0.492174
vt 0.004109 0.686711
vt 0.493790 0.697482
vt 0.004109 0.697482
vt 0.004109 0.549958
vt 0.493789 0.560730
vt 0.004109 0.560729
vt 0.004109 0.572572
vt 0.493789 0.583344
vt 0.004109 0.583344
vt 0.420326 0.471597
vt 0.396522 0.471638
vt 0.404816 0.464764
vt 0.444129 0.471970
vt 0.420320 0.467710
vt 0.420388 0.467710
vt 0.372717 0.471679
vt 0.388029 0.456329
vt 0.396500 0.459428
vt 0.253836 0.472716
vt 0.254995 0.444777
vt 0.491733 0.472716
vt 0.468369 0.444389
vt 0.468865 0.444363
vt 0.348912 0.471721
vt 0.333620 0.456424
vt 0.347162 0.443733
vt 0.467931 0.472343
vt 0.444320 0.459761
vt 0.452834 0.456781
vt 0.372177 0.443689
vt 0.372668 0.443722
vt 0.325107 0.471763
vt 0.301295 0.467917
vt 0.317254 0.464917
vt 0.165313 0.795121
vt 0.288084 0.787174
vt 0.288084 0.795121
vt 0.165313 0.820827
vt 0.288084 0.812880
vt 0.288084 0.820827
vt 0.288084 0.846533
vt 0.165313 0.838586
vt 0.288084 0.838586
vt 0.165313 0.769414
vt 0.288084 0.761467
vt 0.288084 0.769415
vt 0.165313 0.872239
vt 0.288084 0.864292
vt 0.288084 0.872239
vt 0.165313 0.743708
vt 0.288084 0.735761
vt 0.288084 0.743708
vt 0.392537 0.820869
vt 0.392537 0.768847
vt 0.392537 0.846881
vt 0.392537 0.862667
vt 0.392537 0.794858
vt 0.392537 0.742835
vt 0.291720 0.716824
vt 0.392537 0.716824
vt 0.288084 0.718002
vt 0.165313 0.735761
vt 0.165313 0.718002
vt 0.165313 0.787173
vt 0.165313 0.864292
vt 0.165313 0.846533
vt 0.165313 0.761467
vt 0.165313 0.812880
vt 0.186087 0.946254
vt 0.195229 0.940309
vt 0.202907 0.953608
vt 0.252466 0.946254
vt 0.243325 0.940309
vt 0.252466 0.924328
vt 0.241683 0.945015
vt 0.246393 0.958634
vt 0.237762 0.951806
vt 0.192634 0.914851
vt 0.213994 0.902519
vt 0.215593 0.913407
vt 0.251912 0.949076
vt 0.251912 0.924410
vt 0.004109 0.709326
vt 0.004109 0.618157
vt 0.004109 0.515144
vt 0.004109 0.526988
vt 0.493789 0.628928
vt 0.004109 0.641127
vt 0.004109 0.628928
vt 0.186087 0.924328
vt 0.193188 0.912029
vt 0.202907 0.916974
vt 0.235647 0.953608
vt 0.226377 0.969515
vt 0.226955 0.958626
vt 0.245366 0.958552
vt 0.226377 0.901067
vt 0.245366 0.912029
vt 0.235647 0.916974
vt 0.243325 0.930273
vt 0.226955 0.911955
vt 0.211599 0.958626
vt 0.211599 0.911955
vt 0.212176 0.969515
vt 0.212176 0.901067
vt 0.193188 0.958552
vt 0.195229 0.930273
vt 0.225032 0.970967
vt 0.225032 0.902519
vt 0.246393 0.914851
vt 0.237762 0.921680
vt 0.241682 0.928470
vt 0.223434 0.960078
vt 0.223434 0.913407
vt 0.213994 0.970967
vt 0.215593 0.960078
vt 0.201264 0.921680
vt 0.201264 0.951806
vt 0.192634 0.958634
vt 0.197344 0.928470
vt 0.197344 0.945015
vt 0.187115 0.924410
vt 0.187115 0.949075
vt 0.493790 0.663740
vt 0.493789 0.595542
vt 0.493790 0.481405
vt 0.493790 0.686710
vt 0.493789 0.549958
vt 0.493789 0.572572
vt 0.493790 0.709324
vt 0.493789 0.618156
vt 0.155895 0.173063
vt 0.160594 0.183837
vt 0.155895 0.182902
vt 0.126244 0.153251
vt 0.137017 0.148552
vt 0.136083 0.153251
vt 0.152130 0.191992
vt 0.156113 0.194654
vt 0.106431 0.173063
vt 0.101732 0.183837
vt 0.101732 0.172128
vt 0.117154 0.198949
vt 0.125309 0.207413
vt 0.114492 0.202933
vt 0.110196 0.163973
vt 0.106213 0.161311
vt 0.145172 0.157016
vt 0.156113 0.161311
vt 0.152130 0.163973
vt 0.145172 0.198949
vt 0.147834 0.202933
vt 0.147834 0.153032
vt 0.117154 0.157016
vt 0.114492 0.153032
vt 0.110196 0.191992
vt 0.106213 0.194654
vt 0.137017 0.207413
vt 0.136083 0.202714
vt 0.160594 0.172128
vt 0.125309 0.148552
vt 0.106431 0.182902
vt 0.126244 0.202714
vt 0.065109 0.422735
vt 0.005089 0.404337
vt 0.065109 0.404337
vt 0.069165 0.223033
vt 0.078882 0.228850
vt 0.076601 0.237444
vt 0.065109 0.275545
vt 0.005089 0.257147
vt 0.065109 0.257147
vt 0.005089 0.385938
vt 0.065109 0.385938
vt 0.005089 0.238748
vt 0.065109 0.238748
vt 0.005089 0.367539
vt 0.065109 0.367539
vt 0.065109 0.220349
vt 0.005089 0.220349
vt 0.005089 0.349140
vt 0.065109 0.349140
vt 0.005089 0.201950
vt 0.065109 0.201950
vt 0.005089 0.330742
vt 0.065109 0.330742
vt 0.065109 0.183551
vt 0.005089 0.165153
vt 0.065109 0.165153
vt 0.005089 0.183551
vt 0.065109 0.312343
vt 0.005089 0.312343
vt 0.065109 0.146754
vt 0.005089 0.146754
vt 0.005089 0.293944
vt 0.065109 0.293944
vt 0.005089 0.441134
vt 0.005089 0.422736
vt 0.005089 0.275545
vt 0.092451 0.231988
vt 0.105912 0.228122
vt 0.098203 0.235831
vt 0.102069 0.222370
vt 0.115985 0.223949
vt 0.114636 0.217164
vt 0.126888 0.223949
vt 0.128238 0.217164
vt 0.136961 0.228122
vt 0.140805 0.222370
vt 0.144671 0.235831
vt 0.150423 0.231988
vt 0.148843 0.245904
vt 0.155629 0.244555
vt 0.148843 0.256807
vt 0.150423 0.270724
vt 0.155629 0.258157
vt 0.140805 0.280342
vt 0.144671 0.266880
vt 0.128238 0.285548
vt 0.136961 0.274590
vt 0.114636 0.285548
vt 0.126888 0.278762
vt 0.102069 0.280342
vt 0.115985 0.278762
vt 0.092451 0.270724
vt 0.105912 0.274590
vt 0.087245 0.258157
vt 0.098203 0.266880
vt 0.087245 0.244555
vt 0.094030 0.256807
vt 0.094030 0.245904
vt 0.072517 0.356599
vt 0.082846 0.361387
vt 0.081476 0.370220
vt 0.069343 0.256321
vt 0.071036 0.255772
vt 0.070870 0.256310
vt 0.077810 0.406516
vt 0.076216 0.389861
vt 0.077744 0.389714
vt 0.081111 0.372670
vt 0.077851 0.389132
vt 0.075382 0.270976
vt 0.075977 0.272919
vt 0.079480 0.423165
vt 0.084560 0.405666
vt 0.088581 0.416250
vt 0.069082 0.289787
vt 0.078861 0.283868
vt 0.084598 0.289151
vt 0.072759 0.156585
vt 0.093745 0.167033
vt 0.097844 0.174628
vt 0.069244 0.306520
vt 0.091168 0.298013
vt 0.071168 0.173154
vt 0.099039 0.181551
vt 0.100535 0.191410
vt 0.069844 0.323242
vt 0.096069 0.305172
vt 0.097997 0.311967
vt 0.070012 0.189758
vt 0.098664 0.197976
vt 0.096049 0.207804
vt 0.070961 0.339938
vt 0.100535 0.321666
vt 0.099359 0.328428
vt 0.069370 0.206390
vt 0.089136 0.217216
vt 0.084596 0.223706
vt 0.097784 0.338530
vt 0.091868 0.348671
vt 0.196142 0.175568
vt 0.164234 0.155566
vt 0.196143 0.155566
vt 0.114432 0.319400
vt 0.164234 0.355584
vt 0.133454 0.377947
vt 0.196143 0.235573
vt 0.164234 0.215571
vt 0.196143 0.215571
vt 0.196143 0.295579
vt 0.180188 0.275577
vt 0.196143 0.275577
vt 0.196143 0.355584
vt 0.164234 0.335582
vt 0.196143 0.335582
vt 0.196143 0.195570
vt 0.164234 0.195570
vt 0.196143 0.255575
vt 0.164234 0.255575
vt 0.196143 0.315581
vt 0.164234 0.315581
vt 0.164234 0.175568
vt 0.164234 0.235573
vt 0.180188 0.295579
vt 0.200912 0.003544
vt 0.181279 0.142712
vt 0.181279 0.003544
vt 0.024216 0.142712
vt 0.004584 0.003544
vt 0.024216 0.003544
vt 0.043849 0.142712
vt 0.043849 0.003544
vt 0.063482 0.142712
vt 0.063482 0.003544
vt 0.083115 0.142712
vt 0.083115 0.003544
vt 0.102748 0.142712
vt 0.102748 0.003544
vt 0.122381 0.142712
vt 0.122381 0.003544
vt 0.142013 0.142712
vt 0.142013 0.003544
vt 0.161646 0.142712
vt 0.161646 0.003544
vt 0.164234 0.275577
vt 0.164234 0.295579
vt 0.169251 0.290562
vt 0.169251 0.280593
vt 0.175172 0.280593
vt 0.175172 0.290562
vt 0.665727 0.005684
vt 0.611350 0.091520
vt 0.611350 0.005684
vt 0.918102 0.331582
vt 0.678715 0.342299
vt 0.693452 0.262047
vt 0.897260 0.091520
vt 0.693452 0.005684
vt 0.897260 0.005684
vt 0.672611 0.106677
vt 0.911997 0.095960
vt 0.897260 0.176212
vt 0.979363 0.091520
vt 0.924986 0.005684
vt 0.979363 0.005684
vt 0.912652 0.262047
vt 0.897260 0.262047
vt 0.991697 0.091520
vt 0.991697 0.005684
vt 0.912652 0.091520
vt 0.912652 0.005684
vt 0.924986 0.091520
vt 0.678061 0.176211
vt 0.693452 0.176211
vt 0.599016 0.005684
vt 0.599016 0.091520
vt 0.678061 0.091520
vt 0.678061 0.005684
vt 0.258875 0.357840
vt 0.285331 0.408386
vt 0.258875 0.408386
vt 0.285331 0.357840
vt 0.311786 0.408386
vt 0.311786 0.357840
vt 0.338242 0.408386
vt 0.338242 0.357840
vt 0.364697 0.408386
vt 0.364697 0.357840
vt 0.391153 0.408386
vt 0.391153 0.357840
vt 0.417608 0.408386
vt 0.444064 0.357840
vt 0.444064 0.408386
vt 0.470519 0.357840
vt 0.470519 0.408386
vt 0.496975 0.408386
vt 0.523431 0.357839
vt 0.523431 0.408386
vt 0.924365 0.100143
vt 0.955999 0.121907
vt 0.924365 0.121907
vt 0.205964 0.357839
vt 0.232419 0.408386
vt 0.205964 0.408386
vt 0.232420 0.357840
vt 0.883271 0.568775
vt 0.921231 0.492855
vt 0.921231 0.568775
vt 0.883271 0.492855
vt 0.921231 0.442241
vt 0.883271 0.619389
vt 0.921231 0.619389
vt 0.832657 0.568775
vt 0.832657 0.492855
vt 0.984498 0.492855
vt 0.959192 0.442241
vt 0.959192 0.619389
vt 0.589823 0.263610
vt 0.559994 0.263709
vt 0.570975 0.252729
vt 0.615606 0.278610
vt 0.585804 0.278610
vt 0.630434 0.252728
vt 0.611586 0.263610
vt 0.656316 0.237900
vt 0.641415 0.263709
vt 0.641316 0.212117
vt 0.641316 0.233880
vt 0.630434 0.193269
vt 0.656316 0.208098
vt 0.615605 0.167388
vt 0.641415 0.182288
vt 0.589823 0.182388
vt 0.611586 0.182388
vt 0.570975 0.193269
vt 0.585803 0.167388
vt 0.545093 0.208098
vt 0.559994 0.182289
vt 0.560093 0.212117
vt 0.545093 0.237900
vt 0.560093 0.233881
vt 0.924365 0.143670
vt 0.955999 0.165434
vt 0.924365 0.165434
vt 0.924365 0.296015
vt 0.955999 0.317778
vt 0.924365 0.317778
vt 0.924365 0.230724
vt 0.955999 0.252488
vt 0.924365 0.252488
vt 0.955999 0.143670
vt 0.955999 0.187197
vt 0.924365 0.187197
vt 0.955999 0.339542
vt 0.924365 0.339542
vt 0.955999 0.274251
vt 0.924365 0.274251
vt 0.955998 0.208961
vt 0.924365 0.208961
vt 0.955999 0.361305
vt 0.924365 0.361305
vt 0.955999 0.296015
vt 0.955998 0.230724
vt 0.541738 0.087194
vt 0.588977 0.039021
vt 0.588977 0.087194
vt 0.541738 0.039021
vt 0.588977 -0.000747
vt 0.541572 0.087669
vt 0.588812 0.039497
vt 0.588812 0.087669
vt 0.541572 0.127438
vt 0.541572 0.039497
vt 0.588812 -0.000272
vt 0.541738 0.126962
vt 0.466339 0.122937
vt 0.408615 0.105003
vt 0.421944 0.097306
vt 0.524066 0.105004
vt 0.466340 0.138329
vt 0.408617 0.038349
vt 0.421947 0.046045
vt 0.510736 0.097309
vt 0.524066 0.038350
vt 0.315163 0.413381
vt 0.242367 0.346737
vt 0.315163 0.346737
vt 0.315163 0.146804
vt 0.242367 0.080160
vt 0.315163 0.080160
vt 0.315163 0.280093
vt 0.242367 0.213449
vt 0.315163 0.213449
vt 0.315163 0.013516
vt 0.242367 0.013516
vt 0.242367 0.280093
vt 0.242367 0.146804
vt 0.466342 0.020415
vt 0.466342 0.005023
vt 0.468574 0.380887
vt 0.395853 0.506845
vt 0.323131 0.380887
vt 0.510737 0.046047
vt 0.486496 0.626068
vt 0.480132 0.990685
vt 0.480132 0.626068
vt 0.511954 0.626046
vt 0.505589 0.990662
vt 0.505589 0.626045
vt 0.499225 0.626057
vt 0.492861 0.990673
vt 0.492861 0.626056
vt 0.448311 0.626102
vt 0.441946 0.990718
vt 0.441946 0.626102
vt 0.473768 0.626079
vt 0.467403 0.990696
vt 0.467403 0.626079
vt 0.435582 0.626113
vt 0.429218 0.990730
vt 0.429218 0.626113
vt 0.564851 0.531597
vt 0.586265 0.498749
vt 0.619113 0.520163
vt 0.461039 0.626091
vt 0.454675 0.990707
vt 0.454675 0.626090
vt 0.486496 0.990685
vt 0.422853 0.626124
vt 0.410125 0.626136
vt 0.416489 0.990741
vt 0.410125 0.990752
vt 0.448311 0.990719
vt 0.473768 0.990696
vt 0.416489 0.626124
vt 0.915487 0.899106
vt 0.892992 0.933611
vt 0.892992 0.899106
vt 0.627008 0.983904
vt 0.643537 0.961354
vt 0.643537 0.983904
vt 0.853659 0.756442
vt 0.886387 0.610523
vt 0.886387 0.756442
vt 0.627008 0.812597
vt 0.599461 0.944825
vt 0.599461 0.812597
vt 0.599461 0.983904
vt 0.993561 0.963618
vt 0.937487 0.992622
vt 0.908483 0.963618
vt 0.853659 0.802644
vt 0.886387 0.802644
vt 0.937487 0.895376
vt 0.892992 0.833419
vt 0.915487 0.833419
vt 0.993561 0.754224
vt 0.936037 0.754224
vt 0.853659 0.898209
vt 0.886387 0.898209
vt 0.827353 0.685157
vt 0.800838 0.705866
vt 0.800838 0.685157
vt 0.827352 0.653605
vt 0.685377 0.368814
vt 0.710421 0.336258
vt 0.710421 0.368814
vt 0.915487 0.768185
vt 0.936037 0.614039
vt 0.993561 0.614039
vt 0.853659 0.993119
vt 0.650383 0.944825
vt 0.627008 0.944825
vt 0.906023 0.756442
vt 0.682339 0.812597
vt 0.672934 0.944825
vt 0.599461 0.997205
vt 0.627008 0.997205
vt 0.643537 0.997205
vt 0.827353 0.727077
vt 0.827353 0.705866
vt 0.784929 0.727077
vt 0.800838 0.727077
vt 0.800838 0.742986
vt 0.827353 0.742986
vt 0.892034 0.768185
vt 0.914528 0.802690
vt 0.892034 0.802690
vt 0.654861 0.984488
vt 0.638333 0.961938
vt 0.654861 0.945409
vt 0.852935 0.610850
vt 0.885662 0.756769
vt 0.852935 0.756769
vt 0.682409 0.945409
vt 0.654861 0.813180
vt 0.682409 0.813180
vt 0.682409 0.984488
vt 0.937269 0.613896
vt 0.993343 0.642900
vt 0.908266 0.642900
vt 0.885662 0.802971
vt 0.852935 0.802971
vt 0.937269 0.711142
vt 0.993343 0.711142
vt 0.892034 0.868377
vt 0.914528 0.868377
vt 0.993343 0.852294
vt 0.935819 0.852294
vt 0.885662 0.898535
vt 0.852935 0.898535
vt 0.780109 0.836908
vt 0.800818 0.810393
vt 0.800818 0.836908
vt 0.832370 0.810393
vt 0.710536 0.368483
vt 0.685492 0.335927
vt 0.710536 0.335927
vt 0.914528 0.933611
vt 0.935819 0.992479
vt 0.885662 0.993445
vt 0.842976 0.900869
vt 0.832370 0.914127
vt 0.832370 0.900869
vt 0.790212 0.895240
vt 0.769455 0.892134
vt 0.766349 0.836908
vt 0.800818 0.914127
vt 0.832370 0.892752
vt 0.800818 0.884634
vt 0.832370 0.884634
vt 0.800818 0.892752
vt 0.832370 0.922244
vt 0.832370 0.930361
vt 0.800817 0.922244
vt 0.832370 0.836908
vt 0.775648 0.345944
vt 0.772714 0.365549
vt 0.720553 0.368483
vt 0.842976 0.892752
vt 0.720553 0.335927
vt 0.842976 0.922244
vt 0.842976 0.884634
vt 0.842976 0.930361
vt 0.832370 0.978088
vt 0.842976 0.914127
vt 0.842976 0.836908
vt 0.631486 0.945409
vt 0.833298 0.756769
vt 0.599531 0.936004
vt 0.599531 0.813180
vt 0.682409 0.997789
vt 0.654861 0.997789
vt 0.638333 0.984488
vt 0.638333 0.997789
vt 0.800817 0.978088
vt 0.758897 0.810393
vt 0.758897 0.836908
vt 0.758897 0.852817
vt 0.793366 0.852817
vt 0.742988 0.836908
vt 0.742988 0.810393
vt 0.391310 0.910403
vt 0.354254 0.987590
vt 0.346175 0.907063
vt 0.470647 0.909563
vt 0.392204 0.994918
vt 0.837308 0.139058
vt 0.800775 0.057390
vt 0.837308 0.001534
vt 0.892731 0.669393
vt 0.813291 0.722828
vt 0.807900 0.659726
vt 0.908246 0.926509
vt 0.972668 0.988069
vt 0.908246 0.988069
vt 0.604479 0.528444
vt 0.695349 0.540291
vt 0.600238 0.545692
vt 0.693094 0.560009
vt 0.595616 0.565545
vt 0.691351 0.579698
vt 0.591867 0.585348
vt 0.690555 0.599334
vt 0.589730 0.605059
vt 0.690995 0.618899
vt 0.589699 0.624651
vt 0.591948 0.644114
vt 0.692773 0.638388
vt 0.596303 0.663456
vt 0.695787 0.657807
vt 0.598466 0.670437
vt 0.697223 0.664829
vt 0.972668 0.900864
vt 0.972668 0.926509
vt 0.491709 0.989673
vt 0.471541 0.994078
vt 0.122729 0.877190
vt 0.166807 0.785207
vt 0.166807 0.877190
vt 0.864167 0.926509
vt 0.864167 0.988069
vt 0.033102 0.872462
vt 0.097524 0.780480
vt 0.097524 0.872462
vt 0.122729 0.785207
vt 0.007897 0.785207
vt 0.007897 0.877190
vt 0.478816 0.715652
vt 0.627495 0.697245
vt 0.627445 0.715285
vt 0.296707 0.149042
vt 0.383974 0.092318
vt 0.383974 0.149042
vt 0.296707 0.092318
vt 0.198531 0.005051
vt 0.296707 0.005051
vt 0.296707 0.205765
vt 0.198531 0.149042
vt 0.296707 0.286488
vt 0.198531 0.205765
vt 0.296707 0.345393
vt 0.198531 0.286488
vt 0.296707 0.480657
vt 0.198531 0.413025
vt 0.296707 0.413025
vt 0.383974 0.480657
vt 0.482150 0.512292
vt 0.383974 0.512292
vt 0.383974 0.345393
vt 0.383974 0.413025
vt 0.383974 0.286488
vt 0.383974 0.205766
vt 0.198531 0.092318
vt 0.198531 0.600142
vt 0.296707 0.572346
vt 0.296707 0.600142
vt 0.349067 0.555925
vt 0.198531 0.480657
vt 0.013088 0.092318
vt 0.100356 0.149042
vt 0.013088 0.149042
vt 0.980486 0.820928
vt 0.994048 0.902303
vt 0.980486 0.902303
vt 0.100356 0.092318
vt 0.100356 0.005051
vt 0.100356 0.205765
vt 0.100356 0.286488
vt 0.100356 0.345393
vt 0.100355 0.480657
vt 0.100355 0.413025
vt 0.580325 0.480657
vt 0.580325 0.512292
vt 0.013088 0.413025
vt 0.056721 0.412263
vt 0.013088 0.286488
vt 0.013088 0.345393
vt 0.013088 0.205765
vt 0.837625 0.500712
vt 0.799650 0.415268
vt 0.837625 0.415268
vt 0.023312 0.543145
vt 0.013088 0.512292
vt 0.149443 0.572346
vt 0.100355 0.572346
vt 0.198531 0.632645
vt 0.100355 0.632645
vt 0.416699 0.148686
vt 0.482150 0.092318
vt 0.482150 0.148686
vt 0.416699 0.205766
vt 0.416699 0.286488
vt 0.416699 0.345393
vt 0.416699 0.447932
vt 0.416699 0.396663
vt 0.482150 0.480657
vt 0.547600 0.148686
vt 0.580325 0.092318
vt 0.547600 0.205766
vt 0.580325 0.149042
vt 0.580325 0.205766
vt 0.580325 0.286488
vt 0.547600 0.286488
vt 0.580325 0.345393
vt 0.547600 0.345393
vt 0.547600 0.396663
vt 0.580325 0.413025
vt 0.547600 0.447932
vt 0.482150 0.447932
vt 0.433026 0.213139
vt 0.481851 0.213139
vt 0.530677 0.251385
vt 0.994048 0.983678
vt 0.980486 0.983678
vt 0.424889 0.393792
vt 0.433027 0.436372
vt 0.424889 0.436372
vt 0.538814 0.436372
vt 0.530676 0.393792
vt 0.538814 0.393792
vt 0.424889 0.333574
vt 0.433026 0.393792
vt 0.530676 0.333574
vt 0.538814 0.333574
vt 0.424889 0.289632
vt 0.433026 0.333574
vt 0.530677 0.289632
vt 0.538814 0.289632
vt 0.424889 0.213139
vt 0.433026 0.251385
vt 0.424889 0.251385
vt 0.538814 0.251385
vt 0.481851 0.205002
vt 0.433026 0.205002
vt 0.530677 0.205002
vt 0.530677 0.213139
vt 0.538814 0.213139
vt 0.433026 0.289632
vt 0.433026 0.436372
vt 0.013088 0.480657
vt 0.198531 0.345393
vt 0.100356 0.361756
vt 0.198531 0.396663
vt 0.424802 0.886410
vt 0.464277 0.886410
vt 0.455337 0.895350
vt 0.503752 0.856240
vt 0.494812 0.895350
vt 0.385326 0.886410
vt 0.424802 0.826071
vt 0.415862 0.895350
vt 0.464277 0.786596
vt 0.503752 0.826071
vt 0.464277 0.826071
vt 0.345851 0.886410
vt 0.376386 0.895350
vt 0.662199 0.966832
vt 0.680356 0.966832
vt 0.671278 0.982557
vt 0.613029 0.966832
vt 0.631186 0.966832
vt 0.622107 0.982557
vt 0.563858 0.966832
vt 0.582015 0.966833
vt 0.572937 0.982557
vt 0.514688 0.966833
vt 0.532845 0.966832
vt 0.523766 0.982557
vt 0.464277 0.856240
vt 0.345851 0.856240
vt 0.385326 0.826071
vt 0.815814 0.940444
vt 0.763091 0.961059
vt 0.763091 0.940444
vt 0.810277 0.994344
vt 0.763091 0.988807
vt 0.815814 0.961059
vt 0.768317 0.219865
vt 0.744250 0.213401
vt 0.750715 0.158314
vt 0.742476 0.988807
vt 0.757553 0.994344
vt 0.777890 0.418041
vt 0.754042 0.427535
vt 0.754042 0.418041
vt 0.149443 0.600142
vt 0.790157 0.367800
vt 0.741775 0.405775
vt 0.741775 0.367800
vt 0.741775 0.548181
vt 0.790157 0.510206
vt 0.790157 0.548181
vt 0.694306 0.415268
vt 0.732282 0.500712
vt 0.694306 0.500712
vt 0.836429 0.988806
vt 0.821351 0.994344
vt 0.051925 0.701531
vt 0.069241 0.708806
vt 0.062141 0.711747
vt 0.062141 0.740588
vt 0.054866 0.757903
vt 0.051925 0.750803
vt 0.012868 0.740588
vt 0.020143 0.757903
vt 0.005768 0.743529
vt 0.023084 0.701531
vt 0.005768 0.708805
vt 0.020143 0.694431
vt 0.054866 0.694431
vt 0.069241 0.743529
vt 0.023084 0.750803
vt 0.012868 0.711746
vt 0.744548 0.488445
vt 0.732282 0.415268
vt 0.744548 0.427535
vt 0.787384 0.488445
vt 0.799650 0.500712
vt 0.790157 0.405775
vt 0.777890 0.497939
vt 0.741775 0.510206
vt 0.754042 0.497939
vt 0.754042 0.488445
vt 0.777890 0.488445
vt 0.777890 0.427535
vt 0.787384 0.427535
vt 0.085764 0.014738
vt 0.076632 0.047932
vt 0.054516 0.039971
vt 0.888628 0.532791
vt 0.905351 0.476252
vt 0.905351 0.532791
vt 0.345735 0.676943
vt 0.361767 0.642446
vt 0.362175 0.676748
vt 0.871906 0.476252
vt 0.888628 0.476252
vt 0.378614 0.676552
vt 0.378206 0.642250
vt 0.854555 0.532791
vt 0.871906 0.532791
vt 0.184358 0.688194
vt 0.099498 0.679872
vt 0.197782 0.678703
vt 0.533212 0.193759
vt 0.523167 0.161026
vt 0.533212 0.161026
vt 0.376586 0.582683
vt 0.460879 0.569833
vt 0.461137 0.579324
vt 0.523167 0.193759
vt 0.513485 0.161026
vt 0.170689 0.718359
vt 0.100123 0.703568
vt 0.174518 0.702128
vt 0.213813 0.644205
vt 0.214221 0.678507
vt 0.503804 0.161026
vt 0.494123 0.193759
vt 0.494123 0.161026
vt 0.230253 0.644010
vt 0.230661 0.678312
vt 0.484441 0.161026
vt 0.246692 0.643814
vt 0.247100 0.678117
vt 0.484441 0.193759
vt 0.474760 0.161026
vt 0.263539 0.677921
vt 0.263131 0.643619
vt 0.474760 0.193759
vt 0.465078 0.161026
vt 0.279571 0.643423
vt 0.279978 0.677725
vt 0.455397 0.193759
vt 0.455397 0.161026
vt 0.296010 0.643228
vt 0.296418 0.677530
vt 0.445715 0.193759
vt 0.312857 0.677334
vt 0.312449 0.643032
vt 0.020014 0.685762
vt 0.019128 0.634840
vt 0.062707 0.643508
vt 0.436034 0.161026
vt 0.445715 0.161026
vt 0.329296 0.677139
vt 0.328888 0.642837
vt 0.595360 0.341931
vt 0.623385 0.411622
vt 0.595352 0.415782
vt 0.345327 0.642641
vt 0.243926 0.686624
vt 0.245496 0.746192
vt 0.317020 0.584303
vt 0.011122 0.614799
vt 0.054702 0.571220
vt 0.063370 0.614799
vt 0.387157 0.596071
vt 0.461523 0.593529
vt 0.391850 0.612074
vt 0.461979 0.610284
vt 0.463229 0.675546
vt 0.101006 0.737080
vt 0.100564 0.720324
vt 0.099748 0.689363
vt 0.388034 0.628308
vt 0.462820 0.641244
vt 0.462434 0.627039
vt 0.175368 0.734366
vt 0.101380 0.751284
vt 0.513486 0.193759
vt 0.503804 0.193759
vt 0.587131 0.415722
vt 0.587148 0.340253
vt 0.623393 0.337771
vt 0.631606 0.411563
vt 0.659652 0.340169
vt 0.631606 0.336094
vt 0.099090 0.645569
vt 0.197374 0.644401
vt 0.133057 0.903186
vt 0.153401 0.987274
vt 0.133057 0.987274
vt 0.010995 0.987274
vt 0.010995 0.903186
vt 0.795126 0.030185
vt 0.779041 0.007122
vt 0.770311 0.001534
vt 0.801525 0.139058
vt 0.795126 0.084595
vt 0.705491 0.139058
vt 0.726571 0.128479
vt 0.754968 0.123068
vt 0.779041 0.107658
vt 0.701970 0.123065
vt 0.900025 0.605386
vt 0.815194 0.595718
vt 0.530677 0.436372
vt 0.155728 0.259891
vt 0.011634 0.287151
vt 0.011635 0.259891
vt 0.155728 0.287150
vt 0.011635 0.314410
vt 0.155728 0.314410
vt 0.011635 0.341669
vt 0.155728 0.368929
vt 0.011635 0.368929
vt 0.011635 0.396188
vt 0.155728 0.423447
vt 0.011635 0.423447
vt 0.155728 0.450707
vt 0.011635 0.450707
vt 0.155728 0.014557
vt 0.011635 0.041816
vt 0.011635 0.014556
vt 0.155728 0.041816
vt 0.011635 0.069076
vt 0.155728 0.096335
vt 0.011635 0.096335
vt 0.011635 0.123594
vt 0.155728 0.123594
vt 0.011635 0.150854
vt 0.155728 0.150854
vt 0.011634 0.178113
vt 0.155728 0.205372
vt 0.011635 0.205372
vt 0.120784 0.707421
vt 0.075041 0.775880
vt 0.006583 0.730138
vt 0.011634 0.232632
vt 0.054419 0.596423
vt 0.063324 0.641192
vt 0.018555 0.650097
vt 0.645962 0.300180
vt 0.677706 0.273478
vt 0.677706 0.300180
vt 0.677706 0.246777
vt 0.645962 0.220075
vt 0.677706 0.220075
vt 0.645961 0.193374
vt 0.677706 0.193374
vt 0.645961 0.620598
vt 0.677706 0.593896
vt 0.677706 0.620598
vt 0.645962 0.593896
vt 0.677706 0.567195
vt 0.841181 0.540493
vt 0.817412 0.567195
vt 0.817412 0.540493
vt 0.677706 0.460389
vt 0.645962 0.433687
vt 0.677706 0.433687
vt 0.645962 0.567195
vt 0.645962 0.540493
vt 0.645962 0.326881
vt 0.677706 0.326881
vt 0.444899 0.504076
vt 0.509510 0.491224
vt 0.522362 0.555835
vt 0.645962 0.273478
vt 0.645962 0.246777
vt 0.444899 0.555835
vt 0.451694 0.577752
vt 0.435834 0.561892
vt 0.427251 0.541170
vt 0.437943 0.539043
vt 0.427251 0.518741
vt 0.437943 0.520868
vt 0.457751 0.491224
vt 0.435834 0.498019
vt 0.451694 0.482159
vt 0.472416 0.473576
vt 0.474543 0.484268
vt 0.492718 0.484268
vt 0.494845 0.473576
vt 0.531427 0.498019
vt 0.522362 0.504076
vt 0.529317 0.520868
vt 0.540010 0.518741
vt 0.529317 0.539043
vt 0.540010 0.541170
vt 0.509510 0.568687
vt 0.531427 0.561892
vt 0.515567 0.577752
vt 0.492718 0.575642
vt 0.494845 0.586335
vt 0.472416 0.586335
vt 0.474543 0.575642
vt 0.677706 0.353583
vt 0.677706 0.380284
vt 0.645962 0.353583
vt 0.677706 0.487090
vt 0.645962 0.513792
vt 0.645962 0.487090
vt 0.645962 0.406986
vt 0.677706 0.406986
vt 0.645962 0.380284
vt 0.645962 0.460389
vt 0.677706 0.513792
vt 0.677706 0.540493
vt 0.841181 0.513792
vt 0.817412 0.513792
vt 0.841181 0.460389
vt 0.817412 0.487090
vt 0.817412 0.460389
vt 0.841181 0.380284
vt 0.817413 0.406986
vt 0.817412 0.380284
vt 0.841181 0.433687
vt 0.841181 0.406986
vt 0.841181 0.487090
vt 0.817412 0.353583
vt 0.841181 0.353583
vt 0.817412 0.326881
vt 0.841181 0.326881
vt 0.841181 0.273478
vt 0.817412 0.246777
vt 0.841181 0.246777
vt 0.817412 0.300180
vt 0.841181 0.300180
vt 0.817412 0.433687
vt 0.817412 0.593896
vt 0.841181 0.567195
vt 0.841181 0.593896
vt 0.817412 0.620598
vt 0.841181 0.620598
vt 0.841181 0.220075
vt 0.817412 0.193374
vt 0.841181 0.193374
vt 0.817412 0.220075
vt 0.817412 0.273478
vt 0.712632 0.540493
vt 0.747559 0.513792
vt 0.712632 0.513792
vt 0.747559 0.593896
vt 0.847814 0.400649
vt 0.878367 0.358739
vt 0.878364 0.400651
vt 0.878368 0.328188
vt 0.910408 0.358741
vt 0.712632 0.593896
vt 0.910406 0.400653
vt 0.909701 0.402017
vt 0.877662 0.360103
vt 0.909704 0.360105
vt 0.940252 0.402019
vt 0.940254 0.360107
vt 0.877658 0.432566
vt 0.909699 0.432568
vt 0.940957 0.400654
vt 0.940959 0.358742
vt 0.878363 0.431201
vt 0.910405 0.431203
vt 0.909705 0.329554
vt 0.877664 0.329552
vt 0.847111 0.360101
vt 0.877659 0.402015
vt 0.847109 0.402013
vt 0.579990 0.333555
vt 0.600674 0.346618
vt 0.597961 0.365454
vt 0.645962 0.342738
vt 0.645962 0.328325
vt 0.645962 0.377955
vt 0.645962 0.322639
vt 0.536160 0.045764
vt 0.538589 0.051381
vt 0.542852 0.045764
vt 0.528086 0.040549
vt 0.527436 0.041199
vt 0.528737 0.041199
vt 0.532932 0.044427
vt 0.541557 0.044058
vt 0.536160 0.052664
vt 0.532666 0.045764
vt 0.532666 0.053031
vt 0.532267 0.045764
vt 0.529173 0.049924
vt 0.634037 0.381913
vt 0.638059 0.391624
vt 0.638059 0.420462
vt 0.627024 0.447104
vt 0.606632 0.467496
vt 0.579990 0.478531
vt 0.551152 0.478531
vt 0.524510 0.467496
vt 0.504119 0.447104
vt 0.493083 0.420462
vt 0.493083 0.391624
vt 0.504119 0.364982
vt 0.524510 0.344590
vt 0.551152 0.333555
vt 0.602400 0.342837
vt 0.277344 0.460533
vt 0.285254 0.465272
vt 0.435931 0.464981
vt 0.268761 0.457147
vt 0.253197 0.439491
vt 0.492255 0.439395
vt 0.325086 0.460000
vt 0.348854 0.438394
vt 0.075984 0.239829
vt 0.069218 0.239677
vt 0.065109 0.441134
vt 0.074331 0.373234
vt 0.088016 0.355640
vt 0.070878 0.256337
vt 0.083763 0.403796
vt 0.077741 0.389688
vt 0.069175 0.273054
vt 0.090610 0.417712
vt 0.094841 0.420899
vt 0.080726 0.285536
vt 0.088173 0.157580
vt 0.114432 0.371766
vt 0.102675 0.355584
vt 0.102675 0.335582
vt 0.133455 0.313220
vt 0.152477 0.319400
vt 0.152477 0.371766
vt 0.200912 0.142712
vt 0.004584 0.142712
vt 0.665727 0.091520
vt 0.911997 0.266487
vt 0.918102 0.277205
vt 0.911997 0.342299
vt 0.897260 0.346739
vt 0.693452 0.346739
vt 0.672611 0.331581
vt 0.672611 0.277204
vt 0.678715 0.266487
vt 0.693452 0.091520
vt 0.678715 0.171772
vt 0.672611 0.161054
vt 0.678715 0.095960
vt 0.918102 0.106677
vt 0.918102 0.161054
vt 0.911997 0.171772
vt 0.912652 0.176212
vt 0.678061 0.262047
vt 0.417608 0.357840
vt 0.496975 0.357839
vt 0.955999 0.100143
vt 0.883271 0.442241
vt 0.984499 0.568775
vt 0.541738 -0.000747
vt 0.588812 0.127438
vt 0.541572 -0.000272
vt 0.588977 0.126962
vt 0.242367 0.413381
vt 0.395853 0.338902
vt 0.468574 0.464859
vt 0.323131 0.464859
vt 0.511954 0.990662
vt 0.499225 0.990674
vt 0.435582 0.990730
vt 0.619113 0.531597
vt 0.615209 0.541022
vt 0.607124 0.549107
vt 0.597699 0.553011
vt 0.586265 0.553011
vt 0.576840 0.549107
vt 0.568755 0.541022
vt 0.564851 0.520163
vt 0.568755 0.510739
vt 0.576840 0.502653
vt 0.597699 0.498749
vt 0.607123 0.502653
vt 0.615209 0.510738
vt 0.461039 0.990707
vt 0.422853 0.990741
vt 0.915487 0.933611
vt 0.853659 0.610523
vt 0.993561 0.992622
vt 0.993561 0.895376
vt 0.800838 0.653605
vt 0.685377 0.336258
vt 0.892992 0.768185
vt 0.886387 0.993119
vt 0.650383 0.812597
vt 0.906023 0.610523
vt 0.682339 0.935421
vt 0.784929 0.692608
vt 0.914528 0.768185
vt 0.885662 0.610850
vt 0.993343 0.613896
vt 0.780109 0.810393
vt 0.685492 0.368483
vt 0.892034 0.933611
vt 0.993343 0.992479
vt 0.852935 0.993445
vt 0.797711 0.892134
vt 0.776954 0.895240
vt 0.766348 0.884634
vt 0.800818 0.900869
vt 0.800817 0.930361
vt 0.765631 0.335927
vt 0.772714 0.338861
vt 0.775648 0.358466
vt 0.765631 0.368483
vt 0.842976 0.978088
vt 0.631486 0.813180
vt 0.833298 0.610850
vt 0.608936 0.945409
vt 0.905016 0.729715
vt 0.697223 0.523178
vt 0.908246 0.900864
vt 0.497078 0.907063
vt 0.033102 0.780480
vt 0.477228 0.697245
vt 0.198531 0.572346
vt 0.373750 0.543145
vt 0.994048 0.820928
vt 0.012362 0.371406
vt 0.055995 0.370644
vt 0.047995 0.555925
vt 0.100355 0.600142
vt 0.296707 0.632645
vt 0.530676 0.436372
vt 0.198531 0.361756
vt 0.100355 0.396662
vt 0.433742 0.895350
vt 0.473217 0.895350
vt 0.503752 0.886410
vt 0.394266 0.895350
vt 0.503752 0.786596
vt 0.354791 0.895350
vt 0.345851 0.826071
vt 0.815814 0.988806
vt 0.768628 0.994344
vt 0.768317 0.158314
vt 0.750715 0.219865
vt 0.744250 0.164779
vt 0.748013 0.994344
vt 0.742476 0.961059
vt 0.836429 0.961059
vt 0.830891 0.994344
vt 0.054516 0.016412
vt 0.063649 0.006777
vt 0.076632 0.006081
vt 0.085764 0.038297
vt 0.063649 0.048628
vt 0.854555 0.476252
vt 0.362673 0.573925
vt 0.465078 0.193759
vt 0.067399 0.654834
vt 0.067399 0.667093
vt 0.062707 0.678419
vt 0.054039 0.687088
vt 0.042713 0.691779
vt 0.030011 0.692442
vt 0.010017 0.679082
vt 0.005768 0.667093
vt 0.042713 0.630148
vt 0.054039 0.634840
vt 0.030454 0.630148
vt 0.005768 0.654834
vt 0.010460 0.643508
vt 0.436034 0.193759
vt 0.232071 0.755683
vt 0.216037 0.759314
vt 0.199833 0.756532
vt 0.185928 0.747762
vt 0.213816 0.675072
vt 0.230020 0.677853
vt 0.253416 0.700048
vt 0.257048 0.716083
vt 0.254266 0.732286
vt 0.364790 0.651752
vt 0.348758 0.655397
vt 0.332552 0.652629
vt 0.318639 0.643870
vt 0.309137 0.630453
vt 0.305493 0.614422
vt 0.308261 0.598216
vt 0.330436 0.574801
vt 0.346468 0.571157
vt 0.031117 0.628159
vt 0.019791 0.623468
vt 0.006431 0.603473
vt 0.005768 0.590771
vt 0.012448 0.580774
vt 0.019128 0.570777
vt 0.031117 0.566529
vt 0.043376 0.628159
vt 0.054702 0.623468
vt 0.068061 0.591214
vt 0.068061 0.603473
vt 0.063370 0.579889
vt 0.043376 0.566529
vt 0.659652 0.415638
vt 0.153401 0.903186
vt 0.820185 0.551924
vt 0.905016 0.561591
vt 0.155728 0.341669
vt 0.155728 0.396188
vt 0.155728 0.069076
vt 0.155728 0.178113
vt 0.006583 0.707421
vt 0.015276 0.686435
vt 0.031339 0.670372
vt 0.052325 0.661679
vt 0.075042 0.661679
vt 0.096028 0.670372
vt 0.112091 0.686434
vt 0.120784 0.730138
vt 0.112091 0.751125
vt 0.096028 0.767187
vt 0.052325 0.775880
vt 0.031338 0.767187
vt 0.015276 0.751124
vt 0.155728 0.232632
vt 0.009649 0.641192
vt 0.004830 0.629557
vt 0.004830 0.616963
vt 0.009649 0.605328
vt 0.018554 0.596423
vt 0.030190 0.591603
vt 0.042783 0.591603
vt 0.063324 0.605328
vt 0.068143 0.616963
vt 0.068143 0.629557
vt 0.054419 0.650097
vt 0.042783 0.654917
vt 0.030190 0.654917
vt 0.457751 0.568687
vt 0.515567 0.482159
vt 0.747559 0.540493
vt 0.747559 0.620598
vt 0.847816 0.358737
vt 0.910410 0.328190
vt 0.712632 0.620598
vt 0.645962 0.370551
vt 0.532779 0.044058
vt 0.531821 0.052421
vt 0.529173 0.048623
vt 0.489863 0.632665
vt 0.457290 0.585440
vt 0.489863 0.585440
vt 0.556644 0.632665
vt 0.540452 0.585440
vt 0.556644 0.585440
vt 0.506172 0.632665
vt 0.540452 0.632665
vt 0.506172 0.585440
vt 0.545275 0.644195
vt 0.590017 0.689389
vt 0.545755 0.678472
vt 0.383404 0.632665
vt 0.362342 0.585440
vt 0.383404 0.585440
vt 0.621737 0.632665
vt 0.590017 0.528716
vt 0.621737 0.585440
vt 0.545755 0.539634
vt 0.557446 0.528264
vt 0.545275 0.573910
vt 0.557446 0.689842
vt 0.457290 0.632665
vt 0.362342 0.632665
vt 0.642307 0.580916
vt 0.642307 0.637190
vt 0.137046 0.774263
vt 0.174826 0.707327
vt 0.175448 0.773904
vt 0.133831 0.429874
vt 0.171612 0.362938
vt 0.172233 0.429515
vt 0.103558 0.561683
vt 0.126956 0.681827
vt 0.006396 0.660676
vt 0.135974 0.659467
vt 0.173755 0.592530
vt 0.174376 0.659108
vt 0.134902 0.544670
vt 0.172683 0.477734
vt 0.173305 0.544312
vt 0.136424 0.707685
vt 0.174601 0.683218
vt 0.136199 0.683576
vt 0.135127 0.568780
vt 0.173530 0.568421
vt 0.135353 0.592889
vt 0.134056 0.453983
vt 0.172458 0.453625
vt 0.134281 0.478093
vt 0.137271 0.798372
vt 0.175673 0.798014
vt 0.137496 0.822482
vt 0.271539 0.560115
vt 0.294936 0.680259
vt 0.206120 0.265816
vt 0.190699 0.283868
vt 0.190699 0.265816
vt 0.206120 0.283868
vt 0.190699 0.301919
vt 0.206120 0.301919
vt 0.190699 0.319971
vt 0.206120 0.319971
vt 0.190699 0.338023
vt 0.206120 0.338023
vt 0.190699 0.356074
vt 0.206120 0.356074
vt 0.190699 0.374126
vt 0.206120 0.374126
vt 0.190699 0.392177
vt 0.206120 0.392177
vt 0.190699 0.410229
vt 0.206120 0.410229
vt 0.190699 0.428280
vt 0.206120 0.428280
vt 0.190699 0.446332
vt 0.206120 0.446332
vt 0.190699 0.464384
vt 0.206120 0.464384
vt 0.190699 0.482435
vt 0.206120 0.482435
vt 0.190699 0.500487
vt 0.206120 0.500487
vt 0.190699 0.518538
vt 0.206120 0.518538
vt 0.190699 0.536590
vt 0.206120 0.536590
vt 0.190699 0.554642
vt 0.300277 0.221770
vt 0.270920 0.140260
vt 0.300277 0.140260
vt 0.329634 0.221770
vt 0.329634 0.140260
vt 0.232095 0.197909
vt 0.199160 0.136912
vt 0.232075 0.126588
vt 0.178839 0.028623
vt 0.260349 -0.000735
vt 0.260349 0.028623
vt 0.178839 0.057980
vt 0.260349 0.057980
vt 0.178839 0.087337
vt 0.260349 0.087337
vt 0.135972 0.316915
vt 0.103851 0.274559
vt 0.142382 0.274548
vt 0.301090 0.057980
vt 0.219580 0.087337
vt 0.219580 0.057980
vt 0.301090 0.028623
vt 0.219580 0.028623
vt 0.301090 -0.000735
vt 0.219580 -0.000735
vt 0.234287 0.199748
vt 0.201352 0.138751
vt 0.234266 0.128427
vt 0.270138 0.221403
vt 0.240781 0.139894
vt 0.270138 0.139893
vt 0.299496 0.221403
vt 0.299496 0.139893
vt 0.328853 0.221403
vt 0.328853 0.139893
vt 0.109535 0.317816
vt 0.141632 0.275441
vt 0.135223 0.317808
vt 0.270920 0.221770
vt 0.241563 0.140260
vt 0.198411 0.137805
vt 0.149060 0.225160
vt 0.149034 0.136722
vt 0.233537 0.200641
vt 0.200603 0.139644
vt 0.233517 0.129320
vt 0.231346 0.198802
vt 0.231325 0.127481
vt 0.133031 0.315969
vt 0.100910 0.273613
vt 0.139441 0.273602
vt 0.108093 0.315083
vt 0.140190 0.272709
vt 0.133780 0.315076
vt 0.091238 0.136738
vt 0.151251 0.226999
vt 0.093429 0.138577
vt 0.151226 0.138561
vt 0.149809 0.224267
vt 0.091987 0.135845
vt 0.149784 0.135829
vt 0.152001 0.226106
vt 0.094179 0.137684
vt 0.151975 0.137668
vt 0.103101 0.275452
vt 0.101659 0.272720
vt 0.044054 0.139689
vt 0.093455 0.227015
vt 0.044079 0.228127
vt 0.042611 0.136956
vt 0.092012 0.224283
vt 0.042636 0.225395
vt 0.041862 0.137850
vt 0.091263 0.225176
vt 0.041887 0.226288
vt 0.008962 0.198866
vt 0.011154 0.200705
vt 0.009711 0.197973
vt 0.011903 0.199812
vt 0.044803 0.138796
vt 0.044828 0.227234
vt 0.094204 0.226122
vt 0.201338 0.091130
vt 0.234255 0.090023
vt 0.133209 0.363296
vt 0.005774 0.594099
vt 0.014792 0.571738
vt 0.036981 0.562304
vt 0.125918 0.570701
vt 0.104768 0.691261
vt 0.038190 0.691882
vt 0.015830 0.682864
vt 0.175898 0.822123
vt 0.182773 0.570170
vt 0.204961 0.560736
vt 0.293899 0.569133
vt 0.303333 0.591321
vt 0.303955 0.657898
vt 0.272748 0.689693
vt 0.206171 0.690315
vt 0.183811 0.681296
vt 0.206120 0.554642
vt 0.199186 0.225350
vt 0.178839 -0.000735
vt 0.110285 0.316922
vt 0.301090 0.087337
vt 0.201377 0.227189
vt 0.240781 0.221403
vt 0.241563 0.221770
vt 0.198436 0.226243
vt 0.200628 0.228082
vt 0.107344 0.315976
vt 0.008941 0.127545
vt 0.011133 0.129384
vt 0.009691 0.126652
vt 0.011883 0.128491
vt 0.121108 0.926152
vt 0.006943 0.943285
vt 0.006943 0.926152
vt 0.121108 0.960418
vt 0.006943 0.960418
vt 0.006943 0.977551
vt 0.121108 0.977550
vt 0.006943 0.994683
vt 0.121108 0.720560
vt 0.006943 0.737692
vt 0.006943 0.720560
vt 0.121108 0.737693
vt 0.006943 0.754825
vt 0.121108 0.754825
vt 0.006943 0.771958
vt 0.121108 0.771958
vt 0.006943 0.789090
vt 0.121108 0.789091
vt 0.006943 0.806223
vt 0.121108 0.806223
vt 0.006943 0.823356
vt 0.121108 0.823356
vt 0.006943 0.840489
vt 0.121108 0.840489
vt 0.006943 0.857621
vt 0.121108 0.857621
vt 0.006943 0.874754
vt 0.121108 0.874754
vt 0.006943 0.891887
vt 0.121108 0.891887
vt 0.006943 0.909020
vt 0.121108 0.909020
vt 0.661280 0.239191
vt 0.673515 0.203130
vt 0.673515 0.242469
vt 0.555326 0.267580
vt 0.580438 0.296206
vt 0.546370 0.276536
vt 0.644890 0.178018
vt 0.661280 0.206408
vt 0.616499 0.161627
vt 0.653846 0.169062
vt 0.583717 0.161626
vt 0.619778 0.149392
vt 0.546371 0.169061
vt 0.580439 0.149392
vt 0.992853 0.453888
vt 0.964383 0.421702
vt 0.992853 0.421702
vt 0.964383 0.486074
vt 0.992853 0.486075
vt 0.964383 0.132027
vt 0.992853 0.099840
vt 0.992853 0.132027
vt 0.992853 0.164213
vt 0.992853 0.196399
vt 0.964383 0.164213
vt 0.964383 0.228585
vt 0.992853 0.228585
vt 0.964383 0.260771
vt 0.992853 0.260771
vt 0.964383 0.292957
vt 0.992853 0.292957
vt 0.964383 0.325144
vt 0.992853 0.325144
vt 0.964383 0.357330
vt 0.992853 0.357330
vt 0.964383 0.389516
vt 0.992853 0.389516
vt 0.526701 0.242468
vt 0.538935 0.239190
vt 0.653845 0.276537
vt 0.644889 0.267581
vt 0.526701 0.203129
vt 0.538936 0.206407
vt 0.616498 0.283972
vt 0.619777 0.296206
vt 0.555327 0.178017
vt 0.583716 0.283971
vt 0.482416 0.200277
vt 0.436433 0.207016
vt 0.438622 0.200277
vt 0.402573 0.091427
vt 0.435813 0.058946
vt 0.438003 0.065686
vt 0.403193 0.091236
vt 0.382574 0.132886
vt 0.397460 0.087071
vt 0.438002 0.200468
vt 0.483985 0.207207
vt 0.435813 0.207207
vt 0.531378 0.132886
vt 0.523578 0.087071
vt 0.538464 0.132886
vt 0.517226 0.091427
vt 0.537844 0.133077
vt 0.530758 0.133077
vt 0.397460 0.178701
vt 0.403193 0.174536
vt 0.389040 0.133077
vt 0.396840 0.087262
vt 0.438622 0.065495
vt 0.436433 0.058756
vt 0.481796 0.200468
vt 0.522958 0.178892
vt 0.523578 0.178701
vt 0.517845 0.174536
vt 0.481796 0.065686
vt 0.522958 0.087262
vt 0.389660 0.132886
vt 0.396840 0.178892
vt 0.381954 0.133077
vt 0.482416 0.065495
vt 0.484606 0.058756
vt 0.517225 0.174727
vt 0.484605 0.207016
vt 0.483986 0.058946
vt 0.402573 0.174727
vt 0.517846 0.091236
vt 0.637868 0.373338
vt 0.594512 0.415854
vt 0.594512 0.373338
vt 0.272507 0.058756
vt 0.233535 0.018988
vt 0.272507 0.018988
vt 0.272507 0.058678
vt 0.233535 0.018909
vt 0.272507 0.018909
vt 0.898000 0.415854
vt 0.854645 0.373338
vt 0.898000 0.373338
vt 0.854645 0.415854
vt 0.811289 0.373338
vt 0.811289 0.415854
vt 0.767934 0.373339
vt 0.767934 0.415854
vt 0.724578 0.373339
vt 0.681223 0.415854
vt 0.681223 0.373338
vt 0.637868 0.415854
vt 0.320680 0.058756
vt 0.320680 0.207016
vt 0.233535 0.178701
vt 0.808881 0.415431
vt 0.852567 0.372591
vt 0.852567 0.415431
vt 0.765195 0.372591
vt 0.765195 0.415431
vt 0.721509 0.372591
vt 0.721509 0.415431
vt 0.677823 0.372591
vt 0.677823 0.415431
vt 0.634137 0.372591
vt 0.634137 0.415431
vt 0.590451 0.372591
vt 0.590451 0.415431
vt 0.896253 0.372591
vt 0.957996 0.415431
vt 0.896253 0.415431
vt 0.338125 0.102633
vt 0.374538 0.132808
vt 0.347929 0.132808
vt 0.320680 0.058678
vt 0.359652 0.086993
vt 0.312457 0.083985
vt 0.255062 0.102633
vt 0.280730 0.083985
vt 0.245258 0.132808
vt 0.233535 0.086993
vt 0.255062 0.162982
vt 0.218648 0.132808
vt 0.280730 0.181631
vt 0.233535 0.178623
vt 0.320680 0.206938
vt 0.272507 0.206938
vt 0.312457 0.181631
vt 0.359652 0.178623
vt 0.338125 0.162982
vt 0.522958 0.019178
vt 0.959276 0.415854
vt 0.528708 0.372591
vt 0.359652 0.018909
vt 0.397460 0.018988
vt 0.436433 0.018988
vt 0.396840 0.019178
vt 0.435813 0.019178
vt 0.523578 0.018988
vt 0.533237 0.373338
vt 0.359652 0.018988
vt 0.359652 0.087071
vt 0.541312 0.703998
vt 0.530876 0.774385
vt 0.530876 0.703998
vt 0.582248 0.703998
vt 0.571812 0.774385
vt 0.571812 0.703998
vt 0.623184 0.703998
vt 0.612748 0.774385
vt 0.612748 0.703998
vt 0.664120 0.703998
vt 0.653684 0.774385
vt 0.653684 0.703998
vt 0.328154 0.784583
vt 0.324808 0.792661
vt 0.296653 0.787126
vt 0.643652 0.703998
vt 0.633216 0.774385
vt 0.633216 0.703998
vt 0.684588 0.703998
vt 0.674152 0.774385
vt 0.674152 0.703998
vt 0.602716 0.703998
vt 0.592280 0.774385
vt 0.592280 0.703998
vt 0.561780 0.703998
vt 0.551344 0.774385
vt 0.551344 0.703998
vt 0.541312 0.774385
vt 0.582248 0.774385
vt 0.623184 0.774385
vt 0.520844 0.703998
vt 0.664120 0.774385
vt 0.337627 0.746152
vt 0.343163 0.774306
vt 0.319090 0.753830
vt 0.335085 0.777652
vt 0.304332 0.768588
vt 0.399473 0.787126
vt 0.371318 0.792661
vt 0.367972 0.784583
vt 0.367972 0.810540
vt 0.371318 0.802462
vt 0.399473 0.807997
vt 0.324808 0.802462
vt 0.328154 0.810540
vt 0.296653 0.807997
vt 0.391794 0.768588
vt 0.361042 0.777652
vt 0.352964 0.774306
vt 0.319090 0.841293
vt 0.304332 0.826534
vt 0.335084 0.817470
vt 0.377036 0.753830
vt 0.358499 0.746152
vt 0.337627 0.848971
vt 0.343163 0.820816
vt 0.352964 0.820816
vt 0.358499 0.848971
vt 0.361042 0.817470
vt 0.377036 0.841293
vt 0.391794 0.826534
vt 0.697059 0.724178
vt 0.703175 0.779316
vt 0.697059 0.779316
vt 0.703175 0.724178
vt 0.709291 0.779316
vt 0.709291 0.724178
vt 0.715407 0.779316
vt 0.715407 0.724178
vt 0.721523 0.779316
vt 0.721523 0.724178
vt 0.727639 0.779316
vt 0.727639 0.724178
vt 0.733755 0.779316
vt 0.733755 0.724178
vt 0.739871 0.779316
vt 0.739871 0.724178
vt 0.745987 0.779316
vt 0.745987 0.724178
vt 0.752103 0.779316
vt 0.752103 0.724178
vt 0.758219 0.779316
vt 0.758219 0.724178
vt 0.764335 0.779316
vt 0.690943 0.724178
vt 0.690943 0.779316
vt 0.705414 0.793787
vt 0.685646 0.799084
vt 0.696945 0.724178
vt 0.703062 0.779316
vt 0.696946 0.779316
vt 0.703061 0.724178
vt 0.709178 0.779316
vt 0.709177 0.724178
vt 0.715294 0.779316
vt 0.715294 0.724178
vt 0.721410 0.779316
vt 0.721410 0.724178
vt 0.727526 0.779316
vt 0.727526 0.724178
vt 0.733642 0.779316
vt 0.733642 0.724178
vt 0.739758 0.779316
vt 0.739758 0.724178
vt 0.745874 0.779316
vt 0.745874 0.724178
vt 0.751990 0.779316
vt 0.751990 0.724178
vt 0.758106 0.779316
vt 0.758106 0.724178
vt 0.764222 0.779316
vt 0.690829 0.724178
vt 0.690830 0.779316
vt 0.705300 0.793787
vt 0.685533 0.799084
vt 0.751619 0.779437
vt 0.757735 0.724299
vt 0.757735 0.779437
vt 0.745503 0.779437
vt 0.751619 0.724299
vt 0.739387 0.779437
vt 0.745503 0.724299
vt 0.733271 0.779437
vt 0.739387 0.724299
vt 0.727155 0.779437
vt 0.733271 0.724299
vt 0.721039 0.779437
vt 0.727155 0.724299
vt 0.714923 0.779437
vt 0.721039 0.724299
vt 0.708807 0.779437
vt 0.714923 0.724299
vt 0.702691 0.779437
vt 0.708807 0.724299
vt 0.696575 0.779437
vt 0.702691 0.724299
vt 0.690459 0.779437
vt 0.696575 0.724299
vt 0.763851 0.724299
vt 0.763851 0.779437
vt 0.749381 0.793908
vt 0.752438 0.782495
vt 0.772206 0.787792
vt 0.751505 0.779437
vt 0.757621 0.724299
vt 0.757622 0.779437
vt 0.745389 0.779437
vt 0.751505 0.724299
vt 0.739273 0.779437
vt 0.745389 0.724299
vt 0.733157 0.779437
vt 0.739273 0.724299
vt 0.727041 0.779437
vt 0.733157 0.724299
vt 0.720925 0.779437
vt 0.727041 0.724299
vt 0.714809 0.779437
vt 0.720925 0.724299
vt 0.708693 0.779437
vt 0.714809 0.724299
vt 0.702577 0.779437
vt 0.708693 0.724299
vt 0.696461 0.779437
vt 0.702577 0.724299
vt 0.690345 0.779437
vt 0.696461 0.724299
vt 0.763737 0.724299
vt 0.763738 0.779437
vt 0.749267 0.793908
vt 0.752325 0.782495
vt 0.772092 0.787792
vt 0.711618 0.959159
vt 0.779235 0.946910
vt 0.779235 0.959159
vt 0.684946 0.912385
vt 0.711618 0.912385
vt 0.704219 0.919784
vt 0.711618 0.982359
vt 0.779235 0.970485
vt 0.779235 0.982358
vt 0.779235 0.900136
vt 0.779235 0.912385
vt 0.711618 0.935584
vt 0.779235 0.923711
vt 0.779235 0.935585
vt 0.779235 0.918048
vt 0.711618 0.918048
vt 0.711618 0.941247
vt 0.711618 0.946910
vt 0.779235 0.941247
vt 0.711618 0.964822
vt 0.711618 0.970485
vt 0.779235 0.964822
vt 0.711618 0.988021
vt 0.779235 0.993684
vt 0.711618 0.993684
vt 0.779235 0.988021
vt 0.764335 0.724178
vt 0.702356 0.782374
vt 0.705414 0.787671
vt 0.702356 0.799084
vt 0.697059 0.802142
vt 0.690943 0.802142
vt 0.682588 0.793787
vt 0.682588 0.787671
vt 0.685646 0.782375
vt 0.764222 0.724178
vt 0.702242 0.782374
vt 0.705300 0.787671
vt 0.702242 0.799084
vt 0.696946 0.802142
vt 0.690830 0.802142
vt 0.682475 0.793787
vt 0.682475 0.787671
vt 0.685533 0.782375
vt 0.690459 0.724299
vt 0.769148 0.782495
vt 0.772206 0.793908
vt 0.757735 0.802263
vt 0.769148 0.799205
vt 0.763851 0.802263
vt 0.752439 0.799205
vt 0.749380 0.787792
vt 0.690345 0.724299
vt 0.769034 0.782495
vt 0.772092 0.793908
vt 0.757622 0.802263
vt 0.769034 0.799205
vt 0.763738 0.802263
vt 0.752325 0.799205
vt 0.749267 0.787792
vt 0.687113 0.917617
vt 0.692345 0.919784
vt 0.684946 0.900136
vt 0.687113 0.894904
vt 0.692345 0.892737
vt 0.704219 0.892737
vt 0.711618 0.900136
vt 0.709450 0.894904
vt 0.709450 0.917617
vt 0.711618 0.923711
vt 0.948019 0.228502
vt 0.985539 0.217620
vt 0.985550 0.228514
vt 0.985746 0.143946
vt 0.948279 0.133040
vt 0.985811 0.133052
vt 0.985925 0.115756
vt 0.948469 0.104850
vt 0.986001 0.104862
vt 0.986124 0.087566
vt 0.948669 0.076660
vt 0.986200 0.076672
vt 0.986284 0.059159
vt 0.948804 0.039082
vt 0.986334 0.038849
vt 0.948644 0.024222
vt 0.985805 0.009575
vt 0.986159 0.024003
vt 0.948805 0.408606
vt 0.986292 0.393944
vt 0.986334 0.408848
vt 0.948699 0.378840
vt 0.986192 0.358787
vt 0.986230 0.379096
vt 0.948587 0.341262
vt 0.986049 0.330379
vt 0.986119 0.341273
vt 0.948405 0.313072
vt 0.985867 0.302189
vt 0.985937 0.313083
vt 0.948232 0.284882
vt 0.985706 0.273999
vt 0.985764 0.284893
vt 0.948096 0.256692
vt 0.985590 0.245810
vt 0.985628 0.256703
vt 0.768998 0.109947
vt 0.884175 0.013099
vt 0.933585 0.109997
vt 0.985613 0.172135
vt 0.948126 0.161230
vt 0.985657 0.161242
vt 0.985544 0.200325
vt 0.948031 0.189419
vt 0.985562 0.189431
vt 0.717778 0.061312
vt 0.734477 0.017107
vt 0.757271 0.035365
vt 0.948008 0.217609
vt 0.948081 0.172124
vt 0.948214 0.143934
vt 0.948393 0.115745
vt 0.948592 0.087555
vt 0.948753 0.059150
vt 0.948762 0.393702
vt 0.948661 0.358772
vt 0.948518 0.330367
vt 0.948336 0.302177
vt 0.948174 0.273988
vt 0.948058 0.245798
vt 0.772731 0.043641
vt 0.914422 0.021679
vt 0.901367 0.153609
vt 0.581573 0.040485
vt 0.447303 0.048622
vt 0.447303 0.040485
vt 0.447304 0.072704
vt 0.313035 0.048622
vt 0.589710 0.048622
vt 0.581573 0.072704
vt 0.581573 0.048622
vt 0.313035 0.040485
vt 0.304897 0.048622
vt 0.313035 0.072704
vt 0.304897 0.072704
vt 0.447304 0.080841
vt 0.581573 0.080841
vt 0.313035 0.080841
vt 0.634152 0.094807
vt 0.598550 0.087100
vt 0.634152 0.087100
vt 0.634152 0.036240
vt 0.696322 0.102514
vt 0.660721 0.173718
vt 0.660721 0.102514
vt 0.660721 0.094807
vt 0.660721 0.087100
vt 0.696322 0.094807
vt 0.634152 0.102515
vt 0.598550 0.094807
vt 0.634152 0.173718
vt 0.598550 0.173718
vt 0.598550 0.102514
vt 0.634152 0.200287
vt 0.931302 0.536102
vt 0.995310 0.472094
vt 0.995310 0.536102
vt 0.598550 0.009672
vt 0.634152 0.009672
vt 0.660721 0.036240
vt 0.696322 0.036240
vt 0.696322 0.087100
vt 0.931302 0.555304
vt 0.995310 0.555304
vt 0.931302 0.472094
vt 0.995310 0.452891
vt 0.931302 0.619313
vt 0.995310 0.619313
vt 0.912100 0.555304
vt 0.912100 0.619313
vt 0.121108 0.943285
vt 0.121108 0.994683
vt 0.964383 0.453888
vt 0.964382 0.099841
vt 0.964383 0.196399
vt 0.233535 0.087071
vt 0.724578 0.415854
vt 0.218648 0.132886
vt 0.374539 0.132886
vt 0.359652 0.178701
vt 0.272507 0.207016
vt 0.808881 0.372591
vt 0.957996 0.372591
vt 0.483986 0.019178
vt 0.959276 0.373338
vt 0.528708 0.415431
vt 0.320680 0.018909
vt 0.484606 0.018988
vt 0.533237 0.415854
vt 0.320680 0.018988
vt 0.643652 0.774385
vt 0.684588 0.774385
vt 0.602716 0.774385
vt 0.561780 0.774385
vt 0.520844 0.774385
vt 0.948294 0.008962
vt 0.903989 0.154262
vt 0.893226 0.161449
vt 0.874240 0.169307
vt 0.861547 0.171828
vt 0.840999 0.171821
vt 0.828307 0.169293
vt 0.809326 0.161424
vt 0.798568 0.154230
vt 0.784043 0.139696
vt 0.776856 0.128933
vt 0.766477 0.097252
vt 0.766482 0.076704
vt 0.769010 0.064011
vt 0.775460 0.044234
vt 0.785484 0.022603
vt 0.800364 0.013099
vt 0.818069 0.013100
vt 0.850759 0.013102
vt 0.918522 0.139737
vt 0.925716 0.128978
vt 0.936122 0.076756
vt 0.936114 0.097304
vt 0.927176 0.044276
vt 0.933601 0.064061
vt 0.902308 0.013114
vt 0.917178 0.022633
vt 0.948013 0.200313
vt 0.757271 0.048480
vt 0.746950 0.062685
vt 0.734477 0.066738
vt 0.710069 0.050702
vt 0.710069 0.033143
vt 0.717778 0.022533
vt 0.746950 0.021160
vt 0.871627 0.168672
vt 0.858935 0.171200
vt 0.838388 0.171206
vt 0.825694 0.168685
vt 0.806708 0.160828
vt 0.795946 0.153641
vt 0.781412 0.139115
vt 0.774219 0.128357
vt 0.766349 0.109375
vt 0.763820 0.096682
vt 0.763813 0.076134
vt 0.766334 0.063440
vt 0.782785 0.021708
vt 0.797627 0.012177
vt 0.814772 0.012162
vt 0.848188 0.012165
vt 0.881865 0.012163
vt 0.890608 0.160803
vt 0.923079 0.128312
vt 0.915892 0.139075
vt 0.933458 0.096632
vt 0.930936 0.109326
vt 0.930925 0.063390
vt 0.933453 0.076084
vt 0.924503 0.043600
vt 0.899570 0.012162
vt 0.589710 0.072704
vt 0.598550 0.036240
vt 0.696322 0.173718
vt 0.598550 0.200286
vt 0.931302 0.452891
vt 0.984733 0.357220
vt 0.961131 0.475824
vt 0.961131 0.357220
vt 0.616959 0.323785
vt 0.553909 0.274002
vt 0.638455 0.290060
vt 0.735649 0.249787
vt 0.703948 0.185710
vt 0.755537 0.218417
vt 0.684060 0.217080
vt 0.668548 0.356492
vt 0.690044 0.322768
vt 0.828763 0.357220
vt 0.808055 0.475824
vt 0.808055 0.357220
vt 0.704386 0.019305
vt 0.725304 0.082156
vt 0.659530 0.105997
vt 0.931778 0.357220
vt 0.911070 0.475824
vt 0.911070 0.357220
vt 0.881717 0.357220
vt 0.881717 0.475824
vt 0.858115 0.475824
vt 0.828762 0.475824
vt 0.778702 0.357220
vt 0.778702 0.475824
vt 0.858116 0.357220
vt 0.997191 0.332046
vt 0.780315 0.302446
vt 0.997191 0.302446
vt 0.780315 0.234672
vt 0.997191 0.137298
vt 0.780315 0.137298
vt 0.780315 0.069524
vt 0.996757 0.332673
vt 0.779881 0.303073
vt 0.996758 0.303073
vt 0.996758 0.167525
vt 0.779881 0.137925
vt 0.996758 0.137925
vt 0.997191 0.166898
vt 0.654309 0.137298
vt 0.749192 0.166898
vt 0.654309 0.166898
vt 0.653875 0.167525
vt 0.748758 0.137925
vt 0.748758 0.167525
vt 0.764320 0.332673
vt 0.748758 0.303073
vt 0.764320 0.303073
vt 0.749192 0.302446
vt 0.764754 0.332046
vt 0.749192 0.332046
vt 0.764754 0.302446
vt 0.780315 0.332046
vt 0.764320 0.167525
vt 0.764320 0.137925
vt 0.779881 0.167525
vt 0.780315 0.166898
vt 0.764754 0.137298
vt 0.764754 0.166898
vt 0.749192 0.137298
vt 0.779881 0.070151
vt 0.779881 0.332673
vt 0.765504 0.173480
vt 0.779881 0.235299
vt 0.779881 0.002377
vt 0.765504 0.008333
vt 0.765504 0.297118
vt 0.759549 0.282741
vt 0.759549 0.187857
vt 0.759549 0.022710
vt 0.759549 0.117593
vt 0.765504 0.131970
vt 0.780315 0.001750
vt 0.765938 0.007705
vt 0.759983 0.022082
vt 0.765938 0.131343
vt 0.759983 0.116966
vt 0.765938 0.172853
vt 0.759983 0.187230
vt 0.765938 0.296490
vt 0.759983 0.282114
vt 0.740296 0.392630
vt 0.710143 0.414319
vt 0.630014 0.416402
vt 0.578425 0.383695
vt 0.610616 0.382179
vt 0.607502 0.367837
vt 0.613886 0.357912
vt 0.628228 0.354798
vt 0.636936 0.360398
vt 0.619324 0.387780
vt 0.640050 0.374741
vt 0.633666 0.384666
vt 0.997191 0.001750
vt 0.653875 0.137925
vt 0.748758 0.332673
vt 0.996758 0.002377
vt 0.984733 0.475824
vt 0.546978 0.310493
vt 0.638612 0.085079
vt 0.638612 0.043146
vt 0.662453 0.019305
vt 0.725304 0.040223
vt 0.701463 0.105997
vt 0.931778 0.475824
vt 0.396920 0.828353
vt 0.442660 0.843709
vt 0.396920 0.843709
vt 0.396920 0.752175
vt 0.442660 0.767531
vt 0.396920 0.767531
vt 0.396920 0.726782
vt 0.442660 0.742139
vt 0.396920 0.742138
vt 0.396920 0.853746
vt 0.442660 0.869102
vt 0.396920 0.869102
vt 0.357783 0.927167
vt 0.354196 0.948810
vt 0.353965 0.924203
vt 0.314094 0.917876
vt 0.334093 0.911652
vt 0.313270 0.922945
vt 0.338830 0.909901
vt 0.354042 0.924157
vt 0.334094 0.911744
vt 0.353705 0.954167
vt 0.330732 0.959224
vt 0.354100 0.948786
vt 0.325726 0.960657
vt 0.311569 0.945697
vt 0.330739 0.959126
vt 0.307924 0.942370
vt 0.313190 0.922899
vt 0.311649 0.945655
vt 0.356001 0.904757
vt 0.334660 0.881718
vt 0.366213 0.891970
vt 0.367875 0.947889
vt 0.361330 0.978604
vt 0.352588 0.965340
vt 0.160064 0.952397
vt 0.181894 0.953211
vt 0.181940 0.982506
vt 0.311311 0.902721
vt 0.282805 0.915898
vt 0.302306 0.889058
vt 0.295565 0.944594
vt 0.297675 0.921490
vt 0.213954 0.896348
vt 0.221620 0.876991
vt 0.227493 0.896965
vt 0.383191 0.920473
vt 0.383191 0.953649
vt 0.188929 0.962894
vt 0.199520 0.971351
vt 0.238876 0.900664
vt 0.330523 0.972510
vt 0.329778 0.988856
vt 0.299289 0.975777
vt 0.309201 0.963363
vt 0.210519 0.976069
vt 0.279788 0.948937
vt 0.223663 0.976668
vt 0.216143 0.997178
vt 0.276062 0.957682
vt 0.254248 0.956508
vt 0.258880 0.944192
vt 0.367875 0.924689
vt 0.249158 0.908874
vt 0.257015 0.888491
vt 0.311312 0.902721
vt 0.333937 0.897588
vt 0.276062 0.920465
vt 0.157783 0.800077
vt 0.127310 0.826661
vt 0.127310 0.800077
vt 0.157783 0.826661
vt 0.127310 0.853245
vt 0.127310 0.879828
vt 0.157783 0.906412
vt 0.127310 0.906412
vt 0.157783 0.853245
vt 0.127310 0.959579
vt 0.157783 0.932995
vt 0.157783 0.959579
vt 0.127310 0.932995
vt 0.157783 0.720327
vt 0.127310 0.746910
vt 0.127310 0.720327
vt 0.127310 0.986163
vt 0.157783 0.746910
vt 0.127310 0.773494
vt 0.157783 0.773494
vt 0.392349 0.955643
vt 0.489927 0.961916
vt 0.392349 0.961916
vt 0.352036 0.920215
vt 0.337707 0.958613
vt 0.311618 0.927005
vt 0.392349 0.936135
vt 0.489927 0.942407
vt 0.392349 0.942407
vt 0.392349 0.916626
vt 0.489927 0.922899
vt 0.392349 0.922898
vt 0.392349 0.877609
vt 0.489927 0.883881
vt 0.392349 0.883881
vt 0.396920 0.777568
vt 0.442660 0.792924
vt 0.396920 0.792924
vt 0.488860 0.768378
vt 0.447695 0.744128
vt 0.488860 0.744128
vt 0.333755 0.912079
vt 0.354757 0.948455
vt 0.312753 0.948455
vt 0.488860 0.816880
vt 0.447695 0.792629
vt 0.488860 0.792629
vt 0.488860 0.865382
vt 0.447695 0.841131
vt 0.488860 0.841131
vt 0.447695 0.768378
vt 0.447695 0.816880
vt 0.488861 0.719877
vt 0.447695 0.719877
vt 0.396920 0.802960
vt 0.442660 0.818316
vt 0.396920 0.818316
vt 0.392349 0.975152
vt 0.489927 0.981424
vt 0.392349 0.981424
vt 0.353117 0.919356
vt 0.309403 0.926019
vt 0.312213 0.950554
vt 0.335686 0.961422
vt 0.329395 0.910035
vt 0.357783 0.944913
vt 0.442659 0.853746
vt 0.442660 0.716746
vt 0.442660 0.726782
vt 0.392349 0.994660
vt 0.392349 0.897117
vt 0.489927 0.897117
vt 0.489927 0.955643
vt 0.489927 0.903390
vt 0.489927 0.916626
vt 0.392349 0.903390
vt 0.235046 0.972970
vt 0.251538 0.985677
vt 0.163449 0.915334
vt 0.184261 0.915920
vt 0.179491 0.928606
vt 0.185325 0.885225
vt 0.191296 0.906238
vt 0.258880 0.932224
vt 0.255283 0.919157
vt 0.246362 0.965511
vt 0.202282 0.898996
vt 0.178402 0.940525
vt 0.200033 0.417325
vt 0.100760 0.406160
vt 0.200033 0.404920
vt 0.100760 0.416084
vt 0.094866 0.406160
vt 0.100643 0.400267
vt 0.199887 0.397553
vt 0.199393 0.385157
vt 0.099896 0.384466
vt 0.198953 0.377802
vt 0.100248 0.390350
vt 0.094866 0.416084
vt 0.610720 0.186725
vt 0.627684 0.250032
vt 0.564377 0.233069
vt 0.573143 0.161190
vt 0.521605 0.203915
vt 0.521647 0.162115
vt 0.425837 0.203103
vt 0.416027 0.273165
vt 0.415744 0.188816
vt 0.467257 0.301399
vt 0.520982 0.316425
vt 0.457280 0.315395
vt 0.468519 0.160713
vt 0.521631 0.148121
vt 0.574808 0.300607
vt 0.520799 0.302255
vt 0.583270 0.146995
vt 0.615594 0.202863
vt 0.625621 0.272811
vt 0.615594 0.259021
vt 0.573798 0.259021
vt 0.520622 0.260287
vt 0.467696 0.202963
vt 0.467885 0.259199
vt 0.426026 0.259339
vt 0.573798 0.202863
vt 0.688532 0.034593
vt 0.539593 0.045084
vt 0.539593 0.034593
vt 0.688532 0.108209
vt 0.539593 0.118701
vt 0.539593 0.108209
vt 0.688532 0.010054
vt 0.539593 0.020546
vt 0.539593 0.010054
vt 0.688531 0.083670
vt 0.539593 0.094162
vt 0.539593 0.083670
vt 0.688532 0.059131
vt 0.539593 0.069623
vt 0.539593 0.059131
vt 0.688532 0.045084
vt 0.688532 0.069623
vt 0.688532 0.094162
vt 0.539593 0.132748
vt 0.688532 0.118701
vt 0.688532 0.132748
vt 0.688532 0.020546
vt 0.458500 0.146404
vt 0.584985 0.314418
vt 0.625621 0.188555
vt 0.868433 0.032759
vt 0.841675 0.078905
vt 0.841327 0.032964
vt 0.894515 0.032750
vt 0.868945 0.078731
vt 0.862554 0.423086
vt 0.904203 0.390277
vt 0.904339 0.422911
vt 0.894504 0.006665
vt 0.861118 0.006680
vt 0.987189 0.032699
vt 0.987174 0.006611
vt 0.987217 0.078616
vt 0.902909 0.104757
vt 0.895066 0.078673
vt 0.862346 0.373255
vt 0.833911 0.354661
vt 0.863420 0.363144
vt 0.937697 0.378333
vt 0.904152 0.378161
vt 0.904131 0.373080
vt 0.869980 0.325312
vt 0.842747 0.325428
vt 0.922331 0.078559
vt 0.896096 0.325202
vt 0.845834 0.337975
vt 0.936463 0.387179
vt 0.862367 0.378336
vt 0.986393 0.104705
vt 0.830531 0.396243
vt 0.862418 0.390451
vt 0.936136 0.395802
vt 0.902972 0.362979
vt 0.932409 0.354249
vt 0.920347 0.337664
vt 0.830133 0.387623
vt 0.828825 0.378788
vt 0.835935 0.900096
vt 0.851803 0.934003
vt 0.835935 0.934003
vt 0.835935 0.832284
vt 0.851803 0.900096
vt 0.835935 0.730565
vt 0.851803 0.764471
vt 0.835935 0.764471
vt 0.802028 0.900096
vt 0.851803 0.832284
vt 0.885709 0.764471
vt 0.967356 0.253568
vt 0.990412 0.153185
vt 0.990412 0.253568
vt 0.847421 0.827902
vt 0.847421 0.768853
vt 0.840316 0.768853
vt 0.840316 0.827902
vt 0.955278 0.153185
vt 0.932222 0.253568
vt 0.932222 0.153185
vt 0.967356 0.153185
vt 0.955278 0.130129
vt 0.967356 0.130129
vt 0.955278 0.253568
vt 0.967356 0.276625
vt 0.955278 0.276625
vt 0.711370 0.966832
vt 0.680356 0.913259
vt 0.711370 0.913259
vt 0.582015 0.913259
vt 0.613029 0.913259
vt 0.532845 0.913259
vt 0.563858 0.913259
vt 0.608893 0.496238
vt 0.625841 0.499721
vt 0.619108 0.506454
vt 0.514688 0.913259
vt 0.662199 0.913259
vt 0.631186 0.913259
vt 0.625841 0.450449
vt 0.664898 0.460664
vt 0.654682 0.499721
vt 0.674419 0.489506
vt 0.674419 0.460664
vt 0.606104 0.460664
vt 0.615625 0.489506
vt 0.606104 0.489506
vt 0.661415 0.506454
vt 0.664898 0.489506
vt 0.671630 0.496238
vt 0.619109 0.443717
vt 0.615625 0.460664
vt 0.608893 0.453932
vt 0.654682 0.440928
vt 0.625841 0.440928
vt 0.625841 0.509242
vt 0.654682 0.509242
vt 0.671630 0.453932
vt 0.654682 0.450449
vt 0.661415 0.443717
vt 0.123374 0.554135
vt 0.138090 0.534367
vt 0.128508 0.557555
vt 0.107348 0.570198
vt 0.110801 0.575329
vt 0.086391 0.578927
vt 0.087620 0.584992
vt 0.063692 0.578969
vt 0.062504 0.585043
vt 0.026661 0.554280
vt 0.011920 0.534526
vt 0.017987 0.533314
vt 0.039290 0.575467
vt 0.042714 0.570314
vt 0.011948 0.509416
vt 0.018021 0.510607
vt 0.021523 0.557726
vt 0.155963 0.254439
vt 0.208798 0.224453
vt 0.208798 0.254439
vt 0.155963 0.284424
vt 0.208798 0.284424
vt 0.208798 0.314409
vt 0.208798 0.344395
vt 0.155963 0.314409
vt 0.208798 0.374380
vt 0.155963 0.344395
vt 0.155963 0.404366
vt 0.208798 0.404365
vt 0.208797 0.434351
vt 0.208798 0.464336
vt 0.155963 0.434351
vt 0.208798 0.494321
vt 0.155963 0.464336
vt 0.208798 0.044542
vt 0.155964 0.014556
vt 0.208798 0.014557
vt 0.155964 0.074527
vt 0.208798 0.074527
vt 0.208798 0.104512
vt 0.208798 0.134498
vt 0.155963 0.104512
vt 0.155963 0.164483
vt 0.208798 0.164483
vt 0.155963 0.194468
vt 0.208798 0.194468
vt 0.155963 0.224454
vt 0.021458 0.486175
vt 0.026626 0.489589
vt 0.042641 0.473479
vt 0.039176 0.468320
vt 0.062408 0.458662
vt 0.063615 0.464739
vt 0.086313 0.464721
vt 0.087528 0.458652
vt 0.107281 0.473405
vt 0.110729 0.468265
vt 0.123330 0.489462
vt 0.128484 0.486032
vt 0.132017 0.510445
vt 0.138090 0.509247
vt 0.132023 0.533156
vt 0.069332 0.787158
vt 0.096752 0.958924
vt 0.069332 0.958924
vt 0.095074 0.784054
vt 0.067654 0.955821
vt 0.067654 0.784055
vt 0.045291 0.787158
vt 0.008491 0.958924
vt 0.008491 0.787158
vt 0.044847 0.784209
vt 0.008047 0.955975
vt 0.008047 0.784209
vt 0.090959 0.982868
vt 0.120349 0.955975
vt 0.113170 0.992068
vt 0.095074 0.955820
vt 0.111936 0.991913
vt 0.089725 0.982714
vt 0.090525 0.987198
vt 0.119915 0.960305
vt 0.112735 0.996398
vt 0.113614 0.995017
vt 0.091403 0.985817
vt 0.119115 0.784054
vt 0.096752 0.787158
vt 0.120793 0.958924
vt 0.043613 0.784055
vt 0.043613 0.955821
vt 0.007613 0.788539
vt 0.044413 0.960305
vt 0.007613 0.960305
vt 0.045291 0.958924
vt 0.068888 0.784209
vt 0.096308 0.955975
vt 0.068888 0.955975
vt 0.095874 0.788539
vt 0.068454 0.960305
vt 0.068454 0.788540
vt 0.044848 0.955975
vt 0.119914 0.788540
vt 0.095874 0.960305
vt 0.006813 0.784055
vt 0.006813 0.955820
vt 0.120349 0.784210
vt 0.096308 0.784210
vt 0.044413 0.788540
vt 0.155963 0.374380
vt 0.155963 0.494321
vt 0.155964 0.044542
vt 0.155963 0.134498
vt 0.119115 0.955820
vt 0.120793 0.787158
vt 0.442660 0.828353
vt 0.442660 0.752175
vt 0.354100 0.948784
vt 0.157783 0.879828
vt 0.157783 0.986163
vt 0.315538 0.920215
vt 0.329867 0.911942
vt 0.337707 0.911943
vt 0.355956 0.927005
vt 0.355956 0.943550
vt 0.352036 0.950341
vt 0.329867 0.958613
vt 0.315538 0.950341
vt 0.311618 0.943550
vt 0.489927 0.936135
vt 0.489927 0.877609
vt 0.442660 0.777568
vt 0.312753 0.924205
vt 0.354757 0.924205
vt 0.333755 0.960581
vt 0.447695 0.865382
vt 0.442660 0.802960
vt 0.489927 0.975152
vt 0.396920 0.716746
vt 0.489927 0.994660
vt 0.564377 0.213482
vt 0.574170 0.196519
vt 0.591133 0.186725
vt 0.627684 0.196518
vt 0.637477 0.213481
vt 0.637477 0.233069
vt 0.610721 0.259825
vt 0.591134 0.259825
vt 0.574170 0.250032
vt 0.923361 0.325089
vt 0.851803 0.730565
vt 0.802028 0.764471
vt 0.885709 0.900096
vt 0.044789 0.091175
vt 0.042598 0.089336
vt 0.044040 0.092068
vt 0.041848 0.090229
vt 0.151962 0.090047
vt 0.200589 0.092023
vt 0.151213 0.090940
vt 0.199147 0.089291
vt 0.149770 0.088208
vt 0.094165 0.090064
vt 0.091973 0.088225
vt 0.093416 0.090957
vt 0.091224 0.089118
vt 0.149021 0.089101
vt 0.198397 0.090184
vt 0.231314 0.089077
vt 0.233506 0.090917
vt 0.241563 0.096370
vt 0.270920 0.096370
vt 0.299496 0.096004
vt 0.328853 0.096004
vt 0.270138 0.096004
vt 0.240781 0.096004
vt 0.175690 0.028623
vt 0.175690 -0.000735
vt 0.175690 0.057980
vt 0.175690 0.087337
vt 0.304239 0.057980
vt 0.304239 0.087337
vt 0.304239 0.028623
vt 0.304239 -0.000735
vt 0.232064 0.088184
vt 0.300277 0.096370
vt 0.329634 0.096370
vt 0.011872 0.090087
vt 0.009680 0.088248
vt 0.011122 0.090980
vt 0.008930 0.089141
vt 0.223514 0.259927
vt 0.249137 0.321423
vt 0.223514 0.321423
vt 0.707610 0.535890
vt 0.779524 0.496134
vt 0.797502 0.535890
vt 0.454123 0.321423
vt 0.479746 0.259927
vt 0.479746 0.321423
vt 0.351630 0.321423
vt 0.454123 0.347046
vt 0.249137 0.234304
vt 0.454123 0.259927
vt 0.351630 0.259927
vt 0.351630 0.278258
vt 0.393711 0.303092
vt 0.351630 0.303092
vt 0.267468 0.303092
vt 0.249137 0.259927
vt 0.267468 0.278258
vt 0.309549 0.303092
vt 0.393711 0.278258
vt 0.435792 0.278258
vt 0.435792 0.303092
vt 0.309549 0.278258
vt 0.725589 0.464304
vt 0.725589 0.496134
vt 0.797502 0.424548
vt 0.707610 0.424548
vt 0.781373 0.495759
vt 0.727437 0.463930
vt 0.781373 0.463930
vt 0.823696 0.453320
vt 0.799351 0.424173
vt 0.709459 0.424173
vt 0.709459 0.535515
vt 0.799351 0.535515
vt 0.683265 0.506743
vt 0.821847 0.506743
vt 0.779524 0.464304
vt 0.821847 0.453695
vt 0.685114 0.453320
vt 0.727437 0.495759
vt 0.685114 0.506368
vt 0.315299 0.269840
vt 0.402449 0.218575
vt 0.402449 0.269840
vt 0.315299 0.218575
vt 0.402449 0.167310
vt 0.315299 0.167310
vt 0.402448 0.116046
vt 0.315299 0.116046
vt 0.402448 0.064781
vt 0.466641 0.019616
vt 0.511038 0.096513
vt 0.422245 0.096513
vt 0.315299 0.064781
vt 0.402448 0.013516
vt 0.315299 0.321104
vt 0.402449 0.321104
vt 0.422245 0.045248
vt 0.511038 0.045248
vt 0.466641 0.122145
vt 0.315299 0.013516
vt 0.182229 0.989027
vt 0.192835 0.828601
vt 0.192835 0.989027
vt 0.256549 0.989027
vt 0.267154 0.828601
vt 0.267155 0.989027
vt 0.275861 0.989027
vt 0.322162 0.828601
vt 0.322162 0.989027
vt 0.328318 0.811839
vt 0.269704 0.822445
vt 0.201541 0.989027
vt 0.247842 0.828601
vt 0.247843 0.989027
vt 0.271508 0.996567
vt 0.173523 0.989027
vt 0.177877 0.996567
vt 0.197188 0.996567
vt 0.252196 0.996567
vt 0.243490 0.996567
vt 0.275861 0.828601
vt 0.173523 0.828601
vt 0.201541 0.828601
vt 0.771602 0.765619
vt 0.789014 0.562724
vt 0.789014 0.765620
vt 0.752691 0.562724
vt 0.762300 0.765620
vt 0.752691 0.765620
vt 0.725465 0.562724
vt 0.742878 0.765620
vt 0.725465 0.765620
vt 0.015916 0.060143
vt 0.025049 0.027927
vt 0.047165 0.038258
vt 0.706554 0.562724
vt 0.716164 0.765619
vt 0.706554 0.765620
vt 0.798827 0.765619
vt 0.716164 0.562724
vt 0.742878 0.562724
vt 0.762300 0.562724
vt 0.771601 0.562724
vt 0.472590 0.536835
vt 0.561354 0.530184
vt 0.561354 0.536835
vt 0.472590 0.623951
vt 0.561354 0.617300
vt 0.561354 0.623951
vt 0.472590 0.606528
vt 0.561354 0.599877
vt 0.561354 0.606528
vt 0.472590 0.589105
vt 0.561354 0.582454
vt 0.561354 0.589105
vt 0.472590 0.571681
vt 0.561354 0.565030
vt 0.561354 0.571681
vt 0.472590 0.554258
vt 0.561354 0.547607
vt 0.561354 0.554258
vt 0.472590 0.641374
vt 0.561354 0.634724
vt 0.561354 0.641374
vt 0.929062 0.632286
vt 0.986275 0.646491
vt 0.972070 0.703704
vt 0.472590 0.658798
vt 0.561354 0.652147
vt 0.561354 0.658798
vt 0.472590 0.669570
vt 0.561354 0.669570
vt 0.472590 0.652147
vt 0.472590 0.634724
vt 0.472590 0.617300
vt 0.472590 0.599877
vt 0.472590 0.582454
vt 0.472590 0.565030
vt 0.472590 0.547607
vt 0.249137 0.347046
vt 0.454123 0.234304
vt 0.823696 0.506368
vt 0.683265 0.453695
vt 0.182229 0.828601
vt 0.256549 0.828601
vt 0.269704 0.811839
vt 0.275861 0.805683
vt 0.322162 0.805683
vt 0.328318 0.822445
vt 0.205894 0.996567
vt 0.047165 0.061817
vt 0.038033 0.070473
vt 0.025050 0.069778
vt 0.015916 0.036584
vt 0.038032 0.028623
vt 0.798827 0.562724
vt 0.472590 0.530184
vt 0.960611 0.708450
vt 0.940521 0.708450
vt 0.929062 0.703704
vt 0.914857 0.689499
vt 0.910111 0.678039
vt 0.910111 0.657950
vt 0.914857 0.646491
vt 0.940521 0.627539
vt 0.960611 0.627539
vt 0.972070 0.632286
vt 0.991022 0.657950
vt 0.991022 0.678039
vt 0.986275 0.689499
vt 0.247664 0.864747
vt 0.273802 0.817802
vt 0.273802 0.864747
vt 0.373539 0.905738
vt 0.277338 0.892540
vt 0.300198 0.879342
vt 0.272497 0.776353
vt 0.246358 0.693038
vt 0.272497 0.693038
vt 0.247664 0.905738
vt 0.147927 0.905738
vt 0.221267 0.879342
vt 0.273802 0.989052
vt 0.247664 0.989052
vt 0.285695 0.882420
vt 0.368697 0.892082
vt 0.372234 0.988595
vt 0.246358 0.905280
vt 0.272497 0.988595
vt 0.246358 0.988595
vt 0.246358 0.864289
vt 0.272497 0.817344
vt 0.272497 0.864289
vt 0.173017 0.878884
vt 0.146621 0.988595
vt 0.246358 0.877953
vt 0.272497 0.891616
vt 0.246358 0.891616
vt 0.272497 0.905280
vt 0.247664 0.817802
vt 0.273802 0.804138
vt 0.247664 0.804138
vt 0.273802 0.790475
vt 0.247663 0.790475
vt 0.273802 0.776811
vt 0.247664 0.878410
vt 0.273802 0.878410
vt 0.247664 0.892074
vt 0.273802 0.892074
vt 0.246358 0.817344
vt 0.272497 0.803680
vt 0.246358 0.803680
vt 0.272497 0.790017
vt 0.246358 0.790017
vt 0.247663 0.693496
vt 0.273802 0.693496
vt 0.288910 0.539023
vt 0.369697 0.514787
vt 0.369697 0.539023
vt 0.288910 0.676361
vt 0.264674 0.539023
vt 0.369697 0.676361
vt 0.288910 0.700597
vt 0.393933 0.676361
vt 0.199014 0.867087
vt 0.231329 0.806766
vt 0.231329 0.867087
vt 0.183886 0.539023
vt 0.252556 0.551141
vt 0.196005 0.551141
vt 0.264674 0.676361
vt 0.252556 0.664243
vt 0.196005 0.664243
vt 0.183886 0.676361
vt 0.199014 0.806766
vt 0.138693 0.776605
vt 0.199014 0.776605
vt 0.199014 0.716285
vt 0.231329 0.686124
vt 0.231329 0.716285
vt 0.231329 0.776605
vt 0.147927 0.989052
vt 0.151463 0.892540
vt 0.161125 0.882878
vt 0.174323 0.879342
vt 0.234465 0.882878
vt 0.244127 0.892540
vt 0.247663 0.776811
vt 0.369697 0.700597
vt 0.520802 0.837074
vt 0.591752 0.825568
vt 0.591752 0.837074
vt 0.520802 0.966877
vt 0.591752 0.955370
vt 0.591752 0.966877
vt 0.520802 0.940916
vt 0.591752 0.929410
vt 0.591752 0.940916
vt 0.520802 0.914956
vt 0.591752 0.903449
vt 0.591752 0.914956
vt 0.520802 0.888995
vt 0.591752 0.877489
vt 0.591752 0.888995
vt 0.520802 0.863035
vt 0.591752 0.851528
vt 0.591752 0.863035
vt 0.520802 0.992837
vt 0.591752 0.981331
vt 0.591752 0.992837
vt 0.520802 0.811114
vt 0.591752 0.799607
vt 0.591752 0.811114
vt 0.611820 0.681751
vt 0.591571 0.690139
vt 0.584494 0.662596
vt 0.612132 0.634957
vt 0.631288 0.662284
vt 0.606807 0.647812
vt 0.612132 0.621581
vt 0.606807 0.608726
vt 0.631288 0.594254
vt 0.520802 0.825568
vt 0.591752 0.785153
vt 0.520802 0.799607
vt 0.520802 0.785153
vt 0.520802 0.981331
vt 0.520802 0.955370
vt 0.520802 0.929410
vt 0.520802 0.903449
vt 0.520802 0.877489
vt 0.520802 0.851528
vt 0.611820 0.574787
vt 0.597349 0.599267
vt 0.584494 0.593942
vt 0.639675 0.614503
vt 0.524323 0.662284
vt 0.543479 0.634957
vt 0.548804 0.647812
vt 0.543479 0.621581
vt 0.515936 0.614503
vt 0.639675 0.642035
vt 0.543791 0.574787
vt 0.564040 0.566399
vt 0.571117 0.593942
vt 0.543791 0.681751
vt 0.558262 0.657271
vt 0.571117 0.662596
vt 0.597349 0.657271
vt 0.591571 0.566399
vt 0.564040 0.690139
vt 0.558262 0.599267
vt 0.548804 0.608726
vt 0.524323 0.594254
vt 0.515936 0.642035
vt 0.796681 0.310266
vt 0.824878 0.362752
vt 0.796681 0.362752
vt 0.995218 0.379673
vt 0.964763 0.348182
vt 0.966857 0.337654
vt 0.824878 0.196739
vt 0.796681 0.144252
vt 0.824878 0.144252
vt 0.796681 0.196739
vt 0.824878 0.216152
vt 0.796681 0.216152
vt 0.796681 0.241244
vt 0.824878 0.253790
vt 0.796681 0.253790
vt 0.824878 0.266336
vt 0.796681 0.266336
vt 0.824878 0.278882
vt 0.796681 0.278882
vt 0.824878 0.291428
vt 0.796681 0.291428
vt 0.796681 0.228698
vt 0.824878 0.228698
vt 0.824878 0.241244
vt 0.994173 0.378343
vt 0.963718 0.347345
vt 0.965812 0.336817
vt 0.824878 0.310265
vt 0.938621 0.324429
vt 0.887703 0.271026
vt 0.938621 0.271026
vt 0.938724 0.201870
vt 0.887806 0.175912
vt 0.938724 0.175913
vt 0.887703 0.245068
vt 0.938621 0.245068
vt 0.937785 0.269082
vt 0.886867 0.322485
vt 0.886868 0.269082
vt 0.861888 0.316488
vt 0.887347 0.268149
vt 0.887347 0.321553
vt 0.862347 0.276167
vt 0.887806 0.324506
vt 0.862347 0.319442
vt 0.861408 0.274146
vt 0.861408 0.317421
vt 0.862244 0.276090
vt 0.887703 0.324429
vt 0.862244 0.319364
vt 0.938621 0.201793
vt 0.887703 0.175835
vt 0.938621 0.175835
vt 0.938265 0.242192
vt 0.887347 0.198917
vt 0.938265 0.198917
vt 0.937785 0.199849
vt 0.886868 0.243124
vt 0.886867 0.199849
vt 0.938265 0.172959
vt 0.887347 0.172959
vt 0.937785 0.243124
vt 0.887347 0.242192
vt 0.886867 0.173891
vt 0.937785 0.173891
vt 0.887806 0.245145
vt 0.887806 0.201870
vt 0.938265 0.268149
vt 0.887703 0.201793
vt 0.938724 0.324506
vt 0.887806 0.271103
vt 0.938724 0.271103
vt 0.938724 0.245145
vt 0.901023 0.438538
vt 0.951318 0.486863
vt 0.850729 0.438538
vt 0.742233 0.325376
vt 0.685726 0.223914
vt 0.752503 0.256767
vt 0.682785 0.240865
vt 0.768386 0.162380
vt 0.751905 0.234954
vt 0.951318 0.531686
vt 0.850729 0.575686
vt 0.850729 0.531686
vt 0.850729 0.603182
vt 0.951317 0.575686
vt 0.951318 0.603182
vt 0.850729 0.486863
vt 0.741263 0.327008
vt 0.704299 0.299921
vt 0.735256 0.165719
vt 0.800384 0.199424
vt 0.347143 0.879342
vt 0.360341 0.882878
vt 0.370002 0.892540
vt 0.373539 0.989052
vt 0.273802 0.905738
vt 0.287000 0.882878
vt 0.246358 0.776353
vt 0.276033 0.892082
vt 0.298893 0.878884
vt 0.345838 0.878884
vt 0.359036 0.882420
vt 0.372234 0.905280
vt 0.146621 0.905280
vt 0.150158 0.892082
vt 0.159819 0.882420
vt 0.219962 0.878884
vt 0.233160 0.882420
vt 0.242822 0.892082
vt 0.272497 0.877953
vt 0.288910 0.514787
vt 0.393933 0.539023
vt 0.138693 0.806766
vt 0.199014 0.686124
vt 0.958800 0.318202
vt 0.949875 0.312239
vt 0.950313 0.296128
vt 0.995218 0.296128
vt 0.950313 0.379673
vt 0.949875 0.363070
vt 0.958800 0.357107
vt 0.964763 0.327127
vt 0.957755 0.317365
vt 0.948830 0.311401
vt 0.949267 0.294798
vt 0.994173 0.294798
vt 0.949267 0.378343
vt 0.948830 0.362233
vt 0.957755 0.356269
vt 0.963718 0.326290
vt 0.937785 0.322485
vt 0.861888 0.273214
vt 0.938265 0.321553
vt 0.951318 0.438538
vt 0.875876 0.438538
vt 0.804666 0.318135
vt 0.774170 0.327965
vt 0.713717 0.310762
vt 0.692966 0.286348
vt 0.683136 0.255851
vt 0.700339 0.195399
vt 0.687668 0.272533
vt 0.690391 0.209740
vt 0.709331 0.183894
vt 0.736719 0.167264
vt 0.799512 0.169987
vt 0.803794 0.288698
s 1
usemtl SpacialRoverExploreralumWhite
f 105/1/1 115/2/2 118/3/1
f 109/4/3 117/5/4 120/6/3
f 122/7/5 110/8/6 119/9/6
f 103/10/7 113/11/8 116/12/7
f 204/13/9 230/14/10 211/15/10
f 203/16/11 231/17/12 222/18/11
f 217/19/13 239/20/14 238/21/13
f 99/22/15 121/23/16 112/24/15
f 101/25/17 111/26/18 114/27/17
f 9/28/19 7/29/20 34/30/21
f 240/31/22 216/32/23 233/33/23
f 220/34/24 226/35/25 201/36/25
f 206/37/26 234/38/27 215/39/27
f 212/40/28 224/41/29 205/42/29
f 218/43/30 228/44/31 209/45/31
f 210/46/32 236/47/33 219/48/33
f 6/49/34 3/50/35 35/51/35
f 2/52/36 37/53/37 38/54/38
f 8/55/39 42/56/40 36/57/40
f 7/29/20 1/58/41 44/59/41
f 1/60/42 47/61/43 46/62/44
f 4/63/45 48/64/45 50/65/45
f 5/66/46 40/67/47 52/68/47
f 4/63/48 53/69/49 41/70/50
f 10/71/51 33/72/52 54/73/52
f 129/74/53 139/75/54 142/76/53
f 133/77/55 141/78/56 144/79/55
f 146/80/57 134/81/58 143/82/58
f 127/83/59 137/84/60 140/85/59
f 123/86/61 145/87/62 136/88/61
f 125/89/63 135/90/64 138/91/63
f 112/24/15 100/92/18 99/22/15
f 116/12/7 104/93/2 103/10/7
f 122/7/5 108/94/16 107/95/5
f 114/27/17 102/96/8 101/25/17
f 118/3/1 106/97/4 105/1/1
f 109/4/3 119/98/6 110/99/6
f 136/100/61 124/101/64 123/102/61
f 140/85/59 128/103/54 127/83/59
f 146/80/57 132/104/62 131/105/57
f 138/91/63 126/106/60 125/89/63
f 142/76/53 130/107/56 129/74/53
f 144/79/55 134/81/58 133/77/55
f 107/108/65 158/109/65 155/110/65
f 104/111/65 151/112/65 103/113/65
f 185/114/34 129/115/34 188/116/34
f 123/117/34 124/118/34 181/119/34
f 129/115/34 185/114/34 128/120/34
f 128/120/34 185/114/34 127/121/34
f 224/41/29 206/122/26 205/42/29
f 226/35/25 202/123/66 201/36/25
f 228/44/31 210/46/32 209/45/31
f 238/21/13 218/43/30 217/19/13
f 234/38/27 216/32/23 215/39/27
f 236/47/33 220/34/24 219/48/33
f 222/18/11 204/13/9 203/16/11
f 230/14/10 212/40/28 211/15/10
f 207/124/22 239/20/14 208/125/14
f 232/126/67 214/127/12 213/128/67
f 202/123/66 232/126/67 213/128/67
f 108/129/65 99/130/65 148/131/65
f 151/112/65 104/111/65 154/132/65
f 106/133/65 153/134/65 105/135/65
f 101/136/65 102/137/65 149/138/65
f 149/138/65 102/137/65 152/139/65
f 102/137/65 103/113/65 152/139/65
f 104/111/65 105/135/65 154/132/65
f 101/136/65 149/138/65 150/140/65
f 156/141/65 153/134/65 106/133/65
f 101/136/65 150/140/65 147/142/65
f 156/141/65 106/133/65 109/143/65
f 100/144/65 101/136/65 147/142/65
f 99/130/65 100/144/65 147/142/65
f 156/141/65 109/143/65 110/145/65
f 99/130/65 147/142/65 148/131/65
f 155/110/65 156/141/65 110/145/65
f 157/146/65 108/129/65 148/131/65
f 110/145/65 107/108/65 155/110/65
f 158/109/65 108/129/65 157/146/65
f 153/134/65 154/132/65 105/135/65
f 188/116/34 129/115/34 130/147/34
f 108/129/65 158/109/65 107/108/65
f 103/113/65 151/112/65 152/139/65
f 125/148/34 126/149/34 183/150/34
f 183/150/34 126/149/34 186/151/34
f 126/149/34 127/121/34 186/151/34
f 187/152/34 188/116/34 130/147/34
f 125/148/34 183/150/34 184/153/34
f 187/152/34 130/147/34 133/154/34
f 124/118/34 125/148/34 184/153/34
f 190/155/34 187/152/34 133/154/34
f 124/118/34 184/153/34 181/119/34
f 182/156/34 123/117/34 181/119/34
f 189/157/34 190/155/34 133/154/34
f 189/157/34 133/154/34 134/158/34
f 123/117/34 182/156/34 191/159/34
f 192/160/34 189/157/34 134/158/34
f 192/160/34 132/161/34 191/159/34
f 132/161/34 123/117/34 191/159/34
f 192/160/34 134/158/34 131/162/34
f 132/161/34 192/160/34 131/162/34
f 127/121/34 185/114/34 186/151/34
f 204/13/9 221/163/9 230/14/10
f 203/16/11 214/127/12 231/17/12
f 217/19/13 208/125/14 239/20/14
f 240/31/22 207/124/22 216/32/23
f 220/34/24 235/164/24 226/35/25
f 206/37/26 223/165/26 234/38/27
f 212/40/28 229/166/28 224/41/29
f 218/43/30 237/167/30 228/44/31
f 210/46/32 227/168/32 236/47/33
f 224/41/29 223/169/26 206/122/26
f 226/35/25 225/170/66 202/123/66
f 228/44/31 227/168/32 210/46/32
f 238/21/13 237/167/30 218/43/30
f 234/38/27 233/33/23 216/32/23
f 236/47/33 235/164/24 220/34/24
f 222/18/11 221/163/9 204/13/9
f 230/14/10 229/166/28 212/40/28
f 207/124/22 240/31/22 239/20/14
f 232/126/67 231/17/12 214/127/12
f 202/123/66 225/170/66 232/126/67
f 255/171/68 273/172/68 241/173/68
f 248/174/68 283/175/68 250/176/68
f 242/177/68 273/172/68 276/178/68
f 243/179/68 288/180/68 274/181/68
f 251/182/68 282/183/68 284/184/68
f 244/185/68 274/181/68 277/186/68
f 252/187/68 285/188/68 253/189/68
f 245/190/68 276/178/68 278/191/68
f 250/176/68 275/192/68 252/187/68
f 246/193/68 277/186/68 279/194/68
f 254/195/68 284/184/68 286/196/68
f 245/190/68 280/197/68 247/198/68
f 253/189/68 287/199/68 255/171/68
f 246/193/68 281/200/68 248/174/68
f 256/201/68 286/196/68 288/180/68
f 249/202/68 280/197/68 282/183/68
f 273/203/69 293/204/70 276/205/70
f 263/206/71 326/207/72 325/208/73
f 274/209/74 301/210/65 277/211/65
f 276/205/70 294/212/75 278/213/75
f 277/211/65 302/214/76 279/215/76
f 278/213/75 295/216/77 280/217/77
f 281/218/78 302/214/76 303/219/78
f 280/217/77 296/220/79 282/221/79
f 281/218/78 304/222/80 283/223/80
f 282/221/79 297/224/81 284/225/81
f 275/226/34 289/227/82 285/228/82
f 283/223/80 290/229/34 275/226/34
f 286/230/83 297/224/81 298/231/83
f 287/232/84 289/227/82 291/233/84
f 286/230/83 299/234/85 288/235/85
f 273/203/69 291/236/84 292/237/69
f 288/235/85 300/238/74 274/209/74
f 258/239/68 289/240/68 290/241/68
f 257/242/68 291/243/68 289/240/68
f 259/244/68 292/245/68 291/243/68
f 260/246/68 293/247/68 292/245/68
f 261/248/68 294/249/68 293/247/68
f 262/250/68 295/251/68 294/249/68
f 263/252/68 296/253/68 295/251/68
f 265/254/68 296/253/68 264/255/68
f 266/256/68 297/257/68 265/254/68
f 267/258/68 298/259/68 266/256/68
f 268/260/68 299/261/68 267/258/68
f 269/262/68 300/263/68 268/260/68
f 270/264/68 301/265/68 269/262/68
f 271/266/68 302/267/68 270/264/68
f 272/268/68 303/269/68 271/266/68
f 272/268/68 290/241/68 304/270/68
f 271/271/86 330/272/87 329/273/88
f 265/274/89 333/275/90 334/276/91
f 257/277/92 258/278/93 337/279/94
f 258/278/95 332/280/96 340/281/97
f 265/274/89 341/282/98 342/283/99
f 259/284/100 339/285/101 344/286/102
f 267/287/103 346/288/104 348/289/105
f 259/290/100 349/291/106 350/292/107
f 268/293/108 348/289/105 351/294/109
f 260/295/110 353/296/111 354/297/112
f 269/298/113 352/299/114 355/300/115
f 261/301/116 357/302/117 358/303/118
f 270/304/119 356/305/120 359/306/121
f 262/307/122 361/308/123 327/309/124
f 271/271/86 360/310/125 362/311/126
f 313/312/127 324/313/127 314/314/127
f 386/315/34 324/316/34 322/317/34
f 310/318/128 321/319/128 311/320/128
f 307/321/65 387/322/65 308/323/65
f 314/324/129 316/325/129 306/326/129
f 312/327/130 321/319/130 322/328/130
f 309/329/131 387/322/131 319/330/131
f 305/331/132 316/325/132 315/332/132
f 313/312/70 322/328/70 323/333/70
f 309/329/133 320/334/133 310/318/133
f 305/331/134 388/335/134 307/321/134
f 382/336/129 364/337/129 363/338/129
f 379/339/127 382/340/127 380/341/127
f 377/342/70 380/341/70 378/343/70
f 375/344/130 378/343/130 376/345/130
f 373/346/128 376/345/128 374/347/128
f 371/348/133 374/347/133 372/349/133
f 369/350/131 372/349/131 370/351/131
f 367/352/65 370/351/65 368/353/65
f 365/354/134 368/353/134 366/355/134
f 364/337/132 366/355/132 363/338/132
f 319/330/131 387/322/131 386/356/131
f 388/335/134 315/332/134 385/357/134
f 317/358/65 386/356/65 318/359/65
f 318/359/65 387/322/65 384/360/65
f 383/361/65 385/357/65 317/358/65
f 384/360/65 388/335/65 383/361/65
f 409/362/135 394/363/136 405/364/136
f 414/365/137 410/366/137 406/367/137
f 402/368/138 408/369/139 415/370/138
f 396/371/68 404/372/68 400/373/68
f 399/374/140 414/375/141 412/376/140
f 400/373/142 413/377/143 411/378/142
f 401/379/144 412/376/140 413/380/144
f 415/370/138 404/381/145 402/368/138
f 416/382/146 403/383/141 404/381/147
f 406/367/148 395/384/149 393/385/148
f 407/386/150 394/363/136 395/387/150
f 408/369/139 398/388/151 410/389/151
f 398/388/152 409/362/135 410/389/153
f 411/378/142 393/385/148 400/373/142
f 484/390/81 430/391/154 429/392/81
f 483/393/154 431/394/155 430/391/154
f 485/395/155 432/396/65 431/394/155
f 486/397/65 433/398/156 432/396/65
f 487/399/156 434/400/157 433/398/156
f 488/401/157 435/402/34 434/400/157
f 435/402/34 490/403/158 436/404/158
f 436/404/158 491/405/159 437/406/159
f 491/405/159 438/407/70 437/406/159
f 438/407/70 493/408/160 439/409/160
f 427/410/156 506/411/157 428/412/157
f 493/413/160 440/414/161 439/415/160
f 494/416/161 429/392/81 440/414/161
f 465/417/81 472/418/81 471/419/81
f 466/420/137 473/421/137 472/418/137
f 468/422/68 471/419/68 474/423/68
f 466/420/70 468/424/70 470/425/70
f 469/426/162 471/419/162 472/418/162
f 469/427/137 472/418/137 473/421/137
f 471/419/68 467/428/68 474/423/68
f 418/429/137 484/430/137 417/431/137
f 418/429/137 485/432/137 483/433/137
f 420/434/137 485/432/137 419/435/137
f 420/434/137 487/436/137 486/437/137
f 422/438/137 487/436/137 421/439/137
f 423/440/137 488/441/137 422/438/137
f 423/440/137 490/442/137 489/443/137
f 425/444/137 490/442/137 424/445/137
f 426/446/137 491/447/137 425/444/137
f 426/446/137 493/448/137 492/449/137
f 427/450/137 494/451/137 493/448/137
f 417/431/137 494/451/137 428/452/137
f 417/453/34 495/454/158 418/455/158
f 424/456/154 503/457/155 425/458/155
f 421/459/160 500/460/161 422/461/161
f 428/412/157 496/462/34 417/453/34
f 418/455/158 497/463/159 419/464/159
f 425/458/155 504/465/65 426/466/65
f 422/461/161 501/467/81 423/468/81
f 419/464/159 498/469/70 420/470/70
f 426/466/65 505/471/156 427/472/156
f 423/468/81 502/473/154 424/456/154
f 420/470/70 499/474/160 421/459/160
f 589/475/137 580/476/137 579/477/137
f 590/478/70 611/479/70 580/476/70
f 555/480/137 556/481/137 553/482/137
f 553/482/65 602/483/65 555/480/65
f 558/484/70 604/485/70 556/481/70
f 579/477/65 600/486/65 589/475/65
f 617/487/163 626/488/164 615/489/164
f 617/487/163 628/490/165 627/491/163
f 615/489/164 625/492/166 613/493/166
f 619/494/165 629/495/167 628/490/165
f 630/496/137 635/497/137 629/498/137
f 626/499/168 631/500/168 625/501/168
f 628/502/169 633/503/169 627/504/169
f 630/505/170 631/500/170 636/506/170
f 629/498/171 634/507/171 628/502/171
f 627/504/68 632/508/68 626/499/68
f 623/509/172 625/492/166 630/510/172
f 632/511/81 634/512/81 636/513/81
f 623/509/172 629/495/167 621/514/167
f 732/515/173 750/516/174 733/517/174
f 726/518/175 746/519/176 729/520/176
f 730/521/177 748/522/178 731/523/178
f 738/524/179 756/525/180 739/526/180
f 734/527/181 752/528/182 735/529/182
f 740/530/183 744/531/184 727/532/184
f 754/533/65 750/534/65 746/535/65
f 736/536/185 754/537/186 737/538/186
f 746/519/176 730/521/177 729/520/176
f 732/515/173 748/522/178 747/539/173
f 744/531/184 728/540/187 727/532/184
f 726/541/175 742/542/188 741/543/175
f 756/525/180 740/530/183 739/526/180
f 752/528/182 736/536/185 735/529/182
f 738/524/179 754/537/186 753/544/179
f 734/527/181 750/516/174 749/545/181
f 728/540/187 742/542/188 725/546/188
f 795/547/189 793/548/189 796/549/189
f 838/550/137 833/551/137 841/552/137
f 792/553/70 839/554/70 791/555/70
f 794/556/65 790/557/65 793/558/65
f 790/557/137 838/550/137 836/559/137
f 791/560/68 834/561/68 794/562/68
f 797/563/70 791/555/70 798/564/70
f 795/565/81 791/560/81 794/562/81
f 795/547/190 800/566/191 801/567/191
f 802/568/81 795/565/81 801/569/81
f 799/570/70 798/564/70 802/571/70
f 804/572/192 868/573/192 806/574/192
f 806/574/68 803/575/68 804/572/68
f 808/576/65 805/577/65 866/578/65
f 800/566/191 866/579/65 801/567/191
f 802/568/81 866/580/81 867/581/81
f 802/571/70 807/582/70 799/570/70
f 794/556/85 833/583/85 789/584/85
f 839/554/70 835/585/70 791/555/70
f 835/586/81 841/587/81 833/583/81
f 837/588/61 838/550/61 839/589/61
f 839/589/61 841/552/61 840/590/61
f 871/591/70 868/573/70 869/592/70
f 867/593/81 868/573/81 870/594/81
f 867/595/137 871/591/137 807/596/137
f 876/597/189 878/598/189 879/599/189
f 939/600/137 934/601/137 872/602/137
f 940/603/70 875/604/70 874/605/70
f 873/606/65 877/607/65 876/608/65
f 939/600/137 873/606/137 937/609/137
f 935/610/68 874/611/68 877/612/68
f 874/605/70 880/613/70 881/614/70
f 878/615/34 874/611/34 881/616/34
f 883/617/191 878/598/190 884/618/191
f 878/615/34 885/619/34 884/620/34
f 881/614/70 882/621/70 885/622/70
f 995/623/192 887/624/192 889/625/192
f 886/626/68 889/625/68 887/624/68
f 888/627/65 891/628/65 967/629/65
f 967/630/65 883/617/191 884/618/191
f 885/619/34 967/631/34 884/620/34
f 890/632/70 885/622/70 882/621/70
f 906/633/34 900/634/34 893/635/34
f 895/636/70 899/637/70 968/638/70
f 898/639/34 893/635/34 900/634/34
f 894/640/193 896/641/193 892/642/193
f 893/635/194 897/643/194 894/640/194
f 901/644/195 898/639/195 900/634/195
f 970/645/196 899/646/196 901/644/196
f 892/642/68 889/625/68 888/647/68
f 908/648/65 904/649/65 903/650/65
f 904/651/194 893/635/194 894/640/194
f 902/652/81 888/627/81 967/629/81
f 907/653/196 970/645/196 901/644/196
f 905/654/193 894/640/193 892/642/193
f 909/655/137 967/656/137 970/645/137
f 908/657/195 901/644/195 900/634/195
f 903/658/68 892/642/68 888/647/68
f 934/659/78 877/607/78 872/602/78
f 936/660/70 940/603/70 874/605/70
f 934/659/34 941/661/34 936/662/34
f 939/600/61 938/663/61 940/664/61
f 942/665/61 940/664/61 941/666/61
f 968/667/137 970/645/137 967/656/137
f 998/668/70 995/623/70 997/669/70
f 968/670/34 995/623/34 889/671/34
f 998/668/137 968/672/137 890/673/137
f 1115/674/81 1121/675/81 1131/676/81
f 1116/677/197 1118/678/197 1115/674/197
f 1117/679/198 1123/680/199 1118/681/199
f 1148/682/34 1139/683/34 1149/684/34
f 1141/685/200 1148/686/201 1152/687/201
f 1122/688/202 1134/689/203 1126/690/204
f 1126/690/204 1135/691/205 1125/692/206
f 1125/692/206 1133/693/207 1127/694/208
f 1129/695/209 1127/694/208 1133/693/207
f 1124/696/210 1128/697/53 1123/698/53
f 1119/699/211 1128/697/53 1130/700/212
f 1120/701/213 1130/700/212 1132/702/214
f 1121/703/215 1132/702/214 1131/704/215
f 1141/685/200 1144/705/216 1138/706/217
f 1116/677/34 1137/707/34 1117/708/34
f 1142/709/218 1137/710/218 1140/711/218
f 1137/712/219 1152/687/201 1147/713/220
f 1145/714/218 1143/715/218 1146/716/218
f 1141/717/81 1146/716/81 1143/715/81
f 1138/718/34 1145/714/34 1139/719/34
f 1122/720/221 1150/721/222 1136/722/223
f 1188/723/81 1241/724/81 1242/725/81
f 1172/726/68 1240/727/68 1241/728/68
f 1182/729/65 1189/730/65 1188/723/65
f 1181/731/65 1186/732/65 1182/729/65
f 1180/733/65 1185/734/65 1181/731/65
f 1179/735/224 1268/736/65 1267/737/65
f 1246/738/70 1230/739/225 1229/740/225
f 1267/737/81 1245/741/81 1266/742/81
f 1180/733/81 1244/743/81 1245/741/81
f 1181/731/81 1243/744/81 1244/743/81
f 1188/723/65 1174/745/65 1172/726/65
f 1182/729/81 1242/725/81 1243/744/81
f 1231/746/226 1191/747/226 1228/748/226
f 1229/740/81 1191/749/81 1179/735/81
f 1191/747/227 1183/750/224 1179/735/224
f 1248/751/34 1206/752/34 1249/753/34
f 1196/754/137 1254/755/137 1173/756/137
f 1240/727/68 1197/757/68 1248/758/68
f 1189/730/65 1205/759/65 1206/752/65
f 1186/732/65 1204/760/65 1205/759/65
f 1185/734/65 1203/761/65 1204/760/65
f 1268/736/65 1202/762/224 1270/763/65
f 1230/739/225 1253/764/70 1233/765/225
s 0
f 1269/766/228 1277/767/70 1270/763/229
s 1
f 1251/768/34 1203/761/34 1252/769/34
f 1250/770/34 1204/760/34 1251/768/34
f 1174/745/65 1206/752/65 1197/757/65
f 1249/753/34 1205/759/34 1250/770/34
f 1311/771/230 1362/772/231 1208/773/232
f 1202/762/34 1232/774/34 1233/775/34
f 1183/750/224 1311/776/230 1208/777/232
f 1231/746/233 1230/778/225 1233/779/225
f 1171/780/70 1240/781/70 1173/782/70
f 1175/783/70 1242/725/70 1171/780/70
f 1176/784/70 1243/744/70 1175/783/70
f 1177/785/70 1244/743/70 1176/784/70
f 1178/786/70 1266/742/70 1271/787/70
f 1178/786/70 1247/788/70 1246/738/70
f 1171/780/70 1242/725/70 1241/724/70
f 1196/789/70 1240/781/70 1248/790/70
f 1198/791/70 1249/792/70 1250/793/70
f 1198/791/70 1251/794/70 1199/795/70
f 1199/795/70 1252/796/70 1200/797/70
f 1272/798/70 1252/796/70 1269/799/70
f 1201/800/70 1247/788/70 1187/801/70
f 1196/789/70 1248/790/70 1249/792/70
f 1265/802/70 1260/803/70 1273/804/70
f 1173/756/137 1255/805/137 1171/806/137
f 1198/807/81 1261/808/81 1196/809/81
f 1171/810/34 1256/811/34 1175/812/34
f 1199/813/81 1262/814/81 1198/807/81
f 1175/812/34 1257/815/34 1176/816/34
f 1200/817/81 1263/818/81 1199/813/81
f 1176/816/34 1258/819/34 1177/820/34
f 1201/821/81 1274/822/81 1272/823/81
f 1177/820/34 1273/804/34 1271/824/34
f 1187/825/68 1265/802/68 1201/826/68
f 1178/827/68 1260/803/68 1187/825/68
f 1271/824/34 1259/828/34 1178/829/34
f 1272/823/81 1264/830/81 1200/817/81
f 1264/830/70 1258/819/70 1261/831/70
f 1201/800/70 1269/799/70 1253/764/70
f 1271/787/70 1245/741/70 1177/785/70
f 1269/766/34 1202/762/34 1253/832/34
f 1184/833/137 1278/834/137 1203/761/137
f 1179/735/81 1266/742/81 1246/738/81
f 1270/763/68 1275/835/68 1268/736/68
f 1180/733/65 1268/736/65 1184/833/65
f 1294/836/81 1297/837/81 1296/838/81
f 1297/837/68 1305/839/68 1299/840/68
f 1291/841/137 1280/842/137 1293/843/137
f 1280/844/65 1304/845/65 1303/846/65
f 1300/847/34 1291/841/34 1290/848/34
f 1289/849/234 1290/850/234 1291/851/234
f 1292/852/235 1293/853/235 1294/854/235
f 1295/855/236 1296/856/236 1297/857/236
f 1298/858/237 1299/859/237 1300/860/237
f 1306/861/81 1280/842/81 1303/846/81
f 1305/862/34 1279/863/34 1291/841/34
f 1305/839/68 1303/846/68 1304/845/68
f 1310/864/65 1307/865/65 1309/866/65
f 1322/867/68 1326/868/68 1308/869/68
f 1302/870/70 1328/871/70 1334/872/70
f 1330/873/81 1307/865/81 1325/874/81
f 1316/875/81 1364/876/81 1314/877/81
f 1311/776/226 1231/746/226 1312/878/226
f 1208/879/34 1360/880/34 1232/881/34
f 1312/882/81 1361/883/81 1311/884/81
f 1232/885/238 1359/886/238 1312/887/238
f 1333/888/34 1321/889/34 1308/869/34
f 1283/890/70 1343/891/70 1284/892/70
f 1287/893/70 1345/894/70 1288/895/70
f 1286/896/70 1348/897/70 1347/898/70
f 1282/899/70 1350/900/70 1349/901/70
f 1282/899/70 1344/902/70 1283/890/70
f 1284/892/70 1346/903/70 1287/893/70
f 1288/895/70 1348/897/70 1285/904/70
f 1281/905/70 1347/898/70 1350/900/70
f 1313/906/226 1360/907/226 1314/908/226
f 1315/909/226 1362/772/226 1361/910/226
f 1316/875/226 1360/880/226 1362/911/226
f 1315/912/226 1359/913/226 1313/914/226
f 1314/908/231 1363/915/231 1313/906/231
f 1315/912/34 1363/915/34 1365/916/34
f 1315/909/238 1366/917/238 1316/918/238
f 1372/919/60 1376/920/60 1380/921/60
f 1386/922/239 1416/923/240 1384/924/240
f 1383/925/137 1418/926/239 1385/927/239
f 1386/922/239 1420/928/241 1417/929/239
f 1387/930/242 1418/926/239 1419/931/242
f 1390/932/243 1420/928/241 1388/933/241
f 1395/934/34 1458/935/34 1397/936/34
f 1394/937/244 1428/938/245 1426/939/244
f 1427/940/81 1463/941/81 1462/942/81
f 1396/943/245 1429/944/246 1428/938/245
f 1391/945/34 1456/946/34 1393/947/34
f 1397/936/247 1432/948/68 1399/949/68
f 1431/950/68 1402/951/248 1433/952/248
f 1399/949/68 1434/953/248 1401/954/248
f 1402/951/248 1435/955/53 1433/952/248
f 1401/954/248 1436/956/53 1403/957/53
f 1404/958/53 1438/959/249 1435/955/53
f 1405/960/249 1436/956/53 1437/961/249
f 1406/962/249 1440/963/65 1438/959/249
f 1405/960/249 1439/964/65 1407/965/65
f 1440/963/65 1410/966/250 1442/967/250
f 1407/965/65 1441/968/250 1409/969/250
f 1412/970/58 1442/967/250 1410/966/250
f 1411/971/58 1441/968/250 1443/972/58
f 1392/973/81 1414/974/251 1406/975/81
f 1412/970/58 1446/976/252 1444/977/58
f 1413/978/253 1443/972/58 1445/979/253
f 1384/980/254 1471/981/254 1469/982/254
f 1383/925/137 1445/979/253 1415/983/137
f 1395/934/34 1403/984/34 1411/985/34
f 1436/986/81 1427/940/81 1419/931/81
f 1417/987/34 1431/988/34 1440/989/34
f 1425/990/81 1462/942/81 1460/991/81
f 1423/992/81 1460/991/81 1459/993/81
f 1419/931/242 1453/994/255 1387/930/242
f 1391/945/34 1454/995/34 1455/996/34
f 1393/947/34 1457/997/34 1395/934/34
f 1421/998/81 1464/999/81 1419/931/81
f 1423/992/81 1461/1000/81 1421/998/81
f 1389/1001/34 1453/1002/34 1454/995/34
f 1431/950/68 1398/1003/246 1400/1004/68
f 1384/980/256 1470/1005/257 1414/1006/251
f 1416/1007/258 1472/1008/259 1471/981/260
f 1414/1009/261 1472/1008/261 1446/1010/261
f 1397/936/247 1463/1011/262 1430/1012/247
f 1276/1013/34 1268/1014/34 1275/1015/34
f 1276/1013/65 1277/1016/65 1278/1017/65
f 1119/1018/199 1120/1019/199 1118/681/199
f 1120/1019/199 1121/1020/199 1118/681/199
f 1137/1021/219 1124/1022/263 1117/679/198
f 1124/1022/263 1123/680/199 1117/679/198
f 1147/1023/220 1126/1024/264 1137/1021/219
f 1125/1025/265 1127/1026/266 1137/1021/219
f 1127/1026/266 1124/1022/263 1137/1021/219
f 1126/1024/264 1125/1025/265 1137/1021/219
f 1147/1023/220 1122/1027/267 1126/1024/264
f 1123/680/199 1119/1018/199 1118/681/199
f 1152/1028/268 1149/684/268 1151/1029/268
f 1264/830/70 1274/822/70 1273/804/70
f 1258/819/70 1255/1030/70 1261/831/70
f 1264/830/70 1273/804/70 1258/819/70
f 1566/1031/81 1563/1032/269 1564/1033/81
f 1568/1034/269 1562/1035/270 1563/1032/269
f 1569/1036/270 1561/1037/271 1562/1035/270
f 1561/1037/271 1572/1038/272 1560/1039/272
f 1572/1038/272 1559/1040/273 1560/1039/272
f 1559/1040/273 1575/1041/274 1558/1042/274
f 1558/1042/274 1576/1043/275 1557/1044/275
f 1576/1045/275 1556/1046/34 1557/1047/275
f 1578/1048/34 1555/1049/276 1556/1046/34
f 1555/1049/276 1581/1050/277 1554/1051/277
f 1581/1050/277 1553/1052/278 1554/1051/277
f 1582/1053/278 1552/1054/279 1553/1052/278
f 1584/1055/279 1551/1056/280 1552/1054/279
f 1551/1056/280 1587/1057/281 1550/1058/281
f 1581/1059/282 1575/1060/282 1569/1061/282
f 1587/1057/281 1549/1062/283 1550/1058/281
f 1549/1062/283 1566/1031/81 1564/1033/81
f 1526/1063/284 1522/1064/284 1518/1065/284
f 1614/1066/285 1694/1067/286 1693/1068/285
f 1695/1069/287 1620/1070/288 1696/1071/288
f 1696/1071/288 1622/1072/289 1697/1073/290
f 1622/1074/289 1700/1075/291 1697/1076/290
f 1624/1077/291 1701/1078/292 1700/1075/291
f 1654/1079/293 1685/1080/294 1692/1081/293
f 1698/1082/295 1636/1083/296 1705/1084/296
f 1626/1085/292 1738/1086/293 1628/1086/293
f 1644/1087/297 1693/1068/285 1702/1088/297
f 1623/1089/60 1631/1090/60 1639/1091/60
f 1695/1069/287 1616/1092/286 1618/1093/287
f 1617/1094/60 1648/1095/60 1649/1096/60
f 1617/1094/60 1650/1097/60 1619/1098/60
f 1619/1098/60 1651/1099/60 1621/1100/60
f 1625/1101/60 1652/1102/60 1653/1103/60
f 1625/1101/60 1654/1104/60 1627/1105/60
f 1629/1106/60 1654/1104/60 1655/1107/60
f 1631/1090/60 1657/1108/60 1633/1109/60
f 1635/1110/60 1657/1108/60 1658/1111/60
f 1637/1112/60 1658/1111/60 1659/1113/60
f 1641/1114/60 1660/1115/60 1661/1116/60
f 1643/1117/60 1661/1116/60 1662/1118/60
f 1643/1117/60 1647/1119/60 1613/1120/60
f 1703/1121/298 1644/1087/297 1702/1088/297
f 1704/1122/299 1642/1123/298 1703/1121/298
f 1699/1124/300 1630/1125/301 1632/1126/300
f 1705/1084/296 1638/1127/302 1706/1128/302
f 1704/1122/299 1638/1127/302 1640/1129/303
f 1698/1082/295 1632/1126/300 1634/1130/295
f 1707/1131/301 1628/1086/293 1630/1125/301
f 1701/1078/292 1628/1086/293 1708/1132/293
f 1655/1133/304 1692/1081/293 1691/1134/301
f 1657/1135/295 1683/1136/300 1682/1137/295
f 1660/1138/305 1690/1139/302 1688/1140/299
f 1658/1141/296 1690/1139/302 1659/1142/306
f 1656/1143/307 1691/1134/301 1683/1136/300
f 1660/1138/305 1687/1144/298 1661/1145/298
f 1661/1145/298 1686/1146/297 1662/1147/297
f 1648/1148/308 1679/1149/287 1649/1150/287
f 1662/1147/297 1646/1151/285 1647/1152/309
f 1657/1135/295 1689/1153/296 1658/1141/296
f 1684/1154/291 1653/1155/292 1652/1156/310
f 1681/1157/290 1652/1156/310 1651/1158/290
f 1650/1159/288 1681/1160/290 1651/1161/290
f 1649/1150/287 1680/1162/288 1650/1159/288
f 1647/1152/309 1645/1163/286 1648/1148/308
f 1692/1081/293 1701/1078/292 1717/1164/311
f 1692/1081/293 1716/1165/304 1691/1134/301
f 1683/1136/300 1698/1082/295 1682/1137/295
f 1690/1139/302 1704/1122/299 1688/1140/299
f 1689/1153/296 1706/1128/302 1690/1139/302
f 1683/1136/300 1716/1165/304 1718/1166/304
f 1682/1137/295 1705/1084/296 1689/1153/296
f 1700/1075/291 1685/1080/294 1720/1167/312
f 1681/1157/290 1720/1167/312 1684/1154/291
f 1715/1168/313 1725/1169/313 1723/1170/313
f 1717/1164/311 1707/1131/301 1718/1166/304
f 1717/1171/58 1726/1172/58 1725/1169/58
f 1722/1173/314 1697/1076/290 1700/1075/291
f 1723/1170/315 1726/1172/315 1724/1174/315
f 1727/1175/316 1729/1176/316 1730/1177/316
f 1720/1178/317 1730/1177/317 1722/1179/317
f 1719/1180/60 1727/1175/60 1720/1181/60
f 1716/1182/318 1726/1172/318 1718/1183/318
f 1715/1184/60 1724/1174/60 1716/1185/60
f 1722/1186/58 1729/1176/58 1721/1187/58
f 1721/1188/319 1728/1189/320 1719/1190/320
f 1731/1191/58 1750/1192/58 1749/1193/58
f 1634/1130/295 1742/1083/296 1636/1083/296
f 1644/1087/297 1751/1194/321 1753/1195/321
f 1622/1072/289 1734/1070/288 1735/1072/289
f 1628/1086/293 1739/1125/301 1630/1125/301
f 1638/1127/302 1742/1083/296 1743/1127/302
f 1616/1092/286 1731/1066/285 1732/1092/286
f 1622/1074/289 1736/1077/291 1624/1077/291
f 1632/1126/300 1739/1125/301 1740/1126/300
f 1640/1129/303 1743/1127/302 1744/1129/303
f 1616/1092/286 1733/1093/287 1618/1093/287
f 1626/1085/292 1736/1077/291 1737/1085/292
f 1632/1126/300 1741/1130/295 1634/1130/295
f 1640/1129/303 1744/1129/303 1755/1196/322
f 1614/1066/285 1754/1087/323 1756/1197/324
f 1618/1093/287 1734/1070/288 1620/1070/288
f 1745/1198/325 1752/1199/65 1755/1200/65
f 1748/1201/81 1756/1202/326 1750/1203/327
f 1746/1204/68 1755/1200/68 1747/1205/68
f 1751/1206/328 1746/1207/74 1753/1208/74
f 1753/1208/83 1749/1209/83 1756/1210/326
f 1749/1193/58 1747/1211/58 1744/1212/58
f 1744/1212/58 1743/1213/58 1749/1193/58
f 1743/1213/58 1742/1214/58 1749/1193/58
f 1742/1214/58 1741/1215/58 1749/1193/58
f 1741/1215/58 1740/1216/58 1749/1193/58
f 1740/1216/58 1739/1217/58 1749/1193/58
f 1739/1217/58 1738/1218/58 1749/1193/58
f 1738/1218/58 1737/1219/58 1749/1193/58
f 1737/1219/58 1736/1220/58 1749/1193/58
f 1736/1220/58 1735/1221/58 1749/1193/58
f 1735/1221/58 1734/1222/58 1749/1193/58
f 1734/1222/58 1733/1223/58 1749/1193/58
f 1733/1223/58 1732/1224/58 1749/1193/58
f 1732/1224/58 1731/1191/58 1749/1193/58
f 1731/1191/58 1748/1225/58 1750/1192/58
f 105/1/1 104/93/2 115/2/2
f 109/4/3 106/97/4 117/5/4
f 122/7/5 107/95/5 110/8/6
f 103/10/7 102/96/8 113/11/8
f 99/22/15 108/94/16 121/23/16
f 101/25/17 100/92/18 111/26/18
f 7/29/20 32/1226/329 31/1227/19
f 34/30/21 33/72/330 9/28/19
f 7/29/20 31/1227/19 34/30/21
f 35/51/35 37/53/37 6/49/34
f 3/50/35 36/57/35 35/51/35
f 39/1228/36 40/67/36 2/52/36
f 2/52/36 6/49/34 37/53/37
f 38/54/38 39/1228/36 2/52/36
f 36/57/331 3/50/331 8/55/332
f 8/55/39 41/70/50 42/56/40
f 45/1229/41 32/1226/329 7/29/20
f 1/58/41 43/1230/41 44/59/41
f 44/59/41 45/1229/41 7/29/20
f 46/62/44 43/1231/42 1/60/42
f 1/60/42 5/66/46 47/61/43
f 4/63/45 10/71/51 49/1232/333
f 4/63/45 49/1232/333 48/64/45
f 50/65/45 51/1233/45 4/63/45
f 52/68/47 47/61/43 5/66/46
f 5/66/46 2/52/47 40/67/47
f 41/70/50 8/55/39 4/63/48
f 4/63/48 51/1233/48 53/69/49
f 54/73/52 49/1232/333 10/71/51
f 10/71/51 9/28/52 33/72/52
f 129/74/53 128/103/54 139/75/54
f 133/77/55 130/107/56 141/78/56
f 146/80/57 131/105/57 134/81/58
f 127/83/59 126/106/60 137/84/60
f 123/86/61 132/104/62 145/87/62
f 125/89/63 124/101/64 135/90/64
f 112/24/15 111/26/18 100/92/18
f 116/12/7 115/2/2 104/93/2
f 122/7/5 121/23/16 108/94/16
f 114/27/17 113/11/8 102/96/8
f 118/3/1 117/5/4 106/97/4
f 109/4/3 120/6/3 119/98/6
f 136/100/61 135/90/64 124/101/64
f 140/85/59 139/75/54 128/103/54
f 146/80/57 145/87/62 132/104/62
f 138/91/63 137/84/60 126/106/60
f 142/76/53 141/78/56 130/107/56
f 144/79/55 143/82/58 134/81/58
f 255/171/68 287/199/68 273/172/68
f 248/174/68 281/200/68 283/175/68
f 242/177/68 241/173/68 273/172/68
f 243/179/68 256/201/68 288/180/68
f 251/182/68 249/202/68 282/183/68
f 244/185/68 243/179/68 274/181/68
f 252/187/68 275/192/68 285/188/68
f 245/190/68 242/177/68 276/178/68
f 250/176/68 283/175/68 275/192/68
f 246/193/68 244/185/68 277/186/68
f 254/195/68 251/182/68 284/184/68
f 245/190/68 278/191/68 280/197/68
f 253/189/68 285/188/68 287/199/68
f 246/193/68 279/194/68 281/200/68
f 256/201/68 254/195/68 286/196/68
f 249/202/68 247/198/68 280/197/68
f 273/203/69 292/237/69 293/204/70
f 328/1234/334 264/1235/335 263/206/71
f 263/206/71 327/309/124 326/207/72
f 325/208/73 328/1234/334 263/206/71
f 274/209/74 300/238/74 301/210/65
f 276/205/70 293/204/70 294/212/75
f 277/211/65 301/210/65 302/214/76
f 278/213/75 294/212/75 295/216/77
f 281/218/78 279/215/76 302/214/76
f 280/217/77 295/216/77 296/220/79
f 281/218/78 303/219/78 304/222/80
f 282/221/79 296/220/79 297/224/81
f 275/226/34 290/229/34 289/227/82
f 283/223/80 304/222/80 290/229/34
f 286/230/83 284/225/81 297/224/81
f 287/232/84 285/228/82 289/227/82
f 286/230/83 298/231/83 299/234/85
f 273/203/69 287/1236/84 291/236/84
f 288/235/85 299/234/85 300/238/74
f 258/239/68 257/242/68 289/240/68
f 257/242/68 259/244/68 291/243/68
f 259/244/68 260/246/68 292/245/68
f 260/246/68 261/248/68 293/247/68
f 261/248/68 262/250/68 294/249/68
f 262/250/68 263/252/68 295/251/68
f 263/252/68 264/255/68 296/253/68
f 265/254/68 297/257/68 296/253/68
f 266/256/68 298/259/68 297/257/68
f 267/258/68 299/261/68 298/259/68
f 268/260/68 300/263/68 299/261/68
f 269/262/68 301/265/68 300/263/68
f 270/264/68 302/267/68 301/265/68
f 271/266/68 303/269/68 302/267/68
f 272/268/68 304/270/68 303/269/68
f 272/268/68 258/239/68 290/241/68
f 332/280/96 272/1237/336 271/271/86
f 271/271/86 331/1238/337 330/272/87
f 329/273/88 332/280/96 271/271/86
f 265/274/89 264/1235/335 328/1234/334
f 265/274/89 328/1234/334 333/275/90
f 334/276/91 335/1239/338 265/274/89
f 336/1240/339 339/285/101 257/277/92
s 0
f 258/278/137 338/1241/34 337/279/68
s 1
f 337/279/94 336/1240/339 257/277/92
f 340/281/97 338/1241/340 258/278/95
f 258/278/95 272/1237/336 332/280/96
f 342/283/99 266/1242/341 265/274/89
f 265/274/89 335/1239/338 341/282/98
f 343/1243/342 345/1244/343 259/284/100
f 259/284/100 257/277/92 339/285/101
f 344/286/102 343/1243/342 259/284/100
f 267/287/103 266/1242/341 342/283/99
f 346/288/104 347/1245/344 348/289/105
f 267/287/103 342/283/99 346/288/104
f 350/292/107 260/295/110 259/290/100
f 259/290/100 345/1246/343 349/291/106
f 351/294/109 352/299/114 268/293/108
f 268/293/108 267/287/103 348/289/105
f 354/297/112 261/301/116 260/295/110
f 260/295/110 350/292/107 353/296/111
f 355/300/115 356/305/120 269/298/113
f 269/298/113 268/293/108 352/299/114
f 358/303/118 262/307/122 261/301/116
f 261/301/116 354/297/112 357/302/117
f 359/306/121 360/310/125 270/304/119
f 270/304/119 269/298/113 356/305/120
f 327/309/124 263/206/71 262/307/122
f 262/307/122 358/303/118 361/308/123
f 362/311/126 331/1238/337 271/271/86
f 271/271/86 270/304/119 360/310/125
f 313/312/127 323/333/127 324/313/127
f 322/317/34 321/1247/34 320/1248/34
f 320/1248/34 319/1249/34 386/315/34
f 386/315/34 385/1250/34 315/1251/34
f 315/1251/34 316/325/34 324/316/34
f 324/316/34 323/1252/34 322/317/34
f 322/317/34 320/1248/34 386/315/34
f 386/315/34 315/1251/34 324/316/34
f 310/318/128 320/334/128 321/319/128
f 307/321/65 388/335/65 387/322/65
f 314/324/129 324/316/129 316/325/129
f 312/327/130 311/320/130 321/319/130
f 309/329/131 308/323/131 387/322/131
f 305/331/132 306/326/132 316/325/132
f 313/312/70 312/327/70 322/328/70
f 309/329/133 319/330/133 320/334/133
f 305/331/134 315/332/134 388/335/134
f 382/336/129 381/1253/129 364/337/129
f 379/339/127 381/1254/127 382/340/127
f 377/342/70 379/339/70 380/341/70
f 375/344/130 377/342/130 378/343/130
f 373/346/128 375/344/128 376/345/128
f 371/348/133 373/346/133 374/347/133
f 369/350/131 371/348/131 372/349/131
f 367/352/65 369/350/65 370/351/65
f 365/354/134 367/352/134 368/353/134
f 364/337/132 365/354/132 366/355/132
f 317/358/65 385/357/65 386/356/65
f 318/359/65 386/356/65 387/322/65
f 383/361/65 388/335/65 385/357/65
f 384/360/65 387/322/65 388/335/65
f 409/362/135 396/1255/135 394/363/136
f 406/367/137 411/378/137 413/1256/137
f 413/1256/137 412/1257/137 414/365/137
f 414/365/137 416/1258/137 415/1259/137
f 415/1259/137 408/1260/137 410/366/137
f 410/366/137 409/1261/137 405/1262/137
f 405/1262/137 407/1263/137 406/367/137
f 406/367/137 413/1256/137 414/365/137
f 414/365/137 415/1259/137 410/366/137
f 410/366/137 405/1262/137 406/367/137
f 402/368/138 397/1264/139 408/369/139
f 400/373/68 393/385/68 395/1265/68
f 395/1265/68 394/1266/68 396/371/68
f 396/371/68 398/1267/68 397/1264/68
f 397/1264/68 402/368/68 404/372/68
f 404/372/68 403/1268/68 399/1269/68
f 399/1269/68 401/1270/68 400/373/68
f 400/373/68 395/1265/68 396/371/68
f 396/371/68 397/1264/68 404/372/68
f 404/372/68 399/1269/68 400/373/68
f 399/374/140 403/383/141 414/375/141
f 400/373/142 401/1271/143 413/377/143
f 401/379/144 399/374/140 412/376/140
f 415/370/138 416/382/145 404/381/145
f 416/382/146 414/375/141 403/383/141
f 406/367/148 407/1272/149 395/384/149
f 407/386/150 405/364/136 394/363/136
f 408/369/139 397/1264/139 398/388/151
f 398/388/152 396/1255/135 409/362/135
f 411/378/142 406/367/148 393/385/148
f 484/390/81 483/393/154 430/391/154
f 483/393/154 485/395/155 431/394/155
f 485/395/155 486/397/65 432/396/65
f 486/397/65 487/399/156 433/398/156
f 487/399/156 488/401/157 434/400/157
f 488/401/157 489/1273/34 435/402/34
f 435/402/34 489/1273/34 490/403/158
f 436/404/158 490/403/158 491/405/159
f 491/405/159 492/1274/70 438/407/70
f 438/407/70 492/1274/70 493/408/160
f 427/410/156 505/1275/156 506/411/157
f 493/413/160 494/416/161 440/414/161
f 494/416/161 484/390/81 429/392/81
f 465/417/81 466/420/81 472/418/81
f 466/420/137 470/1276/137 473/421/137
f 468/422/68 465/417/68 471/419/68
f 466/420/70 465/417/70 468/424/70
f 469/426/162 467/1277/162 471/419/162
f 418/429/137 483/433/137 484/430/137
f 418/429/137 419/435/137 485/432/137
f 420/434/137 486/437/137 485/432/137
f 420/434/137 421/439/137 487/436/137
f 422/438/137 488/441/137 487/436/137
f 423/440/137 489/443/137 488/441/137
f 423/440/137 424/445/137 490/442/137
f 425/444/137 491/447/137 490/442/137
f 426/446/137 492/449/137 491/447/137
f 426/446/137 427/450/137 493/448/137
f 427/450/137 428/452/137 494/451/137
f 417/431/137 484/430/137 494/451/137
f 417/453/34 496/462/34 495/454/158
f 424/456/154 502/473/154 503/457/155
f 421/459/160 499/474/160 500/460/161
f 428/412/157 506/411/157 496/462/34
f 418/455/158 495/454/158 497/463/159
f 425/458/155 503/457/155 504/465/65
f 422/461/161 500/460/161 501/467/81
f 419/464/159 497/463/159 498/469/70
f 426/466/65 504/465/65 505/471/156
f 423/468/81 501/467/81 502/473/154
f 420/470/70 498/469/70 499/474/160
f 589/475/137 590/478/137 580/476/137
f 590/478/70 607/1278/70 611/479/70
f 555/480/137 558/484/137 556/481/137
f 553/482/65 599/1279/65 602/483/65
f 558/484/70 603/1280/70 604/485/70
f 579/477/65 610/1281/65 600/486/65
f 617/487/163 627/491/163 626/488/164
f 617/487/163 619/494/165 628/490/165
f 615/489/164 626/488/164 625/492/166
f 619/494/165 621/514/167 629/495/167
f 630/496/137 636/1282/137 635/497/137
f 626/499/168 632/508/168 631/500/168
f 628/502/169 634/507/169 633/503/169
f 630/505/170 625/501/170 631/500/170
f 629/498/171 635/497/171 634/507/171
f 627/504/68 633/503/68 632/508/68
f 623/509/172 613/493/166 625/492/166
f 636/513/81 631/1283/81 632/511/81
f 632/511/81 633/1284/81 634/512/81
f 634/512/81 635/1285/81 636/513/81
f 623/509/172 630/510/172 629/495/167
f 732/515/173 747/539/173 750/516/174
f 726/518/175 741/1286/175 746/519/176
f 730/521/177 745/1287/177 748/522/178
f 738/524/179 753/544/179 756/525/180
f 734/527/181 749/545/181 752/528/182
f 740/530/183 755/1288/183 744/531/184
f 746/535/65 741/1289/345 742/1290/65
f 742/1290/65 743/1291/345 744/1292/65
f 744/1292/65 755/1293/65 756/1294/65
f 756/1294/65 753/1295/65 754/533/65
f 754/533/65 751/1296/229 752/1297/65
f 752/1297/65 749/1298/345 750/534/65
f 750/534/65 747/1299/65 748/1300/65
f 748/1300/65 745/1301/65 746/535/65
f 746/535/65 742/1290/65 744/1292/65
f 744/1292/65 756/1294/65 754/533/65
f 754/533/65 752/1297/65 750/534/65
f 750/534/65 748/1300/65 746/535/65
f 746/535/65 744/1292/65 754/533/65
f 736/536/185 751/1302/185 754/537/186
f 746/519/176 745/1287/177 730/521/177
f 732/515/173 731/523/178 748/522/178
f 744/531/184 743/1303/187 728/540/187
f 726/541/175 725/546/188 742/542/188
f 756/525/180 755/1288/183 740/530/183
f 752/528/182 751/1302/185 736/536/185
f 738/524/179 737/538/186 754/537/186
f 734/527/181 733/517/174 750/516/174
f 728/540/187 743/1303/187 742/542/188
f 795/547/189 794/1304/189 793/548/189
f 838/550/137 789/584/137 833/551/137
f 792/553/70 837/1305/70 839/554/70
f 794/556/65 789/584/65 790/557/65
f 790/557/137 789/584/137 838/550/137
f 791/560/68 835/1306/68 834/561/68
f 797/563/70 792/553/70 791/555/70
f 795/565/81 798/1307/81 791/560/81
f 795/547/190 796/549/190 800/566/191
f 802/568/81 798/1307/81 795/565/81
f 799/570/70 797/563/70 798/564/70
f 804/572/192 869/592/192 868/573/192
f 806/574/68 805/1308/68 803/575/68
f 808/576/65 803/1309/65 805/577/65
f 800/566/191 808/1310/65 866/579/65
f 802/568/81 801/569/81 866/580/81
f 802/571/70 867/1311/70 807/582/70
f 794/556/85 834/1312/85 833/583/85
f 839/554/70 840/1313/70 835/585/70
f 833/583/81 834/1312/81 835/586/81
f 835/586/81 840/1314/81 841/587/81
f 837/588/61 836/559/61 838/550/61
f 839/589/61 838/550/61 841/552/61
f 871/591/70 870/594/70 868/573/70
f 867/593/81 806/1315/81 868/573/81
f 867/595/137 870/594/137 871/591/137
f 876/597/189 877/1316/189 878/598/189
f 939/600/137 942/665/137 934/601/137
f 940/603/70 938/1317/70 875/604/70
f 873/606/65 872/602/65 877/607/65
f 939/600/137 872/602/137 873/606/137
f 935/610/68 936/1318/68 874/611/68
f 874/605/70 875/604/70 880/613/70
f 878/615/34 877/612/34 874/611/34
f 883/617/191 879/599/190 878/598/190
f 878/615/34 881/616/34 885/619/34
f 881/614/70 880/613/70 882/621/70
f 995/623/192 996/1319/192 887/624/192
f 886/626/68 888/647/68 889/625/68
f 888/627/65 886/1320/65 891/628/65
f 967/630/65 891/1321/65 883/617/191
f 885/619/34 968/1322/34 967/631/34
f 890/632/70 968/1323/70 885/622/70
f 906/633/34 908/657/34 900/634/34
f 968/638/70 889/625/70 896/641/70
f 896/641/70 897/1324/70 895/636/70
f 895/636/70 898/1325/70 899/637/70
f 899/637/70 969/1326/70 968/638/70
f 968/638/70 896/641/70 895/636/70
f 898/639/34 895/1327/34 893/635/34
f 894/640/193 897/643/193 896/641/193
f 893/635/194 895/1327/194 897/643/194
f 901/644/195 899/646/195 898/639/195
f 970/645/196 969/1328/196 899/646/196
f 892/642/68 896/641/68 889/625/68
f 903/650/65 902/652/65 909/1329/65
f 909/1329/65 907/1330/65 908/648/65
f 908/648/65 906/1331/65 904/649/65
f 904/649/65 905/1332/65 903/650/65
f 903/650/65 909/1329/65 908/648/65
f 904/651/194 906/633/194 893/635/194
f 902/652/81 903/650/81 888/627/81
f 907/653/196 909/655/196 970/645/196
f 905/654/193 904/651/193 894/640/193
f 909/655/137 902/1333/137 967/656/137
f 908/657/195 907/653/195 901/644/195
f 903/658/68 905/654/68 892/642/68
f 934/659/78 935/1334/78 877/607/78
f 936/660/70 941/1335/70 940/603/70
f 936/662/34 935/1334/34 934/659/34
f 934/659/34 942/1336/34 941/661/34
f 939/600/61 937/609/61 938/663/61
f 942/665/61 939/600/61 940/664/61
f 968/667/137 969/1328/137 970/645/137
f 998/668/70 996/1319/70 995/623/70
f 968/670/34 997/669/34 995/623/34
f 998/668/137 997/669/137 968/672/137
f 1115/674/81 1118/678/81 1121/675/81
f 1116/677/197 1117/708/197 1118/678/197
f 1148/682/34 1138/1337/34 1139/683/34
f 1141/685/200 1138/706/217 1148/686/201
f 1122/688/202 1136/1338/202 1134/689/203
f 1126/690/204 1134/689/203 1135/691/205
f 1125/692/206 1135/691/205 1133/693/207
f 1129/695/209 1124/696/210 1127/694/208
f 1124/696/210 1129/695/209 1128/697/53
f 1119/699/211 1123/698/53 1128/697/53
f 1120/701/213 1119/699/211 1130/700/212
f 1121/703/215 1120/701/213 1132/702/214
f 1141/685/200 1143/1339/216 1144/705/216
f 1116/677/34 1140/1340/34 1137/707/34
f 1142/709/218 1141/717/218 1137/710/218
f 1137/712/219 1141/685/200 1152/687/201
f 1145/714/218 1144/1341/218 1143/715/218
f 1141/717/81 1142/709/81 1146/716/81
f 1138/718/34 1144/1341/34 1145/714/34
f 1122/720/221 1147/1342/346 1150/721/222
f 1188/723/81 1172/726/81 1241/724/81
f 1172/726/68 1174/745/68 1240/727/68
f 1182/729/65 1186/732/65 1189/730/65
f 1181/731/65 1185/734/65 1186/732/65
f 1180/733/65 1184/833/65 1185/734/65
f 1179/735/224 1183/750/224 1268/736/65
f 1246/738/70 1247/788/70 1230/739/225
f 1267/737/81 1180/733/81 1245/741/81
f 1180/733/81 1181/731/81 1244/743/81
f 1181/731/81 1182/729/81 1243/744/81
f 1188/723/65 1189/730/65 1174/745/65
f 1182/729/81 1188/723/81 1242/725/81
f 1231/746/226 1193/1343/226 1191/747/226
f 1179/735/81 1246/738/81 1229/740/81
f 1229/740/81 1228/1344/81 1191/749/81
f 1191/747/227 1193/1343/227 1183/750/224
f 1248/751/34 1197/757/34 1206/752/34
f 1196/754/137 1261/1345/137 1254/755/137
f 1240/727/68 1174/745/68 1197/757/68
f 1189/730/65 1186/732/65 1205/759/65
f 1186/732/65 1185/734/65 1204/760/65
f 1185/734/65 1184/833/65 1203/761/65
f 1268/736/65 1183/750/224 1202/762/224
f 1230/739/225 1247/788/70 1253/764/70
f 1269/766/34 1252/1346/34 1278/1347/34
f 1269/766/34 1278/1347/34 1277/767/81
f 1251/768/34 1204/760/34 1203/761/34
f 1250/770/34 1205/759/34 1204/760/34
f 1174/745/65 1189/730/65 1206/752/65
f 1249/753/34 1206/752/34 1205/759/34
f 1311/771/230 1361/910/231 1362/772/231
f 1233/775/34 1253/832/34 1202/762/34
f 1202/762/34 1208/1348/34 1232/774/34
f 1208/777/232 1202/762/224 1183/750/224
f 1183/750/224 1193/1343/227 1311/776/230
f 1233/779/225 1232/1349/233 1312/878/233
f 1231/746/233 1228/748/233 1229/1350/225
f 1233/779/225 1312/878/233 1231/746/233
f 1231/746/233 1229/1350/225 1230/778/225
f 1171/780/70 1241/724/70 1240/781/70
f 1175/783/70 1243/744/70 1242/725/70
f 1176/784/70 1244/743/70 1243/744/70
f 1177/785/70 1245/741/70 1244/743/70
f 1178/786/70 1246/738/70 1266/742/70
f 1178/786/70 1187/801/70 1247/788/70
f 1196/789/70 1173/782/70 1240/781/70
f 1198/791/70 1196/789/70 1249/792/70
f 1198/791/70 1250/793/70 1251/794/70
f 1199/795/70 1251/794/70 1252/796/70
f 1272/798/70 1200/797/70 1252/796/70
f 1201/800/70 1253/764/70 1247/788/70
f 1273/804/70 1274/822/70 1265/802/70
f 1260/803/70 1259/828/70 1273/804/70
f 1173/756/137 1254/755/137 1255/805/137
f 1198/807/81 1262/814/81 1261/808/81
f 1171/810/34 1255/1351/34 1256/811/34
f 1199/813/81 1263/818/81 1262/814/81
f 1175/812/34 1256/811/34 1257/815/34
f 1200/817/81 1264/830/81 1263/818/81
f 1176/816/34 1257/815/34 1258/819/34
f 1201/821/81 1265/802/81 1274/822/81
f 1177/820/34 1258/819/34 1273/804/34
f 1187/825/68 1260/803/68 1265/802/68
f 1178/827/68 1259/828/68 1260/803/68
f 1271/824/34 1273/804/34 1259/828/34
f 1272/823/81 1274/822/81 1264/830/81
f 1201/800/70 1272/798/70 1269/799/70
f 1271/787/70 1266/742/70 1245/741/70
f 1269/766/34 1270/763/34 1202/762/34
f 1184/833/137 1276/1352/137 1278/834/137
f 1179/735/81 1267/737/81 1266/742/81
f 1270/763/68 1277/1353/68 1275/835/68
f 1180/733/65 1267/737/65 1268/736/65
f 1296/838/81 1292/1354/81 1294/836/81
f 1294/836/81 1306/861/81 1297/837/81
f 1299/840/68 1295/1355/68 1297/837/68
f 1297/837/68 1306/861/68 1305/839/68
f 1305/839/68 1300/1356/68 1299/840/68
f 1293/843/137 1289/1357/137 1291/841/137
f 1291/841/137 1279/863/137 1280/842/137
f 1280/842/137 1294/836/137 1293/843/137
f 1280/844/65 1279/1358/65 1304/845/65
f 1290/848/34 1298/1359/34 1300/847/34
f 1300/847/34 1305/862/34 1291/841/34
f 1306/861/81 1294/836/81 1280/842/81
f 1305/862/34 1304/1360/34 1279/863/34
f 1305/839/68 1306/861/68 1303/846/68
f 1310/864/65 1308/869/65 1307/865/65
f 1308/869/68 1323/1361/68 1322/867/68
f 1322/867/68 1324/1362/68 1326/868/68
f 1326/868/68 1307/865/68 1308/869/68
f 1334/872/70 1301/1363/70 1302/870/70
f 1302/870/70 1329/1364/70 1328/871/70
f 1328/871/70 1331/1365/70 1334/872/70
f 1325/874/81 1327/1366/81 1330/873/81
f 1330/873/81 1309/1367/81 1307/865/81
f 1307/865/81 1326/868/81 1325/874/81
f 1316/875/81 1366/917/81 1364/876/81
f 1311/776/226 1193/1343/226 1231/746/226
f 1208/879/34 1362/911/34 1360/880/34
f 1312/882/81 1359/913/81 1361/883/81
f 1232/885/238 1360/907/238 1359/886/238
f 1308/869/34 1310/1368/34 1333/888/34
f 1333/888/34 1332/1369/34 1321/889/34
f 1321/889/34 1323/1361/34 1308/869/34
f 1283/890/70 1344/902/70 1343/891/70
f 1287/893/70 1346/903/70 1345/894/70
f 1286/896/70 1285/904/70 1348/897/70
f 1282/899/70 1281/905/70 1350/900/70
f 1282/899/70 1349/901/70 1344/902/70
f 1284/892/70 1343/891/70 1346/903/70
f 1288/895/70 1345/894/70 1348/897/70
f 1281/905/70 1286/896/70 1347/898/70
f 1313/906/226 1359/886/226 1360/907/226
f 1315/909/226 1316/918/226 1362/772/226
f 1316/875/226 1314/877/226 1360/880/226
f 1315/912/226 1361/883/226 1359/913/226
f 1314/908/231 1364/876/231 1363/915/231
f 1315/912/34 1313/914/34 1363/915/34
f 1315/909/238 1365/916/238 1366/917/238
f 1380/921/60 1367/1370/60 1368/1371/60
f 1368/1371/60 1371/1372/60 1372/919/60
f 1372/919/60 1375/1373/60 1376/920/60
f 1376/920/60 1379/1374/60 1380/921/60
f 1380/921/60 1368/1371/60 1372/919/60
f 1386/922/239 1417/929/239 1416/923/240
f 1383/925/137 1415/983/137 1418/926/239
f 1386/922/239 1388/933/241 1420/928/241
f 1387/930/242 1385/927/239 1418/926/239
f 1390/932/243 1422/1375/243 1420/928/241
f 1395/934/34 1457/997/34 1458/935/34
f 1394/937/244 1396/943/245 1428/938/245
f 1427/940/81 1430/1376/81 1463/941/81
f 1396/943/245 1398/1003/246 1429/944/246
f 1391/945/34 1455/996/34 1456/946/34
f 1397/936/247 1430/1012/247 1432/948/68
f 1431/950/68 1400/1004/68 1402/951/248
f 1399/949/68 1432/948/68 1434/953/248
f 1402/951/248 1404/958/53 1435/955/53
f 1401/954/248 1434/953/248 1436/956/53
f 1404/958/53 1406/962/249 1438/959/249
f 1405/960/249 1403/957/53 1436/956/53
f 1406/962/249 1408/1377/65 1440/963/65
f 1405/960/249 1437/961/249 1439/964/65
f 1440/963/65 1408/1377/65 1410/966/250
f 1407/965/65 1439/964/65 1441/968/250
f 1412/970/58 1444/977/58 1442/967/250
f 1411/971/58 1409/969/250 1441/968/250
f 1406/975/81 1404/1378/81 1402/1379/81
f 1402/1379/81 1400/1380/81 1398/1381/81
f 1398/1381/81 1396/1382/81 1394/1383/81
f 1392/973/81 1390/1384/81 1388/1385/81
f 1398/1381/81 1394/1383/81 1392/973/81
f 1406/975/81 1402/1379/81 1398/1381/81
f 1410/1386/81 1408/1387/81 1406/975/81
f 1414/974/251 1412/1388/81 1410/1386/81
f 1386/1389/81 1384/1390/256 1414/974/251
f 1392/973/81 1388/1385/81 1386/1389/81
f 1406/975/81 1398/1381/81 1392/973/81
f 1414/974/251 1410/1386/81 1406/975/81
f 1392/973/81 1386/1389/81 1414/974/251
f 1412/970/58 1414/1391/252 1446/976/252
f 1413/978/253 1411/971/58 1443/972/58
f 1384/980/254 1416/1007/254 1471/981/254
f 1383/925/137 1413/978/253 1445/979/253
f 1411/985/34 1413/1392/34 1383/1393/34
f 1383/1393/34 1385/1394/34 1387/1395/34
f 1387/1395/34 1389/1001/34 1391/945/34
f 1391/945/34 1393/947/34 1395/934/34
f 1395/934/34 1397/936/34 1399/1396/34
f 1399/1396/34 1401/1397/34 1403/984/34
f 1403/984/34 1405/1398/34 1407/1399/34
f 1407/1399/34 1409/1400/34 1411/985/34
f 1411/985/34 1383/1393/34 1387/1395/34
f 1387/1395/34 1391/945/34 1395/934/34
f 1395/934/34 1399/1396/34 1403/984/34
f 1403/984/34 1407/1399/34 1411/985/34
f 1411/985/34 1387/1395/34 1395/934/34
f 1419/931/81 1418/1401/81 1415/1402/81
f 1415/1402/81 1445/1403/81 1443/1404/81
f 1443/1404/81 1441/1405/81 1439/1406/81
f 1439/1406/81 1437/1407/81 1436/986/81
f 1436/986/81 1434/1408/81 1432/1409/81
f 1432/1409/81 1430/1376/81 1427/940/81
f 1427/940/81 1425/990/81 1423/992/81
f 1423/992/81 1421/998/81 1419/931/81
f 1419/931/81 1415/1402/81 1443/1404/81
f 1443/1404/81 1439/1406/81 1436/986/81
f 1436/986/81 1432/1409/81 1427/940/81
f 1427/940/81 1423/992/81 1419/931/81
f 1419/931/81 1443/1404/81 1436/986/81
f 1446/1410/347 1416/1411/258 1417/987/34
f 1417/987/34 1420/1412/34 1422/1413/34
f 1424/1414/34 1426/1415/34 1428/1416/34
f 1417/987/34 1422/1413/34 1424/1414/34
f 1444/1417/34 1446/1410/347 1417/987/34
f 1440/989/34 1442/1418/34 1444/1417/34
f 1435/1419/34 1438/1420/34 1440/989/34
f 1431/988/34 1433/1421/34 1435/1419/34
f 1428/1416/34 1429/1422/34 1431/988/34
f 1417/987/34 1424/1414/34 1428/1416/34
f 1440/989/34 1444/1417/34 1417/987/34
f 1431/988/34 1435/1419/34 1440/989/34
f 1417/987/34 1428/1416/34 1431/988/34
f 1425/990/81 1427/940/81 1462/942/81
f 1423/992/81 1425/990/81 1460/991/81
f 1419/931/348 1464/999/255 1453/994/255
f 1391/945/34 1389/1001/34 1454/995/34
f 1393/947/34 1456/946/34 1457/997/34
f 1421/998/81 1461/1000/81 1464/999/81
f 1423/992/81 1459/993/81 1461/1000/81
f 1389/1001/34 1387/1395/34 1453/1002/34
f 1431/950/68 1429/944/246 1398/1003/246
f 1384/980/349 1469/982/350 1470/1005/257
f 1416/1007/258 1446/1010/347 1472/1008/259
f 1414/1009/261 1470/1423/261 1472/1008/261
f 1397/936/351 1458/935/262 1463/1011/262
f 1276/1013/34 1184/1424/34 1268/1014/34
f 1276/1013/65 1275/1015/65 1277/1016/65
f 1151/1029/268 1150/1425/222 1147/1426/346
f 1152/1028/268 1148/682/268 1149/684/268
f 1151/1029/268 1147/1426/346 1152/1028/268
f 1566/1031/81 1568/1034/269 1563/1032/269
f 1568/1034/269 1569/1036/270 1562/1035/270
f 1569/1036/270 1570/1427/271 1561/1037/271
f 1561/1037/271 1570/1427/271 1572/1038/272
f 1572/1038/272 1574/1428/273 1559/1040/273
f 1559/1040/273 1574/1428/273 1575/1041/274
f 1558/1042/274 1575/1041/274 1576/1043/275
f 1576/1045/275 1578/1048/34 1556/1046/34
f 1578/1048/34 1580/1429/276 1555/1049/276
f 1555/1049/276 1580/1429/276 1581/1050/277
f 1581/1050/277 1582/1053/278 1553/1052/278
f 1582/1053/278 1584/1055/279 1552/1054/279
f 1584/1055/279 1586/1430/280 1551/1056/280
f 1551/1056/280 1586/1430/280 1587/1057/281
f 1569/1061/282 1568/1431/282 1566/1432/282
f 1566/1432/282 1588/1433/282 1587/1434/282
f 1587/1434/282 1586/1435/282 1584/1436/282
f 1584/1436/282 1582/1437/282 1581/1059/282
f 1581/1059/282 1580/1438/282 1578/1439/282
f 1578/1439/282 1576/1440/282 1575/1060/282
f 1575/1060/282 1574/1441/282 1572/1442/352
f 1572/1442/352 1570/1443/282 1569/1061/282
f 1569/1061/282 1566/1432/282 1587/1434/282
f 1587/1434/282 1584/1436/282 1581/1059/282
f 1581/1059/282 1578/1439/282 1575/1060/282
f 1575/1060/282 1572/1442/352 1569/1061/282
f 1569/1061/282 1587/1434/282 1581/1059/282
f 1587/1057/281 1588/1444/283 1549/1062/283
f 1549/1062/283 1588/1444/283 1566/1031/81
f 1518/1065/284 1517/1445/284 1532/1446/284
f 1532/1446/284 1531/1447/284 1530/1448/284
f 1530/1448/284 1529/1449/284 1528/1450/284
f 1528/1450/284 1527/1451/353 1526/1063/284
f 1526/1063/284 1525/1452/284 1524/1453/284
f 1524/1453/284 1523/1454/284 1522/1064/284
f 1522/1064/284 1521/1455/354 1520/1456/284
f 1520/1456/284 1519/1457/354 1518/1065/284
f 1518/1065/284 1532/1446/284 1530/1448/284
f 1530/1448/284 1528/1450/284 1526/1063/284
f 1526/1063/284 1524/1453/284 1522/1064/284
f 1522/1064/284 1520/1456/284 1518/1065/284
f 1518/1065/284 1530/1448/284 1526/1063/284
f 1614/1066/285 1616/1092/286 1694/1067/286
f 1695/1069/287 1618/1093/287 1620/1070/288
f 1696/1071/288 1620/1070/288 1622/1072/289
f 1622/1074/289 1624/1077/291 1700/1075/291
f 1624/1077/291 1626/1085/292 1701/1078/292
f 1654/1079/293 1653/1155/292 1685/1080/294
f 1698/1082/295 1634/1130/295 1636/1083/296
f 1626/1085/292 1737/1085/292 1738/1086/293
f 1644/1087/297 1614/1066/285 1693/1068/285
f 1639/1091/60 1641/1114/60 1643/1117/60
f 1643/1117/60 1613/1120/60 1615/1458/60
f 1615/1458/60 1617/1094/60 1619/1098/60
f 1619/1098/60 1621/1100/60 1623/1089/60
f 1623/1089/60 1625/1101/60 1627/1105/60
f 1627/1105/60 1629/1106/60 1631/1090/60
f 1631/1090/60 1633/1109/60 1635/1110/60
f 1635/1110/60 1637/1112/60 1639/1091/60
f 1639/1091/60 1643/1117/60 1615/1458/60
f 1615/1458/60 1619/1098/60 1623/1089/60
f 1623/1089/60 1627/1105/60 1631/1090/60
f 1631/1090/60 1635/1110/60 1639/1091/60
f 1639/1091/60 1615/1458/60 1623/1089/60
f 1695/1069/287 1694/1067/286 1616/1092/286
f 1617/1094/60 1615/1458/60 1648/1095/60
f 1617/1094/60 1649/1096/60 1650/1097/60
f 1619/1098/60 1650/1097/60 1651/1099/60
f 1625/1101/60 1623/1089/60 1652/1102/60
f 1625/1101/60 1653/1103/60 1654/1104/60
f 1629/1106/60 1627/1105/60 1654/1104/60
f 1631/1090/60 1656/1459/60 1657/1108/60
f 1635/1110/60 1633/1109/60 1657/1108/60
f 1637/1112/60 1635/1110/60 1658/1111/60
f 1641/1114/60 1639/1091/60 1660/1115/60
f 1643/1117/60 1641/1114/60 1661/1116/60
f 1643/1117/60 1662/1118/60 1647/1119/60
f 1703/1121/298 1642/1123/298 1644/1087/297
f 1704/1122/299 1640/1129/303 1642/1123/298
f 1699/1124/300 1707/1131/301 1630/1125/301
f 1705/1084/296 1636/1083/296 1638/1127/302
f 1704/1122/299 1706/1128/302 1638/1127/302
f 1698/1082/295 1699/1124/300 1632/1126/300
f 1707/1131/301 1708/1132/293 1628/1086/293
f 1701/1078/292 1626/1085/292 1628/1086/293
f 1655/1133/304 1654/1079/293 1692/1081/293
f 1657/1135/295 1656/1143/307 1683/1136/300
f 1660/1138/305 1659/1142/306 1690/1139/302
f 1658/1141/296 1689/1153/296 1690/1139/302
f 1656/1143/307 1655/1133/304 1691/1134/301
f 1660/1138/305 1688/1140/299 1687/1144/298
f 1661/1145/298 1687/1144/298 1686/1146/297
f 1648/1148/308 1645/1163/286 1679/1149/287
f 1662/1147/297 1686/1146/297 1646/1151/285
f 1657/1135/295 1682/1137/295 1689/1153/296
f 1684/1154/291 1685/1080/294 1653/1155/292
f 1681/1157/290 1684/1154/291 1652/1156/310
f 1650/1159/288 1680/1162/288 1681/1160/290
f 1649/1150/287 1679/1149/287 1680/1162/288
f 1647/1152/309 1646/1151/285 1645/1163/286
f 1717/1164/311 1715/1460/355 1692/1081/293
f 1692/1081/293 1685/1080/294 1701/1078/292
f 1701/1078/292 1708/1132/293 1717/1164/311
f 1692/1081/293 1715/1460/355 1716/1165/304
f 1683/1136/300 1699/1124/300 1698/1082/295
f 1690/1139/302 1706/1128/302 1704/1122/299
f 1689/1153/296 1705/1084/296 1706/1128/302
f 1707/1131/301 1699/1124/300 1683/1136/300
f 1683/1136/300 1691/1134/301 1716/1165/304
f 1718/1166/304 1707/1131/301 1683/1136/300
f 1682/1137/295 1698/1082/295 1705/1084/296
f 1720/1167/312 1722/1173/314 1700/1075/291
f 1700/1075/291 1701/1078/292 1685/1080/294
f 1685/1080/294 1684/1154/291 1720/1167/312
f 1681/1157/290 1719/1461/316 1720/1167/312
f 1715/1168/313 1717/1462/313 1725/1169/313
f 1717/1164/311 1708/1132/293 1707/1131/301
f 1717/1171/58 1718/1463/58 1726/1172/58
f 1722/1173/356 1721/1464/316 1697/1076/357
f 1723/1170/315 1725/1169/315 1726/1172/315
f 1727/1175/316 1728/1189/316 1729/1176/316
f 1720/1178/317 1727/1175/317 1730/1177/317
f 1719/1180/60 1728/1189/60 1727/1175/60
f 1716/1182/318 1724/1174/318 1726/1172/318
f 1715/1184/60 1723/1170/60 1724/1174/60
f 1722/1186/58 1730/1177/58 1729/1176/58
f 1721/1188/319 1729/1176/320 1728/1189/320
f 1634/1130/295 1741/1130/295 1742/1083/296
f 1642/1123/298 1752/1123/358 1751/1194/321
f 1753/1195/321 1754/1087/323 1644/1087/297
f 1644/1087/297 1642/1123/298 1751/1194/321
f 1622/1072/289 1620/1070/288 1734/1070/288
f 1628/1086/293 1738/1086/293 1739/1125/301
f 1638/1127/302 1636/1083/296 1742/1083/296
f 1616/1092/286 1614/1066/285 1731/1066/285
f 1622/1074/289 1735/1074/289 1736/1077/291
f 1632/1126/300 1630/1125/301 1739/1125/301
f 1640/1129/303 1638/1127/302 1743/1127/302
f 1616/1092/286 1732/1092/286 1733/1093/287
f 1626/1085/292 1624/1077/291 1736/1077/291
f 1632/1126/300 1740/1126/300 1741/1130/295
f 1752/1123/358 1642/1123/298 1640/1129/303
f 1744/1129/303 1747/1465/359 1755/1196/322
f 1755/1196/322 1752/1123/358 1640/1129/303
f 1748/1197/324 1731/1066/285 1614/1066/285
f 1614/1066/285 1644/1087/297 1754/1087/323
f 1756/1197/324 1748/1197/324 1614/1066/285
f 1618/1093/287 1733/1093/287 1734/1070/288
f 1745/1198/325 1751/1206/328 1752/1199/65
f 1747/1205/68 1749/1466/68 1746/1204/68
f 1746/1204/68 1745/1198/68 1755/1200/68
f 1751/1206/328 1745/1198/325 1746/1207/74
f 1756/1210/326 1754/1467/360 1753/1208/83
f 1753/1208/83 1746/1207/83 1749/1209/83
f 1749/1209/83 1750/1468/327 1756/1210/326
f 1763/1469/361 1757/1470/361 1760/1471/361
f 1766/1472/362 1762/1473/362 1761/1474/362
f 1760/1471/363 1764/1475/363 1763/1469/363
f 1765/1476/364 1759/1477/364 1762/1473/364
f 1765/1478/34 1758/1479/34 1764/1480/34
f 1770/1481/365 1767/1482/366 1768/1483/365
f 1761/1474/367 1769/1484/366 1766/1472/367
f 1757/1470/368 1770/1481/368 1768/1483/368
f 1757/1485/81 1767/1486/81 1761/1474/81
f 1757/1485/81 1759/1487/81 1760/1488/81
f 1762/1489/81 1757/1485/81 1761/1474/81
f 1759/1487/81 1757/1485/81 1762/1489/81
f 1764/1480/34 1758/1479/34 1763/1490/34
f 1758/1479/34 1765/1478/34 1766/1472/34
f 1769/1484/34 1758/1479/34 1766/1472/34
f 1763/1469/361 1758/1491/361 1757/1470/361
f 1766/1472/362 1765/1476/362 1762/1473/362
f 1760/1471/363 1759/1477/363 1764/1475/363
f 1765/1476/364 1764/1475/364 1759/1477/364
f 1770/1481/365 1769/1492/366 1767/1482/366
f 1761/1474/367 1767/1486/366 1769/1484/366
f 1757/1470/368 1758/1491/368 1770/1481/368
f 1757/1485/81 1768/1493/81 1767/1486/81
f 1769/1484/34 1770/1494/34 1758/1479/34
f 1779/1469/70 1773/1470/70 1776/1471/70
f 1782/1472/369 1778/1473/369 1777/1474/369
f 1776/1471/61 1780/1475/61 1779/1469/61
f 1781/1476/370 1775/1477/370 1778/1473/370
f 1781/1478/81 1774/1479/81 1780/1480/81
f 1786/1481/371 1783/1482/372 1784/1483/371
f 1777/1474/373 1785/1484/374 1782/1472/373
f 1773/1470/375 1786/1481/375 1784/1483/375
f 1773/1485/34 1783/1486/34 1777/1474/34
f 1773/1485/34 1775/1487/34 1776/1488/34
f 1778/1489/34 1773/1485/34 1777/1474/34
f 1775/1487/34 1773/1485/34 1778/1489/34
f 1780/1480/81 1774/1479/81 1779/1490/81
f 1774/1479/81 1781/1478/81 1782/1472/81
f 1785/1484/81 1774/1479/81 1782/1472/81
f 1779/1469/70 1774/1491/70 1773/1470/70
f 1782/1472/369 1781/1476/369 1778/1473/369
f 1776/1471/61 1775/1477/61 1780/1475/61
f 1781/1476/370 1780/1475/370 1775/1477/370
f 1786/1481/371 1785/1492/374 1783/1482/372
f 1777/1474/373 1783/1486/372 1785/1484/374
f 1773/1470/375 1774/1491/375 1786/1481/375
f 1773/1485/34 1784/1493/34 1783/1486/34
f 1785/1484/81 1786/1494/81 1774/1479/81
f 1803/1469/70 1797/1470/70 1800/1471/70
f 1806/1472/376 1802/1473/376 1801/1474/376
f 1800/1471/60 1804/1475/60 1803/1469/60
f 1805/1476/377 1799/1477/377 1802/1473/377
f 1805/1478/34 1798/1479/34 1804/1480/34
f 1810/1481/378 1807/1482/379 1808/1483/378
f 1801/1474/380 1809/1484/379 1806/1472/380
f 1797/1470/381 1810/1481/381 1808/1483/381
f 1797/1485/81 1807/1486/81 1801/1474/81
f 1797/1485/81 1799/1487/81 1800/1488/81
f 1802/1489/81 1797/1485/81 1801/1474/81
f 1799/1487/81 1797/1485/81 1802/1489/81
f 1804/1480/34 1798/1479/34 1803/1490/34
f 1798/1479/34 1805/1478/34 1806/1472/34
f 1809/1484/34 1798/1479/34 1806/1472/34
f 1803/1469/70 1798/1491/70 1797/1470/70
f 1806/1472/376 1805/1476/376 1802/1473/376
f 1800/1471/60 1799/1477/60 1804/1475/60
f 1805/1476/377 1804/1475/377 1799/1477/377
f 1810/1481/378 1809/1492/379 1807/1482/379
f 1801/1474/380 1807/1486/379 1809/1484/379
f 1797/1470/381 1798/1491/381 1810/1481/381
f 1797/1485/81 1808/1493/81 1807/1486/81
f 1809/1484/34 1810/1494/34 1798/1479/34
f 1819/1469/70 1813/1470/70 1816/1471/70
f 1822/1472/369 1818/1473/369 1817/1474/369
f 1816/1471/61 1820/1475/61 1819/1469/61
f 1821/1476/370 1815/1477/370 1818/1473/370
f 1821/1478/81 1814/1479/81 1820/1480/81
f 1826/1481/371 1823/1482/374 1824/1483/371
f 1817/1474/373 1825/1484/374 1822/1472/373
f 1813/1470/375 1826/1481/375 1824/1483/375
f 1813/1485/34 1823/1486/34 1817/1474/34
f 1813/1485/34 1815/1487/34 1816/1488/34
f 1818/1489/34 1813/1485/34 1817/1474/34
f 1815/1487/34 1813/1485/34 1818/1489/34
f 1820/1480/81 1814/1479/81 1819/1490/81
f 1814/1479/81 1821/1478/81 1822/1472/81
f 1825/1484/81 1814/1479/81 1822/1472/81
f 1819/1469/70 1814/1491/70 1813/1470/70
f 1822/1472/369 1821/1476/369 1818/1473/369
f 1816/1471/61 1815/1477/61 1820/1475/61
f 1821/1476/370 1820/1475/370 1815/1477/370
f 1826/1481/371 1825/1492/374 1823/1482/374
f 1817/1474/373 1823/1486/374 1825/1484/374
f 1813/1470/375 1814/1491/375 1826/1481/375
f 1813/1485/34 1824/1493/34 1823/1486/34
f 1825/1484/81 1826/1494/81 1814/1479/81
f 1966/1495/174 1951/1496/181 1964/1497/174
f 1972/1498/176 1963/1499/177 1970/1500/176
f 1960/1501/65 1956/1502/65 1967/1503/65
f 1954/1504/186 1957/1505/179 1952/1506/186
f 1960/1507/184 1969/1508/187 1958/1509/184
f 1955/1510/181 1953/1511/195 1951/1496/181
f 1956/1512/196 1952/1506/186 1953/1511/196
f 1958/1509/184 1962/1513/382 1960/1507/184
f 1959/1514/383 1961/1515/179 1962/1513/383
f 1970/1500/176 1974/1516/384 1972/1498/176
f 1971/1517/385 1973/1518/187 1974/1516/385
f 1964/1497/174 1968/1519/194 1966/1495/174
f 1965/1520/193 1967/1521/177 1968/1519/193
f 1969/1522/70 1965/1523/70 1952/1506/70
f 1975/1524/81 1992/1525/385 1991/1526/81
f 1976/1527/385 1993/1528/1 1992/1525/385
f 1977/1529/1 1994/1530/384 1993/1528/1
f 1978/1531/384 1995/1532/68 1994/1530/384
f 1979/1533/68 1996/1534/193 1995/1532/68
f 1980/1535/193 1997/1536/8 1996/1534/193
f 1981/1537/8 1998/1538/194 1997/1536/8
f 1982/1539/194 1999/1540/34 1998/1538/194
f 1983/1541/34 2000/1542/195 1999/1540/34
f 1984/1543/195 2001/1544/15 2000/1542/195
f 1985/1545/15 2002/1546/196 2001/1544/15
f 1986/1547/196 2003/1548/137 2002/1546/196
f 1987/1549/137 2004/1550/383 2003/1548/137
f 1988/1551/383 2005/1552/6 2004/1550/383
f 1989/1553/6 2006/1554/382 2005/1552/6
f 1990/1555/382 1991/1556/81 2006/1554/382
f 2038/1557/382 2086/1558/81 2085/1559/382
f 2037/1560/183 2085/1559/382 2084/1561/183
f 2028/1562/385 2089/1563/385 2075/1564/385
f 2035/1565/137 2083/1566/179 2082/1567/137
f 2034/1568/196 2082/1567/137 2081/1569/196
f 2033/1570/185 2081/1569/196 2080/1571/185
f 2024/1572/386 2042/1573/386 2039/1574/386
f 2031/1575/34 2079/1576/181 2078/1577/34
f 2030/1578/194 2078/1577/34 2077/1579/194
f 2029/1580/173 2077/1579/194 2076/1581/173
f 2024/1582/383 2087/1583/383 2071/1584/383
f 2027/1585/68 2075/1586/177 2074/1587/68
f 2026/1588/384 2074/1587/68 2073/1589/384
f 2025/1590/175 2073/1589/384 2072/1591/175
f 2033/1592/387 2047/1593/387 2032/1594/387
f 2023/1595/81 2071/1596/187 2086/1558/81
f 2093/1597/195 2067/1598/195 2101/1599/195
f 2032/1600/193 2091/1601/193 2079/1602/193
f 2036/1603/195 2093/1597/195 2083/1604/195
f 2036/1605/388 2054/1606/388 2051/1607/388
f 2029/1608/389 2043/1609/389 2028/1610/389
f 2067/1598/180 2102/1611/180 2101/1599/180
f 2063/1612/182 2100/1613/182 2099/1614/182
f 2059/1615/178 2098/1616/178 2097/1617/178
f 2055/1618/188 2096/1619/188 2095/1620/188
f 2089/1563/385 2059/1615/385 2097/1617/385
f 2054/1606/390 2067/1598/390 2051/1607/390
f 2050/1621/391 2063/1612/391 2047/1593/391
f 2091/1601/193 2063/1612/193 2099/1614/193
f 2046/1622/392 2059/1615/392 2043/1609/392
f 2087/1583/383 2055/1618/383 2095/1620/383
f 2042/1573/393 2055/1618/393 2039/1574/393
f 2092/1623/6 2066/1624/6 2050/1625/6
f 2090/1626/15 2062/1627/15 2046/1628/15
f 2094/1629/1 2070/1630/1 2054/1631/1
f 2037/1632/1 2094/1629/1 2054/1631/1
f 2033/1633/6 2092/1623/6 2050/1625/6
f 2029/1634/15 2090/1626/15 2046/1628/15
f 2025/1635/8 2088/1636/8 2042/1637/8
f 2088/1636/8 2058/1638/8 2042/1637/8
f 2071/1584/383 2040/1639/383 2008/1640/383
f 1966/1495/174 1955/1510/181 1951/1496/181
f 1972/1498/176 1967/1641/177 1963/1499/177
f 1967/1503/65 1972/1642/65 1974/1643/65
f 1974/1643/65 1973/1644/65 1960/1501/65
f 1960/1501/65 1962/1645/65 1961/1515/65
f 1961/1515/65 1954/1504/65 1956/1502/65
f 1956/1502/65 1955/1646/65 1966/1647/65
f 1966/1647/65 1968/1648/65 1967/1503/65
f 1967/1503/65 1974/1643/65 1960/1501/65
f 1960/1501/65 1961/1515/65 1956/1502/65
f 1956/1502/65 1966/1647/65 1967/1503/65
f 1954/1504/186 1961/1515/179 1957/1505/179
f 1960/1507/184 1973/1518/187 1969/1508/187
f 1955/1510/181 1956/1512/195 1953/1511/195
f 1956/1512/196 1954/1504/186 1952/1506/186
f 1958/1509/184 1959/1514/382 1962/1513/382
f 1959/1514/383 1957/1505/179 1961/1515/179
f 1970/1500/176 1971/1517/384 1974/1516/384
f 1971/1517/385 1969/1508/187 1973/1518/187
f 1964/1497/174 1965/1520/194 1968/1519/194
f 1965/1520/193 1963/1649/177 1967/1521/177
f 1952/1506/70 1957/1505/70 1959/1650/70
f 1959/1650/70 1958/1651/70 1969/1522/70
f 1969/1522/70 1971/1652/70 1970/1653/70
f 1970/1653/70 1963/1654/70 1965/1523/70
f 1965/1523/70 1964/1655/70 1951/1656/70
f 1951/1656/70 1953/1657/70 1952/1506/70
f 1952/1506/70 1959/1650/70 1969/1522/70
f 1969/1522/70 1970/1653/70 1965/1523/70
f 1965/1523/70 1951/1656/70 1952/1506/70
f 1975/1524/81 1976/1527/385 1992/1525/385
f 1976/1527/385 1977/1529/1 1993/1528/1
f 1977/1529/1 1978/1531/384 1994/1530/384
f 1978/1531/384 1979/1533/68 1995/1532/68
f 1979/1533/68 1980/1535/193 1996/1534/193
f 1980/1535/193 1981/1537/8 1997/1536/8
f 1981/1537/8 1982/1539/194 1998/1538/194
f 1982/1539/194 1983/1541/34 1999/1540/34
f 1983/1541/34 1984/1543/195 2000/1542/195
f 1984/1543/195 1985/1545/15 2001/1544/15
f 1985/1545/15 1986/1547/196 2002/1546/196
f 1986/1547/196 1987/1549/137 2003/1548/137
f 1987/1549/137 1988/1551/383 2004/1550/383
f 1988/1551/383 1989/1553/6 2005/1552/6
f 1989/1553/6 1990/1555/382 2006/1554/382
f 1990/1555/382 1975/1658/81 1991/1556/81
f 2038/1557/382 2023/1595/81 2086/1558/81
f 2037/1560/183 2038/1557/382 2085/1559/382
f 2028/1562/385 2043/1659/385 2089/1563/385
f 2035/1565/137 2036/1660/179 2083/1566/179
f 2034/1568/196 2035/1565/137 2082/1567/137
f 2033/1570/185 2034/1568/196 2081/1569/196
f 2024/1572/386 2025/1661/386 2042/1573/386
f 2031/1575/34 2032/1662/181 2079/1576/181
f 2030/1578/194 2031/1575/34 2078/1577/34
f 2029/1580/173 2030/1578/194 2077/1579/194
f 2024/1582/383 2039/1663/383 2087/1583/383
f 2027/1585/68 2028/1664/177 2075/1586/177
f 2026/1588/384 2027/1585/68 2074/1587/68
f 2025/1590/175 2026/1588/384 2073/1589/384
f 2033/1592/387 2050/1621/387 2047/1593/387
f 2023/1595/81 2024/1665/187 2071/1596/187
f 2093/1597/195 2051/1666/195 2067/1598/195
f 2032/1600/193 2047/1667/193 2091/1601/193
f 2036/1603/195 2051/1666/195 2093/1597/195
f 2036/1605/388 2037/1668/388 2054/1606/388
f 2029/1608/389 2046/1622/389 2043/1609/389
f 2067/1598/180 2070/1630/180 2102/1611/180
f 2063/1612/182 2066/1624/182 2100/1613/182
f 2059/1615/178 2062/1627/178 2098/1616/178
f 2055/1618/188 2058/1638/188 2096/1619/188
f 2089/1563/385 2043/1659/385 2059/1615/385
f 2054/1606/390 2070/1630/390 2067/1598/390
f 2050/1621/391 2066/1624/391 2063/1612/391
f 2091/1601/193 2047/1667/193 2063/1612/193
f 2046/1622/392 2062/1627/392 2059/1615/392
f 2087/1583/383 2039/1663/383 2055/1618/383
f 2042/1573/393 2058/1638/393 2055/1618/393
f 2092/1623/6 2100/1613/6 2066/1624/6
f 2090/1626/15 2098/1616/15 2062/1627/15
f 2094/1629/1 2102/1611/1 2070/1630/1
f 2037/1632/1 2084/1669/1 2094/1629/1
f 2033/1633/6 2080/1670/6 2092/1623/6
f 2029/1634/15 2076/1671/15 2090/1626/15
f 2025/1635/8 2072/1672/8 2088/1636/8
f 2088/1636/8 2096/1619/8 2058/1638/8
f 2071/1584/383 2087/1583/383 2040/1639/383
usemtl SpacialRoverExploreralumGray
f 56/1673/137 57/1674/253 55/1675/137
f 57/1674/253 60/1676/58 59/1677/58
f 60/1676/58 61/1678/250 59/1677/58
f 62/1679/250 63/1680/65 61/1678/250
f 64/1681/65 65/1682/249 63/1683/65
f 66/1684/249 67/1685/53 65/1682/249
f 68/1686/53 69/1687/248 67/1685/53
f 70/1688/248 71/1689/68 69/1687/248
f 72/1690/68 73/1691/246 71/1689/68
f 74/1692/246 75/1693/60 73/1691/246
f 76/1694/60 77/1695/394 75/1693/60
f 78/1696/394 79/1697/70 77/1695/394
f 80/1698/70 81/1699/395 79/1697/70
f 82/1700/395 83/1701/61 81/1699/395
f 84/1702/61 85/1703/239 83/1701/61
f 86/1704/239 55/1675/137 85/1703/239
f 432/1705/137 449/1706/137 447/1707/137
f 440/1708/137 464/1709/137 463/1710/137
f 434/1711/137 449/1706/137 433/1712/137
f 435/1713/137 451/1714/137 434/1711/137
f 436/1715/137 453/1716/137 435/1713/137
f 436/1715/137 457/1717/137 455/1718/137
f 462/1719/161 464/1720/81 441/1721/81
f 461/1722/160 462/1719/161 460/1723/160
f 459/1724/70 460/1725/160 458/1726/70
f 456/1727/159 459/1724/70 458/1726/70
f 454/1728/158 457/1729/159 456/1727/159
f 453/1730/34 454/1728/158 452/1731/34
f 451/1732/157 452/1731/34 450/1733/157
f 449/1734/156 450/1733/157 448/1735/156
f 447/1736/65 448/1735/156 446/1737/65
f 445/1738/155 446/1737/65 444/1739/155
f 443/1740/154 444/1739/155 442/1741/154
f 441/1721/81 443/1740/154 442/1741/154
f 440/1708/137 461/1742/137 439/1743/137
f 432/1705/137 445/1744/137 431/1745/137
f 439/1743/137 459/1746/137 438/1747/137
f 430/1748/137 445/1744/137 443/1749/137
f 437/1750/137 459/1746/137 457/1717/137
f 429/1751/137 443/1749/137 464/1709/137
f 541/1752/81 585/1753/81 543/1754/81
f 536/1755/34 558/1756/34 534/1757/34
f 529/1758/81 551/1759/81 578/1760/81
f 542/1761/34 573/1762/34 570/1763/34
f 537/1764/81 581/1765/81 582/1766/81
f 530/1767/34 577/1768/34 527/1769/34
f 543/1754/81 586/1770/81 545/1771/81
f 538/1772/34 561/1773/34 536/1755/34
f 531/1774/81 578/1760/81 579/1775/81
f 544/1776/34 576/1777/34 573/1762/34
f 537/1764/81 583/1778/81 539/1779/81
f 532/1780/34 552/1781/34 530/1767/34
f 528/1782/81 586/1770/81 551/1759/81
f 538/1772/34 567/1783/34 564/1784/34
f 533/1785/81 579/1775/81 580/1786/81
f 527/1769/34 576/1777/34 546/1787/34
f 539/1779/81 584/1788/81 541/1752/81
f 534/1757/34 555/1789/34 532/1780/34
f 540/1790/34 570/1763/34 567/1783/34
f 535/1791/81 580/1786/81 581/1765/81
f 551/1792/396 587/1793/397 578/1794/397
f 553/1795/81 598/1796/81 599/1797/81
f 590/1798/34 606/1799/34 607/1800/34
f 591/1801/398 582/1802/399 581/1803/398
f 592/1804/400 583/1805/400 582/1802/400
f 593/1806/401 584/1807/401 583/1805/401
f 594/1808/68 585/1809/68 584/1807/68
f 585/1809/402 596/1810/402 586/1811/402
f 586/1811/403 588/1812/403 551/1792/403
f 556/1813/81 568/1814/81 574/1815/81
f 574/1816/403 577/1817/403 547/1818/403
f 573/1819/402 574/1816/402 571/1820/402
f 570/1821/68 571/1820/68 568/1822/68
f 567/1823/401 568/1822/401 565/1824/401
f 564/1825/400 565/1824/400 562/1826/400
f 561/1827/398 562/1826/399 559/1828/398
f 552/1829/397 598/1830/70 548/1831/397
f 577/1817/396 548/1831/397 547/1818/396
f 549/1832/34 588/1833/34 550/1834/34
f 549/1832/34 589/1835/34 587/1836/34
f 554/1837/34 590/1798/34 589/1835/34
f 560/1838/34 590/1798/34 557/1839/34
f 563/1840/34 591/1841/34 560/1838/34
f 566/1842/34 592/1843/34 563/1840/34
f 569/1844/34 593/1845/34 566/1842/34
f 569/1844/34 595/1846/34 594/1847/34
f 572/1848/34 596/1849/34 595/1846/34
f 550/1834/34 596/1849/34 575/1850/34
f 555/1789/34 597/1851/34 552/1781/34
f 581/1803/398 606/1852/65 591/1801/398
f 559/1828/398 608/1853/65 561/1827/398
f 589/1835/34 601/1854/34 587/1836/34
f 579/1775/81 609/1855/81 610/1856/81
f 558/1756/34 608/1857/34 603/1858/34
f 580/1786/81 612/1859/81 581/1765/81
f 587/1793/397 609/1860/70 578/1794/397
f 556/1813/81 605/1861/81 559/1862/81
f 758/1863/187 774/1864/188 759/1865/188
f 770/1866/179 788/1867/180 771/1868/180
f 766/1869/181 784/1870/182 767/1871/182
f 762/1872/177 780/1873/178 763/1874/178
f 727/1875/65 728/1876/65 775/1877/65
f 764/1878/173 782/1879/174 765/1880/174
f 760/1881/175 778/1882/176 761/1883/176
f 768/1884/185 786/1885/186 769/1886/186
f 772/1887/183 776/1888/184 757/1889/184
f 788/1867/180 772/1887/183 771/1868/180
f 758/1863/187 776/1888/184 775/1890/187
f 784/1870/182 768/1884/185 767/1871/182
f 770/1866/179 786/1885/186 785/1891/179
f 780/1873/178 764/1878/173 763/1874/178
f 766/1869/181 782/1879/174 781/1892/181
f 774/1864/188 760/1893/175 759/1865/188
f 762/1872/177 778/1882/176 777/1894/177
f 788/1895/65 739/1896/65 787/1897/65
f 739/1896/65 740/1898/65 787/1897/65
f 787/1897/65 727/1875/65 776/1899/65
f 784/1900/65 735/1901/65 736/1902/65
f 733/1903/65 734/1904/65 781/1905/65
f 784/1900/65 734/1904/65 735/1901/65
f 725/1906/65 726/1907/65 774/1908/65
f 734/1904/65 784/1900/65 781/1905/65
f 728/1876/65 774/1908/65 775/1877/65
f 783/1909/65 736/1902/65 737/1910/65
f 739/1896/65 788/1895/65 738/1911/65
f 778/1912/65 773/1913/65 729/1914/65
f 786/1915/65 738/1911/65 785/1916/65
f 729/1914/65 777/1917/65 778/1912/65
f 730/1918/65 777/1917/65 729/1914/65
f 786/1915/65 737/1910/65 738/1911/65
f 731/1919/65 780/1920/65 730/1918/65
f 786/1915/65 783/1909/65 737/1910/65
f 726/1907/65 773/1913/65 774/1908/65
f 773/1913/65 726/1907/65 729/1914/65
f 783/1909/65 784/1900/65 736/1902/65
f 732/1921/65 779/1922/65 731/1919/65
f 779/1922/65 780/1920/65 731/1919/65
f 733/1903/65 779/1922/65 732/1921/65
f 740/1898/65 727/1875/65 787/1897/65
f 788/1895/65 785/1916/65 738/1911/65
f 733/1903/65 781/1905/65 782/1923/65
f 780/1920/65 777/1917/65 730/1918/65
f 727/1875/65 775/1877/65 776/1899/65
f 779/1922/65 733/1903/65 782/1923/65
f 774/1908/65 728/1876/65 725/1906/65
f 810/1924/56 811/1925/56 809/1926/56
f 812/1927/53 813/1928/53 811/1925/53
f 814/1929/54 815/1930/54 813/1928/54
f 816/1931/59 817/1932/59 815/1930/59
f 818/1933/60 819/1934/60 817/1932/60
f 820/1935/63 821/1936/63 819/1934/63
f 822/1937/64 823/1938/64 821/1936/64
f 824/1939/61 825/1940/61 823/1938/61
f 826/1941/62 827/1942/62 825/1940/62
f 828/1943/57 829/1944/57 827/1942/57
f 830/1945/58 831/1946/58 829/1944/58
f 832/1947/55 809/1926/55 831/1948/55
f 815/1949/81 823/1950/81 831/1948/81
f 843/1951/56 844/1952/56 842/1953/56
f 845/1954/53 846/1955/53 844/1952/53
f 847/1956/54 848/1957/54 846/1955/54
f 849/1958/59 850/1959/59 848/1957/59
f 851/1960/60 852/1961/60 850/1959/60
f 853/1962/63 854/1963/63 852/1961/63
f 855/1964/64 856/1965/64 854/1963/64
f 857/1966/61 858/1967/61 856/1965/61
f 859/1968/62 860/1969/62 858/1967/62
f 861/1970/57 862/1971/57 860/1969/57
f 863/1972/58 864/1973/58 862/1971/58
f 865/1974/55 842/1953/55 864/1975/55
f 848/1976/81 856/1977/81 864/1975/81
f 912/1978/56 911/1979/56 910/1980/56
f 914/1981/53 913/1982/53 912/1978/53
f 916/1983/54 915/1984/54 914/1981/54
f 918/1985/59 917/1986/59 916/1983/59
f 920/1987/60 919/1988/60 918/1985/60
f 922/1989/63 921/1990/63 920/1987/63
f 924/1991/64 923/1992/64 922/1989/64
f 926/1993/61 925/1994/61 924/1991/61
f 928/1995/62 927/1996/62 926/1993/62
f 930/1997/57 929/1998/57 928/1995/57
f 932/1999/58 931/2000/58 930/1997/58
f 910/1980/55 933/2001/55 932/2002/55
f 916/2003/34 912/2004/34 928/2005/34
f 945/2006/56 944/2007/56 943/2008/56
f 947/2009/53 946/2010/53 945/2006/53
f 949/2011/54 948/2012/54 947/2009/54
f 951/2013/59 950/2014/59 949/2011/59
f 953/2015/60 952/2016/60 951/2013/60
f 955/2017/63 954/2018/63 953/2015/63
f 957/2019/64 956/2020/64 955/2017/64
f 959/2021/61 958/2022/61 957/2019/61
f 961/2023/62 960/2024/62 959/2021/62
f 963/2025/57 962/2026/57 961/2023/57
f 965/2027/58 964/2028/58 963/2025/58
f 943/2008/55 966/2029/55 965/2030/55
f 949/2031/34 945/2032/34 961/2033/34
f 990/2034/70 972/2035/70 977/2036/70
f 986/2037/137 984/2038/137 983/2039/137
f 993/2040/34 978/2041/34 980/2042/34
f 984/2038/65 981/2043/65 974/2044/65
f 987/2045/81 975/2046/81 971/2047/81
f 976/2048/74 984/2038/74 974/2044/74
f 975/2046/83 985/2049/83 976/2048/83
f 988/2050/75 972/2035/75 986/2051/75
f 987/2045/79 973/2052/79 988/2050/79
f 991/2053/82 978/2041/82 989/2054/82
f 990/2034/69 979/2055/69 991/2053/69
f 994/2056/76 981/2057/76 992/2058/76
f 993/2040/80 982/2059/80 994/2056/80
f 810/1924/56 812/1927/56 811/1925/56
f 812/1927/53 814/1929/53 813/1928/53
f 814/1929/54 816/1931/54 815/1930/54
f 816/1931/59 818/1933/59 817/1932/59
f 818/1933/60 820/1935/60 819/1934/60
f 820/1935/63 822/1937/63 821/1936/63
f 822/1937/64 824/1939/64 823/1938/64
f 824/1939/61 826/1941/61 825/1940/61
f 826/1941/62 828/1943/62 827/1942/62
f 828/1943/57 830/1945/57 829/1944/57
f 830/1945/58 832/2060/58 831/1946/58
f 832/1947/55 810/1924/55 809/1926/55
f 831/1948/81 809/1926/81 811/2061/81
f 811/2061/81 813/2062/81 815/1949/81
f 815/1949/81 817/2063/81 819/2064/81
f 819/2064/81 821/2065/81 823/1950/81
f 823/1950/81 825/2066/81 827/2067/81
f 827/2067/81 829/2068/81 823/1950/81
f 829/2068/81 831/1948/81 823/1950/81
f 831/1948/81 811/2061/81 815/1949/81
f 815/1949/81 819/2064/81 823/1950/81
f 843/1951/56 845/1954/56 844/1952/56
f 845/1954/53 847/1956/53 846/1955/53
f 847/1956/54 849/1958/54 848/1957/54
f 849/1958/59 851/1960/59 850/1959/59
f 851/1960/60 853/1962/60 852/1961/60
f 853/1962/63 855/1964/63 854/1963/63
f 855/1964/64 857/1966/64 856/1965/64
f 857/1966/61 859/1968/61 858/1967/61
f 859/1968/62 861/1970/62 860/1969/62
f 861/1970/57 863/1972/57 862/1971/57
f 863/1972/58 865/2069/58 864/1973/58
f 865/1974/55 843/1951/55 842/1953/55
f 864/1975/81 842/1953/81 844/2070/81
f 844/2070/81 846/2071/81 848/1976/81
f 848/1976/81 850/2072/81 852/2073/81
f 852/2073/81 854/2074/81 856/1977/81
f 856/1977/81 858/2075/81 860/2076/81
f 860/2076/81 862/2077/81 856/1977/81
f 862/2077/81 864/1975/81 856/1977/81
f 864/1975/81 844/2070/81 848/1976/81
f 848/1976/81 852/2073/81 856/1977/81
f 912/1978/56 913/1982/56 911/1979/56
f 914/1981/53 915/1984/53 913/1982/53
f 916/1983/54 917/1986/54 915/1984/54
f 918/1985/59 919/1988/59 917/1986/59
f 920/1987/60 921/1990/60 919/1988/60
f 922/1989/63 923/1992/63 921/1990/63
f 924/1991/64 925/1994/64 923/1992/64
f 926/1993/61 927/1996/61 925/1994/61
f 928/1995/62 929/1998/62 927/1996/62
f 930/1997/57 931/2000/57 929/1998/57
f 932/1999/58 933/2078/58 931/2000/58
f 910/1980/55 911/1979/55 933/2001/55
f 912/2004/34 910/1980/34 932/2002/34
f 932/2002/34 930/2079/34 912/2004/34
f 930/2079/34 928/2005/34 912/2004/34
f 928/2005/34 926/2080/34 920/2081/34
f 926/2080/34 924/2082/34 920/2081/34
f 924/2082/34 922/2083/34 920/2081/34
f 920/2081/34 918/2084/34 916/2003/34
f 916/2003/34 914/2085/34 912/2004/34
f 920/2081/34 916/2003/34 928/2005/34
f 945/2006/56 946/2010/56 944/2007/56
f 947/2009/53 948/2012/53 946/2010/53
f 949/2011/54 950/2014/54 948/2012/54
f 951/2013/59 952/2016/59 950/2014/59
f 953/2015/60 954/2018/60 952/2016/60
f 955/2017/63 956/2020/63 954/2018/63
f 957/2019/64 958/2022/64 956/2020/64
f 959/2021/61 960/2024/61 958/2022/61
f 961/2023/62 962/2026/62 960/2024/62
f 963/2025/57 964/2028/57 962/2026/57
f 965/2027/58 966/2086/58 964/2028/58
f 943/2008/55 944/2007/55 966/2029/55
f 945/2032/34 943/2008/34 965/2030/34
f 965/2030/34 963/2087/34 945/2032/34
f 963/2087/34 961/2033/34 945/2032/34
f 961/2033/34 959/2088/34 953/2089/34
f 959/2088/34 957/2090/34 953/2089/34
f 957/2090/34 955/2091/34 953/2089/34
f 953/2089/34 951/2092/34 949/2031/34
f 949/2031/34 947/2093/34 945/2032/34
f 953/2089/34 949/2031/34 961/2033/34
f 990/2034/70 986/2051/70 972/2035/70
f 988/2094/137 986/2037/137 987/2095/137
f 986/2037/137 990/2096/137 984/2038/137
f 990/2096/137 991/2097/137 989/2098/137
f 989/2098/137 993/2099/137 992/2100/137
f 993/2099/137 994/2101/137 992/2100/137
f 992/2100/137 984/2038/137 990/2096/137
f 989/2098/137 992/2100/137 990/2096/137
f 984/2038/137 985/2102/137 983/2039/137
f 983/2039/137 987/2095/137 986/2037/137
f 993/2040/34 989/2054/34 978/2041/34
f 984/2038/65 992/2100/65 981/2043/65
f 987/2045/81 983/2103/81 975/2046/81
f 976/2048/74 985/2049/74 984/2038/74
f 975/2046/83 983/2103/83 985/2049/83
f 988/2050/75 973/2052/75 972/2035/75
f 987/2045/79 971/2047/79 973/2052/79
f 991/2053/82 979/2055/82 978/2041/82
f 990/2034/69 977/2036/69 979/2055/69
f 994/2056/76 982/2059/76 981/2057/76
f 993/2040/80 980/2042/80 982/2059/80
f 1067/2104/404 1017/2105/405 1042/2106/406
f 1022/2107/407 1050/2108/408 1023/2109/409
f 1024/2110/410 1052/2111/411 1025/2112/412
f 1026/2113/413 1054/2114/414 1027/2115/415
f 1028/2116/416 1056/2117/417 1029/2118/418
f 1055/2119/419 1006/2120/81 1030/2121/420
f 1010/2122/81 1031/2123/421 1009/2124/81
f 1057/2125/422 1033/2126/423 1032/2127/424
f 1059/2128/425 1035/2129/426 1034/2130/427
f 1061/2131/428 1037/2132/429 1036/2133/430
f 1063/2134/431 1039/2135/432 1038/2136/433
f 1065/2137/434 1041/2138/435 1040/2139/436
f 1064/2140/437 1005/2141/438 1049/2142/439
f 1020/2143/440 1048/2144/441 1021/2145/442
f 1018/2146/443 1044/2147/444 1019/2148/445
f 1072/2149/81 1084/2150/81 1080/2151/81
f 1046/2152/446 1018/2146/443 1017/2105/405
f 1043/2153/447 1019/2148/445 1044/2147/444
f 1047/2154/448 1021/2145/442 1048/2144/441
f 1049/2155/449 1023/2109/409 1050/2108/408
f 1051/2156/450 1025/2112/412 1052/2111/411
f 1053/2157/451 1027/2115/415 1054/2114/414
f 1030/2121/420 1056/2117/417 1055/2119/419
f 1032/2127/424 1058/2158/452 1057/2125/422
f 1034/2130/427 1060/2159/453 1059/2128/425
f 1036/2133/430 1062/2160/454 1061/2131/428
f 1038/2136/433 1064/2161/455 1063/2134/431
f 1040/2139/436 1066/2162/456 1065/2137/434
f 1042/2106/406 1068/2163/457 1067/2104/404
f 1028/2164/458 1032/2165/459 1040/2166/460
f 1192/2167/461 1237/2168/461 1195/2169/461
f 1237/2168/233 1236/2170/233 1238/2171/462
f 1192/2172/81 1235/2173/81 1234/2174/81
f 1195/2169/461 1238/2171/461 1209/2175/461
f 1209/2176/34 1239/2177/34 1207/2178/34
f 1194/2179/463 1235/2173/463 1190/2180/463
f 1207/2181/463 1236/2170/463 1194/2179/463
f 1392/2182/81 1447/2183/81 1390/2184/81
f 1447/2183/81 1473/2185/81 1390/2184/81
f 1452/2186/34 1467/2187/34 1426/2188/34
f 1424/2189/34 1452/2186/34 1426/2188/34
f 1422/2190/34 1451/2191/34 1424/2189/34
f 1394/2192/81 1448/2193/81 1392/2182/81
f 1426/2188/65 1468/2194/65 1394/2192/65
f 1394/2192/81 1466/2195/81 1449/2196/81
f 1467/2197/68 1466/2195/68 1468/2194/68
f 1480/2198/81 1483/2199/81 1479/2200/81
f 1473/2185/137 1476/2201/137 1474/2202/137
f 1390/2184/65 1474/2203/65 1422/2190/65
f 1422/2190/34 1476/2204/34 1450/2205/34
f 1478/2206/137 1479/2200/137 1477/2207/137
f 1484/2208/68 1481/2209/68 1483/2199/68
f 1482/2210/34 1477/2207/34 1481/2211/34
f 1480/2212/65 1482/2210/65 1484/2213/65
f 56/1673/137 58/2214/253 57/1674/253
f 57/1674/253 58/2214/253 60/1676/58
f 60/1676/58 62/1679/250 61/1678/250
f 62/1679/250 64/2215/65 63/1680/65
f 64/1681/65 66/1684/249 65/1682/249
f 66/1684/249 68/1686/53 67/1685/53
f 68/1686/53 70/1688/248 69/1687/248
f 70/1688/248 72/1690/68 71/1689/68
f 72/1690/68 74/1692/246 73/1691/246
f 74/1692/246 76/1694/60 75/1693/60
f 76/1694/60 78/1696/394 77/1695/394
f 78/1696/394 80/1698/70 79/1697/70
f 80/1698/70 82/1700/395 81/1699/395
f 82/1700/395 84/1702/61 83/1701/61
f 84/1702/61 86/1704/239 85/1703/239
f 86/1704/239 56/1673/137 55/1675/137
f 432/1705/137 433/1712/137 449/1706/137
f 440/1708/137 429/1751/137 464/1709/137
f 434/1711/137 451/1714/137 449/1706/137
f 435/1713/137 453/1716/137 451/1714/137
f 436/1715/137 455/1718/137 453/1716/137
f 436/1715/137 437/1750/137 457/1717/137
f 462/1719/161 463/2216/161 464/1720/81
f 461/1722/160 463/2216/161 462/1719/161
f 459/1724/70 461/2217/160 460/1725/160
f 456/1727/159 457/1729/159 459/1724/70
f 454/1728/158 455/2218/158 457/1729/159
f 453/1730/34 455/2218/158 454/1728/158
f 451/1732/157 453/1730/34 452/1731/34
f 449/1734/156 451/1732/157 450/1733/157
f 447/1736/65 449/1734/156 448/1735/156
f 445/1738/155 447/1736/65 446/1737/65
f 443/1740/154 445/1738/155 444/1739/155
f 441/1721/81 464/1720/81 443/1740/154
f 440/1708/137 463/1710/137 461/1742/137
f 432/1705/137 447/1707/137 445/1744/137
f 439/1743/137 461/1742/137 459/1746/137
f 430/1748/137 431/1745/137 445/1744/137
f 437/1750/137 438/1747/137 459/1746/137
f 429/1751/137 430/1748/137 443/1749/137
f 541/1752/81 584/1788/81 585/1753/81
f 536/1755/34 561/1773/34 558/1756/34
f 529/1758/81 528/1782/81 551/1759/81
f 542/1761/34 544/1776/34 573/1762/34
f 537/1764/81 535/1791/81 581/1765/81
f 530/1767/34 552/1781/34 577/1768/34
f 543/1754/81 585/1753/81 586/1770/81
f 538/1772/34 564/1784/34 561/1773/34
f 531/1774/81 529/1758/81 578/1760/81
f 544/1776/34 546/1787/34 576/1777/34
f 537/1764/81 582/1766/81 583/1778/81
f 532/1780/34 555/1789/34 552/1781/34
f 528/1782/81 545/1771/81 586/1770/81
f 538/1772/34 540/1790/34 567/1783/34
f 533/1785/81 531/1774/81 579/1775/81
f 527/1769/34 577/1768/34 576/1777/34
f 539/1779/81 583/1778/81 584/1788/81
f 534/1757/34 558/1756/34 555/1789/34
f 540/1790/34 542/1761/34 570/1763/34
f 535/1791/81 533/1785/81 580/1786/81
f 551/1792/396 588/1812/396 587/1793/397
f 553/1795/81 548/2219/81 598/1796/81
f 590/1798/34 591/1841/34 606/1799/34
f 591/1801/398 592/1804/399 582/1802/399
f 592/1804/400 593/1806/400 583/1805/400
f 593/1806/401 594/1808/401 584/1807/401
f 594/1808/68 595/2220/68 585/1809/68
f 585/1809/402 595/2220/402 596/1810/402
f 586/1811/403 596/1810/403 588/1812/403
f 574/1815/81 547/2221/81 548/2219/81
f 548/2219/81 553/1795/81 556/1813/81
f 556/1813/81 559/1862/81 562/2222/81
f 562/2222/81 565/2223/81 568/1814/81
f 568/1814/81 571/2224/81 574/1815/81
f 574/1815/81 548/2219/81 556/1813/81
f 556/1813/81 562/2222/81 568/1814/81
f 574/1816/403 576/2225/403 577/1817/403
f 573/1819/402 576/2225/402 574/1816/402
f 570/1821/68 573/1819/68 571/1820/68
f 567/1823/401 570/1821/401 568/1822/401
f 564/1825/400 567/1823/400 565/1824/400
f 561/1827/398 564/1825/399 562/1826/399
f 552/1829/464 597/2226/70 598/1830/70
f 577/1817/396 552/1829/397 548/1831/397
f 549/1832/34 587/1836/34 588/1833/34
f 549/1832/34 554/1837/34 589/1835/34
f 554/1837/34 557/1839/34 590/1798/34
f 560/1838/34 591/1841/34 590/1798/34
f 563/1840/34 592/1843/34 591/1841/34
f 566/1842/34 593/1845/34 592/1843/34
f 569/1844/34 594/1847/34 593/1845/34
f 569/1844/34 572/1848/34 595/1846/34
f 572/1848/34 575/1850/34 596/1849/34
f 550/1834/34 588/1833/34 596/1849/34
f 555/1789/34 602/2227/34 597/1851/34
f 581/1803/465 612/2228/65 606/1852/65
f 559/1828/465 605/2229/65 608/1853/65
f 589/1835/34 600/2230/34 601/1854/34
f 579/1775/81 578/1760/81 609/1855/81
f 558/1756/34 561/1773/34 608/1857/34
f 580/1786/81 611/2231/81 612/1859/81
f 587/1793/464 601/2232/70 609/1860/70
f 556/1813/81 604/2233/81 605/1861/81
f 758/1863/187 775/1890/187 774/1864/188
f 770/1866/179 785/1891/179 788/1867/180
f 766/1869/181 781/1892/181 784/1870/182
f 762/1872/177 777/1894/177 780/1873/178
f 764/1878/173 779/2234/173 782/1879/174
f 760/1881/175 773/2235/175 778/1882/176
f 768/1884/185 783/2236/185 786/1885/186
f 772/1887/183 787/2237/183 776/1888/184
f 788/1867/180 787/2237/183 772/1887/183
f 758/1863/187 757/1889/184 776/1888/184
f 784/1870/182 783/2236/185 768/1884/185
f 770/1866/179 769/1886/186 786/1885/186
f 780/1873/178 779/2234/173 764/1878/173
f 766/1869/181 765/1880/174 782/1879/174
f 774/1864/188 773/2238/175 760/1893/175
f 762/1872/177 761/1883/176 778/1882/176
f 1067/2104/404 1046/2152/446 1017/2105/405
f 1022/2107/407 1047/2154/448 1050/2108/408
f 1024/2110/410 1049/2155/449 1052/2111/411
f 1026/2113/413 1051/2156/450 1054/2114/414
f 1028/2116/416 1053/2157/451 1056/2117/417
f 1055/2119/419 1005/2239/81 1006/2120/81
f 1010/2122/81 1058/2158/452 1031/2123/421
f 1057/2125/422 1060/2159/453 1033/2126/423
f 1059/2128/425 1062/2160/454 1035/2129/426
f 1061/2131/428 1064/2161/455 1037/2132/429
f 1063/2134/431 1066/2162/456 1039/2135/432
f 1065/2137/434 1068/2163/457 1041/2138/435
f 1048/2240/466 1043/2241/467 1044/2242/466
f 1044/2242/466 1045/2243/466 1046/2244/466
f 1046/2244/466 1067/2245/466 1068/2246/466
f 1068/2246/466 1065/2247/468 1066/2248/466
f 1066/2248/466 1063/2249/468 1064/2140/437
f 1064/2140/437 1061/2250/466 1062/2251/469
f 1062/2251/469 1059/2252/470 1060/2253/471
f 1060/2253/471 1057/2254/472 1058/2255/472
f 1010/2256/473 1008/2257/81 1005/2141/438
f 1060/2253/471 1058/2255/472 1010/2256/473
f 1064/2140/437 1062/2251/469 1060/2253/471
f 1068/2246/466 1066/2248/466 1064/2140/437
f 1044/2242/466 1046/2244/466 1068/2246/466
f 1047/2258/466 1048/2240/466 1044/2242/466
f 1049/2142/439 1050/2259/474 1047/2258/466
f 1051/2260/475 1052/2261/466 1049/2142/439
f 1053/2262/476 1054/2263/477 1051/2260/475
f 1055/2264/478 1056/2265/479 1053/2262/476
f 1060/2253/471 1010/2256/473 1005/2141/438
f 1005/2141/438 1055/2264/478 1053/2262/476
f 1053/2262/476 1051/2260/475 1049/2142/439
f 1049/2142/439 1047/2258/466 1044/2242/466
f 1044/2242/466 1068/2246/466 1064/2140/437
f 1064/2140/437 1060/2253/471 1005/2141/438
f 1005/2141/438 1053/2262/476 1049/2142/439
f 1049/2142/439 1044/2242/466 1064/2140/437
f 1020/2143/440 1043/2153/447 1048/2144/441
f 1018/2146/443 1045/2266/480 1044/2147/444
f 1080/2151/81 1075/2267/81 1076/2268/81
f 1076/2268/81 1071/2269/81 1072/2149/81
f 1072/2149/81 1087/2270/81 1088/2271/81
f 1088/2271/81 1083/2272/81 1084/2150/81
f 1084/2150/81 1079/2273/81 1080/2151/81
f 1080/2151/81 1076/2268/81 1072/2149/81
f 1072/2149/81 1088/2271/81 1084/2150/81
f 1046/2152/446 1045/2266/480 1018/2146/443
f 1043/2153/447 1020/2143/440 1019/2148/445
f 1047/2154/448 1022/2107/407 1021/2145/442
f 1049/2155/449 1024/2110/410 1023/2109/409
f 1051/2156/450 1026/2113/413 1025/2112/412
f 1053/2157/451 1028/2116/416 1027/2115/415
f 1030/2121/420 1029/2118/418 1056/2117/417
f 1032/2127/424 1031/2123/421 1058/2158/452
f 1034/2130/427 1033/2126/423 1060/2159/453
f 1036/2133/430 1035/2129/426 1062/2160/454
f 1038/2136/433 1037/2132/429 1064/2161/455
f 1040/2139/436 1039/2135/432 1066/2162/456
f 1042/2106/406 1041/2138/435 1068/2163/457
f 1042/2274/481 1017/2275/482 1018/2276/481
f 1018/2276/481 1019/2277/483 1020/2278/484
f 1020/2278/484 1021/2279/485 1022/2280/481
f 1022/2280/481 1023/2281/481 1024/2282/486
f 1024/2282/486 1025/2283/481 1026/2284/487
f 1026/2284/487 1027/2285/488 1028/2164/458
f 1028/2164/458 1029/2286/489 1030/2287/489
f 1006/2288/490 1007/2289/34 1009/2290/491
f 1028/2164/458 1030/2287/489 1006/2288/490
f 1024/2282/486 1026/2284/487 1028/2164/458
f 1020/2278/484 1022/2280/481 1024/2282/486
f 1042/2274/481 1018/2276/481 1020/2278/484
f 1040/2166/460 1041/2291/481 1042/2274/481
f 1038/2292/481 1039/2293/492 1040/2166/460
f 1036/2294/493 1037/2295/481 1038/2292/481
f 1034/2296/494 1035/2297/481 1036/2294/493
f 1032/2165/459 1033/2298/495 1034/2296/494
f 1009/2290/491 1031/2299/496 1032/2165/459
f 1028/2164/458 1006/2288/490 1009/2290/491
f 1020/2278/484 1024/2282/486 1028/2164/458
f 1040/2166/460 1042/2274/481 1020/2278/484
f 1036/2294/493 1038/2292/481 1040/2166/460
f 1032/2165/459 1034/2296/494 1036/2294/493
f 1028/2164/458 1009/2290/491 1032/2165/459
f 1040/2166/460 1020/2278/484 1028/2164/458
f 1032/2165/459 1036/2294/493 1040/2166/460
f 1192/2167/461 1234/2174/461 1237/2168/461
f 1237/2168/233 1234/2174/233 1235/2173/233
f 1236/2170/233 1239/2177/462 1238/2171/462
f 1237/2168/233 1235/2173/233 1236/2170/233
f 1192/2172/81 1190/2300/81 1235/2173/81
f 1195/2169/461 1237/2168/461 1238/2171/461
f 1209/2176/34 1238/2171/34 1239/2177/34
f 1194/2179/463 1236/2170/463 1235/2173/463
f 1207/2181/463 1239/2177/463 1236/2170/463
f 1392/2182/81 1448/2193/81 1447/2183/81
f 1447/2183/81 1475/2301/81 1473/2185/81
f 1452/2186/34 1465/2302/34 1467/2187/34
f 1424/2189/34 1451/2191/34 1452/2186/34
f 1422/2190/34 1450/2205/34 1451/2191/34
f 1394/2192/81 1449/2196/81 1448/2193/81
f 1426/2188/65 1467/2187/65 1468/2194/65
f 1394/2192/81 1468/2194/81 1466/2195/81
f 1467/2197/68 1465/2303/68 1466/2195/68
f 1480/2198/81 1484/2208/81 1483/2199/81
f 1473/2185/137 1475/2301/137 1476/2201/137
f 1390/2184/65 1473/2185/65 1474/2203/65
f 1422/2190/34 1474/2203/34 1476/2204/34
f 1478/2206/137 1480/2198/137 1479/2200/137
f 1484/2208/68 1482/2304/68 1481/2209/68
f 1482/2210/34 1478/2206/34 1477/2207/34
f 1480/2212/65 1478/2206/65 1482/2210/65
f 1842/2305/81 1850/2306/81 1843/2307/81
f 1836/2308/81 1832/2309/81 1831/2310/81
f 1830/2311/497 1835/2312/497 1833/2313/497
f 1830/2311/65 1831/2310/65 1832/2314/65
f 1834/2315/498 1831/2310/498 1829/2316/498
f 1838/2317/68 1852/2318/68 1841/2319/68
f 1846/2320/70 1850/2321/70 1852/2322/70
f 1844/2323/137 1846/2324/137 1839/2325/137
f 1850/2306/6 1844/2323/6 1843/2307/6
f 1840/2326/15 1846/2324/15 1845/2327/15
f 1838/2317/8 1848/2328/8 1847/2329/8
f 1842/2330/1 1852/2318/1 1851/2331/1
f 1840/2326/34 1848/2328/34 1837/2332/34
f 1855/2333/70 1870/2334/70 1856/2335/70
f 1856/2335/81 1870/2334/81 1888/2336/81
f 1857/2337/34 1873/2338/34 1887/2339/34
f 1853/2340/70 1882/2341/70 1860/2342/70
f 1859/2343/65 1864/2344/65 1854/2345/65
f 1858/2346/65 1873/2338/65 1857/2337/65
f 1867/2347/137 1876/2348/137 1871/2349/137
f 1883/2350/137 1865/2351/137 1879/2352/137
f 1863/2353/239 1883/2354/239 1884/2355/239
f 1871/2356/239 1869/2357/239 1867/2358/239
f 1872/2359/395 1868/2360/395 1869/2357/395
f 1865/2351/253 1881/2361/253 1879/2352/253
f 1866/2362/250 1880/2363/250 1881/2361/250
f 1877/2364/250 1875/2365/250 1873/2338/250
f 1878/2366/253 1874/2367/253 1875/2365/253
f 1854/2345/34 1864/2344/34 1886/2368/34
f 1862/2369/395 1884/2355/395 1882/2341/395
f 1881/2370/81 1880/2363/81 1885/2371/81
f 1862/2372/34 1886/2368/34 1863/2373/34
f 1885/2371/81 1859/2343/81 1860/2342/81
f 1885/2371/81 1882/2341/81 1884/2374/81
f 1883/2375/81 1879/2376/81 1885/2371/81
f 1884/2374/81 1883/2375/81 1885/2371/81
f 1885/2371/81 1879/2376/81 1881/2370/81
f 1863/2373/34 1886/2368/34 1861/2377/34
f 1865/2378/34 1886/2368/34 1866/2379/34
f 1861/2377/34 1886/2368/34 1865/2378/34
f 1866/2379/34 1886/2368/34 1864/2344/34
f 1868/2380/34 1887/2339/34 1869/2381/34
f 1869/2381/34 1887/2339/34 1867/2382/34
f 1875/2383/34 1887/2339/34 1873/2338/34
f 1867/2382/34 1887/2339/34 1874/2384/34
f 1874/2384/34 1887/2339/34 1875/2383/34
f 1877/2364/81 1888/2336/81 1878/2385/81
f 1878/2385/81 1888/2336/81 1876/2386/81
f 1872/2387/81 1888/2336/81 1870/2334/81
f 1876/2386/81 1888/2336/81 1871/2388/81
f 1871/2388/81 1888/2336/81 1872/2387/81
f 1834/2315/34 1830/2389/34 1833/2390/34
f 1833/2391/70 1835/2392/70 1844/2393/70
f 1844/2393/70 1835/2392/70 1843/2394/70
f 1836/2308/70 1842/2395/70 1835/2392/70
f 1842/2395/70 1836/2308/70 1841/2396/70
f 1841/2396/70 1836/2308/70 1834/2315/70
f 1838/2397/70 1841/2396/70 1834/2315/70
f 1833/2391/70 1844/2393/70 1839/2398/70
f 1837/2399/70 1838/2397/70 1834/2315/70
f 1833/2391/70 1839/2398/70 1840/2400/70
f 1833/2391/70 1840/2400/70 1837/2399/70
f 1833/2391/70 1837/2399/70 1834/2315/70
f 1842/2395/70 1843/2394/70 1835/2392/70
f 1855/2333/70 1868/2360/70 1870/2334/70
f 1877/2364/81 1858/2346/81 1888/2336/81
f 1858/2346/81 1856/2335/81 1888/2336/81
f 1868/2380/34 1855/2401/34 1887/2339/34
f 1855/2401/34 1857/2337/34 1887/2339/34
f 1853/2340/70 1862/2369/70 1882/2341/70
f 1859/2343/65 1880/2363/65 1864/2344/65
f 1858/2346/65 1877/2364/65 1873/2338/65
f 1867/2347/137 1874/2367/137 1876/2348/137
f 1883/2350/137 1861/2402/137 1865/2351/137
f 1863/2353/239 1861/2403/239 1883/2354/239
f 1871/2356/239 1872/2359/239 1869/2357/239
f 1872/2359/395 1870/2334/395 1868/2360/395
f 1865/2351/253 1866/2362/253 1881/2361/253
f 1866/2362/250 1864/2344/250 1880/2363/250
f 1877/2364/250 1878/2366/250 1875/2365/250
f 1878/2366/253 1876/2348/253 1874/2367/253
f 1862/2372/34 1853/2404/34 1886/2368/34
f 1853/2404/34 1854/2345/34 1886/2368/34
f 1862/2369/395 1863/2353/395 1884/2355/395
f 1860/2342/81 1882/2341/81 1885/2371/81
f 1885/2371/81 1880/2363/81 1859/2343/81
f 1902/2305/81 1910/2306/81 1903/2307/81
f 1896/2308/81 1892/2309/81 1891/2310/81
f 1890/2311/497 1895/2312/497 1893/2313/497
f 1890/2311/65 1891/2310/65 1892/2314/65
f 1894/2315/498 1891/2310/498 1889/2316/498
f 1898/2317/68 1912/2318/68 1901/2319/68
f 1906/2320/70 1910/2321/70 1912/2322/70
f 1904/2323/137 1906/2324/137 1899/2325/137
f 1910/2306/6 1904/2323/6 1903/2307/6
f 1900/2326/15 1906/2324/15 1905/2327/15
f 1898/2317/8 1908/2328/8 1907/2329/8
f 1902/2330/1 1912/2318/1 1911/2331/1
f 1900/2326/34 1908/2328/34 1897/2332/34
f 1915/2333/70 1930/2334/70 1916/2335/70
f 1916/2335/81 1930/2334/81 1948/2336/81
f 1917/2337/34 1933/2338/34 1947/2339/34
f 1913/2340/70 1942/2341/70 1920/2342/70
f 1919/2343/65 1924/2344/65 1914/2345/65
f 1918/2346/65 1933/2338/65 1917/2337/65
f 1927/2347/137 1936/2348/137 1931/2349/137
f 1943/2350/137 1925/2351/137 1939/2352/137
f 1923/2353/239 1943/2354/239 1944/2355/239
f 1931/2356/239 1929/2357/239 1927/2358/239
f 1932/2359/395 1928/2360/395 1929/2357/395
f 1925/2351/253 1941/2361/253 1939/2352/253
f 1926/2362/250 1940/2363/250 1941/2361/250
f 1937/2364/250 1935/2365/250 1933/2338/250
f 1938/2366/253 1934/2367/253 1935/2365/253
f 1914/2345/34 1924/2344/34 1946/2368/34
f 1922/2369/395 1944/2355/395 1942/2341/395
f 1941/2370/81 1940/2363/81 1945/2371/81
f 1922/2372/34 1946/2368/34 1923/2373/34
f 1945/2371/81 1919/2343/81 1920/2342/81
f 1945/2371/81 1942/2341/81 1944/2374/81
f 1943/2375/81 1939/2376/81 1945/2371/81
f 1944/2374/81 1943/2375/81 1945/2371/81
f 1945/2371/81 1939/2376/81 1941/2370/81
f 1923/2373/34 1946/2368/34 1921/2377/34
f 1925/2378/34 1946/2368/34 1926/2379/34
f 1921/2377/34 1946/2368/34 1925/2378/34
f 1926/2379/34 1946/2368/34 1924/2344/34
f 1928/2380/34 1947/2339/34 1929/2381/34
f 1929/2381/34 1947/2339/34 1927/2382/34
f 1935/2383/34 1947/2339/34 1933/2338/34
f 1927/2382/34 1947/2339/34 1934/2384/34
f 1934/2384/34 1947/2339/34 1935/2383/34
f 1937/2364/81 1948/2336/81 1938/2385/81
f 1938/2385/81 1948/2336/81 1936/2386/81
f 1932/2387/81 1948/2336/81 1930/2334/81
f 1936/2386/81 1948/2336/81 1931/2388/81
f 1931/2388/81 1948/2336/81 1932/2387/81
f 1894/2315/34 1890/2389/34 1893/2390/34
f 1893/2391/70 1895/2392/70 1904/2393/70
f 1904/2393/70 1895/2392/70 1903/2394/70
f 1896/2308/70 1902/2395/70 1895/2392/70
f 1902/2395/70 1896/2308/70 1901/2396/70
f 1901/2396/70 1896/2308/70 1894/2315/70
f 1898/2397/70 1901/2396/70 1894/2315/70
f 1893/2391/70 1904/2393/70 1899/2398/70
f 1897/2399/70 1898/2397/70 1894/2315/70
f 1893/2391/70 1899/2398/70 1900/2400/70
f 1893/2391/70 1900/2400/70 1897/2399/70
f 1893/2391/70 1897/2399/70 1894/2315/70
f 1902/2395/70 1903/2394/70 1895/2392/70
f 1915/2333/70 1928/2360/70 1930/2334/70
f 1937/2364/81 1918/2346/81 1948/2336/81
f 1918/2346/81 1916/2335/81 1948/2336/81
f 1928/2380/34 1915/2401/34 1947/2339/34
f 1915/2401/34 1917/2337/34 1947/2339/34
f 1913/2340/70 1922/2369/70 1942/2341/70
f 1919/2343/65 1940/2363/65 1924/2344/65
f 1918/2346/65 1937/2364/65 1933/2338/65
f 1927/2347/137 1934/2367/137 1936/2348/137
f 1943/2350/137 1921/2402/137 1925/2351/137
f 1923/2353/239 1921/2403/239 1943/2354/239
f 1931/2356/239 1932/2359/239 1929/2357/239
f 1932/2359/395 1930/2334/395 1928/2360/395
f 1925/2351/253 1926/2362/253 1941/2361/253
f 1926/2362/250 1924/2344/250 1940/2363/250
f 1937/2364/250 1938/2366/250 1935/2365/250
f 1938/2366/253 1936/2348/253 1934/2367/253
f 1922/2372/34 1913/2404/34 1946/2368/34
f 1913/2404/34 1914/2345/34 1946/2368/34
f 1922/2369/395 1923/2353/395 1944/2355/395
f 1920/2342/81 1942/2341/81 1945/2371/81
f 1945/2371/81 1940/2363/81 1919/2343/81
f 1842/2305/81 1851/2405/81 1850/2306/81
f 1836/2308/81 1835/2406/81 1832/2309/81
f 1830/2311/497 1832/2314/497 1835/2312/497
f 1830/2311/65 1829/2316/65 1831/2310/65
f 1834/2315/498 1836/2308/498 1831/2310/498
f 1838/2317/68 1847/2329/68 1852/2318/68
f 1852/2322/70 1847/2407/70 1848/2408/70
f 1848/2408/70 1845/2409/70 1846/2320/70
f 1846/2320/70 1849/2410/70 1850/2321/70
f 1850/2321/70 1851/2411/70 1852/2322/70
f 1852/2322/70 1848/2408/70 1846/2320/70
f 1844/2323/137 1849/2412/137 1846/2324/137
f 1850/2306/6 1849/2412/6 1844/2323/6
f 1840/2326/15 1839/2325/15 1846/2324/15
f 1838/2317/8 1837/2332/8 1848/2328/8
f 1842/2330/1 1841/2319/1 1852/2318/1
f 1840/2326/34 1845/2327/34 1848/2328/34
f 1834/2315/34 1829/2316/34 1830/2389/34
f 1902/2305/81 1911/2405/81 1910/2306/81
f 1896/2308/81 1895/2406/81 1892/2309/81
f 1890/2311/497 1892/2314/497 1895/2312/497
f 1890/2311/65 1889/2316/65 1891/2310/65
f 1894/2315/498 1896/2308/498 1891/2310/498
f 1898/2317/68 1907/2329/68 1912/2318/68
f 1912/2322/70 1907/2407/70 1908/2408/70
f 1908/2408/70 1905/2409/70 1906/2320/70
f 1906/2320/70 1909/2410/70 1910/2321/70
f 1910/2321/70 1911/2411/70 1912/2322/70
f 1912/2322/70 1908/2408/70 1906/2320/70
f 1904/2323/137 1909/2412/137 1906/2324/137
f 1910/2306/6 1909/2412/6 1904/2323/6
f 1900/2326/15 1899/2325/15 1906/2324/15
f 1898/2317/8 1897/2332/8 1908/2328/8
f 1902/2330/1 1901/2319/1 1912/2318/1
f 1900/2326/34 1905/2327/34 1908/2328/34
f 1894/2315/34 1889/2316/34 1890/2389/34
usemtl SpacialRoverExploreralumBlack
f 148/2413/15 169/2414/499 157/2415/16
f 154/2416/1 172/2417/500 151/2418/2
f 156/2419/3 160/2420/501 153/2421/4
f 158/2422/5 175/2423/502 155/2424/6
f 160/2425/503 176/2426/504 89/2427/505
f 163/2428/506 173/2429/507 92/2430/508
f 172/2431/509 161/2432/510 96/2433/511
f 175/2434/512 170/2435/513 98/2436/514
f 169/2437/515 167/2438/516 97/2439/517
f 166/2440/518 164/2441/519 94/2442/520
f 2/2443/521 23/2444/522 13/2445/521
f 3/2446/523 19/2447/524 8/2448/524
f 24/2449/525 226/2450/525 29/2451/526
f 1/2452/527 17/2453/528 11/2454/527
f 9/2455/529 17/2453/528 7/2456/528
f 230/2457/530 26/2458/530 229/2459/531
f 3/2446/523 22/2460/532 18/2461/523
f 29/2451/526 235/2462/526 236/2463/533
f 229/2459/531 26/2458/530 224/2464/531
f 4/2465/534 19/2447/524 20/2466/534
f 4/2465/534 21/2467/535 10/2468/535
f 29/2451/526 236/2463/533 227/2469/533
f 9/2455/529 21/2467/535 16/2470/529
f 227/2469/533 228/2471/536 25/2472/536
f 15/2473/537 239/2474/537 240/2475/537
f 2/2443/521 22/2460/532 6/2476/532
f 223/2477/538 224/2464/531 12/2478/538
f 29/2451/526 227/2469/533 25/2472/536
f 1/2479/527 23/2444/522 5/2480/522
f 12/2478/538 28/2481/539 223/2477/538
f 27/2482/34 18/2483/35 22/2484/34
f 24/2485/331 19/2486/39 18/2483/331
f 20/2487/45 30/2488/51 21/2489/51
f 29/2490/39 20/2487/48 19/2486/39
f 17/2491/20 15/2492/19 28/2493/20
f 21/2489/51 15/2492/52 16/2494/52
f 12/2495/42 23/2496/46 11/2497/42
f 28/2493/20 11/2498/41 17/2491/20
f 26/2499/46 13/2500/540 23/2496/46
f 14/2501/36 22/2484/34 13/2500/36
f 186/2502/59 198/2503/60 183/2504/60
f 196/2505/34 180/2506/34 200/2507/34
f 188/2508/53 196/2509/54 185/2510/54
f 190/2511/55 194/2512/56 187/2513/56
f 182/2514/61 178/2515/62 191/2516/62
f 152/2517/7 163/2518/541 149/2519/8
f 94/2520/542 87/2521/542 97/2522/542
f 91/2523/65 88/2524/65 95/2525/65
f 96/2526/543 93/2527/543 92/2528/543
f 98/2529/81 90/2530/81 89/2531/81
f 92/2528/34 95/2532/34 94/2520/34
f 89/2531/544 91/2533/544 96/2526/544
f 98/2534/545 87/2521/545 88/2535/545
f 150/2536/17 166/2537/546 147/2538/18
f 184/2539/63 200/2540/64 181/2541/64
f 159/2542/547 160/2425/501 161/2432/548
f 162/2543/549 163/2428/541 164/2441/550
f 165/2544/551 166/2440/546 167/2438/552
f 168/2545/553 169/2437/499 170/2435/554
f 171/2546/555 172/2431/500 173/2429/556
f 174/2547/557 175/2434/502 176/2426/558
f 158/2422/5 169/2414/499 168/2548/553
f 156/2419/3 175/2549/502 174/2550/557
f 160/2420/501 154/2416/1 153/2421/4
f 163/2518/541 150/2536/17 149/2519/8
f 166/2537/546 148/2413/15 147/2538/18
f 172/2417/500 152/2517/7 151/2418/2
f 194/2512/56 188/2508/53 187/2513/56
f 198/2503/60 184/2539/63 183/2504/60
f 200/2540/64 182/2551/61 181/2541/64
f 192/2552/57 178/2515/62 177/2553/57
f 185/2510/54 195/2554/59 186/2502/59
f 190/2511/55 180/2555/58 179/2556/55
f 189/2557/58 177/2553/57 180/2555/58
f 237/2558/559 30/2559/560 228/2471/536
f 27/2560/561 231/2561/561 232/2562/561
f 27/2560/561 14/2563/562 222/2564/563
f 233/2565/539 234/2566/564 28/2481/539
f 240/2475/537 233/2565/539 28/2481/539
f 28/2481/539 15/2473/537 240/2475/537
f 237/2558/559 238/2567/560 30/2559/560
f 238/2567/560 239/2474/537 30/2559/560
f 28/2481/539 234/2566/564 223/2477/538
f 30/2559/560 239/2474/537 15/2473/537
f 230/2457/530 221/2568/562 26/2458/530
f 27/2560/561 232/2562/561 225/2569/565
f 226/2450/525 235/2462/526 29/2451/526
f 24/2449/525 225/2569/565 226/2450/525
f 222/2564/563 14/2563/562 221/2568/562
f 24/2449/525 27/2560/561 225/2569/565
f 231/2561/561 27/2560/561 222/2564/563
f 30/2559/560 25/2472/536 228/2471/536
f 224/2464/531 26/2458/530 12/2478/538
f 221/2568/562 14/2563/562 26/2458/530
f 383/2570/566 391/2571/566 384/2572/566
f 392/2573/65 390/2574/65 391/2571/65
f 384/2572/567 390/2575/567 318/2576/567
f 317/2577/568 392/2578/568 383/2579/568
f 318/2576/569 389/2580/569 317/2577/569
f 383/2570/566 392/2573/566 391/2571/566
f 392/2573/65 389/2581/65 390/2574/65
f 384/2572/567 391/2571/567 390/2575/567
f 317/2577/568 389/2580/568 392/2578/568
f 318/2576/569 390/2575/569 389/2580/569
f 505/2582/137 501/2583/137 497/2584/137
f 1004/2585/570 1014/2586/571 1003/2587/571
f 1002/2588/81 1006/2589/81 1005/2590/81
f 999/2591/81 1007/2592/81 1006/2593/81
f 1002/2594/81 1008/2595/81 1003/2587/81
f 1001/2596/81 1007/2592/81 1000/2597/81
f 1004/2585/81 1008/2595/81 1010/2598/81
f 1004/2599/81 1009/2600/81 1001/2601/81
f 1014/2586/81 1015/2602/81 1013/2603/81
f 1003/2587/571 1011/2604/572 1002/2594/572
f 1002/2588/573 1012/2605/573 999/2606/573
f 1001/2601/137 1016/2607/137 1004/2599/137
f 1000/2597/574 1015/2602/575 1001/2596/575
f 999/2591/576 1013/2603/574 1000/2597/574
f 1087/2608/127 1069/2609/127 1086/2610/127
f 1079/2611/65 1081/2612/65 1078/2613/65
f 1083/2614/132 1085/2615/132 1082/2616/132
f 1075/2617/133 1077/2618/133 1074/2619/133
f 1071/2620/130 1073/2621/130 1070/2622/130
f 1072/2623/70 1070/2622/70 1069/2609/70
f 1074/2619/128 1076/2624/128 1075/2617/128
f 1078/2613/131 1080/2625/131 1079/2611/131
f 1082/2626/134 1084/2627/134 1083/2628/134
f 1086/2610/129 1088/2629/129 1087/2608/129
f 1004/2585/570 1016/2607/570 1014/2586/571
f 1002/2588/81 999/2606/81 1006/2589/81
f 999/2591/81 1000/2597/81 1007/2592/81
f 1002/2594/81 1005/2630/81 1008/2595/81
f 1001/2596/81 1009/2631/81 1007/2592/81
f 1004/2585/81 1003/2587/81 1008/2595/81
f 1004/2599/81 1010/2632/81 1009/2600/81
f 1013/2603/81 1012/2605/81 1014/2586/81
f 1012/2605/81 1011/2604/81 1014/2586/81
f 1014/2586/81 1016/2607/81 1015/2602/81
f 1003/2587/571 1014/2586/571 1011/2604/572
f 1002/2588/573 1011/2604/573 1012/2605/573
f 1001/2601/137 1015/2602/137 1016/2607/137
f 1000/2597/574 1013/2603/574 1015/2602/575
f 999/2591/576 1012/2605/576 1013/2603/574
f 1087/2608/127 1072/2623/127 1069/2609/127
f 1079/2611/65 1084/2627/65 1081/2612/65
f 1083/2614/132 1088/2629/132 1085/2615/132
f 1075/2617/133 1080/2625/133 1077/2618/133
f 1071/2620/130 1076/2624/130 1073/2621/130
f 1072/2623/70 1071/2620/70 1070/2622/70
f 1074/2619/128 1073/2621/128 1076/2624/128
f 1078/2613/131 1077/2618/131 1080/2625/131
f 1082/2626/134 1081/2612/134 1084/2627/134
f 1086/2610/129 1085/2615/129 1088/2629/129
f 1096/2633/577 1094/2634/578 1095/2635/579
f 1100/2636/65 1093/2637/65 1096/2633/65
f 1106/2638/580 1113/2639/581 1105/2640/580
f 1097/2641/81 1096/2633/81 1095/2642/81
f 1091/2643/81 1097/2641/81 1090/2644/81
f 1092/2645/34 1098/2646/34 1099/2647/34
f 1091/2643/65 1099/2647/65 1100/2636/65
f 1108/2648/582 1104/2649/583 1107/2650/584
f 1101/2651/585 1114/2652/137 1109/2653/586
f 1099/2647/65 1103/2654/65 1093/2637/65
f 1093/2637/587 1104/2655/583 1094/2634/578
f 1098/2656/588 1102/2657/588 1099/2647/588
f 1103/2654/589 1107/2650/584 1104/2658/583
f 1101/2659/585 1113/2639/137 1114/2652/137
f 1109/2653/590 1111/2660/591 1108/2648/590
f 1089/2661/592 1091/2643/593 1090/2644/594
f 1106/2638/68 1104/2662/583 1112/2663/68
f 1105/2640/137 1113/2639/137 1101/2664/585
f 1107/2650/595 1109/2653/595 1108/2648/595
f 1114/2652/591 1112/2663/596 1111/2660/591
f 1107/2650/597 1102/2657/597 1110/2665/597
f 1109/2653/586 1110/2665/598 1101/2666/585
f 1102/2657/588 1101/2667/585 1110/2665/598
f 1112/2663/68 1104/2668/583 1111/2660/68
f 1108/2648/582 1111/2660/68 1104/2669/583
f 1216/2670/81 1213/2671/81 1212/2672/81
f 1223/2673/68 1217/2674/68 1216/2670/68
f 1210/2675/34 1221/2676/34 1222/2677/34
f 1212/2678/65 1222/2677/65 1223/2673/65
f 1220/2679/70 1211/2680/70 1217/2674/70
f 1226/2681/70 1219/2682/70 1214/2683/70
f 1221/2676/68 1218/2684/68 1215/2685/68
f 1222/2677/68 1215/2685/68 1214/2686/68
f 1223/2673/68 1214/2686/68 1219/2687/68
f 1220/2679/68 1219/2687/68 1218/2684/68
f 1224/2688/65 1215/2689/65 1218/2690/65
f 1227/2691/34 1218/2692/34 1219/2693/34
f 1225/2694/81 1214/2695/81 1215/2696/81
f 1298/2697/34 1350/2698/34 1347/2699/34
f 1292/852/81 1346/2700/81 1343/2701/81
f 1295/855/68 1348/2702/68 1345/2703/68
f 1284/2704/8 1352/2705/8 1283/2706/8
f 1343/2701/6 1293/853/6 1292/852/6
f 1345/2703/1 1296/856/1 1295/855/1
f 1347/2707/8 1299/859/8 1298/858/8
f 1290/850/15 1349/2708/15 1350/2698/15
f 1289/849/137 1344/2709/137 1349/2708/137
f 1353/2710/70 1355/2711/70 1357/2712/70
f 1281/2713/81 1355/2711/81 1286/2714/81
f 1287/2715/34 1351/2716/34 1284/2717/34
f 1282/2718/1 1358/2719/1 1281/2720/1
f 1288/2721/15 1354/2722/15 1287/2723/15
f 1285/2724/137 1353/2710/137 1288/2725/137
f 1283/2726/68 1357/2712/68 1282/2727/68
f 1286/2728/6 1356/2729/6 1285/2730/6
f 1366/917/226 1363/915/226 1364/876/226
f 1559/2731/599 1542/2732/600 1543/2733/599
f 1560/2734/601 1543/2733/599 1544/2735/601
f 1561/2736/602 1544/2735/601 1545/2737/602
f 1562/2738/603 1545/2737/602 1546/2739/603
f 1564/2740/604 1533/2741/605 1549/2742/605
f 1562/2738/603 1547/2743/606 1563/2744/606
f 1549/2742/605 1534/2745/607 1550/2746/607
f 1564/2740/604 1547/2743/606 1548/2747/604
f 1533/2748/283 1532/2749/81 1517/2750/283
f 1534/2751/281 1517/2750/283 1518/2752/281
f 1519/2753/280 1534/2751/281 1518/2752/281
f 1520/2754/279 1535/2755/280 1519/2753/280
f 1521/2756/278 1536/2757/279 1520/2754/279
f 1538/2758/277 1521/2756/278 1522/2759/277
f 1523/2760/276 1538/2758/277 1522/2759/277
f 1524/2761/34 1539/2762/276 1523/2760/276
f 1525/2763/275 1540/2764/34 1524/2761/34
f 1526/2765/274 1541/2766/275 1525/2767/275
f 1543/2768/273 1526/2765/274 1527/2769/273
f 1528/2770/272 1543/2768/273 1527/2769/273
f 1529/2771/271 1544/2772/272 1528/2770/272
f 1546/2773/270 1529/2771/271 1530/2774/270
f 1547/2775/269 1530/2774/270 1531/2776/269
f 1548/2777/81 1531/2776/269 1532/2749/81
f 1550/2746/607 1535/2778/608 1551/2779/608
f 1552/2780/609 1535/2778/608 1536/2781/609
f 1552/2780/609 1537/2782/610 1553/2783/610
f 1554/2784/611 1537/2782/610 1538/2785/611
f 1555/2786/612 1538/2785/611 1539/2787/612
f 1556/2788/613 1539/2787/612 1540/2789/613
f 1557/2790/614 1540/2789/613 1541/2791/614
f 1558/2792/600 1541/2791/614 1542/2732/600
f 1585/2793/615 1611/2794/616 1612/2795/616
f 1571/2796/617 1608/2797/617 1573/2798/617
f 1596/2799/617 1603/2800/617 1595/2801/617
f 1590/2802/618 1597/2803/618 1589/2804/618
f 1606/2805/619 1597/2806/619 1598/2807/619
f 1607/2808/619 1600/2809/619 1608/2810/354
f 1610/2811/619 1601/2812/619 1602/2813/619
f 1611/2794/619 1604/2814/619 1612/2815/354
f 1591/2816/81 1607/2808/81 1571/2796/81
f 1583/2817/34 1603/2818/34 1611/2794/34
f 1592/2819/620 1608/2797/620 1600/2820/620
f 1593/2821/621 1602/2822/621 1601/2823/621
f 1585/2793/622 1604/2824/622 1596/2799/622
f 1567/2825/621 1605/2826/621 1606/2827/621
f 1577/2828/618 1610/2829/618 1579/2830/618
f 1590/2802/623 1606/2827/623 1598/2831/623
f 1593/2832/272 1609/2833/272 1577/2828/272
f 1591/2834/616 1600/2820/616 1599/2835/616
f 1589/2836/279 1605/2826/279 1565/2837/279
f 1579/2830/624 1602/2822/624 1594/2838/624
f 1559/2731/599 1558/2792/600 1542/2732/600
f 1560/2734/601 1559/2731/599 1543/2733/599
f 1561/2736/602 1560/2734/601 1544/2735/601
f 1562/2738/603 1561/2736/602 1545/2737/602
f 1564/2740/604 1548/2747/604 1533/2741/605
f 1562/2738/603 1546/2739/603 1547/2743/606
f 1549/2742/605 1533/2741/605 1534/2745/607
f 1564/2740/604 1563/2744/606 1547/2743/606
f 1533/2748/283 1548/2777/81 1532/2749/81
f 1534/2751/281 1533/2748/283 1517/2750/283
f 1519/2753/280 1535/2755/280 1534/2751/281
f 1520/2754/279 1536/2757/279 1535/2755/280
f 1521/2756/278 1537/2839/278 1536/2757/279
f 1538/2758/277 1537/2839/278 1521/2756/278
f 1523/2760/276 1539/2762/276 1538/2758/277
f 1524/2761/34 1540/2764/34 1539/2762/276
f 1525/2763/275 1541/2840/275 1540/2764/34
f 1526/2765/274 1542/2841/274 1541/2766/275
f 1543/2768/273 1542/2841/274 1526/2765/274
f 1528/2770/272 1544/2772/272 1543/2768/273
f 1529/2771/271 1545/2842/271 1544/2772/272
f 1546/2773/270 1545/2842/271 1529/2771/271
f 1547/2775/269 1546/2773/270 1530/2774/270
f 1548/2777/81 1547/2775/269 1531/2776/269
f 1550/2746/607 1534/2745/607 1535/2778/608
f 1552/2780/609 1551/2779/608 1535/2778/608
f 1552/2780/609 1536/2781/609 1537/2782/610
f 1554/2784/611 1553/2783/610 1537/2782/610
f 1555/2786/612 1554/2784/611 1538/2785/611
f 1556/2788/613 1555/2786/612 1539/2787/612
f 1557/2790/614 1556/2788/613 1540/2789/613
f 1558/2792/600 1557/2790/614 1541/2791/614
f 1585/2793/615 1583/2817/615 1611/2794/616
f 1571/2796/617 1607/2808/617 1608/2797/617
f 1596/2799/617 1604/2824/617 1603/2800/617
f 1590/2802/618 1598/2831/618 1597/2803/618
f 1606/2805/619 1605/2826/619 1597/2806/619
f 1607/2808/619 1599/2843/619 1600/2809/619
f 1610/2811/619 1609/2833/619 1601/2812/619
f 1611/2794/619 1603/2818/619 1604/2814/619
f 1591/2816/81 1599/2843/81 1607/2808/81
f 1583/2817/34 1595/2844/34 1603/2818/34
f 1592/2819/620 1573/2798/620 1608/2797/620
f 1593/2821/621 1594/2838/621 1602/2822/621
f 1585/2793/622 1612/2795/622 1604/2824/622
f 1567/2825/621 1565/2837/621 1605/2826/621
f 1577/2828/618 1609/2833/618 1610/2829/618
f 1590/2802/623 1567/2825/623 1606/2827/623
f 1593/2832/272 1601/2812/272 1609/2833/272
f 1591/2834/616 1592/2819/616 1600/2820/616
f 1589/2836/279 1597/2806/279 1605/2826/279
f 1579/2830/625 1610/2829/625 1602/2822/625
f 148/2413/15 165/2845/551 169/2414/499
f 154/2416/1 159/2846/547 172/2417/500
f 156/2419/3 174/2550/557 160/2420/501
f 158/2422/5 168/2548/553 175/2423/502
f 89/2427/505 161/2432/626 160/2425/503
f 160/2425/503 174/2547/627 176/2426/504
f 176/2426/504 98/2847/628 89/2427/505
f 92/2430/508 164/2441/629 163/2428/506
f 163/2428/506 171/2546/506 173/2429/507
f 173/2429/507 96/2433/630 92/2430/508
f 96/2433/511 173/2429/631 172/2431/509
f 172/2431/509 159/2542/632 161/2432/510
f 161/2432/510 89/2427/633 96/2433/511
f 98/2436/514 176/2426/634 175/2434/512
f 175/2434/512 168/2545/635 170/2435/513
f 170/2435/513 97/2439/636 98/2436/514
f 97/2439/517 170/2435/637 169/2437/515
f 169/2437/515 165/2544/638 167/2438/516
f 167/2438/516 94/2442/639 97/2439/517
f 94/2442/520 167/2438/640 166/2440/518
f 166/2440/518 162/2543/641 164/2441/519
f 164/2441/519 92/2430/642 94/2442/520
f 2/2443/521 5/2480/522 23/2444/522
f 3/2446/523 18/2461/523 19/2447/524
f 1/2452/527 7/2456/528 17/2453/528
f 9/2455/529 16/2470/529 17/2453/528
f 3/2446/523 6/2476/532 22/2460/532
f 4/2465/534 8/2448/524 19/2447/524
f 4/2465/534 20/2466/534 21/2467/535
f 9/2455/529 10/2468/535 21/2467/535
f 2/2443/521 13/2445/521 22/2460/532
f 1/2479/527 11/2454/527 23/2444/522
f 27/2482/34 24/2485/35 18/2483/35
f 24/2485/331 29/2490/39 19/2486/39
f 20/2487/45 25/2848/45 30/2488/51
f 29/2490/39 25/2848/48 20/2487/48
f 17/2491/20 16/2494/19 15/2492/19
f 21/2489/51 30/2488/51 15/2492/52
f 12/2495/42 26/2499/46 23/2496/46
f 28/2493/20 12/2849/41 11/2498/41
f 26/2499/46 14/2501/540 13/2500/540
f 14/2501/36 27/2482/34 22/2484/34
f 186/2502/59 195/2554/59 198/2503/60
f 200/2507/34 197/2850/34 198/2851/34
f 198/2851/34 195/2852/34 196/2505/34
f 196/2505/34 193/2853/34 194/2854/34
f 194/2854/34 179/2855/34 180/2506/34
f 180/2506/34 177/2856/34 178/2857/34
f 178/2857/34 199/2858/34 200/2507/34
f 200/2507/34 198/2851/34 196/2505/34
f 196/2505/34 194/2854/34 180/2506/34
f 180/2506/34 178/2857/34 200/2507/34
f 188/2508/53 193/2859/53 196/2509/54
f 190/2511/55 179/2556/55 194/2512/56
f 182/2514/61 199/2860/61 178/2515/62
f 152/2517/7 171/2861/555 163/2518/541
f 94/2520/542 95/2532/542 87/2521/542
f 95/2525/65 93/2862/65 91/2523/65
f 91/2523/65 90/2863/65 88/2524/65
f 88/2524/65 87/2864/65 95/2525/65
f 96/2526/543 91/2533/543 93/2527/543
f 98/2529/81 88/2865/81 90/2530/81
f 92/2528/34 93/2527/34 95/2532/34
f 89/2531/544 90/2530/544 91/2533/544
f 98/2534/545 97/2522/545 87/2521/545
f 150/2536/17 162/2866/549 166/2537/546
f 184/2539/63 197/2867/63 200/2540/64
f 158/2422/5 157/2415/16 169/2414/499
f 156/2419/3 155/2868/6 175/2549/502
f 160/2420/501 159/2846/547 154/2416/1
f 163/2518/541 162/2866/549 150/2536/17
f 166/2537/546 165/2845/551 148/2413/15
f 172/2417/500 171/2861/555 152/2517/7
f 194/2512/56 193/2859/53 188/2508/53
f 198/2503/60 197/2867/63 184/2539/63
f 200/2540/64 199/2869/61 182/2551/61
f 192/2552/57 191/2516/62 178/2515/62
f 185/2510/54 196/2509/54 195/2554/59
f 190/2511/55 189/2557/58 180/2555/58
f 189/2557/58 192/2552/57 177/2553/57
f 497/2584/137 495/2870/137 496/2871/137
f 496/2871/137 506/2872/137 505/2582/137
f 505/2582/137 504/2873/137 503/2874/137
f 503/2874/137 502/2875/137 501/2583/137
f 501/2583/137 500/2876/137 499/2877/137
f 499/2877/137 498/2878/137 497/2584/137
f 497/2584/137 496/2871/137 505/2582/137
f 505/2582/137 503/2874/137 501/2583/137
f 501/2583/137 499/2877/137 497/2584/137
f 1096/2633/577 1093/2637/587 1094/2634/578
f 1100/2636/65 1099/2647/65 1093/2637/65
f 1106/2638/580 1112/2663/596 1113/2639/596
f 1097/2641/81 1100/2636/81 1096/2633/81
f 1091/2643/81 1100/2636/81 1097/2641/81
f 1092/2645/34 1089/2661/34 1098/2646/34
f 1091/2643/65 1092/2645/65 1099/2647/65
f 1099/2647/65 1102/2657/65 1103/2654/65
f 1093/2637/587 1103/2654/589 1104/2655/583
f 1098/2656/588 1101/2879/585 1102/2657/588
f 1109/2653/590 1114/2652/591 1111/2660/591
f 1089/2661/592 1092/2645/643 1091/2643/593
f 1107/2650/595 1110/2665/595 1109/2653/595
f 1114/2652/591 1113/2639/596 1112/2663/596
f 1107/2650/597 1103/2654/597 1102/2657/597
f 1216/2670/81 1217/2674/81 1213/2671/81
f 1223/2673/68 1220/2679/68 1217/2674/68
f 1210/2675/34 1211/2880/34 1221/2676/34
f 1223/2673/65 1216/2670/65 1212/2678/65
f 1212/2678/65 1210/2881/65 1222/2677/65
f 1220/2679/70 1221/2676/70 1211/2680/70
f 1211/2680/70 1213/2882/70 1217/2674/70
f 1226/2681/70 1227/2691/70 1219/2682/70
f 1221/2676/68 1220/2679/68 1218/2684/68
f 1222/2677/68 1221/2676/68 1215/2685/68
f 1223/2673/68 1222/2677/68 1214/2686/68
f 1220/2679/68 1223/2673/68 1219/2687/68
f 1224/2688/65 1225/2694/65 1215/2689/65
f 1227/2691/34 1224/2688/34 1218/2692/34
f 1225/2694/81 1226/2681/81 1214/2695/81
f 1298/2697/34 1290/850/34 1350/2698/34
f 1292/852/81 1296/856/81 1346/2700/81
f 1295/855/68 1299/859/68 1348/2702/68
f 1284/2704/8 1351/2716/8 1352/2705/8
f 1343/2701/6 1344/2709/6 1293/853/6
f 1345/2703/1 1346/2700/1 1296/856/1
f 1347/2707/8 1348/2702/8 1299/859/8
f 1290/850/15 1289/849/15 1349/2708/15
f 1289/849/137 1293/853/137 1344/2709/137
f 1357/2712/70 1352/2705/70 1351/2716/70
f 1351/2716/70 1354/2722/70 1353/2710/70
f 1353/2710/70 1356/2729/70 1355/2711/70
f 1355/2711/70 1358/2719/70 1357/2712/70
f 1357/2712/70 1351/2716/70 1353/2710/70
f 1281/2713/81 1358/2719/81 1355/2711/81
f 1287/2715/34 1354/2722/34 1351/2716/34
f 1282/2718/1 1357/2712/1 1358/2719/1
f 1288/2721/15 1353/2710/15 1354/2722/15
f 1285/2724/137 1356/2729/137 1353/2710/137
f 1283/2726/68 1352/2705/68 1357/2712/68
f 1286/2728/6 1355/2711/6 1356/2729/6
f 1366/917/226 1365/916/226 1363/915/226
f 2041/2883/8 2096/1619/8 2088/1636/8
f 2072/1672/8 2041/2883/8 2088/1636/8
f 2076/1671/15 2045/2884/15 2090/1626/15
f 2080/1670/6 2049/2885/6 2092/1623/6
f 2084/1669/1 2053/2886/1 2094/1629/1
f 2053/2886/1 2102/1611/1 2094/1629/1
f 2045/2884/15 2098/1616/15 2090/1626/15
f 2049/2885/6 2100/1613/6 2092/1623/6
f 2040/1639/383 2095/1620/383 2056/2887/383
f 2048/2888/193 2099/1614/193 2064/2889/193
f 2044/2890/385 2097/1617/385 2060/2891/385
f 2095/1620/188 2057/2892/188 2056/2887/188
f 2097/1617/178 2061/2893/178 2060/2891/178
f 2099/1614/182 2065/2894/182 2064/2889/182
f 2101/1599/180 2069/2895/180 2068/2896/180
f 2083/1604/195 2052/2897/195 2020/2898/195
f 2079/1602/193 2048/2888/193 2016/2899/193
f 2052/2897/195 2101/1599/195 2068/2896/195
f 2086/1558/81 2008/2900/187 2007/2901/81
f 2072/1591/175 2010/2902/384 2009/2903/175
f 2073/1589/384 2011/2904/68 2010/2902/384
f 2074/1587/68 2012/2905/177 2011/2904/68
f 2076/1581/173 2014/2906/194 2013/2907/173
f 2077/1579/194 2015/2908/34 2014/2906/194
f 2078/1577/34 2016/2909/181 2015/2908/34
f 2080/1571/185 2018/2910/196 2017/2911/185
f 2081/1569/196 2019/2912/137 2018/2910/196
f 2082/1567/137 2020/2913/179 2019/2912/137
f 2075/1564/385 2044/2890/385 2012/2914/385
f 2084/1561/183 2022/2915/382 2021/2916/183
f 2085/1559/382 2007/2901/81 2022/2915/382
f 2041/2883/8 2057/2892/8 2096/1619/8
f 2072/1672/8 2009/2917/8 2041/2883/8
f 2076/1671/15 2013/2918/15 2045/2884/15
f 2080/1670/6 2017/2919/6 2049/2885/6
f 2084/1669/1 2021/2920/1 2053/2886/1
f 2053/2886/1 2069/2895/1 2102/1611/1
f 2045/2884/15 2061/2893/15 2098/1616/15
f 2049/2885/6 2065/2894/6 2100/1613/6
f 2040/1639/383 2087/1583/383 2095/1620/383
f 2048/2888/193 2091/1601/193 2099/1614/193
f 2044/2890/385 2089/1563/385 2097/1617/385
f 2095/1620/188 2096/1619/188 2057/2892/188
f 2097/1617/178 2098/1616/178 2061/2893/178
f 2099/1614/182 2100/1613/182 2065/2894/182
f 2101/1599/180 2102/1611/180 2069/2895/180
f 2083/1604/195 2093/1597/195 2052/2897/195
f 2079/1602/193 2091/1601/193 2048/2888/193
f 2052/2897/195 2093/1597/195 2101/1599/195
f 2086/1558/81 2071/1596/187 2008/2900/187
f 2072/1591/175 2073/1589/384 2010/2902/384
f 2073/1589/384 2074/1587/68 2011/2904/68
f 2074/1587/68 2075/1586/177 2012/2905/177
f 2076/1581/173 2077/1579/194 2014/2906/194
f 2077/1579/194 2078/1577/34 2015/2908/34
f 2078/1577/34 2079/1576/181 2016/2909/181
f 2080/1571/185 2081/1569/196 2018/2910/196
f 2081/1569/196 2082/1567/137 2019/2912/137
f 2082/1567/137 2083/1566/179 2020/2913/179
f 2075/1564/385 2089/1563/385 2044/2890/385
f 2084/1561/183 2085/1559/382 2022/2915/382
f 2085/1559/382 2086/1558/81 2007/2901/81
usemtl SpacialRoverExploreralumOrange
f 478/2921/81 510/2922/81 477/2923/81
f 481/2924/644 521/2925/644 516/2926/644
f 514/2927/34 476/2928/34 475/2929/34
f 510/2922/65 511/2930/65 475/2931/65
f 478/2932/70 513/2933/70 512/2934/70
f 508/2935/137 517/2936/137 507/2937/137
f 481/2938/137 509/2939/137 482/2940/137
f 516/2941/137 511/2930/137 510/2922/137
f 518/2942/137 512/2934/137 513/2933/137
f 480/2943/137 514/2927/137 479/2944/137
f 517/2936/137 514/2927/137 511/2930/137
f 515/2945/137 509/2939/137 512/2934/137
f 519/2946/137 521/2925/137 520/2947/137
f 515/2945/137 507/2937/137 516/2941/137
f 515/2948/645 519/2946/645 482/2949/645
f 522/2950/137 524/2951/137 526/2952/137
f 517/2953/646 522/2950/646 526/2952/646
f 517/2954/644 524/2951/644 479/2955/644
f 480/2956/645 522/2950/645 518/2957/645
f 481/2958/646 519/2946/646 520/2947/646
f 516/2959/647 525/2960/647 515/2961/647
f 479/2962/647 523/2963/647 480/2964/647
f 614/2965/168 615/2966/168 613/2967/168
f 616/2968/68 617/2969/68 615/2966/68
f 618/2970/169 619/2971/169 617/2969/169
f 620/2972/171 621/2973/171 619/2971/171
f 614/2974/34 622/2975/34 618/2976/34
f 622/2977/137 623/2978/137 621/2973/137
f 624/2979/170 613/2967/170 623/2980/170
f 614/2965/168 616/2968/168 615/2966/168
f 616/2968/68 618/2970/68 617/2969/68
f 618/2970/169 620/2972/169 619/2971/169
f 620/2972/171 622/2977/171 621/2973/171
f 618/2976/34 616/2981/34 614/2974/34
f 614/2974/34 624/2982/34 622/2975/34
f 622/2975/34 620/2983/34 618/2976/34
f 622/2977/137 624/2984/137 623/2978/137
f 624/2979/170 614/2965/170 613/2967/170
f 1325/2985/81 1340/2986/81 1327/2987/81
f 1332/2988/34 1338/2989/34 1321/2990/34
f 1322/2991/68 1336/2992/68 1324/2993/68
f 1340/2994/70 1336/2992/70 1338/2995/70
f 1328/2996/137 1342/2997/137 1331/2998/137
f 1321/2990/648 1322/2991/648 1323/2999/648
f 1324/3000/649 1325/2985/649 1326/3001/649
f 1328/2996/650 1330/3002/650 1327/2987/651
f 1331/2998/84 1333/3003/84 1334/3004/648
f 1342/2997/15 1332/2988/15 1331/2998/15
f 1322/2991/8 1338/2989/8 1337/3005/8
f 1336/3006/1 1325/2985/1 1324/3000/1
f 1328/2996/6 1340/2986/6 1339/3007/6
f 1380/3008/652 1370/3009/652 1367/3010/652
f 1377/3011/653 1379/3012/654 1376/3013/654
f 1373/3014/655 1375/3015/655 1372/3016/655
f 1370/3017/58 1382/3018/58 1378/3019/58
f 1369/3020/656 1371/3021/656 1368/3022/656
f 1370/3009/657 1368/3023/657 1367/3010/657
f 1373/3014/658 1371/3021/658 1374/3024/658
f 1376/3013/659 1378/3025/659 1377/3011/659
f 1380/3008/660 1382/3026/660 1381/3027/660
f 1515/3028/183 1485/3029/184 1514/3030/183
f 1495/3031/177 1497/3032/178 1494/3033/177
f 1499/3034/173 1501/3035/174 1498/3036/173
f 1503/3037/181 1505/3038/182 1502/3039/181
f 1507/3040/185 1509/3041/186 1506/3042/185
f 1511/3043/179 1513/3044/180 1510/3045/179
f 1491/3046/175 1493/3047/176 1490/3048/175
f 1512/3049/65 1504/3050/65 1496/3051/65
f 1487/3052/187 1489/3053/188 1486/3054/187
f 1488/3055/184 1486/3054/187 1485/3056/184
f 1490/3048/175 1492/3057/188 1491/3046/175
f 1494/3033/177 1496/3058/176 1495/3031/177
f 1498/3036/173 1500/3059/178 1499/3034/173
f 1502/3039/181 1504/3060/174 1503/3037/181
f 1506/3042/185 1508/3061/182 1507/3040/185
f 1510/3045/179 1512/3062/186 1511/3043/179
f 1514/3030/183 1516/3063/180 1515/3028/183
f 478/2921/81 509/2939/81 510/2922/81
f 481/2924/644 520/2947/644 521/2925/644
f 514/2927/34 513/2933/34 476/2928/34
f 475/2931/65 477/3064/65 510/2922/65
f 511/2930/65 514/2927/65 475/2931/65
f 512/2934/70 509/2939/70 478/2932/70
f 478/2932/70 476/3065/70 513/2933/70
f 508/2935/137 518/2942/137 517/2936/137
f 481/2938/137 510/2922/137 509/2939/137
f 510/2922/137 481/2938/137 516/2941/137
f 516/2941/137 507/2937/137 511/2930/137
f 513/2933/137 480/2943/137 518/2942/137
f 518/2942/137 508/2935/137 512/2934/137
f 480/2943/137 513/2933/137 514/2927/137
f 511/2930/137 507/2937/137 517/2936/137
f 517/2936/137 479/2944/137 514/2927/137
f 512/2934/137 508/2935/137 515/2945/137
f 515/2945/137 482/2940/137 509/2939/137
f 519/2946/137 525/2960/137 521/2925/137
f 515/2945/137 508/2935/137 507/2937/137
f 515/2948/645 525/2960/645 519/2946/645
f 522/2950/137 523/2963/137 524/2951/137
f 517/2953/646 518/3066/646 522/2950/646
f 517/2954/644 526/2952/644 524/2951/644
f 480/2956/645 523/2963/645 522/2950/645
f 481/2958/646 482/3067/646 519/2946/646
f 516/2959/647 521/2925/647 525/2960/647
f 479/2962/647 524/2951/647 523/2963/647
f 1325/2985/81 1335/3068/81 1340/2986/81
f 1332/2988/34 1341/3069/34 1338/2989/34
f 1322/2991/68 1337/3005/68 1336/2992/68
f 1338/2995/70 1341/3070/70 1342/3071/70
f 1342/3071/70 1339/3072/70 1340/2994/70
f 1340/2994/70 1335/3073/70 1336/2992/70
f 1336/2992/70 1337/3005/70 1338/2995/70
f 1338/2995/70 1342/3071/70 1340/2994/70
f 1328/2996/137 1339/3007/137 1342/2997/137
f 1328/2996/661 1329/3074/649 1330/3002/661
f 1331/2998/84 1332/2988/662 1333/3003/84
f 1342/2997/15 1341/3069/15 1332/2988/15
f 1322/2991/8 1321/2990/8 1338/2989/8
f 1336/3006/1 1335/3068/1 1325/2985/1
f 1328/2996/6 1327/2987/6 1340/2986/6
f 1380/3008/652 1381/3027/652 1370/3009/652
f 1377/3011/653 1382/3026/653 1379/3012/654
f 1373/3014/655 1378/3025/655 1375/3015/655
f 1378/3019/58 1373/3075/58 1374/3076/58
f 1374/3076/58 1369/3077/58 1370/3017/58
f 1370/3017/58 1381/3078/58 1382/3018/58
f 1382/3018/58 1377/3079/58 1378/3019/58
f 1378/3019/58 1374/3076/58 1370/3017/58
f 1369/3020/656 1374/3024/656 1371/3021/656
f 1370/3009/657 1369/3080/657 1368/3023/657
f 1373/3014/658 1372/3016/658 1371/3021/658
f 1376/3013/659 1375/3015/659 1378/3025/659
f 1380/3008/660 1379/3012/660 1382/3026/660
f 1515/3028/183 1488/3081/184 1485/3029/184
f 1495/3031/177 1500/3059/178 1497/3032/178
f 1499/3034/173 1504/3060/174 1501/3035/174
f 1503/3037/181 1508/3061/182 1505/3038/182
f 1507/3040/185 1512/3062/186 1509/3041/186
f 1511/3043/179 1516/3063/180 1513/3044/180
f 1491/3046/175 1496/3058/176 1493/3047/176
f 1496/3051/65 1491/3082/65 1492/3083/65
f 1492/3083/65 1487/3084/65 1488/3085/65
f 1488/3085/65 1515/3086/65 1516/3087/65
f 1516/3087/65 1511/3088/65 1512/3049/65
f 1512/3049/65 1507/3089/65 1508/3090/65
f 1508/3090/65 1503/3091/65 1504/3050/65
f 1504/3050/65 1499/3092/65 1500/3093/65
f 1500/3093/65 1495/3094/65 1496/3051/65
f 1496/3051/65 1492/3083/65 1488/3085/65
f 1488/3085/65 1516/3087/65 1512/3049/65
f 1512/3049/65 1508/3090/65 1504/3050/65
f 1504/3050/65 1500/3093/65 1496/3051/65
f 1496/3051/65 1488/3085/65 1512/3049/65
f 1487/3052/187 1492/3057/188 1489/3053/188
f 1488/3055/184 1487/3052/187 1486/3054/187
f 1490/3048/175 1489/3053/188 1492/3057/188
f 1494/3033/177 1493/3047/176 1496/3058/176
f 1498/3036/173 1497/3032/178 1500/3059/178
f 1502/3039/181 1501/3035/174 1504/3060/174
f 1506/3042/185 1505/3038/182 1508/3061/182
f 1510/3045/179 1509/3041/186 1512/3062/186
f 1514/3030/183 1513/3044/180 1516/3063/180
usemtl SpacialRoverExploreralumGrayDeep
f 649/3095/65 673/3096/65 662/3097/65
f 674/3098/68 663/3099/68 662/3100/68
f 654/3101/34 644/3102/34 639/3103/34
f 650/3104/137 645/3105/137 649/3106/137
f 650/3104/81 642/3107/81 638/3108/81
f 660/3109/68 656/3110/68 639/3111/68
f 666/3112/81 640/3113/81 641/3114/81
f 665/3115/65 653/3116/65 658/3117/65
f 670/3118/137 666/3112/137 644/3119/137
f 658/3117/663 667/3120/663 665/3115/663
f 667/3120/85 659/3121/85 668/3122/85
f 668/3122/664 657/3123/664 666/3112/664
f 646/3124/665 675/3125/665 673/3096/665
f 648/3126/78 676/3127/78 675/3125/78
f 647/3128/666 674/3129/666 676/3127/666
f 662/3097/663 651/3130/663 649/3095/663
f 664/3131/85 652/3132/85 651/3130/85
f 663/3133/664 650/3104/664 652/3132/664
f 670/3134/665 655/3135/665 653/3116/665
f 672/3136/78 656/3137/78 655/3135/78
f 671/3138/666 654/3101/666 656/3137/666
f 674/3129/34 637/3139/34 643/3140/34
f 678/3141/68 685/3142/68 677/3143/68
f 680/3144/34 686/3145/34 678/3141/34
f 679/3146/137 687/3147/137 680/3144/137
f 677/3143/81 688/3148/81 679/3146/81
f 677/3143/65 680/3144/65 678/3141/65
f 691/3149/34 682/3150/34 683/3151/34
f 685/3152/70 682/3153/70 681/3154/70
f 682/3153/70 687/3155/70 683/3156/70
f 687/3155/70 684/3157/70 683/3156/70
f 688/3158/70 681/3154/70 684/3157/70
f 690/3159/70 692/3160/70 689/3161/70
f 692/3162/137 683/3163/137 684/3164/137
f 690/3159/68 681/3165/68 682/3150/68
f 689/3161/81 684/3164/81 681/3165/81
f 638/3108/137 637/3166/137 645/3105/137
f 645/3105/137 647/3167/137 648/3168/137
f 648/3168/137 646/3169/137 645/3105/137
f 646/3169/137 649/3106/137 645/3105/137
f 649/3106/137 651/3170/137 652/3171/137
f 652/3171/137 650/3104/137 649/3106/137
f 650/3104/137 638/3108/137 645/3105/137
f 648/3126/78 647/3128/78 676/3127/78
f 647/3128/666 645/3172/666 674/3129/666
f 674/3129/34 645/3172/34 637/3139/34
f 680/3144/34 687/3155/34 686/3145/34
f 679/3146/137 688/3173/137 687/3147/137
f 677/3143/65 679/3146/65 680/3144/65
f 723/3174/183 693/3175/184 708/3176/183
f 713/3177/177 699/3178/178 698/3179/177
f 715/3180/173 701/3181/174 700/3182/173
f 717/3183/181 703/3184/182 702/3185/181
f 719/3186/185 705/3187/186 704/3188/185
f 721/3189/179 707/3190/180 706/3191/179
f 709/3192/175 697/3193/176 696/3194/175
f 711/3195/187 695/3196/188 694/3197/187
f 724/3198/65 721/3199/65 770/3200/65
f 757/3201/65 723/3202/65 772/3203/65
f 758/3204/65 759/3205/65 710/3206/65
f 712/3207/184 694/3197/187 693/3175/184
f 696/3208/175 710/3209/188 709/3210/175
f 698/3179/177 714/3211/176 713/3177/177
f 700/3182/173 716/3212/178 715/3180/173
f 702/3185/181 718/3213/174 717/3183/181
f 704/3188/185 720/3214/182 719/3186/185
f 706/3191/179 722/3215/186 721/3189/179
f 708/3176/183 724/3216/180 723/3174/183
f 709/3217/65 760/3218/65 761/3219/65
f 710/3206/65 711/3220/65 758/3204/65
f 759/3205/65 760/3218/65 710/3206/65
f 720/3221/65 766/3222/65 767/3223/65
f 765/3224/65 766/3222/65 718/3225/65
f 723/3202/65 757/3201/65 712/3226/65
f 716/3227/65 713/3228/65 762/3229/65
f 719/3230/65 768/3231/65 769/3232/65
f 771/3233/65 772/3203/65 723/3202/65
f 714/3234/65 709/3217/65 761/3219/65
f 771/3233/65 724/3198/65 770/3200/65
f 722/3235/65 770/3200/65 721/3199/65
f 761/3219/65 713/3228/65 714/3234/65
f 762/3229/65 713/3228/65 761/3219/65
f 722/3235/65 769/3232/65 770/3200/65
f 763/3236/65 716/3227/65 762/3229/65
f 722/3235/65 719/3230/65 769/3232/65
f 720/3221/65 767/3223/65 768/3231/65
f 758/3204/65 711/3220/65 712/3226/65
f 764/3237/65 715/3238/65 763/3236/65
f 719/3230/65 720/3221/65 768/3231/65
f 760/3218/65 709/3217/65 710/3206/65
f 765/3224/65 715/3238/65 764/3237/65
f 724/3198/65 771/3233/65 723/3202/65
f 720/3221/65 717/3239/65 766/3222/65
f 766/3222/65 717/3239/65 718/3225/65
f 715/3238/65 716/3227/65 763/3236/65
f 715/3238/65 765/3224/65 718/3225/65
f 757/3201/65 758/3204/65 712/3226/65
f 1319/3240/81 1156/3241/81 1154/3242/81
f 1153/3243/137 1158/3244/137 1160/3245/137
f 1318/3246/34 1153/3247/34 1155/3248/34
f 1320/3249/667 1167/3250/667 1157/3251/667
f 1158/3252/74 1169/3253/65 1160/3254/65
f 1160/3254/65 1164/3255/76 1161/3256/76
f 1161/3256/76 1165/3257/78 1163/3258/78
f 1163/3258/78 1166/3259/668 1162/3260/668
f 1159/3261/85 1167/3250/669 1168/3262/85
f 1159/3261/85 1170/3263/74 1158/3252/74
f 1226/2681/68 1224/2688/68 1227/2691/68
f 1156/3264/68 1164/3265/68 1169/3266/68
f 1317/3267/670 1162/3260/670 1166/3259/670
f 1660/3268/305 1669/3269/671 1659/3270/306
f 1623/3271/300 1666/3272/300 1652/3273/300
f 1659/3270/301 1677/3274/301 1637/3275/301
f 1655/3276/304 1668/3277/317 1667/3278/317
f 1672/3279/60 1663/3280/60 1664/3281/60
f 1673/3282/60 1666/3283/60 1674/3284/60
f 1675/3285/60 1668/3277/60 1676/3286/60
f 1677/3287/60 1670/3288/60 1678/3289/60
f 1639/3290/286 1670/3291/286 1660/3292/286
f 1613/3293/317 1672/3294/317 1615/3295/317
f 1631/3296/320 1675/3297/320 1676/3298/320
f 1648/3299/291 1672/3294/291 1664/3300/291
f 1655/3276/289 1675/3297/289 1629/3301/289
f 1613/3293/302 1663/3280/302 1671/3302/302
f 1631/3296/303 1668/3303/303 1656/3304/303
f 1623/3271/671 1673/3305/671 1674/3306/671
f 1647/3307/309 1664/3281/320 1663/3280/320
f 1639/3290/316 1677/3274/316 1678/3308/316
f 1652/3309/310 1665/3310/316 1651/3311/290
f 1621/3312/285 1665/3310/285 1673/3305/285
f 1719/3313/320 1710/3314/320 1697/3315/320
f 1679/3316/58 1687/3317/58 1710/3318/58
f 1702/3319/60 1696/3320/60 1709/3321/60
f 1714/3322/672 1712/3323/672 1713/3324/672
f 1704/3325/299 1711/3326/671 1688/3327/299
f 1710/3314/673 1713/3324/673 1709/3328/673
f 1709/3321/58 1712/3329/58 1704/3330/58
f 1710/3318/60 1711/3331/60 1714/3332/60
f 649/3095/65 646/3124/65 673/3096/65
f 662/3100/68 673/3333/68 675/3334/68
f 675/3334/68 676/3335/68 674/3098/68
f 674/3098/68 643/3336/68 642/3107/68
f 642/3107/68 661/3337/68 663/3099/68
f 663/3099/68 664/3338/68 662/3100/68
f 662/3100/68 675/3334/68 674/3098/68
f 674/3098/68 642/3107/68 663/3099/68
f 654/3101/34 669/3339/34 644/3102/34
f 650/3104/81 661/3337/81 642/3107/81
f 639/3111/68 640/3113/68 657/3123/68
f 657/3123/68 659/3340/68 660/3109/68
f 660/3109/68 658/3341/68 653/3342/68
f 653/3342/68 655/3343/68 656/3110/68
f 656/3110/68 654/3344/68 639/3111/68
f 639/3111/68 657/3123/68 660/3109/68
f 660/3109/68 653/3342/68 656/3110/68
f 666/3112/81 657/3123/81 640/3113/81
f 665/3115/65 670/3134/65 653/3116/65
f 644/3119/137 669/3345/137 671/3346/137
f 671/3346/137 672/3347/137 670/3118/137
f 670/3118/137 665/3348/137 667/3349/137
f 667/3349/137 668/3350/137 666/3112/137
f 666/3112/137 641/3114/137 644/3119/137
f 644/3119/137 671/3346/137 670/3118/137
f 670/3118/137 667/3349/137 666/3112/137
f 658/3117/663 660/3351/663 667/3120/663
f 667/3120/85 660/3351/85 659/3121/85
f 668/3122/664 659/3121/664 657/3123/664
f 646/3124/665 648/3126/665 675/3125/665
f 662/3097/663 664/3131/663 651/3130/663
f 664/3131/85 663/3133/85 652/3132/85
f 663/3133/664 661/3337/664 650/3104/664
f 670/3134/665 672/3136/665 655/3135/665
f 672/3136/78 671/3138/78 656/3137/78
f 671/3138/666 669/3339/674 654/3101/666
f 678/3141/68 686/3352/68 685/3142/68
f 677/3143/81 685/3353/81 688/3148/81
f 691/3149/34 690/3159/34 682/3150/34
f 685/3152/70 686/3145/70 682/3153/70
f 682/3153/70 686/3145/70 687/3155/70
f 687/3155/70 688/3158/70 684/3157/70
f 688/3158/70 685/3152/70 681/3154/70
f 690/3159/70 691/3354/70 692/3160/70
f 692/3162/137 691/3355/137 683/3163/137
f 690/3159/68 689/3161/68 681/3165/68
f 689/3161/81 692/3162/81 684/3164/81
f 723/3174/183 712/3207/184 693/3175/184
f 713/3177/177 716/3212/178 699/3178/178
f 715/3180/173 718/3213/174 701/3181/174
f 717/3183/181 720/3214/182 703/3184/182
f 719/3186/185 722/3215/186 705/3187/186
f 721/3189/179 724/3216/180 707/3190/180
f 709/3192/175 714/3211/176 697/3193/176
f 711/3195/187 710/3209/188 695/3196/188
f 712/3207/184 711/3195/187 694/3197/187
f 696/3208/175 695/3196/188 710/3209/188
f 698/3179/177 697/3193/176 714/3211/176
f 700/3182/173 699/3178/178 716/3212/178
f 702/3185/181 701/3181/174 718/3213/174
f 704/3188/185 703/3184/182 720/3214/182
f 706/3191/179 705/3187/186 722/3215/186
f 708/3176/183 707/3190/180 724/3216/180
f 1319/3240/81 1317/3267/81 1156/3241/81
f 1163/3356/137 1162/3357/137 1319/3358/137
f 1319/3358/137 1154/3359/137 1153/3243/137
f 1153/3243/137 1320/3360/137 1157/3361/137
f 1153/3243/137 1157/3361/137 1159/3362/137
f 1161/3363/137 1163/3356/137 1319/3358/137
f 1161/3363/137 1319/3358/137 1153/3243/137
f 1153/3243/137 1159/3362/137 1158/3244/137
f 1160/3245/137 1161/3363/137 1153/3243/137
f 1318/3246/34 1320/3249/34 1153/3247/34
f 1320/3249/667 1318/3246/667 1167/3250/667
f 1158/3252/74 1170/3263/74 1169/3253/65
f 1160/3254/65 1169/3253/65 1164/3255/76
f 1161/3256/76 1164/3255/76 1165/3257/78
f 1163/3258/78 1165/3257/78 1166/3259/668
f 1159/3261/85 1157/3251/669 1167/3250/669
f 1159/3261/85 1168/3262/85 1170/3263/74
f 1226/2681/68 1225/2694/68 1224/2688/68
f 1168/3364/68 1167/3365/68 1318/3366/68
f 1318/3366/68 1155/3367/68 1156/3264/68
f 1156/3264/68 1317/3368/68 1166/3369/68
f 1156/3264/68 1166/3369/68 1165/3370/68
f 1170/3371/68 1168/3364/68 1318/3366/68
f 1170/3371/68 1318/3366/68 1156/3264/68
f 1156/3264/68 1165/3370/68 1164/3265/68
f 1169/3266/68 1170/3371/68 1156/3264/68
f 1317/3267/670 1319/3240/670 1162/3260/670
f 1660/3268/305 1670/3288/671 1669/3269/671
f 1623/3271/300 1674/3306/300 1666/3272/300
f 1659/3270/301 1669/3269/301 1677/3274/301
f 1655/3276/304 1656/3372/307 1668/3277/317
f 1672/3279/60 1671/3373/60 1663/3280/60
f 1673/3282/60 1665/3310/60 1666/3283/60
f 1675/3285/60 1667/3278/60 1668/3277/60
f 1677/3287/60 1669/3269/60 1670/3288/60
f 1639/3290/286 1678/3308/286 1670/3291/286
f 1613/3293/317 1671/3302/317 1672/3294/317
f 1631/3296/320 1629/3301/320 1675/3297/320
f 1648/3299/291 1615/3295/291 1672/3294/291
f 1655/3276/289 1667/3278/289 1675/3297/289
f 1613/3293/302 1647/3307/302 1663/3280/302
f 1631/3296/303 1676/3298/303 1668/3303/303
f 1623/3271/671 1621/3312/671 1673/3305/671
f 1647/3307/309 1648/3374/308 1664/3281/320
f 1639/3290/316 1637/3275/316 1677/3274/316
f 1652/3309/310 1666/3283/316 1665/3310/316
f 1621/3312/285 1651/3311/285 1665/3310/285
f 1719/3313/320 1681/3375/320 1710/3314/320
f 1710/3314/320 1709/3328/320 1697/3315/320
s 0
f 1697/3315/675 1721/3376/676 1719/3313/58
s 1
f 1681/3377/58 1680/3378/58 1679/3316/58
f 1679/3316/58 1645/3379/58 1646/3380/58
f 1646/3380/58 1686/3381/58 1687/3317/58
f 1687/3317/58 1688/3382/58 1710/3318/58
f 1710/3318/58 1681/3377/58 1679/3316/58
f 1679/3316/58 1646/3380/58 1687/3317/58
f 1704/3330/60 1703/3383/60 1702/3319/60
f 1702/3319/60 1693/3384/60 1694/3385/60
f 1694/3385/60 1695/3386/60 1696/3320/60
f 1696/3320/60 1697/3387/60 1709/3321/60
f 1709/3321/60 1704/3330/60 1702/3319/60
f 1702/3319/60 1694/3385/60 1696/3320/60
f 1714/3322/672 1711/3326/672 1712/3323/672
f 1704/3325/299 1712/3323/671 1711/3326/671
f 1710/3314/673 1714/3322/673 1713/3324/673
f 1709/3321/58 1713/3388/58 1712/3329/58
f 1710/3318/60 1688/3382/60 1711/3331/60
l 1772 1771
l 1788 1787
l 1791 1793
l 1794 1789
l 1790 1795
l 1796 1792
l 1812 1811
l 1828 1827
l 1950 1949
l 2105 2107
l 2108 2103
l 2104 2109
l 2110 2106
l 2111 2113
l 2114 2112
