# Blender 5.2.0 LTS
# www.blender.org
mtllib rueda_tra_izq.mtl
o RoverModificado.007
v -3.218877 1.348221 -5.576079
v -3.294688 1.425177 -5.468079
v -3.241082 1.370761 -5.499711
v -3.325015 1.455961 -5.468079
v -3.400826 1.532917 -5.576079
v -3.378621 1.510377 -5.499711
v -3.294688 1.425177 -5.727279
v -3.218877 1.348221 -5.619279
v -3.241082 1.370761 -5.695646
v -3.400826 1.532917 -5.619279
v -3.325015 1.455961 -5.727279
v -3.378621 1.510377 -5.695646
v -4.028390 1.199709 -5.117680
v -4.023695 0.916905 -5.117680
v -4.084613 1.057335 -5.117680
v -4.023695 0.916905 -6.077680
v -4.028390 1.199709 -6.077680
v -4.084613 1.057335 -6.077680
v -3.808073 0.708323 -5.117680
v -3.525268 0.713018 -5.117680
v -3.665698 0.652100 -5.117680
v -3.525268 0.713017 -6.077680
v -3.808073 0.708323 -6.077680
v -3.665698 0.652100 -6.077680
v -1.521919 2.751156 -5.201680
v -2.091460 3.312958 -5.201680
v -1.521919 2.751156 -5.393680
v -2.091460 3.312958 -5.393680
v -3.874388 0.577446 -5.201680
v -3.591552 0.579380 -5.201680
v -3.784379 0.526297 -5.201680
v -3.680853 0.527005 -5.201680
v -4.161093 1.141183 -5.201680
v -4.159159 0.858346 -5.201680
v -4.212244 1.051174 -5.201680
v -4.211535 0.947649 -5.201680
v -3.874388 0.577446 -5.393680
v -3.784379 0.526297 -5.393680
v -4.159159 0.858346 -5.393680
v -4.211535 0.947649 -5.393680
v -4.212244 1.051174 -5.393680
v -3.497853 1.417077 -6.077680
v -3.445372 1.390135 -6.077680
v -3.399153 1.353472 -6.077680
v -3.360976 1.308497 -6.077680
v -3.314248 1.200775 -6.077680
v -3.332306 1.256937 -6.077680
v -3.544785 0.843035 -6.077680
v -3.312298 1.083372 -6.077680
v -3.392088 0.927942 -6.077680
v -3.437064 0.889764 -6.077680
v -3.355425 0.974159 -6.077680
v -3.603392 0.836279 -6.077680
v -3.488624 0.861094 -6.077680
v -3.328484 1.026642 -6.077680
v -3.607260 0.836595 -6.077680
v -3.307490 1.142170 -6.077680
v -3.824683 1.346407 -6.077680
v -3.861346 1.300190 -6.077680
v -3.779708 1.384585 -6.077680
v -3.888288 1.247707 -6.077680
v -3.728148 1.413254 -6.077680
v -3.904474 1.190977 -6.077680
v -3.902525 1.073573 -6.077680
v -3.909281 1.132179 -6.077680
v -3.817619 0.920876 -6.077680
v -3.855796 0.965853 -6.077680
v -3.884465 1.017412 -6.077680
v -3.671988 1.431314 -6.077680
v -3.613381 1.438070 -6.077680
v -3.554585 1.433262 -6.077680
v -3.771401 0.884214 -6.077680
v -3.718919 0.857272 -6.077680
v -3.662189 0.841086 -6.077680
v -3.489873 0.860692 -5.117680
v -3.488624 0.861094 -5.117680
v -3.392088 0.927942 -5.117680
v -3.355425 0.974159 -5.117680
v -3.437064 0.889764 -5.117680
v -3.824683 1.346407 -5.117680
v -3.861346 1.300190 -5.117680
v -3.779708 1.384585 -5.117680
v -3.888288 1.247707 -5.117680
v -3.728148 1.413254 -5.117680
v -3.904474 1.190977 -5.117680
v -3.671988 1.431314 -5.117680
v -3.613381 1.438070 -5.117680
v -3.497853 1.417077 -5.117680
v -3.554585 1.433262 -5.117680
v -3.399153 1.353472 -5.117680
v -3.360976 1.308497 -5.117680
v -3.445372 1.390135 -5.117680
v -3.855796 0.965853 -5.117680
v -3.817619 0.920876 -5.117680
v -3.718919 0.857272 -5.117680
v -3.662189 0.841086 -5.117680
v -3.771401 0.884214 -5.117680
v -3.544785 0.843035 -5.117680
v -3.603392 0.836279 -5.117680
v -3.328484 1.026642 -5.117680
v -3.312298 1.083372 -5.117680
v -3.307490 1.142170 -5.117680
v -3.909281 1.132179 -5.117680
v -3.902525 1.073573 -5.117680
v -3.314248 1.200775 -5.117680
v -3.332306 1.256937 -5.117680
v -3.884465 1.017412 -5.117680
v -3.728148 1.413254 -5.393680
v -3.855796 0.965853 -5.393680
v -3.445372 1.390135 -5.393680
v -3.771401 0.884214 -5.393680
v -3.360976 1.308497 -5.393680
v -3.488624 0.861094 -5.393680
v -3.328484 1.026642 -5.393680
v -3.603392 0.836279 -5.393680
v -3.861346 1.300190 -5.201680
v -3.728148 1.413254 -5.201680
v -3.613381 1.438070 -5.201680
v -3.904474 1.190977 -5.201680
v -3.884465 1.017412 -5.201680
v -3.771401 0.884214 -5.201680
v -3.360976 1.308497 -5.201680
v -3.445372 1.390135 -5.201680
v -3.314248 1.200775 -5.201680
v -3.603392 0.836279 -5.201680
v -3.488624 0.861094 -5.201680
v -3.392088 0.927942 -5.201680
v -3.312298 1.083372 -5.201680
v -1.942225 2.322976 -5.201680
v -1.942225 2.322976 -5.393680
v -2.228366 2.536680 -5.468079
v -2.256477 2.564380 -5.468079
v -2.178676 2.487716 -5.695646
v -2.158093 2.467434 -5.576079
v -2.306168 2.613343 -5.499711
v -2.256477 2.564380 -5.727279
v -2.178676 2.487716 -5.499711
v -2.158093 2.467434 -5.619279
v -2.326751 2.633625 -5.619279
v -2.326751 2.633625 -5.576079
v -2.228366 2.536680 -5.727279
v -2.306168 2.613343 -5.695646
v -1.147412 2.757404 -5.201680
v -0.976563 2.934094 -5.201680
v -1.025409 2.810380 -5.201680
v -0.980608 3.177724 -5.201680
v -1.157101 3.344256 -5.201680
v -1.033496 3.298463 -5.201680
v -0.976563 2.934094 -5.393680
v -1.147412 2.757404 -5.393680
v -1.025409 2.810380 -5.393680
v -1.157101 3.344256 -5.393680
v -0.980608 3.177724 -5.393680
v -1.033496 3.298463 -5.393680
v -3.554585 1.433262 -5.393680
v -3.888288 1.247707 -5.393680
v -4.161093 1.141183 -5.393680
v -1.739092 3.030270 -5.412351
v -1.667976 2.960312 -5.457585
v -2.337130 2.636682 -5.457585
v -2.366587 2.665660 -5.566791
v -2.125209 2.428212 -5.566791
v -2.154667 2.457189 -5.457585
v -2.125209 2.428212 -5.628567
v -2.154667 2.457189 -5.737772
v -2.225782 2.527148 -5.783007
v -1.779323 3.069847 -5.412351
v -1.779323 3.069847 -5.783007
v -1.850439 3.139805 -5.737772
v -2.266014 2.566724 -5.783007
v -2.337130 2.636682 -5.737772
v -2.225782 2.527148 -5.412351
v -2.266014 2.566724 -5.412351
v -1.739092 3.030270 -5.783007
v -2.366587 2.665660 -5.628567
v -1.667976 2.960312 -5.737772
v -1.638520 2.931334 -5.566791
v -1.638520 2.931334 -5.628567
v -1.850439 3.139805 -5.457585
v -1.879896 3.168782 -5.566791
v -1.879896 3.168782 -5.628567
v -3.425851 1.562941 -5.117680
v -3.681120 1.558703 -5.117680
v -3.554363 1.613690 -5.117680
v -3.681120 1.558703 -6.077680
v -3.425851 1.562941 -6.077680
v -3.554363 1.613690 -6.077680
v -3.177999 1.072013 -5.117680
v -3.182236 1.327282 -5.117680
v -3.127249 1.200525 -5.117680
v -3.182236 1.327282 -6.077680
v -3.177999 1.072013 -6.077680
v -3.127249 1.200525 -6.077680
v -3.907930 1.148710 -5.393680
v -3.307490 1.142170 -5.393680
v -3.591552 0.579380 -5.393680
v -3.680853 0.527005 -5.393680
v -3.824683 1.346407 -5.393680
v -3.392088 0.927942 -5.393680
v -1.152257 3.050830 -5.201680
v -1.152257 3.050830 -5.393680
v -1.521919 2.751156 -5.801680
v -2.091460 3.312958 -5.801680
v -1.521919 2.751156 -5.993680
v -2.091460 3.312958 -5.993680
v -3.874388 0.577446 -5.801680
v -3.591552 0.579380 -5.801680
v -3.784379 0.526297 -5.801680
v -3.680853 0.527005 -5.801680
v -4.161093 1.141183 -5.801680
v -4.159159 0.858346 -5.801680
v -4.212244 1.051174 -5.801680
v -4.211535 0.947649 -5.801680
v -3.874388 0.577446 -5.993680
v -3.784379 0.526297 -5.993680
v -4.159159 0.858346 -5.993680
v -4.211535 0.947649 -5.993680
v -4.212244 1.051174 -5.993680
v -3.728148 1.413254 -5.993680
v -3.855796 0.965853 -5.993680
v -3.445372 1.390135 -5.993680
v -3.771401 0.884214 -5.993680
v -3.360976 1.308497 -5.993680
v -3.488624 0.861094 -5.993680
v -3.328484 1.026642 -5.993680
v -3.603392 0.836279 -5.993680
v -3.861346 1.300190 -5.801680
v -3.728148 1.413254 -5.801680
v -3.613381 1.438070 -5.801680
v -3.904474 1.190977 -5.801680
v -3.884465 1.017412 -5.801680
v -3.771401 0.884214 -5.801680
v -3.360976 1.308497 -5.801680
v -3.445372 1.390135 -5.801680
v -3.314248 1.200775 -5.801680
v -3.603392 0.836279 -5.801680
v -3.488624 0.861094 -5.801680
v -3.392088 0.927942 -5.801680
v -3.312298 1.083372 -5.801680
v -1.942225 2.322976 -5.801680
v -1.942225 2.322976 -5.993680
v -1.147412 2.757404 -5.801680
v -0.976563 2.934094 -5.801680
v -1.025409 2.810380 -5.801680
v -0.980608 3.177724 -5.801680
v -1.157101 3.344256 -5.801680
v -1.033496 3.298463 -5.801680
v -0.976563 2.934094 -5.993680
v -1.147412 2.757404 -5.993680
v -1.025409 2.810380 -5.993680
v -1.157101 3.344256 -5.993680
v -0.980608 3.177724 -5.993680
v -1.033496 3.298463 -5.993680
v -3.554585 1.433262 -5.993680
v -3.888288 1.247707 -5.993680
v -4.161093 1.141183 -5.993680
v -3.907930 1.148710 -5.993680
v -3.307490 1.142170 -5.993680
v -3.591552 0.579380 -5.993680
v -3.680853 0.527005 -5.993680
v -3.824683 1.346407 -5.993680
v -3.392088 0.927942 -5.993680
v -1.152257 3.050830 -5.801680
v -1.152257 3.050830 -5.993680
v -3.306919 1.083461 -4.905681
v -3.350047 0.974248 -4.905681
v -3.431684 0.889853 -4.905681
v -3.539405 0.843124 -4.905681
v -3.713540 0.857360 -4.905681
v -3.812240 0.920966 -4.905681
v -3.879086 1.017501 -4.905681
v -3.903903 1.132268 -4.905681
v -3.882909 1.247796 -4.905681
v -3.819304 1.346496 -4.905681
v -3.722769 1.413343 -4.905681
v -3.608001 1.438159 -4.905681
v -3.439991 1.390224 -4.905681
v -3.355597 1.308585 -4.905681
v -3.308867 1.200864 -4.905681
v -3.306917 1.083461 -6.161681
v -3.350045 0.974247 -6.161681
v -3.483243 0.861184 -6.161681
v -3.598011 0.836368 -6.161681
v -3.713539 0.857361 -6.161681
v -3.812240 0.920966 -6.161681
v -3.897145 1.073662 -6.161681
v -3.882908 1.247796 -6.161681
v -3.819304 1.346496 -6.161681
v -3.722768 1.413343 -6.161681
v -3.549203 1.433351 -6.161681
v -3.393774 1.353561 -6.161681
v -3.308867 1.200864 -6.161681
v -4.507776 1.122244 -7.276628
v -4.487582 0.947068 -7.276628
v -4.433600 0.779198 -7.276628
v -4.347907 0.625085 -7.276628
v -4.233792 0.490651 -7.276628
v -4.095645 0.381061 -7.276628
v -3.938772 0.300531 -7.276628
v -3.769203 0.252150 -7.276628
v -3.593453 0.237782 -7.276628
v -3.418277 0.257976 -7.276628
v -3.250407 0.311957 -7.276628
v -3.096294 0.397653 -7.276628
v -2.961860 0.511765 -7.276628
v -2.852273 0.649914 -7.276628
v -2.771740 0.806786 -7.276628
v -2.723361 0.976355 -7.276628
v -2.708992 1.152105 -7.276628
v -2.729187 1.327280 -7.276628
v -2.783168 1.495151 -7.276628
v -2.868863 1.649264 -7.276628
v -2.982975 1.783699 -7.276628
v -3.121123 1.893287 -7.276629
v -3.277997 1.973818 -7.276629
v -3.447566 2.022198 -7.276629
v -3.623315 2.036567 -7.276629
v -3.798491 2.016373 -7.276629
v -3.966362 1.962391 -7.276629
v -4.120474 1.876697 -7.276629
v -4.254909 1.762582 -7.276628
v -4.364496 1.624436 -7.276628
v -4.445028 1.467563 -7.276628
v -4.493408 1.297994 -7.276628
v -4.507776 1.122244 -6.236629
v -4.487582 0.947068 -6.236629
v -4.433600 0.779198 -6.236629
v -4.347907 0.625085 -6.236629
v -4.233792 0.490651 -6.236629
v -4.095645 0.381061 -6.236629
v -3.938772 0.300531 -6.236629
v -3.769203 0.252151 -6.236629
v -3.593453 0.237782 -6.236629
v -3.418277 0.257977 -6.236629
v -3.250407 0.311959 -6.236629
v -3.096294 0.397653 -6.236629
v -2.961860 0.511765 -6.236629
v -2.852273 0.649914 -6.236629
v -2.771740 0.806787 -6.236630
v -2.723361 0.976356 -6.236629
v -2.708992 1.152106 -6.236629
v -2.729187 1.327282 -6.236629
v -2.783168 1.495152 -6.236630
v -2.868863 1.649265 -6.236629
v -2.982975 1.783699 -6.236630
v -3.121123 1.893287 -6.236629
v -3.277997 1.973819 -6.236629
v -3.447566 2.022198 -6.236629
v -3.623315 2.036567 -6.236629
v -3.798491 2.016373 -6.236629
v -3.966362 1.962391 -6.236629
v -4.120474 1.876697 -6.236629
v -4.254909 1.762584 -6.236629
v -4.364496 1.624436 -6.236629
v -4.445028 1.467563 -6.236629
v -4.493407 1.297994 -6.236629
v -4.609153 0.919390 -6.236629
v -4.632046 1.117973 -6.236629
v -4.547959 0.729089 -6.236629
v -4.450814 0.554383 -6.236629
v -4.321454 0.401986 -6.236629
v -4.164846 0.277755 -6.236629
v -3.987012 0.186463 -6.236629
v -3.794785 0.131618 -6.236629
v -3.595551 0.115330 -6.236629
v -3.396968 0.138223 -6.236629
v -3.206667 0.199417 -6.236629
v -3.031961 0.296562 -6.236629
v -2.879564 0.425923 -6.236629
v -2.755332 0.582529 -6.236629
v -2.664042 0.760364 -6.236630
v -2.609196 0.952592 -6.236629
v -2.592908 1.151825 -6.236629
v -2.615801 1.350408 -6.236629
v -2.676995 1.540709 -6.236630
v -2.774140 1.715415 -6.236629
v -2.903502 1.867812 -6.236630
v -3.060108 1.992043 -6.236629
v -3.237942 2.083335 -6.236629
v -3.430171 2.138179 -6.236629
v -3.629404 2.154468 -6.236629
v -3.827986 2.131575 -6.236629
v -4.018287 2.070381 -6.236629
v -4.192992 1.973236 -6.236629
v -4.345390 1.843875 -6.236629
v -4.469621 1.687268 -6.236629
v -4.560915 1.509434 -6.236629
v -4.615757 1.317206 -6.236629
v -4.636795 1.120101 -7.276628
v -4.613703 0.919796 -7.276628
v -4.551979 0.727846 -7.276628
v -4.453990 0.551625 -7.276628
v -4.323508 0.397907 -7.276628
v -4.165544 0.272598 -7.276628
v -3.986166 0.180513 -7.276628
v -3.792273 0.125194 -7.276628
v -3.591311 0.108765 -7.276628
v -3.391006 0.131855 -7.276628
v -3.199055 0.193581 -7.276628
v -3.022835 0.291568 -7.276628
v -2.869116 0.422050 -7.276628
v -2.743807 0.580016 -7.276628
v -2.651724 0.759392 -7.276628
v -2.596405 0.953287 -7.276628
v -2.579974 1.154247 -7.276628
v -2.603065 1.354551 -7.276628
v -2.664792 1.546502 -7.276628
v -2.762778 1.722724 -7.276628
v -2.893260 1.876443 -7.276629
v -3.051225 2.001752 -7.276629
v -3.230602 2.093835 -7.276629
v -3.424496 2.149155 -7.276629
v -3.625457 2.165585 -7.276629
v -3.825762 2.142493 -7.276629
v -4.017714 2.080768 -7.276629
v -4.193933 1.982782 -7.276629
v -4.347652 1.852298 -7.276629
v -4.472961 1.694332 -7.276628
v -4.565044 1.514957 -7.276628
v -4.620364 1.321062 -7.276628
v -3.609985 1.233633 -7.216628
v -3.561542 1.221511 -7.216628
v -3.525649 1.186791 -7.216628
v -3.511925 1.138775 -7.216628
v -3.524047 1.090332 -7.216628
v -3.558767 1.054438 -7.216628
v -3.606782 1.040716 -7.216628
v -3.655226 1.052837 -7.216628
v -3.691119 1.087558 -7.216628
v -3.704844 1.135573 -7.216628
v -3.692720 1.184017 -7.216628
v -3.658000 1.219910 -7.216628
v -3.611703 1.337146 -7.093294
v -3.611703 1.337146 -6.939960
v -3.511272 1.312015 -6.939960
v -3.511272 1.312015 -7.093294
v -3.436862 1.240035 -6.939960
v -3.436862 1.240035 -7.093294
v -3.408412 1.140494 -6.939960
v -3.408412 1.140494 -7.093294
v -3.433543 1.040063 -6.939960
v -3.433543 1.040063 -7.093294
v -3.505522 0.965652 -6.939960
v -3.505522 0.965652 -7.093294
v -3.605064 0.937201 -6.939960
v -3.605064 0.937201 -7.093294
v -3.705495 0.962334 -6.939960
v -3.705495 0.962334 -7.093294
v -3.779905 1.034313 -6.939960
v -3.779905 1.034313 -7.093294
v -3.808356 1.133855 -6.939960
v -3.808356 1.133855 -7.093294
v -3.783226 1.234285 -6.939960
v -3.783226 1.234285 -7.093294
v -3.711246 1.308695 -6.939960
v -3.711246 1.308695 -7.093294
v -3.441778 2.016209 -6.593294
v -3.441778 2.016209 -6.339961
v -3.341347 1.991078 -6.339961
v -3.341347 1.991078 -6.593294
v -2.763815 1.432408 -6.339961
v -2.763815 1.432407 -6.593294
v -2.735363 1.332866 -6.339961
v -2.735363 1.332866 -6.593294
v -2.930420 0.553373 -6.339961
v -2.930420 0.553373 -6.593294
v -3.002400 0.478963 -6.339961
v -3.002400 0.478963 -6.593294
v -3.774990 0.258140 -6.339961
v -3.774990 0.258140 -6.593294
v -3.875421 0.283271 -6.339961
v -3.875421 0.283271 -6.593294
v -4.452953 0.841942 -6.339961
v -4.452953 0.841941 -6.593294
v -4.481404 0.941483 -6.339961
v -4.481404 0.941482 -6.593294
v -4.286347 1.720976 -6.339961
v -4.286347 1.720976 -6.593294
v -4.214368 1.795386 -6.339961
v -4.214368 1.795385 -6.593294
v -3.611703 1.337146 -7.216628
v -3.511272 1.312015 -7.216628
v -3.436862 1.240035 -7.216628
v -3.408412 1.140494 -7.216628
v -3.433543 1.040063 -7.216628
v -3.505522 0.965652 -7.216628
v -3.605064 0.937201 -7.216628
v -3.705495 0.962334 -7.216628
v -3.779905 1.034313 -7.216628
v -3.808356 1.133855 -7.216628
v -3.783226 1.234285 -7.216628
v -3.711246 1.308695 -7.216628
v -3.609985 1.233633 -7.116628
v -3.561542 1.221511 -7.116628
v -3.525649 1.186791 -7.116628
v -3.511925 1.138775 -7.116628
v -3.524047 1.090332 -7.116628
v -3.558767 1.054438 -7.116628
v -3.606782 1.040716 -7.116628
v -3.655226 1.052837 -7.116628
v -3.691119 1.087558 -7.116628
v -3.704844 1.135573 -7.116628
v -3.692720 1.184017 -7.116628
v -3.658000 1.219910 -7.116628
v -3.848927 2.235133 -6.565963
v -3.848110 2.239136 -6.947296
v -4.058862 2.167624 -6.565963
v -4.058652 2.171433 -6.947296
v -4.556766 1.744982 -6.565963
v -4.557991 1.747572 -6.947296
v -4.657476 1.548798 -6.565963
v -4.658991 1.550824 -6.947296
v -4.419715 1.917747 -6.565963
v -4.420546 1.920836 -6.947296
v -4.251595 2.060456 -6.565963
v -4.251939 2.063956 -6.947296
v -3.629853 2.260387 -6.565963
v -3.628407 2.264464 -6.947296
v -3.198002 2.181915 -6.565963
v -3.195311 2.185765 -6.947296
v -3.410063 2.242418 -6.565963
v -3.407983 2.246442 -6.947296
v -2.829053 1.944154 -6.565963
v -2.825298 1.947318 -6.947296
v -3.001820 2.081204 -6.565963
v -2.998562 2.084763 -6.947296
v -2.579176 1.583300 -6.565963
v -2.574701 1.585425 -6.947296
v -2.686346 1.776033 -6.565963
v -2.682178 1.778712 -6.947296
v -2.486413 1.154292 -6.565963
v -2.481671 1.155180 -6.947296
v -2.511668 1.373365 -6.565963
v -2.506999 1.374884 -6.947296
v -2.564886 0.722441 -6.565963
v -2.560369 0.722084 -6.947296
v -2.504384 0.934502 -6.565963
v -2.499692 0.934757 -6.947296
v -2.802648 0.353492 -6.565963
v -2.798816 0.352072 -6.947296
v -2.665597 0.526257 -6.565963
v -2.661371 0.525336 -6.947296
v -3.163500 0.103615 -6.565963
v -3.160709 0.101475 -6.947296
v -2.970768 0.210782 -6.565963
v -2.967422 0.208951 -6.947296
v -3.592509 0.010852 -6.565963
v -3.590954 0.008444 -6.947296
v -3.373436 0.036107 -6.565963
v -3.371251 0.033771 -6.947296
v -4.024360 0.089323 -6.565963
v -4.024050 0.087143 -6.947296
v -3.812298 0.028820 -6.565963
v -3.811378 0.026466 -6.947296
v -4.393309 0.327084 -6.565963
v -4.394063 0.325590 -6.947296
v -4.220543 0.190036 -6.565963
v -4.220798 0.188145 -6.947296
v -4.643186 0.687939 -6.565963
v -4.644660 0.687483 -6.947296
v -4.536017 0.495207 -6.565963
v -4.537182 0.494194 -6.947296
v -4.717979 1.336737 -6.565963
v -4.719668 1.338151 -6.947296
v -4.735950 1.116947 -6.565963
v -4.737689 1.117728 -6.947296
v -4.710694 0.897875 -6.565963
v -4.712362 0.898023 -6.947296
v -3.611703 1.337147 -6.502183
v -3.611703 1.337147 -6.404405
v -3.511272 1.312016 -6.404405
v -3.511272 1.312016 -6.502183
v -3.436862 1.240036 -6.404405
v -3.436862 1.240036 -6.502183
v -3.408412 1.140494 -6.404405
v -3.408412 1.140494 -6.502183
v -3.433543 1.040063 -6.404405
v -3.433543 1.040063 -6.502183
v -3.505522 0.965652 -6.404405
v -3.505522 0.965652 -6.502183
v -3.605064 0.937201 -6.404405
v -3.605064 0.937201 -6.502183
v -3.705495 0.962334 -6.404405
v -3.705495 0.962334 -6.502183
v -3.779905 1.034313 -6.404405
v -3.779905 1.034313 -6.502183
v -3.808356 1.133855 -6.404405
v -3.808356 1.133855 -6.502183
v -3.783226 1.234286 -6.404405
v -3.783226 1.234286 -6.502183
v -3.711246 1.308696 -6.404405
v -3.711246 1.308696 -6.502183
v -3.024582 1.815138 -6.404405
v -3.024582 1.815138 -6.502183
v -2.950171 1.743158 -6.404405
v -2.950171 1.743158 -6.502183
v -3.313151 0.292606 -6.404405
v -3.313151 0.292606 -6.502183
v -3.412693 0.264155 -6.404405
v -3.412693 0.264155 -6.502183
v -4.487418 1.303780 -6.404405
v -4.487418 1.303780 -6.502183
v -4.462287 1.404211 -6.404405
v -4.462287 1.404211 -6.502183
v -4.603684 1.526236 -6.241830
v -4.660996 1.325359 -6.241830
v -4.378462 1.875728 -6.241830
v -4.508286 1.712073 -6.241830
v -4.036641 2.112426 -6.241830
v -4.219207 2.010910 -6.241830
v -3.630256 2.200297 -6.241830
v -3.837776 2.176374 -6.241830
v -3.221180 2.125963 -6.241830
v -3.422059 2.183276 -6.241830
v -2.871689 1.900741 -6.241830
v -3.035345 2.030563 -6.241830
v -2.634992 1.558919 -6.241830
v -2.736507 1.741486 -6.241830
v -2.547121 1.152536 -6.241830
v -2.571043 1.360054 -6.241830
v -2.621453 0.743459 -6.241830
v -2.564141 0.944337 -6.241830
v -2.846675 0.393968 -6.241830
v -2.716854 0.557623 -6.241830
v -3.188498 0.157268 -6.241830
v -3.005930 0.258786 -6.241830
v -3.594882 0.069398 -6.241830
v -3.387362 0.093321 -6.241830
v -4.003957 0.143732 -6.241830
v -3.803081 0.086420 -6.241830
v -4.353448 0.368954 -6.241830
v -4.189795 0.239132 -6.241830
v -4.590147 0.710777 -6.241830
v -4.488631 0.528209 -6.241830
v -4.678019 1.117160 -6.241830
v -4.654095 0.909641 -6.241830
v -4.658849 0.910066 -7.271430
v -4.682981 1.119385 -7.271430
v -4.491951 0.525327 -7.271430
v -4.594347 0.709478 -7.271430
v -4.190522 0.233744 -7.271430
v -4.355597 0.364691 -7.271429
v -3.800456 0.079707 -7.271430
v -4.003075 0.137515 -7.271430
v -3.381133 0.086667 -7.271430
v -3.590451 0.062538 -7.271430
v -2.996393 0.253567 -7.271429
v -3.180544 0.151171 -7.271429
v -2.704809 0.554995 -7.271430
v -2.835757 0.389922 -7.271430
v -2.550774 0.945063 -7.271430
v -2.608582 0.742442 -7.271430
v -2.557734 1.364385 -7.271430
v -2.533605 1.155067 -7.271430
v -2.724633 1.749124 -7.271430
v -2.622237 1.564973 -7.271430
v -3.026062 2.040708 -7.271429
v -2.860989 1.909761 -7.271430
v -3.416130 2.194745 -7.271430
v -3.213510 2.136936 -7.271430
v -3.835452 2.187784 -7.271430
v -3.626133 2.211914 -7.271430
v -4.220191 2.020885 -7.271430
v -4.036040 2.123281 -7.271430
v -4.511775 1.719457 -7.271429
v -4.380826 1.884530 -7.271430
v -4.665812 1.329388 -7.271429
v -4.608002 1.532008 -7.271430
v -3.871879 2.349445 -6.945390
v -4.103473 2.274972 -6.945390
v -4.652745 1.808726 -6.945390
v -4.763847 1.592301 -6.945390
v -4.501555 1.999316 -6.945390
v -4.316090 2.156748 -6.945390
v -3.630204 2.377306 -6.945390
v -3.153799 2.290738 -6.945390
v -3.387738 2.357483 -6.945390
v -2.746786 2.028447 -6.945390
v -2.937376 2.179636 -6.945390
v -2.471128 1.630364 -6.945390
v -2.589355 1.842980 -6.945390
v -2.368795 1.157095 -6.945390
v -2.396655 1.398769 -6.945390
v -2.455364 0.680689 -6.945390
v -2.388618 0.914628 -6.945390
v -2.717654 0.273676 -6.945390
v -2.566465 0.464266 -6.945390
v -3.115737 -0.001980 -6.945390
v -2.903121 0.116244 -6.945390
v -3.589006 -0.104314 -6.945390
v -3.347332 -0.076454 -6.945390
v -4.065413 -0.017747 -6.945390
v -3.831472 -0.084491 -6.945390
v -4.472425 0.244544 -6.945390
v -4.281836 0.093356 -6.945390
v -4.748081 0.642628 -6.945390
v -4.629858 0.430011 -6.945390
v -4.830593 1.358363 -6.945390
v -4.850415 1.115896 -6.945390
v -4.822556 0.874223 -6.945390
v -3.872776 2.345042 -6.567870
v -4.103705 2.270782 -6.567870
v -4.651398 1.805876 -6.567870
v -4.762180 1.590074 -6.567870
v -4.500643 1.995918 -6.567870
v -4.315711 2.152898 -6.567870
v -3.631795 2.372822 -6.567870
v -3.156759 2.286503 -6.567870
v -3.390027 2.353056 -6.567870
v -2.750916 2.024965 -6.567870
v -2.940958 2.175720 -6.567870
v -2.476051 1.628027 -6.567870
v -2.593936 1.840032 -6.567870
v -2.374012 1.156118 -6.567870
v -2.401793 1.397097 -6.567870
v -2.460331 0.681081 -6.567870
v -2.393778 0.914348 -6.567870
v -2.721869 0.275237 -6.567870
v -2.571115 0.465280 -6.567870
v -3.118807 0.000373 -6.567870
v -2.906802 0.118257 -6.567870
v -3.590716 -0.101667 -6.567870
v -3.349736 -0.073886 -6.567870
v -4.065753 -0.015348 -6.567870
v -3.832485 -0.081900 -6.567870
v -4.471596 0.246190 -6.567870
v -4.281554 0.095436 -6.567870
v -4.746460 0.643129 -6.567870
v -4.628575 0.431124 -6.567870
v -4.828734 1.356806 -6.567870
v -4.848500 1.115038 -6.567870
v -4.820719 0.874059 -6.567870
v -3.489285 1.826366 -6.912645
v -3.514823 1.724304 -7.051213
v -3.538660 1.629053 -7.135374
v -3.574919 1.484146 -7.158236
v -3.414392 1.699171 -7.051214
v -3.388854 1.801234 -6.912644
v -3.474488 1.459014 -7.158236
v -3.438227 1.603921 -7.135374
v -3.262715 1.182138 -7.158236
v -3.119092 1.223188 -7.135374
v -3.024684 1.250172 -7.051214
v -2.923526 1.279085 -6.912644
v -3.147542 1.322729 -7.135374
v -3.291166 1.281679 -7.158236
v -2.951977 1.378626 -6.912644
v -3.053135 1.349712 -7.051214
v -3.820158 1.414050 -7.158236
v -3.927520 1.517907 -7.135374
v -3.998092 1.586175 -7.051214
v -4.073711 1.659324 -6.912644
v -3.999500 1.443498 -7.135374
v -3.892138 1.339640 -7.158236
v -4.145691 1.584914 -6.912644
v -4.070072 1.511764 -7.051214
v -4.069225 0.951620 -7.135374
v -3.925601 0.992669 -7.158236
v -4.264791 0.895723 -6.912644
v -4.163633 0.924636 -7.051214
v -4.192084 1.024176 -7.051214
v -4.293242 0.995263 -6.912644
v -3.954052 1.092211 -7.158236
v -4.097676 1.051160 -7.135374
v -3.742280 0.815335 -7.158236
v -3.778541 0.670428 -7.135375
v -3.802375 0.575177 -7.051214
v -3.827915 0.473114 -6.912644
v -3.678110 0.645296 -7.135374
v -3.641849 0.790203 -7.158236
v -3.727484 0.447984 -6.912644
v -3.701944 0.550045 -7.051214
v -3.217268 0.830851 -7.135374
v -3.324630 0.934708 -7.158236
v -3.071077 0.689435 -6.912644
v -3.146696 0.762584 -7.051214
v -3.218676 0.688174 -7.051214
v -3.143057 0.615025 -6.912644
v -3.396610 0.860298 -7.158236
v -3.289248 0.756441 -7.135375
v -3.611703 1.337147 -5.883961
v -3.511272 1.312016 -5.883961
v -3.436862 1.240036 -5.883961
v -3.408412 1.140494 -5.883961
v -3.433543 1.040063 -5.883961
v -3.505522 0.965652 -5.883961
v -3.605064 0.937201 -5.883961
v -3.705495 0.962334 -5.883961
v -3.779905 1.034313 -5.883961
v -3.808356 1.133855 -5.883961
v -3.783226 1.234286 -5.883961
v -3.711246 1.308696 -5.883961
v -3.482140 1.364468 -5.602381
v -3.612700 1.397139 -5.602381
v -3.612700 1.397139 -5.883915
v -3.385406 1.270894 -5.602381
v -3.348421 1.141490 -5.602381
v -3.381091 1.010930 -5.602381
v -3.474664 0.914196 -5.602381
v -3.604068 0.877211 -5.602381
v -3.734628 0.909881 -5.602381
v -3.831361 1.003455 -5.602381
v -3.868349 1.132859 -5.602381
v -3.835678 1.263419 -5.602381
v -3.742104 1.360152 -5.602381
v -3.482140 1.364468 -5.883915
v -3.385406 1.270894 -5.883915
v -3.348421 1.141490 -5.883915
v -3.381091 1.010930 -5.883915
v -3.474664 0.914196 -5.883915
v -3.604068 0.877211 -5.883915
v -3.734628 0.909881 -5.883915
v -3.831361 1.003455 -5.883915
v -3.868349 1.132859 -5.883915
v -3.835678 1.263419 -5.883915
v -3.742104 1.360152 -5.883915
v -3.254300 2.033827 -7.276629
v -3.436031 2.085677 -7.276629
v -3.404643 0.194917 -7.276628
v -3.224731 0.252769 -7.276628
v -3.624386 2.101076 -7.276629
v -3.059565 0.344610 -7.276628
v -3.812127 2.079433 -7.276629
v -2.915488 0.466908 -7.276628
v -3.992037 2.021580 -7.276629
v -2.798039 0.614964 -7.276628
v -4.157205 1.929739 -7.276629
v -2.711732 0.783089 -7.276628
v -4.572285 1.121173 -7.276628
v -4.550642 0.933432 -7.276628
v -4.301280 1.807441 -7.276629
v -2.659883 0.964820 -7.276628
v -4.492789 0.753522 -7.276628
v -4.418729 1.659385 -7.276628
v -2.644484 1.153176 -7.276628
v -4.400949 0.588354 -7.276628
v -4.505036 1.491259 -7.276628
v -2.666126 1.340917 -7.276628
v -4.278650 0.444279 -7.276628
v -4.556886 1.309528 -7.276628
v -2.723979 1.520826 -7.276628
v -4.130594 0.326830 -7.276628
v -2.815820 1.685995 -7.276628
v -3.962470 0.240522 -7.276628
v -2.938118 1.830071 -7.276629
v -3.780737 0.188672 -7.276628
v -3.086174 1.947519 -7.276629
v -3.592382 0.173273 -7.276628
v -4.548368 0.933228 -6.236629
v -4.490779 0.754144 -6.236629
v -4.399360 0.589734 -6.236629
v -4.277623 0.446319 -6.236629
v -4.130245 0.329409 -6.236629
v -3.962893 0.243497 -6.236629
v -3.781993 0.191884 -6.236629
v -3.594502 0.176556 -6.236629
v -3.407623 0.198100 -6.236629
v -3.228538 0.255688 -6.236629
v -3.064128 0.347106 -6.236629
v -2.920712 0.468845 -6.236629
v -2.803802 0.616222 -6.236629
v -2.717890 0.783575 -6.236630
v -2.666278 0.964474 -6.236629
v -2.650950 1.151966 -6.236629
v -2.672493 1.338845 -6.236629
v -2.730083 1.517930 -6.236630
v -2.821501 1.682340 -6.236629
v -2.943238 1.825755 -6.236630
v -3.090615 1.942665 -6.236629
v -3.257969 2.028577 -6.236629
v -3.438868 2.080189 -6.236629
v -3.626359 2.095518 -6.236629
v -3.813239 2.073974 -6.236629
v -3.992324 2.016386 -6.236629
v -4.156734 1.924967 -6.236629
v -4.300149 1.803229 -6.236629
v -4.417059 1.655852 -6.236629
v -4.502971 1.488498 -6.236629
v -4.554584 1.307600 -6.236629
v -4.569911 1.120108 -6.236629
v -3.583565 1.449596 -6.989639
v -3.531518 1.657591 -6.956825
v -3.521966 1.695763 -6.923097
v -3.485306 1.842261 -6.724199
v -3.431087 1.632460 -6.956825
v -3.483134 1.424465 -6.989639
v -3.384875 1.817130 -6.724199
v -3.421535 1.670632 -6.923097
v -2.907772 1.283588 -6.724199
v -3.052970 1.242087 -6.923097
v -3.090806 1.231273 -6.956825
v -3.296958 1.172350 -6.989639
v -3.325409 1.271891 -6.989639
v -3.119256 1.330814 -6.956825
v -3.081421 1.341627 -6.923097
v -2.936223 1.383129 -6.724199
v -4.085488 1.670715 -6.724199
v -3.976947 1.565719 -6.923097
v -3.948666 1.538361 -6.956825
v -3.794559 1.389289 -6.989639
v -4.048927 1.491310 -6.923097
v -4.157468 1.596305 -6.724199
v -3.866539 1.314879 -6.989639
v -4.020646 1.463951 -6.956825
v -4.125963 1.043075 -6.956825
v -3.919809 1.101999 -6.989639
v -4.308998 0.990761 -6.724199
v -4.163797 1.032261 -6.923097
v -4.135346 0.932721 -6.923097
v -4.280545 0.891219 -6.724199
v -3.891358 1.002457 -6.989639
v -4.097512 0.943534 -6.956825
v -3.831892 0.457219 -6.724200
v -3.795234 0.603716 -6.923097
v -3.785682 0.641889 -6.956825
v -3.733634 0.849884 -6.989639
v -3.694803 0.578585 -6.923097
v -3.731462 0.432088 -6.724200
v -3.633204 0.824753 -6.989639
v -3.685251 0.616757 -6.956825
v -3.350228 0.959470 -6.989639
v -3.196123 0.810397 -6.956825
v -3.167840 0.783039 -6.923097
v -3.059299 0.678043 -6.724200
v -3.268103 0.735987 -6.956825
v -3.422208 0.885059 -6.989639
v -3.131279 0.603633 -6.724200
v -3.239820 0.708629 -6.923097
vn -0.0000 -0.0000 -1.0000
vn -0.0000 -0.0000 1.0000
vn -0.7892 -0.6142 -0.0000
vn -0.6033 -0.7975 -0.0000
vn 0.6224 -0.7827 -0.0000
vn 0.2654 -0.9641 -0.0000
vn 0.0068 -1.0000 -0.0000
vn -0.4941 -0.8694 -0.0000
vn -0.8027 0.5964 -0.0000
vn -0.9677 0.2522 -0.0000
vn -1.0000 -0.0068 -0.0000
vn -0.8626 -0.5059 -0.0000
vn -0.0335 0.9994 -0.0000
vn 0.1600 0.9871 -0.0000
vn 0.9839 -0.1788 -0.0000
vn 0.9770 0.2131 -0.0000
vn 0.0167 -0.9999 -0.0000
vn 0.2116 -0.9774 -0.0000
vn 0.3983 -0.9173 -0.0000
vn 0.9301 -0.3672 -0.0000
vn 0.9160 0.4012 -0.0000
vn 0.3474 0.9377 -0.0000
vn 0.7136 -0.7005 -0.0000
vn 0.7201 -0.6939 -0.0000
vn -0.7239 0.6899 -0.0000
vn -0.3980 0.9174 -0.0000
vn -0.7187 0.6953 -0.0000
vn 0.1646 -0.9863 0.0067
vn 0.0151 -0.9999 -0.0019
vn 0.4412 -0.8974 -0.0067
vn -0.3240 -0.9461 0.0044
vn 0.0296 0.9996 0.0042
vn -0.3552 0.9348 -0.0044
vn -0.3673 -0.9301 -0.0000
vn 0.1788 0.9838 -0.0087
vn -0.7277 -0.6859 -0.0044
vn 0.5010 0.8654 0.0063
vn 0.6952 0.7187 -0.0091
vn -0.9168 -0.3993 0.0019
vn -0.6953 -0.7187 -0.0000
vn 0.8230 0.5681 0.0019
vn 0.8147 -0.5799 -0.0044
vn -0.9999 -0.0151 0.0019
vn -0.9774 -0.2113 -0.0091
vn 0.8406 -0.5417 -0.0000
vn 0.9666 0.2562 -0.0044
vn -0.9461 0.3240 -0.0044
vn -0.9301 0.3673 -0.0000
vn 0.5705 -0.8213 0.0019
vn 0.9774 0.2113 -0.0000
vn -0.7025 0.6844 -0.1951
vn -0.7041 0.6870 0.1798
vn -0.7041 0.6870 -0.1798
vn 0.1442 -0.1372 0.9800
vn 0.2973 -0.2852 0.9112
vn 0.1512 -0.1451 0.9778
vn 0.6708 -0.6359 0.3816
vn 0.7133 -0.6772 0.1808
vn 0.6777 -0.6446 0.3539
vn -0.7025 0.6844 0.1950
vn -0.6692 0.6529 0.3549
vn -0.2762 0.2663 0.9235
vn -0.1521 0.1478 0.9772
vn -0.2961 0.2879 0.9107
vn 0.7132 -0.6771 -0.1816
vn 0.6708 -0.6359 -0.3816
vn 0.6777 -0.6446 -0.3539
vn 0.2973 -0.2852 -0.9112
vn 0.1442 -0.1372 -0.9800
vn 0.1512 -0.1451 -0.9778
vn -0.1527 0.1484 -0.9771
vn -0.2762 0.2663 -0.9235
vn -0.2961 0.2879 -0.9107
vn -0.6692 0.6529 -0.3549
vn -0.1382 0.1333 0.9814
vn -0.1383 0.1333 -0.9814
vn 0.7120 -0.6748 -0.1942
vn 0.7120 -0.6748 0.1942
vn 0.2774 -0.2638 0.9238
vn -0.6624 0.6441 0.3827
vn 0.7134 -0.6773 -0.1797
vn 0.6706 -0.6356 -0.3826
vn 0.2774 -0.2638 -0.9238
vn -0.1515 0.1472 -0.9774
vn -0.2755 0.2656 -0.9239
vn -0.6624 0.6441 -0.3827
vn 0.0166 -0.9999 -0.0000
vn -0.1788 -0.9839 -0.0000
vn 0.2113 -0.9774 -0.0000
vn 0.3980 -0.9174 -0.0000
vn 0.5693 -0.8221 -0.0000
vn -0.5417 -0.8406 -0.0000
vn 0.7187 -0.6953 -0.0000
vn -0.8221 -0.5693 -0.0000
vn 0.9301 -0.3673 -0.0000
vn -0.9174 -0.3980 -0.0000
vn -0.9774 -0.2113 -0.0000
vn -0.9999 -0.0166 -0.0000
vn 0.9999 0.0166 -0.0000
vn -0.9839 0.1788 -0.0000
vn 0.9174 0.3980 -0.0000
vn -0.8406 0.5417 -0.0000
vn 0.8221 0.5693 -0.0000
vn 0.6953 0.7187 -0.0000
vn 0.5417 0.8406 -0.0000
vn -0.5693 0.8221 -0.0000
vn 0.3673 0.9301 -0.0000
vn 0.1788 0.9839 -0.0000
vn -0.2113 0.9774 -0.0000
vn -0.0166 0.9999 -0.0000
vn 0.0007 -0.0004 -1.0000
vn 0.0008 -0.0000 -1.0000
vn -0.0007 0.0004 -1.0000
vn -0.0004 0.0007 -1.0000
vn 0.0004 0.0007 -1.0000
vn -0.0000 0.0008 -1.0000
vn -0.0004 -0.0007 -1.0000
vn -0.0007 -0.0004 -1.0000
vn 0.0004 -0.0007 -1.0000
vn 0.0007 0.0004 -1.0000
vn -0.0008 -0.0000 -1.0000
vn -0.0000 -0.0008 -1.0000
vn -0.4360 0.9000 -0.0000
vn -0.1055 0.9944 -0.0000
vn -0.9974 0.0724 -0.0000
vn -0.9139 0.4059 -0.0000
vn -0.5614 -0.8275 -0.0000
vn -0.8085 -0.5886 -0.0000
vn -0.3788 -0.1083 0.9191
vn -0.1213 -0.0347 0.9920
vn 0.4360 -0.9000 -0.0000
vn 0.1055 -0.9944 -0.0000
vn 0.9974 -0.0724 -0.0000
vn 0.9139 -0.4059 -0.0000
vn 0.5614 0.8275 -0.0000
vn 0.8085 0.5886 -0.0000
vn -0.6918 0.6692 -0.2714
vn -0.9615 -0.2748 -0.0000
vn -0.9254 -0.2645 -0.2714
vn -0.2427 -0.9701 -0.0000
vn -0.2336 -0.9337 -0.2714
vn 0.6918 -0.6692 -0.2714
vn 0.9615 0.2748 -0.0000
vn 0.9254 0.2645 -0.2714
vn 0.2336 0.9337 -0.2714
vn 0.2427 0.9701 -0.0000
vn 0.5934 -0.5740 -0.5643
vn -0.7938 -0.2269 -0.5643
vn -0.2831 0.2739 0.9191
vn -0.0907 0.0877 0.9920
vn -0.2748 0.9615 -0.0000
vn -0.0956 -0.3821 0.9191
vn -0.0306 -0.1224 0.9920
vn 0.3788 0.1083 0.9191
vn 0.1213 0.0347 0.9920
vn -0.2831 0.2739 -0.9191
vn -0.0907 0.0877 -0.9920
vn 0.3788 0.1083 -0.9191
vn 0.1213 0.0347 -0.9920
vn -0.9701 0.2427 -0.0000
vn -0.9701 0.2428 -0.0000
vn -0.8232 -0.2353 0.5167
vn -0.8713 -0.2490 0.4229
vn -0.2078 -0.8305 0.5167
vn -0.2200 -0.8791 0.4229
vn -0.0956 -0.3821 -0.9191
vn -0.0306 -0.1224 -0.9920
vn 0.1013 0.4046 -0.9089
vn 0.1767 0.7060 -0.6859
vn 0.2748 -0.9615 -0.0000
vn 0.6154 -0.5953 0.5167
vn 0.6513 -0.6300 0.4229
vn -0.4010 -0.1146 0.9089
vn -0.6997 -0.2000 0.6859
vn 0.7938 0.2269 -0.5643
vn -0.3788 -0.1083 -0.9191
vn -0.1213 -0.0347 -0.9920
vn 0.4010 0.1146 -0.9089
vn 0.6997 0.2000 -0.6859
vn 0.2998 -0.2900 0.9089
vn 0.5231 -0.5060 0.6859
vn -0.5934 0.5740 -0.5643
vn 0.2831 -0.2739 -0.9191
vn 0.0907 -0.0877 -0.9920
vn -0.2998 0.2900 -0.9089
vn -0.5231 0.5060 -0.6859
vn 0.4010 0.1146 0.9089
vn 0.6997 0.2000 0.6859
vn -0.4010 -0.1146 -0.9089
vn -0.6997 -0.2000 -0.6859
vn 0.8232 0.2353 0.5167
vn 0.8713 0.2490 0.4229
vn 0.2078 0.8305 0.5167
vn 0.2200 0.8791 0.4229
vn 0.9701 -0.2428 -0.0000
vn 0.9701 -0.2427 -0.0000
vn 0.1012 0.4046 0.9089
vn 0.1767 0.7060 0.6859
vn 0.1013 0.4046 0.9089
vn -0.2004 -0.8009 -0.5643
vn 0.0956 0.3821 -0.9191
vn 0.0306 0.1224 -0.9920
vn -0.1012 -0.4046 -0.9089
vn -0.1767 -0.7060 -0.6859
vn 0.2998 -0.2900 -0.9089
vn 0.5231 -0.5060 -0.6859
vn -0.6154 0.5953 0.5167
vn -0.6513 0.6300 0.4229
vn 0.2831 -0.2739 0.9191
vn 0.0907 -0.0877 0.9920
vn -0.2998 0.2900 0.9089
vn -0.5231 0.5060 0.6859
vn -0.5143 0.8576 -0.0000
vn -0.8275 0.5614 -0.0000
vn -0.9944 -0.1055 -0.0000
vn -0.8576 -0.5143 -0.0000
vn -0.4856 -0.8742 -0.0000
vn -0.0724 -0.9974 -0.0000
vn 0.5886 -0.8084 -0.0000
vn 0.8742 -0.4856 -0.0000
vn 0.8742 -0.4855 -0.0000
vn 0.9000 0.4360 -0.0000
vn 0.4059 0.9139 -0.0000
vn 0.2428 0.9701 -0.0000
vn -0.2428 -0.9701 -0.0000
vn 0.2004 0.8009 -0.5643
vn -0.8742 0.4856 -0.0000
vn 0.5143 -0.8576 -0.0000
vn 0.8576 0.5143 -0.0000
vn 0.4856 0.8742 -0.0000
vn -0.1767 -0.7060 0.6859
vn 0.0956 0.3821 0.9191
vn 0.0306 0.1224 0.9920
vn -0.1013 -0.4046 0.9089
vn -0.1012 -0.4046 0.9089
vn -0.7188 0.6953 -0.0000
vn -0.7642 -0.6447 0.0168
vn -0.7643 -0.6447 -0.0169
vn -0.7642 -0.6447 -0.0168
vn -0.6510 -0.7568 0.0590
vn -0.6858 -0.7226 0.0870
vn -0.6850 -0.7233 0.0868
vn -0.6510 -0.7568 -0.0590
vn -0.6858 -0.7226 -0.0870
vn -0.6529 -0.7549 -0.0617
vn -0.7129 -0.6960 0.0862
vn -0.7115 -0.6974 0.0861
vn 0.6722 -0.6503 0.3539
vn 0.7070 -0.6839 0.1800
vn 0.6722 -0.6503 -0.3539
vn 0.7070 -0.6839 -0.1800
vn 0.7070 -0.6840 -0.1797
vn 0.1533 -0.1482 -0.9770
vn 0.2968 -0.2871 -0.9107
vn 0.1526 -0.1476 0.9772
vn 0.2968 -0.2871 0.9107
vn 0.1511 -0.1461 0.9777
vn -0.7070 0.6839 0.1800
vn -0.7070 0.6840 -0.1797
vn -0.7071 0.6840 -0.1791
vn -0.2968 0.2871 0.9107
vn -0.1526 0.1476 0.9772
vn -0.1511 0.1461 -0.9777
vn 0.1511 -0.1461 -0.9777
vn 0.1519 -0.1470 -0.9774
vn -0.7069 0.6838 -0.1809
vn -0.6722 0.6503 -0.3539
vn -0.6722 0.6503 0.3539
vn -0.7070 0.6840 0.1797
vn -0.1511 0.1461 0.9777
vn 0.7070 -0.6840 0.1797
vn -0.2968 0.2871 -0.9107
vn -0.1526 0.1476 -0.9772
vn -0.7449 -0.6647 0.0573
vn -0.7643 -0.6447 0.0169
vn -0.7429 -0.6668 0.0598
vn -0.7449 -0.6647 -0.0573
vn -0.7115 -0.6974 -0.0861
vn -0.7129 -0.6960 -0.0862
vn -0.6291 -0.7771 -0.0177
vn -0.6291 -0.7771 -0.0178
vn -0.6291 -0.7771 0.0178
vn -0.6291 -0.7771 0.0177
vn -0.6529 -0.7549 0.0617
vn -0.6850 -0.7233 -0.0868
vn -0.7429 -0.6668 -0.0598
vn 0.0014 0.0014 -1.0000
vn 0.0001 -0.0000 1.0000
vn 0.4855 0.8742 -0.0000
vn -0.8742 0.4855 -0.0000
vn -0.4855 -0.8742 -0.0000
vn -0.0394 0.0112 0.9992
vn -0.0406 -0.0047 0.9992
vn -0.0393 0.0112 0.9992
vn -0.0321 0.0255 0.9992
vn -0.0321 0.0254 0.9992
vn -0.0199 0.0358 0.9992
vn -0.0047 0.0408 0.9992
vn -0.0047 0.0407 0.9992
vn 0.0113 0.0395 0.9992
vn 0.0255 0.0322 0.9992
vn 0.0359 0.0200 0.9992
vn 0.0408 0.0047 0.9992
vn 0.0395 -0.0113 0.9992
vn 0.0321 -0.0255 0.9992
vn 0.0322 -0.0255 0.9992
vn 0.0199 -0.0358 0.9992
vn 0.0047 -0.0406 0.9992
vn 0.0047 -0.0407 0.9992
vn -0.0112 -0.0393 0.9992
vn -0.0112 -0.0394 0.9992
vn -0.0254 -0.0320 0.9992
vn -0.0357 -0.0199 0.9992
vn 0.0111 0.0390 -0.9992
vn 0.0197 -0.0355 -0.9992
vn 0.0047 -0.0404 -0.9992
vn 0.0198 -0.0355 -0.9992
vn -0.0047 0.0403 -0.9992
vn 0.0318 -0.0252 -0.9992
vn -0.0046 0.0403 -0.9992
vn -0.0198 0.0355 -0.9992
vn 0.0390 -0.0111 -0.9992
vn -0.0405 -0.0047 -0.9992
vn -0.0197 0.0355 -0.9992
vn -0.0404 -0.0047 -0.9992
vn -0.0319 0.0253 -0.9992
vn -0.0356 -0.0198 -0.9992
vn -0.0318 0.0252 -0.9992
vn 0.0402 0.0046 -0.9992
vn -0.0391 0.0112 -0.9992
vn 0.0403 0.0046 -0.9992
vn -0.0253 -0.0319 -0.9992
vn 0.0354 0.0197 -0.9992
vn -0.0112 -0.0391 -0.9992
vn 0.0252 0.0318 -0.9992
vn 0.0252 0.0317 -0.9992
vn -0.3031 0.9426 -0.1397
vn -0.2932 0.9118 -0.2875
vn -0.3032 0.9428 -0.1389
vn -0.8805 0.4520 -0.1429
vn -0.8513 0.4370 -0.2904
vn -0.8806 0.4521 -0.1422
vn 0.3678 0.9299 0.0039
vn 0.3668 0.9303 0.0037
vn 0.3666 0.9304 0.0037
vn -0.6406 0.7547 -0.1414
vn -0.6195 0.7298 -0.2890
vn -0.6407 0.7548 -0.1406
vn -0.1782 -0.9840 -0.0031
vn -0.1772 -0.9842 -0.0034
vn -0.1784 -0.9840 -0.0030
vn 0.3654 0.9308 0.0042
vn 0.3652 0.9309 0.0042
vn 0.0705 0.0888 0.9936
vn 0.0705 0.0888 0.9935
vn 0.5694 -0.8221 0.0005
vn 0.5692 -0.8222 0.0005
vn -0.1080 0.0308 -0.9937
vn 0.7553 0.6411 -0.1360
vn 0.7309 0.6204 -0.2844
vn 0.7553 0.6411 -0.1359
vn 0.4524 0.8813 -0.1368
vn 0.4378 0.8527 -0.2849
vn 0.4524 0.8813 -0.1364
vn 0.0807 0.9871 -0.1381
vn 0.0781 0.9550 -0.2860
vn 0.0807 0.9872 -0.1374
vn -0.5423 -0.8402 -0.0044
vn -0.5412 -0.8409 -0.0042
vn 0.5691 -0.8223 0.0005
vn 0.9554 -0.0781 -0.2849
vn 0.9873 -0.0807 -0.1368
vn 0.9874 -0.0807 -0.1364
vn 0.9127 0.2935 -0.2844
vn 0.9431 0.3033 -0.1360
vn 0.9432 0.3033 -0.1359
vn -0.5410 -0.8410 -0.0043
vn -0.5397 -0.8418 -0.0047
vn 0.0311 0.1090 0.9936
vn 0.6198 -0.7302 -0.2875
vn 0.6408 -0.7549 -0.1397
vn 0.6409 -0.7550 -0.1389
vn 0.8525 -0.4376 -0.2860
vn 0.8811 -0.4523 -0.1381
vn 0.8812 -0.4524 -0.1374
vn -0.3979 0.9174 0.0005
vn -0.3980 0.9174 0.0005
vn -0.3981 0.9174 0.0005
vn -0.0880 0.0698 -0.9937
vn -0.0879 0.0698 -0.9937
vn 0.9177 0.3972 0.0050
vn 0.9171 0.3986 0.0048
vn 0.9170 0.3988 0.0048
vn -0.3982 0.9173 0.0005
vn -0.7291 -0.6189 -0.2921
vn -0.7544 -0.6404 -0.1444
vn -0.7544 -0.6404 -0.1443
vn -0.4369 -0.8510 -0.2915
vn -0.4519 -0.8804 -0.1439
vn -0.4520 -0.8804 -0.1435
vn -0.0780 -0.9537 -0.2904
vn -0.0807 -0.9864 -0.1429
vn -0.0807 -0.9865 -0.1422
vn 0.2931 -0.9114 -0.2890
vn 0.3031 -0.9424 -0.1414
vn 0.3031 -0.9425 -0.1406
vn -0.9863 0.0806 -0.1439
vn -0.9534 0.0779 -0.2915
vn -0.9864 0.0806 -0.1435
vn 0.9163 0.4004 0.0054
vn 0.9162 0.4006 0.0054
vn -0.9420 -0.3029 -0.1444
vn -0.9105 -0.2928 -0.2921
vn -0.9420 -0.3029 -0.1443
vn -0.0130 0.1125 0.9936
vn 0.8408 -0.5414 0.0024
vn 0.8404 -0.5420 0.0023
vn -0.0545 0.0980 -0.9937
vn -0.9084 -0.2921 0.2992
vn -0.9409 -0.3026 0.1519
vn -0.9410 -0.3026 0.1518
vn -0.9776 -0.2106 -0.0048
vn -0.9773 -0.2120 -0.0046
vn 0.8403 -0.5421 0.0023
vn 0.8399 -0.5427 0.0025
vn -0.9508 0.0777 0.2997
vn -0.9850 0.0805 0.1527
vn -0.9851 0.0805 0.1523
vn 0.3024 -0.9404 0.1556
vn 0.2918 -0.9075 0.3022
vn 0.3024 -0.9405 0.1548
vn -0.0805 -0.9848 0.1540
vn -0.0777 -0.9505 0.3008
vn -0.0805 -0.9849 0.1533
vn -0.4513 -0.8792 0.1527
vn -0.4357 -0.8487 0.2997
vn -0.4514 -0.8793 0.1523
vn -0.7535 -0.6396 0.1519
vn -0.7275 -0.6175 0.2992
vn -0.7535 -0.6396 0.1518
vn -0.9772 -0.2122 -0.0046
vn -0.9769 -0.2138 -0.0052
vn -0.0550 0.0989 0.9936
vn -0.7189 0.6951 -0.0015
vn -0.7186 0.6954 -0.0014
vn -0.7186 0.6955 -0.0014
vn -0.0128 0.1113 -0.9937
vn 0.2111 -0.9775 -0.0015
vn 0.2106 -0.9776 -0.0016
vn 0.2105 -0.9776 -0.0016
vn -0.7182 0.6958 -0.0016
vn -0.7182 0.6959 -0.0016
vn -0.0162 0.9999 0.0024
vn -0.0154 0.9999 0.0025
vn -0.0886 0.0703 0.9936
vn 0.8783 -0.4509 0.1587
vn 0.8472 -0.4349 0.3052
vn 0.8472 -0.4349 0.3051
vn 0.8784 -0.4510 0.1580
vn 0.6391 -0.7529 0.1573
vn 0.6166 -0.7264 0.3038
vn 0.6392 -0.7530 0.1564
vn 0.9840 -0.1782 0.0039
vn 0.9838 -0.1793 0.0037
vn 0.9840 -0.1781 0.0039
vn 0.0307 0.1077 -0.9937
vn -0.1793 -0.9838 -0.0032
vn -0.1804 -0.9836 -0.0034
vn -0.1806 -0.9836 -0.0034
vn 0.9838 -0.1795 0.0037
vn 0.9835 -0.1808 0.0042
vn 0.9397 0.3022 0.1603
vn 0.9061 0.2914 0.3068
vn 0.9397 0.3022 0.1601
vn 0.9839 -0.0804 0.1598
vn 0.9488 -0.0776 0.3062
vn 0.9839 -0.0804 0.1593
vn 0.5695 -0.8220 0.0005
vn -0.1087 0.0310 0.9936
vn -0.1086 0.0310 0.9936
vn -0.9303 0.3668 -0.0032
vn -0.9299 0.3677 -0.0030
vn -0.9299 0.3678 -0.0031
vn 0.0696 0.0877 -0.9937
vn 0.0776 0.9491 0.3052
vn 0.0805 0.9840 0.1587
vn 0.0805 0.9842 0.1580
vn 0.4348 0.8469 0.3062
vn 0.4508 0.8782 0.1598
vn 0.4509 0.8783 0.1593
vn 0.7256 0.6159 0.3068
vn 0.7525 0.6388 0.1603
vn 0.7525 0.6388 0.1601
vn -0.3977 0.9175 0.0005
vn -0.9295 0.3688 -0.0034
vn -0.9294 0.3690 -0.0034
vn 0.8412 -0.5406 0.0025
vn 0.8413 -0.5405 0.0025
vn 0.9772 0.2121 0.0048
vn 0.9775 0.2107 0.0046
vn 0.0978 0.0544 -0.9937
vn -0.7193 0.6947 -0.0016
vn 0.9776 0.2105 0.0046
vn 0.9779 0.2089 0.0051
vn 0.9842 -0.1768 0.0041
vn 0.9843 -0.1766 0.0042
vn -0.9998 -0.0173 -0.0044
vn -0.9999 -0.0160 -0.0042
vn -0.9999 -0.0158 -0.0043
vn 0.1112 0.0128 -0.9937
vn -0.6169 0.7267 0.3022
vn -0.6393 0.7531 0.1556
vn -0.6393 0.7532 0.1548
vn -0.9307 0.3658 -0.0034
vn -0.9999 -0.0143 -0.0047
vn -0.9999 -0.0140 -0.0048
vn -0.8484 0.4355 0.3008
vn -0.8790 0.4512 0.1540
vn -0.8791 0.4513 0.1533
vn -0.2917 0.9070 0.3037
vn -0.3023 0.9401 0.1573
vn -0.3024 0.9403 0.1564
vn -0.7630 0.6053 -0.2269
vn -0.6982 0.5539 -0.4535
vn -0.7632 0.6055 -0.2256
vn -0.4735 0.8515 -0.2253
vn -0.4334 0.7795 -0.4523
vn -0.4736 0.8518 -0.2239
vn -0.1116 0.9683 -0.2236
vn -0.1022 0.8866 -0.4510
vn -0.1117 0.9686 -0.2223
vn 0.2675 0.9376 -0.2221
vn 0.2450 0.8588 -0.4500
vn 0.2676 0.9378 -0.2211
vn 0.6061 0.7641 -0.2209
vn 0.5552 0.6999 -0.4493
vn 0.6062 0.7642 -0.2204
vn 0.8525 0.4740 -0.2204
vn 0.7809 0.4342 -0.4490
vn 0.8875 0.1023 -0.4493
vn 0.9689 0.1117 -0.2209
vn 0.9690 0.1117 -0.2204
vn 0.8588 -0.2450 -0.4500
vn 0.9376 -0.2675 -0.2221
vn 0.9378 -0.2676 -0.2211
vn 0.6992 -0.5547 -0.4510
vn 0.7636 -0.6057 -0.2236
vn 0.7638 -0.6059 -0.2223
vn 0.4334 -0.7795 -0.4523
vn 0.4735 -0.8515 -0.2253
vn 0.4736 -0.8518 -0.2239
vn 0.1021 -0.8854 -0.4535
vn 0.1115 -0.9675 -0.2269
vn 0.1116 -0.9678 -0.2256
vn -0.2444 -0.8565 -0.4546
vn -0.2671 -0.9363 -0.2281
vn -0.2672 -0.9365 -0.2271
vn -0.5533 -0.6975 -0.4553
vn -0.6050 -0.7627 -0.2288
vn -0.6051 -0.7628 -0.2282
vn -0.7780 -0.4326 -0.4556
vn -0.8508 -0.4731 -0.2288
vn -0.9671 -0.1115 -0.2288
vn -0.8845 -0.1020 -0.4553
vn -0.9672 -0.1115 -0.2282
vn -0.9363 0.2671 -0.2281
vn -0.8565 0.2444 -0.4546
vn -0.9365 0.2672 -0.2271
vn -0.8528 0.2433 0.4622
vn -0.9341 0.2665 0.2377
vn -0.9343 0.2666 0.2367
vn -0.8813 -0.1016 0.4615
vn -0.9652 -0.1113 0.2366
vn -0.9653 -0.1113 0.2361
vn -0.8493 -0.4722 0.2360
vn -0.7755 -0.4312 0.4612
vn -0.6038 -0.7612 0.2366
vn -0.5513 -0.6950 0.4615
vn -0.6039 -0.7613 0.2361
vn -0.2665 -0.9341 0.2377
vn -0.2433 -0.8528 0.4622
vn -0.2666 -0.9343 0.2367
vn 0.1112 -0.9646 0.2392
vn 0.1015 -0.8804 0.4632
vn 0.1112 -0.9649 0.2380
vn 0.4717 -0.8482 0.2409
vn 0.4304 -0.7740 0.4645
vn 0.4304 -0.7740 0.4644
vn 0.4718 -0.8485 0.2395
vn 0.7601 -0.6029 0.2424
vn 0.6933 -0.5500 0.4657
vn 0.7603 -0.6031 0.2412
vn 0.9326 -0.2661 0.2436
vn 0.8505 -0.2426 0.4667
vn 0.9329 -0.2662 0.2427
vn 0.9633 0.1111 0.2443
vn 0.8782 0.1012 0.4674
vn 0.9634 0.1111 0.2438
vn 0.7725 0.4296 0.4676
vn 0.8475 0.4712 0.2444
vn 0.5494 0.6926 0.4674
vn 0.6026 0.7597 0.2443
vn 0.6027 0.7598 0.2438
vn 0.2426 0.8505 0.4667
vn 0.2661 0.9326 0.2437
vn 0.2427 0.8505 0.4667
vn 0.2662 0.9329 0.2427
vn -0.1013 0.8791 0.4657
vn -0.1111 0.9638 0.2424
vn -0.1111 0.9641 0.2412
vn -0.4304 0.7740 0.4645
vn -0.4717 0.8482 0.2409
vn -0.4718 0.8485 0.2395
vn -0.6943 0.5508 0.4632
vn -0.7607 0.6034 0.2392
vn -0.7609 0.6036 0.2380
vn 0.0991 0.0551 0.9935
vn 0.6946 0.7193 0.0046
vn 0.6935 0.7205 0.0051
vn 0.6933 0.7207 0.0052
vn -0.0170 0.9999 0.0023
vn -0.0178 0.9998 0.0025
vn -0.0180 0.9998 0.0026
vn 0.6958 0.7182 0.0048
vn 0.6948 0.7192 0.0046
vn -0.0169 0.9999 0.0023
vn 0.1127 0.0130 0.9935
vn -0.8216 -0.5700 -0.0048
vn -0.8206 -0.5714 -0.0053
vn -0.8218 -0.5698 -0.0048
vn 0.2116 -0.9774 -0.0014
vn 0.2121 -0.9773 -0.0016
vn 0.2115 -0.9774 -0.0014
vn -0.8226 -0.5686 -0.0050
vn 0.1090 -0.0311 0.9936
vn 0.9998 0.0174 0.0043
vn 0.9998 0.0189 0.0047
vn 0.9998 0.0191 0.0048
vn 0.9999 0.0159 0.0044
vn 0.9998 0.0172 0.0042
vn 0.0887 -0.0704 0.9936
vn 0.9303 -0.3668 0.0031
vn 0.9307 -0.3657 0.0034
vn 0.9308 -0.3656 0.0035
vn 0.9299 -0.3678 0.0032
vn 0.9303 -0.3669 0.0030
vn 0.0550 -0.0989 0.9936
vn -0.9840 0.1781 -0.0037
vn -0.9842 0.1768 -0.0042
vn -0.9840 0.1783 -0.0037
vn -0.9838 0.1794 -0.0039
vn 0.0129 -0.1123 0.9936
vn 0.7189 -0.6951 0.0014
vn 0.7193 -0.6947 0.0016
vn 0.7186 -0.6954 0.0014
vn -0.9779 -0.2089 -0.0051
vn -0.9780 -0.2086 -0.0051
vn -0.0310 -0.1086 0.9936
vn -0.8408 0.5413 -0.0023
vn -0.8413 0.5406 -0.0025
vn -0.8407 0.5414 -0.0023
vn 0.9184 0.3956 0.0053
vn -0.8404 0.5420 -0.0024
vn -0.5436 -0.8393 -0.0047
vn -0.5439 -0.8392 -0.0048
vn -0.0702 -0.0885 0.9936
vn 0.3979 -0.9174 -0.0005
vn 0.3977 -0.9175 -0.0005
vn 0.3691 0.9294 0.0041
vn 0.3679 0.9299 0.0039
vn 0.3980 -0.9174 -0.0005
vn 0.6971 0.7170 0.0051
vn 0.6959 0.7182 0.0048
vn -0.0987 -0.0549 0.9936
vn -0.5694 0.8221 -0.0005
vn -0.5695 0.8220 -0.0005
vn -0.5693 0.8221 -0.0005
vn -0.8236 -0.5672 -0.0053
vn -0.8237 -0.5669 -0.0053
vn -0.5692 0.8222 -0.0005
vn 0.9999 0.0143 0.0047
vn -0.1122 -0.0129 0.9936
vn 0.0162 -0.9999 -0.0023
vn 0.0154 -0.9999 -0.0025
vn 0.0152 -0.9999 -0.0026
vn 0.9295 -0.3688 0.0034
vn -0.1117 -0.0129 -0.9937
vn 0.0170 -0.9999 -0.0024
vn 0.0163 -0.9999 -0.0023
vn -0.9835 0.1807 -0.0041
vn -0.9835 0.1810 -0.0041
vn -0.2111 0.9775 0.0014
vn -0.2106 0.9776 0.0016
vn -0.2112 0.9775 0.0014
vn 0.7182 -0.6958 0.0015
vn 0.7186 -0.6954 0.0015
vn -0.0982 -0.0546 -0.9937
vn -0.2116 0.9774 0.0014
vn -0.2116 0.9774 0.0015
vn -0.8399 0.5427 -0.0025
vn -0.8398 0.5428 -0.0025
vn -0.3680 -0.9298 -0.0037
vn -0.3692 -0.9294 -0.0042
vn -0.3694 -0.9293 -0.0042
vn 0.3982 -0.9173 -0.0005
vn -0.0699 -0.0881 -0.9937
vn -0.3667 -0.9303 -0.0039
vn -0.3678 -0.9299 -0.0037
vn -0.5691 0.8223 -0.0005
vn -0.5690 0.8223 -0.0005
vn 0.1794 0.9838 0.0031
vn 0.1804 0.9836 0.0034
vn 0.1792 0.9838 0.0030
vn 0.0178 -0.9998 -0.0025
vn -0.0308 -0.1080 -0.9937
vn 0.1783 0.9840 0.0032
vn -0.2121 0.9772 0.0015
vn -0.2122 0.9772 0.0016
vn -0.6959 -0.7181 -0.0046
vn -0.6971 -0.7170 -0.0052
vn -0.6973 -0.7168 -0.0052
vn -0.3654 -0.9308 -0.0041
vn 0.0129 -0.1115 -0.9937
vn -0.6947 -0.7193 -0.0048
vn -0.6957 -0.7183 -0.0046
vn 0.1772 0.9842 0.0034
vn 0.1770 0.9842 0.0034
vn 0.5424 0.8401 0.0043
vn 0.5436 0.8393 0.0047
vn 0.5422 0.8403 0.0042
vn -0.6935 -0.7205 -0.0051
vn 0.0545 -0.0980 -0.9937
vn 0.5411 0.8409 0.0044
vn 0.5411 0.8410 0.0044
vn 0.5398 0.8418 0.0047
vn 0.5396 0.8419 0.0047
vn -0.9178 -0.3971 -0.0048
vn -0.9184 -0.3956 -0.0054
vn -0.9185 -0.3953 -0.0054
vn -0.9171 -0.3987 -0.0050
vn -0.9164 -0.4003 -0.0053
vn 0.0878 -0.0696 -0.9937
vn -0.9177 -0.3974 -0.0048
vn 0.8217 0.5699 0.0050
vn 0.8206 0.5714 0.0053
vn 0.8205 0.5716 0.0053
vn 0.8226 0.5685 0.0048
vn 0.8236 0.5671 0.0054
vn 0.8225 0.5688 0.0048
vn -0.9998 -0.0189 -0.0047
vn 0.1077 -0.0307 -0.9937
vn 0.8216 0.5700 0.0050
vn 0.9769 0.2138 0.0051
vn 0.9768 0.2140 0.0051
vn -0.1770 -0.9842 -0.0034
vn -0.5395 -0.8420 -0.0048
vn 0.8398 -0.5428 0.0026
vn -0.9768 -0.2141 -0.0052
vn -0.0152 0.9999 0.0025
vn 0.9835 -0.1810 0.0042
vn 0.9780 0.2086 0.0052
vn -0.9308 0.3656 -0.0034
vn -0.8205 -0.5717 -0.0054
vn 0.2122 -0.9772 -0.0016
vn -0.9843 0.1766 -0.0042
vn -0.8413 0.5405 -0.0026
vn 0.9185 0.3953 0.0054
vn 0.3694 0.9293 0.0042
vn 0.6973 0.7168 0.0052
vn 0.9999 0.0141 0.0047
vn 0.9294 -0.3690 0.0034
vn -0.2105 0.9776 0.0016
vn 0.7182 -0.6959 0.0016
vn 0.1806 0.9835 0.0035
vn 0.0180 -0.9998 -0.0025
vn -0.3652 -0.9309 -0.0041
vn 0.5438 0.8392 0.0048
vn -0.6933 -0.7207 -0.0051
vn -0.9162 -0.4006 -0.0053
vn 0.8238 0.5669 0.0054
vn -0.9998 -0.0191 -0.0047
vt 0.241622 0.510735
vt 0.262199 0.510897
vt 0.286090 0.562227
vt 0.489608 0.005306
vt 0.412377 0.408469
vt 0.393727 0.416523
vt 0.489280 0.541730
vt 0.476932 0.554704
vt 0.467015 0.487651
vt 0.355586 0.650679
vt 0.322106 0.581599
vt 0.355325 0.581474
vt 0.355122 0.527739
vt 0.321971 0.545776
vt 0.321904 0.527865
vt 0.355189 0.545651
vt 0.322039 0.563688
vt 0.322571 0.704539
vt 0.355721 0.686502
vt 0.355789 0.704413
vt 0.322503 0.686627
vt 0.355654 0.668590
vt 0.322435 0.668716
vt 0.359014 0.718922
vt 0.466215 0.740939
vt 0.359014 0.740939
vt 0.524386 0.718922
vt 0.496445 0.740938
vt 0.496445 0.718922
vt 0.465644 0.774585
vt 0.465073 0.808231
vt 0.597839 0.740938
vt 0.554889 0.718922
vt 0.597839 0.718922
vt 0.422129 0.652351
vt 0.465644 0.685276
vt 0.466215 0.718922
vt 0.554889 0.740938
vt 0.539637 0.718922
vt 0.539637 0.740938
vt 0.481330 0.718922
vt 0.481330 0.740938
vt 0.387036 0.496738
vt 0.390568 0.561476
vt 0.373158 0.557269
vt 0.360184 0.544921
vt 0.459751 0.559766
vt 0.413904 0.510586
vt 0.493487 0.524320
vt 0.289409 0.496661
vt 0.303742 0.557895
vt 0.316852 0.545313
vt 0.213057 0.493957
vt 0.216178 0.560147
vt 0.199008 0.555032
vt 0.186683 0.541999
vt 0.182530 0.524541
vt 0.480205 0.713200
vt 0.485803 0.699160
vt 0.485331 0.671223
vt 0.479258 0.657233
vt 0.465073 0.651630
vt 0.479258 0.802628
vt 0.485803 0.760701
vt 0.480205 0.746661
vt 0.485331 0.788638
vt 0.353162 0.008700
vt 0.320336 0.112629
vt 0.319944 0.008825
vt 0.353554 0.112504
vt 0.351243 0.008725
vt 0.015007 0.718923
vt 0.015007 0.740939
vt 0.182530 0.004687
vt 0.263125 0.406809
vt 0.242722 0.406644
vt 0.322372 0.007743
vt 0.069176 0.510735
vt 0.089753 0.510897
vt 0.113644 0.562227
vt 0.317162 0.005306
vt 0.239931 0.408469
vt 0.221281 0.416523
vt 0.316834 0.541730
vt 0.304486 0.554704
vt 0.294569 0.487651
vt 0.183140 0.650679
vt 0.149661 0.581599
vt 0.182879 0.581474
vt 0.182676 0.527740
vt 0.149525 0.545776
vt 0.149458 0.527865
vt 0.182744 0.545651
vt 0.149593 0.563688
vt 0.150125 0.704539
vt 0.183276 0.686502
vt 0.183343 0.704413
vt 0.150057 0.686627
vt 0.183208 0.668590
vt 0.149990 0.668716
vt 0.358473 0.718923
vt 0.465674 0.740939
vt 0.358473 0.740939
vt 0.523845 0.718922
vt 0.495904 0.740938
vt 0.495904 0.718922
vt 0.465103 0.774585
vt 0.464532 0.808231
vt 0.597298 0.740938
vt 0.554348 0.718922
vt 0.597298 0.718922
vt 0.421588 0.652351
vt 0.465103 0.685276
vt 0.465674 0.718922
vt 0.554348 0.740938
vt 0.539097 0.718922
vt 0.539097 0.740938
vt 0.480789 0.718922
vt 0.480790 0.740939
vt 0.214590 0.496738
vt 0.218122 0.561476
vt 0.200712 0.557269
vt 0.187738 0.544921
vt 0.287305 0.559766
vt 0.241458 0.510587
vt 0.321041 0.524320
vt 0.116963 0.496661
vt 0.131296 0.557895
vt 0.144407 0.545313
vt 0.040612 0.493957
vt 0.043732 0.560147
vt 0.026563 0.555032
vt 0.014238 0.541999
vt 0.010084 0.524541
vt 0.479664 0.713200
vt 0.485262 0.699160
vt 0.484790 0.671223
vt 0.478717 0.657233
vt 0.464532 0.651630
vt 0.478718 0.802628
vt 0.485262 0.760701
vt 0.479664 0.746661
vt 0.484790 0.788638
vt 0.180716 0.008700
vt 0.147890 0.112629
vt 0.147498 0.008825
vt 0.181108 0.112504
vt 0.178797 0.008725
vt 0.014467 0.718923
vt 0.014467 0.740940
vt 0.010084 0.004687
vt 0.090679 0.406809
vt 0.070276 0.406644
vt 0.149926 0.007743
vt 0.041319 0.640085
vt 0.048123 0.567897
vt 0.048068 0.640090
vt 0.091856 0.640067
vt 0.088455 0.567875
vt 0.095205 0.567872
vt 0.081814 0.640078
vt 0.034570 0.640080
vt 0.041374 0.567892
vt 0.081706 0.567885
vt 0.031332 0.567879
vt 0.074957 0.567895
vt 0.024528 0.640068
vt 0.021290 0.567867
vt 0.068316 0.640098
vt 0.075065 0.640088
vt 0.017778 0.640055
vt 0.112104 0.640045
vt 0.105247 0.567862
vt 0.111996 0.567852
vt 0.061567 0.640100
vt 0.064915 0.567905
vt 0.105355 0.640055
vt 0.011247 0.567842
vt 0.054872 0.567902
vt 0.054817 0.640095
vt 0.098605 0.640065
vt 0.118745 0.567842
vt 0.118853 0.640035
vt 0.203386 0.653880
vt 0.252675 0.674297
vt 0.216271 0.718655
vt 0.247843 0.705742
vt 0.199276 0.710525
vt 0.199276 0.657175
vt 0.375498 0.480017
vt 0.474507 0.468769
vt 0.471095 0.438735
vt 0.371238 0.460154
vt 0.459557 0.422014
vt 0.379579 0.431101
vt 0.432689 0.408165
vt 0.322368 0.650804
vt 0.355257 0.563563
vt 0.524386 0.740938
vt 0.422129 0.807510
vt 0.443938 0.507174
vt 0.203707 0.479271
vt 0.301010 0.479645
vt 0.305221 0.459500
vt 0.199888 0.459461
vt 0.204282 0.437423
vt 0.300863 0.438172
vt 0.223782 0.414267
vt 0.289721 0.421211
vt 0.203053 0.480017
vt 0.302061 0.468769
vt 0.298649 0.438735
vt 0.198792 0.460154
vt 0.287111 0.422014
vt 0.207133 0.431101
vt 0.260243 0.408165
vt 0.149922 0.650804
vt 0.182811 0.563562
vt 0.523845 0.740938
vt 0.421588 0.807510
vt 0.271492 0.507174
vt 0.031261 0.479271
vt 0.128564 0.479645
vt 0.132775 0.459500
vt 0.027442 0.459461
vt 0.031836 0.437423
vt 0.128417 0.438171
vt 0.051336 0.414267
vt 0.117276 0.421211
vt 0.011029 0.640034
vt 0.186631 0.674296
vt 0.192978 0.662422
vt 0.223036 0.649972
vt 0.235920 0.653880
vt 0.246328 0.662422
vt 0.252675 0.694331
vt 0.241545 0.710989
vt 0.229670 0.717336
vt 0.197762 0.710989
vt 0.186631 0.694331
vt 0.211151 0.650828
vt 0.224551 0.649509
vt 0.237435 0.653417
vt 0.247843 0.661959
vt 0.254190 0.673833
vt 0.254190 0.693868
vt 0.237435 0.714284
vt 0.224550 0.718192
vt 0.211151 0.716872
vt 0.190735 0.700117
vt 0.186826 0.687233
vt 0.190735 0.667583
vt 0.566835 0.188397
vt 0.972358 0.174418
vt 0.972430 0.185814
vt 0.565584 0.122015
vt 0.971579 0.102075
vt 0.971813 0.122275
vt 0.565029 0.100217
vt 0.971543 0.080541
vt 0.566762 0.177004
vt 0.972183 0.152884
vt 0.566458 0.155205
vt 0.971945 0.132683
vt 0.971603 0.069150
vt 0.565316 0.045226
vt 0.971864 0.047617
vt 0.566100 0.023436
vt 0.972308 0.027420
vt 0.972549 0.227551
vt 0.566808 0.210198
vt 0.972530 0.207349
vt 0.565899 0.133407
vt 0.566533 0.012048
vt 0.564916 0.067024
vt 0.564857 0.078417
vt 0.566527 0.232001
vt 0.972549 0.017014
vt 0.463198 0.188097
vt 0.370971 0.188097
vt 0.463198 0.172459
vt 0.463198 0.203734
vt 0.370971 0.172460
vt 0.370971 0.203734
vt 0.463198 0.156822
vt 0.463198 0.219372
vt 0.370971 0.156822
vt 0.370971 0.219372
vt 0.463198 0.235009
vt 0.370971 0.235009
vt 0.463198 0.141185
vt 0.370971 0.141185
vt 0.463198 0.250647
vt 0.370971 0.250647
vt 0.463198 0.125547
vt 0.370971 0.125547
vt 0.463198 0.109910
vt 0.463198 0.266284
vt 0.370971 0.109910
vt 0.370971 0.266284
vt 0.463198 0.281921
vt 0.463197 0.094272
vt 0.370971 0.094272
vt 0.370971 0.281921
vt 0.463198 0.078635
vt 0.370971 0.297559
vt 0.370971 0.078635
vt 0.463198 0.297559
vt 0.463197 0.062998
vt 0.370971 0.062998
vt 0.463198 0.313196
vt 0.370971 0.313196
vt 0.463198 0.328834
vt 0.463197 0.047360
vt 0.370971 0.047360
vt 0.370971 0.328834
vt 0.463198 0.344471
vt 0.370971 0.344471
vt 0.463197 0.031723
vt 0.370971 0.547757
vt 0.370971 0.532120
vt 0.463197 0.532120
vt 0.463197 0.516482
vt 0.463198 0.360108
vt 0.370971 0.516482
vt 0.370971 0.360108
vt 0.463197 0.500845
vt 0.463198 0.375746
vt 0.370971 0.375746
vt 0.370971 0.500845
vt 0.463198 0.391383
vt 0.463198 0.485208
vt 0.370971 0.391383
vt 0.370971 0.485208
vt 0.463198 0.407021
vt 0.463198 0.469570
vt 0.370971 0.407021
vt 0.370971 0.469570
vt 0.463198 0.422658
vt 0.463198 0.453933
vt 0.370971 0.453933
vt 0.370971 0.422658
vt 0.463198 0.438295
vt 0.370971 0.438295
vt 0.053261 0.802122
vt 0.035664 0.793556
vt 0.055556 0.793556
vt 0.037959 0.859227
vt 0.018438 0.857847
vt 0.024708 0.851577
vt 0.017057 0.823024
vt 0.008492 0.840620
vt 0.008492 0.820729
vt 0.074163 0.838325
vt 0.072783 0.857847
vt 0.066512 0.851576
vt 0.072783 0.803502
vt 0.066512 0.809773
vt 0.017057 0.838325
vt 0.759651 0.236742
vt 0.751085 0.219145
vt 0.759651 0.221440
vt 0.055556 0.867793
vt 0.053261 0.859227
vt 0.074163 0.823024
vt 0.082729 0.820729
vt 0.024708 0.809773
vt 0.037959 0.802122
vt 0.035664 0.867793
vt 0.082729 0.840620
vt 0.915727 0.083729
vt 0.938390 0.068427
vt 0.938390 0.083729
vt 0.915727 0.114331
vt 0.938390 0.099030
vt 0.938390 0.114331
vt 0.915727 0.144934
vt 0.938390 0.129633
vt 0.938390 0.144934
vt 0.385927 0.944544
vt 0.411633 0.913230
vt 0.411633 0.944544
vt 0.915727 0.175537
vt 0.938390 0.160235
vt 0.938390 0.175537
vt 0.915727 0.206139
vt 0.938390 0.190838
vt 0.938390 0.206139
vt 0.915727 0.236742
vt 0.938390 0.221440
vt 0.938390 0.236742
vt 0.392729 0.626002
vt 0.367023 0.587929
vt 0.392729 0.587929
vt 0.392739 0.626370
vt 0.367033 0.588297
vt 0.392739 0.588297
vt 0.392570 0.626370
vt 0.366864 0.588297
vt 0.392570 0.588297
vt 0.392065 0.586984
vt 0.366359 0.625057
vt 0.366358 0.586984
vt 0.392475 0.625222
vt 0.366769 0.587149
vt 0.392475 0.587149
vt 0.098480 0.984914
vt 0.128781 0.934861
vt 0.131181 0.983294
vt 0.324552 0.774464
vt 0.350258 0.659558
vt 0.350258 0.774464
vt 0.325226 0.775777
vt 0.350932 0.660871
vt 0.350932 0.775777
vt 0.411623 0.944176
vt 0.385917 0.912862
vt 0.411623 0.912862
vt 0.367033 0.731655
vt 0.367033 0.626370
vt 0.385758 0.944544
vt 0.411464 0.913230
vt 0.411464 0.944544
vt 0.385663 0.943396
vt 0.411369 0.912082
vt 0.411369 0.943396
vt 0.350258 0.928233
vt 0.324552 0.887298
vt 0.350258 0.887298
vt 0.325226 0.929546
vt 0.350932 0.888611
vt 0.350932 0.929546
vt 0.308861 0.730507
vt 0.324962 0.659723
vt 0.324962 0.774630
vt 0.203015 0.712239
vt 0.172547 0.742163
vt 0.169824 0.687207
vt 0.206741 0.688296
vt 0.167800 0.646359
vt 0.366769 0.730507
vt 0.392475 0.730507
vt 0.089444 0.802547
vt 0.096080 0.936481
vt 0.173330 0.559910
vt 0.134555 0.601420
vt 0.143669 0.554187
vt 0.137123 0.688827
vt 0.135099 0.647979
vt 0.350668 0.659723
vt 0.366769 0.625222
vt 0.375723 0.796911
vt 0.350668 0.774630
vt 0.375723 0.734902
vt 0.299907 0.796911
vt 0.324962 0.817830
vt 0.367023 0.731287
vt 0.392729 0.731287
vt 0.379575 0.815542
vt 0.405282 0.802674
vt 0.405282 0.815542
vt 0.352735 0.927365
vt 0.327029 0.886430
vt 0.352735 0.886430
vt 0.350668 0.849941
vt 0.350668 0.817830
vt 0.309115 0.731287
vt 0.325216 0.660503
vt 0.325216 0.775409
vt 0.282497 0.890651
vt 0.325216 0.850721
vt 0.325216 0.888243
vt 0.393641 0.890651
vt 0.350922 0.850721
vt 0.393641 0.836793
vt 0.375977 0.797691
vt 0.350922 0.775409
vt 0.375977 0.735682
vt 0.405536 0.816322
vt 0.379829 0.803453
vt 0.405536 0.803453
vt 0.350922 0.660503
vt 0.325216 0.929178
vt 0.350922 0.888243
vt 0.350922 0.929178
vt 0.350922 0.818610
vt 0.379839 0.816690
vt 0.405545 0.803821
vt 0.405545 0.816690
vt 0.325226 0.851088
vt 0.350932 0.818978
vt 0.350932 0.851088
vt 0.375987 0.798059
vt 0.375987 0.736050
vt 0.392739 0.731655
vt 0.366864 0.731655
vt 0.392570 0.731655
vt 0.300171 0.798059
vt 0.325226 0.818978
vt 0.308957 0.731655
vt 0.325057 0.660871
vt 0.325057 0.775777
vt 0.300003 0.798059
vt 0.325057 0.818978
vt 0.350764 0.660871
vt 0.366864 0.626370
vt 0.375818 0.798059
vt 0.350764 0.775777
vt 0.375818 0.736050
vt 0.379671 0.816690
vt 0.405377 0.803821
vt 0.405377 0.816690
vt 0.350764 0.929546
vt 0.325057 0.888611
vt 0.350764 0.888611
vt 0.350764 0.851089
vt 0.350764 0.818978
vt 0.308451 0.730342
vt 0.324552 0.659558
vt 0.299497 0.796746
vt 0.324552 0.817665
vt 0.324552 0.849775
vt 0.350258 0.817665
vt 0.350258 0.849775
vt 0.392065 0.730342
vt 0.392065 0.625057
vt 0.385253 0.943231
vt 0.410959 0.911917
vt 0.410959 0.943231
vt 0.404872 0.815377
vt 0.379166 0.802508
vt 0.404872 0.802508
vt 0.851024 0.083729
vt 0.915727 0.068427
vt 0.052560 0.968036
vt 0.067012 0.952734
vt 0.067012 0.968036
vt 0.851024 0.099030
vt 0.915727 0.099030
vt 0.052560 0.983337
vt 0.067012 0.983337
vt 0.851024 0.114331
vt 0.948007 0.533596
vt 0.557964 0.479113
vt 0.948007 0.479114
vt 0.851024 0.129633
vt 0.915727 0.129633
vt 0.021310 0.952709
vt 0.035762 0.937407
vt 0.035762 0.952709
vt 0.851024 0.144934
vt 0.021310 0.968010
vt 0.035762 0.968010
vt 0.851024 0.160235
vt 0.915727 0.160235
vt 0.021310 0.983311
vt 0.035762 0.983311
vt 0.851024 0.175537
vt 0.488059 0.282086
vt 0.520375 0.063579
vt 0.520375 0.282086
vt 0.915727 0.190838
vt 0.051522 0.897372
vt 0.066823 0.882920
vt 0.066823 0.897372
vt 0.851024 0.206139
vt 0.036221 0.897372
vt 0.051522 0.882920
vt 0.851024 0.221440
vt 0.915727 0.221440
vt 0.020919 0.882920
vt 0.020919 0.897372
vt 0.851024 0.236742
vt 0.589753 0.276734
vt 0.620275 0.058228
vt 0.620275 0.276734
vt 0.851024 0.068427
vt 0.915727 0.053126
vt 0.836572 0.068427
vt 0.851024 0.053126
vt 0.526915 0.058228
vt 0.494599 0.027706
vt 0.526916 0.027706
vt 0.557964 0.309259
vt 0.503482 0.366945
vt 0.503482 0.309259
vt 0.488059 0.033057
vt 0.520375 0.033058
vt 0.557437 0.058228
vt 0.589753 0.058228
vt 0.583213 0.282086
vt 0.613735 0.063579
vt 0.613735 0.282086
vt 0.526915 0.276734
vt 0.494599 0.058228
vt 0.948007 0.421428
vt 0.557964 0.421427
vt 0.557437 0.276734
vt 0.557964 0.366945
vt 0.948007 0.366945
vt 0.948007 0.309259
vt 0.550897 0.063579
vt 0.550897 0.282086
vt 0.583213 0.063579
vt 0.209319 0.591439
vt 0.163364 0.604294
vt 0.379575 0.802674
vt 0.393387 0.889871
vt 0.393387 0.836013
vt 0.296055 0.815542
vt 0.324962 0.849941
vt 0.282243 0.889871
vt 0.324962 0.887463
vt 0.379829 0.816322
vt 0.296309 0.816322
vt 0.325216 0.818610
vt 0.300161 0.797691
vt 0.296319 0.816690
vt 0.282507 0.891019
vt 0.325226 0.888611
vt 0.379839 0.803821
vt 0.393651 0.891019
vt 0.393651 0.837161
vt 0.379671 0.803821
vt 0.393483 0.891019
vt 0.393483 0.837161
vt 0.296150 0.816690
vt 0.325057 0.851089
vt 0.282338 0.891019
vt 0.295645 0.815377
vt 0.281833 0.889706
vt 0.139846 0.743783
vt 0.147088 0.889956
vt 0.759651 0.083729
vt 0.836572 0.083729
vt 0.759651 0.099030
vt 0.836572 0.099030
vt 0.759651 0.114331
vt 0.836572 0.114331
vt 0.759651 0.129633
vt 0.836572 0.129633
vt 0.759651 0.144934
vt 0.836572 0.144934
vt 0.759651 0.160235
vt 0.836572 0.160235
vt 0.759651 0.175536
vt 0.836572 0.175537
vt 0.836572 0.190838
vt 0.759651 0.206139
vt 0.836572 0.206139
vt 0.836572 0.221441
vt 0.836572 0.236742
vt 0.759651 0.068427
vt 0.836573 0.053126
vt 0.904258 0.728522
vt 0.918833 0.703896
vt 0.913384 0.731290
vt 0.674265 0.605589
vt 0.686645 0.579788
vt 0.692694 0.587160
vt 0.894285 0.752601
vt 0.902695 0.757096
vt 0.709869 0.564270
vt 0.714364 0.572680
vt 0.879805 0.774271
vt 0.887177 0.780320
vt 0.735674 0.553581
vt 0.738442 0.562707
vt 0.861377 0.792700
vt 0.867426 0.800071
vt 0.764004 0.557622
vt 0.763069 0.548132
vt 0.714364 0.807179
vt 0.735675 0.826278
vt 0.709869 0.815589
vt 0.839707 0.807179
vt 0.844202 0.815589
vt 0.791001 0.548132
vt 0.790067 0.557622
vt 0.692694 0.792700
vt 0.686645 0.800071
vt 0.815628 0.817153
vt 0.818396 0.826278
vt 0.818396 0.553581
vt 0.815628 0.562706
vt 0.666894 0.780321
vt 0.674265 0.774271
vt 0.790066 0.822237
vt 0.791001 0.831727
vt 0.844202 0.564270
vt 0.839706 0.572680
vt 0.651376 0.757096
vt 0.659786 0.752601
vt 0.764004 0.822237
vt 0.763070 0.831727
vt 0.867426 0.579788
vt 0.861377 0.587160
vt 0.640687 0.731291
vt 0.649812 0.728523
vt 0.738443 0.817153
vt 0.879805 0.605589
vt 0.887177 0.599539
vt 0.635238 0.703896
vt 0.644728 0.702961
vt 0.894285 0.627259
vt 0.902695 0.622764
vt 0.635238 0.675964
vt 0.644728 0.676899
vt 0.904258 0.651337
vt 0.913384 0.648569
vt 0.640687 0.648569
vt 0.649812 0.651337
vt 0.909343 0.676899
vt 0.918833 0.675964
vt 0.651376 0.622764
vt 0.659786 0.627259
vt 0.909343 0.702961
vt 0.666894 0.599539
vt 0.838989 0.809207
vt 0.866361 0.801933
vt 0.843243 0.817380
vt 0.814910 0.819181
vt 0.817556 0.828020
vt 0.790287 0.833444
vt 0.789349 0.824265
vt 0.762483 0.833444
vt 0.763286 0.824265
vt 0.735214 0.828020
vt 0.737725 0.819181
vt 0.709527 0.817380
vt 0.713646 0.809207
vt 0.686409 0.801933
vt 0.691976 0.794728
vt 0.666749 0.782273
vt 0.673547 0.776299
vt 0.651302 0.759155
vt 0.659068 0.754629
vt 0.640662 0.733468
vt 0.649094 0.730550
vt 0.635238 0.706199
vt 0.644010 0.704989
vt 0.635238 0.678395
vt 0.644010 0.678926
vt 0.640662 0.651126
vt 0.649094 0.653365
vt 0.651302 0.625439
vt 0.659068 0.629286
vt 0.666749 0.602321
vt 0.673547 0.607616
vt 0.686409 0.582661
vt 0.691976 0.589188
vt 0.709527 0.567214
vt 0.713646 0.574708
vt 0.735214 0.556574
vt 0.737725 0.564735
vt 0.762483 0.551150
vt 0.763286 0.559650
vt 0.789349 0.559650
vt 0.790287 0.551150
vt 0.814910 0.564735
vt 0.817556 0.556574
vt 0.838989 0.574708
vt 0.843243 0.567214
vt 0.860659 0.589188
vt 0.866361 0.582661
vt 0.879088 0.607616
vt 0.886021 0.602321
vt 0.893567 0.629287
vt 0.901468 0.625439
vt 0.903541 0.653365
vt 0.912108 0.651126
vt 0.908625 0.678927
vt 0.917532 0.678395
vt 0.908625 0.704989
vt 0.917532 0.706199
vt 0.903541 0.730551
vt 0.912108 0.733468
vt 0.893567 0.754629
vt 0.901468 0.759155
vt 0.879087 0.776299
vt 0.886021 0.782273
vt 0.860659 0.794728
vt 0.220160 0.554180
vt 0.099658 0.565221
vt 0.106630 0.529090
vt 0.350668 0.928398
vt 0.385663 0.912082
vt 0.324962 0.928398
vt 0.289967 0.912082
vt 0.195810 0.797276
vt 0.179790 0.888336
vt 0.385917 0.944176
vt 0.290221 0.912862
vt 0.385927 0.913230
vt 0.290231 0.913230
vt 0.385758 0.913230
vt 0.325057 0.929546
vt 0.290063 0.913230
vt 0.324552 0.928233
vt 0.289557 0.911916
vt 0.385253 0.911917
vt 0.077776 0.797520
vt 0.106569 0.717018
vt 0.110477 0.795900
vt 0.419094 0.836013
vt 0.401429 0.734902
vt 0.419347 0.836793
vt 0.401683 0.735682
vt 0.419357 0.891019
vt 0.401693 0.736050
vt 0.419189 0.837161
vt 0.401525 0.798059
vt 0.392977 0.835848
vt 0.418684 0.889706
vt 0.392977 0.889706
vt 0.375313 0.734737
vt 0.401019 0.796746
vt 0.375313 0.796746
vt 0.069997 0.559498
vt 0.076970 0.523366
vt 0.367023 0.626002
vt 0.081512 0.599051
vt 0.082293 0.665881
vt 0.100494 0.693560
vt 0.101305 0.709930
vt 0.122145 0.800926
vt 0.309125 0.731655
vt 0.325226 0.660871
vt 0.050395 0.666254
vt 0.049614 0.599424
vt 0.068604 0.711550
vt 0.379166 0.815377
vt 0.366359 0.730342
vt 0.751085 0.239037
vt 0.018437 0.803502
vt 0.308861 0.625222
vt 0.206923 0.791121
vt 0.207553 0.704666
vt 0.299907 0.734902
vt 0.327029 0.927365
vt 0.309116 0.626002
vt 0.282497 0.836793
vt 0.300171 0.736050
vt 0.308957 0.626370
vt 0.300002 0.736050
vt 0.308451 0.625057
vt 0.299497 0.734737
vt 0.052560 0.952734
vt 0.557964 0.533595
vt 0.021310 0.937407
vt 0.488059 0.063579
vt 0.851024 0.190838
vt 0.036221 0.882920
vt 0.494599 0.276734
vt 0.220160 0.653917
vt 0.350668 0.887463
vt 0.296055 0.802674
vt 0.282243 0.836013
vt 0.296309 0.803453
vt 0.300161 0.735682
vt 0.296319 0.803821
vt 0.282507 0.837160
vt 0.296150 0.803821
vt 0.282338 0.837161
vt 0.295645 0.802508
vt 0.281833 0.835848
vt 0.759651 0.190838
vt 0.759651 0.053126
vt 0.289967 0.943396
vt 0.202446 0.931211
vt 0.290221 0.944176
vt 0.290231 0.944544
vt 0.290063 0.944544
vt 0.289557 0.943231
vt 0.073868 0.718638
vt 0.419094 0.889871
vt 0.401429 0.796911
vt 0.419347 0.890651
vt 0.401683 0.797691
vt 0.419357 0.837161
vt 0.401693 0.798059
vt 0.419189 0.891019
vt 0.401525 0.736050
vt 0.418684 0.835848
vt 0.401019 0.734737
vt 0.309125 0.626370
vt 0.067793 0.695180
vt 0.232807 0.594563
vt 0.240762 0.603562
vt 0.232461 0.601632
vt 0.198973 0.580562
vt 0.209438 0.566528
vt 0.210555 0.575731
vt 0.197826 0.612659
vt 0.207263 0.627403
vt 0.191235 0.619333
vt 0.217574 0.576043
vt 0.210243 0.566457
vt 0.219474 0.566967
vt 0.057949 0.714444
vt 0.046703 0.646475
vt 0.058043 0.646457
vt 0.029269 0.714404
vt 0.040703 0.646467
vt 0.040609 0.714454
vt 0.018631 0.714308
vt 0.029363 0.646417
vt 0.068587 0.714377
vt 0.068682 0.646391
vt 0.096047 0.714255
vt 0.102141 0.646276
vt 0.102047 0.714263
vt 0.084706 0.714272
vt 0.074163 0.646352
vt 0.084801 0.646286
vt 0.013150 0.714255
vt 0.018725 0.646321
vt 0.113481 0.646325
vt 0.113387 0.714312
vt 0.096141 0.646268
vt 0.074068 0.714339
vt 0.046609 0.714462
vt 0.124119 0.646422
vt 0.124025 0.714408
vt 0.228709 0.581829
vt 0.241256 0.593453
vt 0.235398 0.575242
vt 0.227141 0.613906
vt 0.216500 0.627796
vt 0.215494 0.618578
vt 0.185140 0.601200
vt 0.193564 0.599979
vt 0.193817 0.592905
vt 0.185502 0.591086
vt 0.192875 0.573434
vt 0.209034 0.618303
vt 0.233155 0.621113
vt 0.211118 0.575686
vt 0.013244 0.646268
vt 0.210617 0.819606
vt 0.118606 0.996451
vt 0.118606 0.819606
vt 0.316598 0.638264
vt 0.295815 0.658845
vt 0.291751 0.641371
vt 0.062210 0.819606
vt 0.006945 0.996451
vt 0.006945 0.819605
vt 0.267978 0.641369
vt 0.273802 0.643137
vt 0.315475 0.638254
vt 0.285919 0.643221
vt 0.291742 0.641452
vt 0.243029 0.638456
vt 0.243338 0.586724
vt 0.249404 0.606719
vt 0.523274 0.996451
vt 0.495075 0.819605
vt 0.523274 0.819605
vt 0.495075 0.996451
vt 0.466877 0.819605
vt 0.090408 0.996451
vt 0.062210 0.996451
vt 0.090408 0.819606
vt 0.323961 0.819606
vt 0.261522 0.996451
vt 0.261522 0.819606
vt 0.244234 0.638171
vt 0.244241 0.586658
vt 0.249416 0.606634
vt 0.250272 0.652759
vt 0.262611 0.638499
vt 0.264856 0.658808
vt 0.254048 0.629934
vt 0.257908 0.634638
vt 0.349414 0.996451
vt 0.323961 0.996451
vt 0.349414 0.819605
vt 0.374867 0.996451
vt 0.236070 0.996451
vt 0.210617 0.996451
vt 0.236069 0.819606
vt 0.466877 0.996451
vt 0.294873 0.658884
vt 0.267968 0.641461
vt 0.273800 0.643230
vt 0.309443 0.652836
vt 0.262585 0.638580
vt 0.263919 0.658955
vt 0.249275 0.653010
vt 0.253970 0.629908
vt 0.257859 0.634689
vt 0.248790 0.573597
vt 0.267994 0.584120
vt 0.262630 0.586983
vt 0.257926 0.590834
vt 0.310013 0.573608
vt 0.308528 0.600913
vt 0.305660 0.595550
vt 0.316413 0.586632
vt 0.310337 0.618753
vt 0.310925 0.612692
vt 0.291735 0.584013
vt 0.310960 0.573486
vt 0.297807 0.568042
vt 0.262615 0.586884
vt 0.249695 0.573494
vt 0.262859 0.568042
vt 0.273803 0.582250
vt 0.267981 0.584016
vt 0.257911 0.590744
vt 0.297127 0.638494
vt 0.301533 0.634870
vt 0.310444 0.652850
vt 0.285921 0.643141
vt 0.279861 0.643735
vt 0.297106 0.638584
vt 0.301808 0.634724
vt 0.250949 0.624158
vt 0.251132 0.624484
vt 0.254062 0.595528
vt 0.251184 0.600892
vt 0.249389 0.618838
vt 0.248796 0.612795
vt 0.251180 0.624567
vt 0.254051 0.595447
vt 0.251183 0.600812
vt 0.249414 0.618744
vt 0.248819 0.612689
vt 0.374867 0.819605
vt 0.279861 0.643821
vt 0.261929 0.568160
vt 0.273814 0.582357
vt 0.296856 0.568160
vt 0.315465 0.586765
vt 0.305666 0.630021
vt 0.308532 0.624657
vt 0.279865 0.581764
vt 0.310296 0.618837
vt 0.310891 0.612784
vt 0.285917 0.582360
vt 0.291737 0.584125
vt 0.310294 0.606732
vt 0.297100 0.586992
vt 0.301801 0.590850
vt 0.297102 0.586875
vt 0.301886 0.634594
vt 0.305612 0.630063
vt 0.301807 0.590729
vt 0.305671 0.595429
vt 0.308548 0.624621
vt 0.308545 0.600796
vt 0.310320 0.606625
vt 0.285913 0.582248
vt 0.279858 0.581653
vt 0.228492 0.766132
vt 0.243272 0.773513
vt 0.228492 0.773513
vt 0.956618 0.068427
vt 0.956618 0.083729
vt 0.956618 0.099030
vt 0.956618 0.114331
vt 0.956618 0.129633
vt 0.956618 0.144934
vt 0.956618 0.160235
vt 0.956618 0.175537
vt 0.956618 0.190838
vt 0.956618 0.206139
vt 0.956618 0.221440
vt 0.956618 0.236742
vt 0.956618 0.053126
vt 0.256616 0.587695
vt 0.249486 0.570483
vt 0.260306 0.581303
vt 0.262738 0.562833
vt 0.266698 0.577613
vt 0.278039 0.562833
vt 0.274079 0.577613
vt 0.280471 0.581303
vt 0.291290 0.570483
vt 0.298941 0.583735
vt 0.284161 0.587695
vt 0.284161 0.595076
vt 0.298941 0.599036
vt 0.291290 0.612287
vt 0.280471 0.601468
vt 0.274079 0.605158
vt 0.278039 0.619938
vt 0.262738 0.619938
vt 0.266698 0.605158
vt 0.249486 0.612287
vt 0.260306 0.601468
vt 0.241836 0.599036
vt 0.256616 0.595076
vt 0.241836 0.583735
vt 0.150003 0.911632
vt 0.173858 0.918024
vt 0.156395 0.935487
vt 0.228492 0.788274
vt 0.243272 0.795655
vt 0.228492 0.795655
vt 0.228492 0.736609
vt 0.243272 0.743989
vt 0.228492 0.743989
vt 0.228492 0.721847
vt 0.243272 0.729228
vt 0.228492 0.729228
vt 0.228492 0.758751
vt 0.243272 0.766132
vt 0.243272 0.780893
vt 0.243272 0.788274
vt 0.243272 0.736609
vt 0.228492 0.803036
vt 0.243272 0.810416
vt 0.228492 0.810416
vt 0.228492 0.751370
vt 0.243272 0.758751
vt 0.228492 0.780893
vt 0.243272 0.803036
vt 0.243272 0.751370
vt 0.709475 0.020228
vt 0.751086 0.000337
vt 0.751086 0.020228
vt 0.709475 0.239037
vt 0.709475 0.219145
vt 0.751085 0.199254
vt 0.709475 0.199253
vt 0.751085 0.179362
vt 0.709475 0.159470
vt 0.751085 0.159470
vt 0.751085 0.139578
vt 0.709475 0.139578
vt 0.751085 0.119687
vt 0.709475 0.119687
vt 0.751085 0.099795
vt 0.709475 0.099795
vt 0.751085 0.079903
vt 0.709475 0.079903
vt 0.751085 0.060012
vt 0.662410 0.266209
vt 0.645184 0.201918
vt 0.709475 0.060012
vt 0.751085 0.040120
vt 0.709475 0.040120
vt 0.938390 0.053126
vt 0.150003 0.931796
vt 0.146312 0.925404
vt 0.146312 0.918024
vt 0.156395 0.907941
vt 0.163775 0.907941
vt 0.170167 0.911632
vt 0.173858 0.925404
vt 0.170167 0.931796
vt 0.163775 0.935487
vt 0.243272 0.721847
vt 0.709475 0.000336
vt 0.709475 0.179362
vt 0.699529 0.256264
vt 0.682302 0.266209
vt 0.645184 0.256264
vt 0.635238 0.239037
vt 0.635238 0.219145
vt 0.662410 0.191973
vt 0.682302 0.191973
vt 0.699529 0.201918
vt 0.049333 0.393103
vt 0.056719 0.367919
vt 0.057243 0.393467
vt 0.049014 0.367742
vt 0.058216 0.341468
vt 0.050214 0.341489
vt 0.056363 0.315434
vt 0.048549 0.315527
vt 0.056812 0.288256
vt 0.048704 0.288517
vt 0.053956 0.261559
vt 0.046032 0.261886
vt 0.053463 0.233539
vt 0.045241 0.234071
vt 0.049528 0.206077
vt 0.041484 0.206725
vt 0.047846 0.177070
vt 0.039481 0.178037
vt 0.042244 0.148682
vt 0.034042 0.149940
vt 0.038224 0.118329
vt 0.029619 0.120286
vt 0.028899 0.088586
vt 0.020130 0.091446
vt 0.018582 0.057989
vt 0.180339 0.484432
vt 0.200389 0.463003
vt 0.186607 0.488547
vt 0.199605 0.432092
vt 0.192339 0.459952
vt 0.206428 0.405494
vt 0.207244 0.434157
vt 0.209195 0.377809
vt 0.214289 0.406953
vt 0.213208 0.351192
vt 0.216807 0.378743
vt 0.214126 0.323709
vt 0.221057 0.351885
vt 0.216784 0.297118
vt 0.221776 0.324113
vt 0.216582 0.269747
vt 0.224696 0.297386
vt 0.218218 0.243158
vt 0.224315 0.269797
vt 0.216997 0.215890
vt 0.226228 0.243098
vt 0.217544 0.189326
vt 0.224825 0.215629
vt 0.215034 0.162241
vt 0.225652 0.188924
vt 0.213874 0.135800
vt 0.222937 0.161574
vt 0.208829 0.109207
vt 0.222050 0.134794
vt 0.203469 0.083531
vt 0.216702 0.107579
vt 0.191969 0.059762
vt 0.211380 0.080836
vt 0.038478 0.467473
vt 0.033685 0.493445
vt 0.026911 0.489005
vt 0.051199 0.444065
vt 0.046291 0.470494
vt 0.044019 0.442955
vt 0.053886 0.419402
vt 0.046359 0.418638
vt 0.167973 0.137966
vt 0.160215 0.105757
vt 0.169987 0.106548
vt 0.340828 0.188084
vt 0.330506 0.216454
vt 0.331876 0.187947
vt 0.169529 0.167784
vt 0.158204 0.137724
vt 0.339704 0.216743
vt 0.331817 0.245671
vt 0.168727 0.198273
vt 0.160191 0.167626
vt 0.340723 0.245998
vt 0.329767 0.274029
vt 0.170397 0.227292
vt 0.159283 0.198221
vt 0.338930 0.274543
vt 0.330324 0.303213
vt 0.169276 0.256968
vt 0.161321 0.227102
vt 0.339206 0.303762
vt 0.327577 0.331501
vt 0.165183 0.423701
vt 0.158650 0.395956
vt 0.167011 0.396460
vt 0.170358 0.285248
vt 0.160090 0.256773
vt 0.336719 0.332214
vt 0.327561 0.360707
vt 0.167260 0.449749
vt 0.156610 0.423578
vt 0.168619 0.314106
vt 0.161530 0.284878
vt 0.333693 0.389740
vt 0.336426 0.361379
vt 0.172467 0.476584
vt 0.158775 0.450670
vt 0.169061 0.341645
vt 0.159683 0.313716
vt 0.333784 0.418815
vt 0.324539 0.389054
vt 0.179868 0.501131
vt 0.164290 0.478478
vt 0.166835 0.369685
vt 0.160476 0.341108
vt 0.332774 0.447174
vt 0.324877 0.418477
vt 0.345704 0.039273
vt 0.332481 0.068820
vt 0.335382 0.037141
vt 0.158135 0.369184
vt 0.337202 0.475910
vt 0.323464 0.447492
vt 0.342453 0.069975
vt 0.329673 0.099297
vt 0.345704 0.502226
vt 0.328339 0.477886
vt 0.339303 0.099868
vt 0.331184 0.129587
vt 0.171549 0.075379
vt 0.169558 0.040345
vt 0.179868 0.044214
vt 0.340279 0.129776
vt 0.329987 0.158530
vt 0.160811 0.073588
vt 0.339275 0.158705
vt 0.122208 0.205692
vt 0.123136 0.223048
vt 0.124394 0.319278
vt 0.124473 0.335667
vt 0.094039 0.345321
vt 0.091575 0.336125
vt 0.124016 0.263348
vt 0.124518 0.280135
vt 0.090791 0.373249
vt 0.063041 0.365019
vt 0.093187 0.364097
vt 0.063050 0.344329
vt 0.025431 0.058675
vt 0.034882 0.082805
vt 0.124579 0.492912
vt 0.085944 0.477883
vt 0.120880 0.479912
vt 0.153167 0.366055
vt 0.153654 0.344209
vt 0.284971 0.491514
vt 0.338011 0.505703
vt 0.287163 0.521942
vt 0.116481 0.077424
vt 0.117514 0.099246
vt 0.119269 0.145264
vt 0.120497 0.163674
vt 0.093423 0.310040
vt 0.121824 0.309192
vt 0.080586 0.488869
vt 0.051830 0.469042
vt 0.288529 0.380899
vt 0.289873 0.363722
vt 0.284891 0.441480
vt 0.286154 0.422659
vt 0.091310 0.319398
vt 0.062713 0.312212
vt 0.044384 0.120545
vt 0.048767 0.144216
vt 0.293958 0.267009
vt 0.294468 0.250204
vt 0.291912 0.323620
vt 0.292899 0.306779
vt 0.122046 0.446629
vt 0.088026 0.455485
vt 0.086741 0.445265
vt 0.154532 0.310599
vt 0.154589 0.288215
vt 0.091636 0.235013
vt 0.088395 0.225482
vt 0.056788 0.448240
vt 0.127463 0.519765
vt 0.290543 0.092519
vt 0.289969 0.072326
vt 0.293109 0.153048
vt 0.292641 0.135540
vt 0.294368 0.210380
vt 0.294372 0.193449
vt 0.123454 0.374054
vt 0.123234 0.390341
vt 0.058784 0.236201
vt 0.121990 0.429225
vt 0.053480 0.179609
vt 0.056025 0.202191
vt 0.250092 0.064169
vt 0.286956 0.059755
vt 0.154724 0.253691
vt 0.154260 0.230697
vt 0.087978 0.427577
vt 0.088710 0.197639
vt 0.119002 0.195084
vt 0.249599 0.076052
vt 0.215524 0.076103
vt 0.090475 0.389861
vt 0.260283 0.193386
vt 0.260363 0.210602
vt 0.257423 0.136875
vt 0.258379 0.154564
vt 0.252556 0.095964
vt 0.073669 0.514976
vt 0.087042 0.207742
vt 0.060377 0.258030
vt 0.290913 0.015179
vt 0.242449 0.037870
vt 0.233582 0.024876
vt 0.153709 0.195132
vt 0.152942 0.171416
vt 0.151679 0.420572
vt 0.206209 0.055415
vt 0.198494 0.055508
vt 0.151994 0.398978
vt 0.120788 0.400249
vt 0.061882 0.291009
vt 0.259016 0.304525
vt 0.257893 0.321723
vt 0.260625 0.248994
vt 0.260078 0.266126
vt 0.259234 0.126821
vt 0.289845 0.124798
vt 0.152470 0.134410
vt 0.152454 0.109459
vt 0.226673 0.131285
vt 0.249583 0.418440
vt 0.246670 0.437584
vt 0.255515 0.360497
vt 0.253752 0.378056
vt 0.156992 0.476279
vt 0.256458 0.106076
vt 0.154813 0.069077
vt 0.160326 0.042484
vt 0.084004 0.167127
vt 0.081912 0.148324
vt 0.076492 0.104098
vt 0.072573 0.082226
vt 0.228403 0.513091
vt 0.237048 0.485294
vt 0.154006 0.454103
vt 0.119490 0.457566
vt 0.223724 0.109676
vt 0.325461 0.064592
vt 0.262623 0.183804
vt 0.291940 0.183036
vt 0.320481 0.475142
vt 0.318195 0.450976
vt 0.328964 0.039509
vt 0.286007 0.032051
vt 0.230527 0.185808
vt 0.324007 0.126238
vt 0.261221 0.164157
vt 0.319072 0.391933
vt 0.090849 0.281573
vt 0.090055 0.264429
vt 0.324113 0.102592
vt 0.288101 0.104167
vt 0.229639 0.164336
vt 0.122432 0.290433
vt 0.121263 0.233731
vt 0.121125 0.253054
vt 0.118734 0.174918
vt 0.115433 0.111831
vt 0.115812 0.133974
vt 0.114624 0.033729
vt 0.113107 0.063815
vt 0.281567 0.453098
vt 0.281768 0.477292
vt 0.284511 0.411384
vt 0.285166 0.391303
vt 0.322123 0.334359
vt 0.288321 0.353069
vt 0.288744 0.333824
vt 0.324378 0.277004
vt 0.291124 0.296305
vt 0.291055 0.277240
vt 0.325185 0.219577
vt 0.292381 0.239804
vt 0.291744 0.220726
vt 0.324675 0.161791
vt 0.290718 0.163688
vt 0.119608 0.418936
vt 0.122168 0.345666
vt 0.121138 0.364064
vt 0.061812 0.396549
vt 0.090939 0.418227
vt 0.060365 0.416966
vt 0.092547 0.399152
vt 0.262736 0.220137
vt 0.231244 0.240199
vt 0.231384 0.218722
vt 0.263338 0.239578
vt 0.262125 0.275717
vt 0.229832 0.294663
vt 0.230768 0.273137
vt 0.262067 0.295184
vt 0.259650 0.331438
vt 0.226341 0.349346
vt 0.228128 0.327705
vt 0.258942 0.351124
vt 0.255193 0.388103
vt 0.219866 0.404702
vt 0.223033 0.382717
vt 0.253669 0.408668
vt 0.213167 0.439072
vt 0.243700 0.473532
vt 0.206531 0.461756
vt 0.247497 0.448884
vt 0.072950 0.069125
vt 0.066559 0.039417
vt 0.083272 0.137458
vt 0.081278 0.114892
vt 0.087754 0.177017
vt 0.091945 0.254751
vt 0.093689 0.290894
vt 0.056664 0.025195
vt 0.119881 0.015179
vt 0.317968 0.414800
vt 0.320769 0.356954
vt 0.323472 0.299592
vt 0.324868 0.242232
vt 0.324821 0.184658
vt 0.009813 0.061933
vt 0.172648 0.504207
s 1
usemtl SpacialRoverExploreralumWhite
f 109/1/1 111/2/1 37/3/1
f 26/4/2 122/5/2 124/6/2
f 35/7/2 36/8/2 119/9/2
f 34/10/3 37/11/4 29/12/4
f 30/13/5 197/14/6 196/15/5
f 32/16/6 38/17/7 197/14/6
f 38/17/8 29/12/4 37/11/4
f 157/18/9 35/19/10 33/20/9
f 41/21/10 36/22/11 35/19/10
f 40/23/12 34/10/3 36/22/12
f 26/24/13 152/25/14 28/26/13
f 144/27/15 153/28/16 146/29/16
f 28/26/1 201/30/1 150/31/1
f 27/32/17 143/33/18 25/34/17
f 25/35/2 200/36/2 147/37/2
f 150/38/18 145/39/19 143/33/18
f 151/40/20 144/27/15 145/39/20
f 153/28/16 148/41/21 146/29/16
f 154/42/22 147/37/14 148/41/22
f 125/43/2 29/44/2 31/45/2
f 31/45/2 32/46/2 125/43/2
f 30/13/2 125/43/2 32/46/2
f 34/47/2 125/43/2 121/48/2
f 119/9/2 33/49/2 35/7/2
f 119/9/2 36/8/2 34/47/2
f 37/3/1 115/50/1 38/51/1
f 38/51/1 115/50/1 197/52/1
f 194/53/1 39/54/1 40/55/1
f 41/56/1 157/57/1 194/53/1
f 40/55/1 41/56/1 194/53/1
f 115/50/1 196/15/1 197/52/1
f 147/37/2 200/36/2 148/58/2
f 148/58/2 200/36/2 146/59/2
f 146/59/2 200/36/2 144/60/2
f 145/61/2 200/36/2 143/62/2
f 144/60/2 200/36/2 145/61/2
f 150/31/1 201/30/1 151/63/1
f 153/64/1 201/30/1 154/65/1
f 154/65/1 201/30/1 152/25/1
f 151/63/1 201/30/1 149/66/1
f 149/66/1 201/30/1 153/64/1
f 25/67/23 130/68/24 27/69/23
f 26/4/2 129/70/2 25/71/2
f 129/70/24 196/15/5 130/68/24
f 33/72/9 28/26/25 157/73/9
f 28/74/1 112/75/1 110/76/1
f 130/68/1 28/74/1 27/77/1
f 220/78/1 222/79/1 214/80/1
f 203/81/2 233/82/2 235/83/2
f 212/84/2 213/85/2 230/86/2
f 211/87/3 214/88/4 206/89/4
f 207/90/5 260/91/6 259/92/5
f 209/93/6 215/94/7 260/91/6
f 215/94/8 206/89/4 214/88/4
f 256/95/9 212/96/10 210/97/9
f 218/98/10 213/99/11 212/96/10
f 217/100/12 211/87/3 213/99/12
f 203/101/13 251/102/14 205/103/13
f 243/104/15 252/105/16 245/106/16
f 205/103/1 264/107/1 249/108/1
f 204/109/17 242/110/18 202/111/17
f 202/112/2 263/113/2 246/114/2
f 249/115/18 244/116/19 242/110/18
f 250/117/20 243/104/15 244/116/20
f 252/105/16 247/118/21 245/106/16
f 253/119/22 246/114/14 247/118/22
f 236/120/2 206/121/2 208/122/2
f 208/122/2 209/123/2 236/120/2
f 207/90/2 236/120/2 209/123/2
f 211/124/2 236/120/2 232/125/2
f 230/86/2 210/126/2 212/84/2
f 230/86/2 213/85/2 211/124/2
f 214/80/1 226/127/1 215/128/1
f 215/128/1 226/127/1 260/129/1
f 257/130/1 216/131/1 217/132/1
f 218/133/1 256/134/1 257/130/1
f 217/132/1 218/133/1 257/130/1
f 226/127/1 259/92/1 260/129/1
f 246/114/2 263/113/2 247/135/2
f 247/135/2 263/113/2 245/136/2
f 245/136/2 263/113/2 243/137/2
f 244/138/2 263/113/2 242/139/2
f 243/137/2 263/113/2 244/138/2
f 249/108/1 264/107/1 250/140/1
f 252/141/1 264/107/1 253/142/1
f 253/142/1 264/107/1 251/102/1
f 250/140/1 264/107/1 248/143/1
f 248/143/1 264/107/1 252/141/1
f 202/144/23 241/145/24 204/146/23
f 203/81/2 240/147/2 202/148/2
f 240/147/24 259/92/5 241/145/24
f 210/149/9 205/103/25 256/150/9
f 205/151/1 223/152/1 221/153/1
f 241/145/1 205/151/1 204/154/1
f 275/155/26 288/156/27 274/157/27
f 268/158/28 283/159/29 282/160/30
f 268/158/28 269/161/31 283/159/29
f 275/155/26 276/162/32 289/163/33
f 269/161/31 284/164/34 283/159/29
f 276/162/32 290/165/35 289/163/33
f 269/161/31 285/166/36 284/164/34
f 276/162/32 277/167/37 290/165/35
f 277/167/37 291/168/38 290/165/35
f 271/169/39 285/166/36 270/170/40
f 277/167/37 278/171/41 291/168/38
f 265/172/15 281/173/42 280/174/15
f 271/169/39 272/175/43 286/176/44
f 265/172/15 266/177/45 281/173/42
f 278/171/41 292/178/46 291/168/38
f 272/175/43 287/179/47 286/176/44
f 272/175/43 273/180/48 287/179/47
f 267/181/49 281/173/42 266/177/45
f 265/172/15 292/182/46 279/183/50
f 274/157/27 287/179/47 273/180/48
f 267/181/49 268/158/28 282/160/30
f 281/184/1 285/185/1 289/186/1
f 275/187/2 271/188/2 267/189/2
f 37/3/1 39/54/1 194/53/1
f 37/3/1 194/53/1 109/1/1
f 111/2/1 115/50/1 37/3/1
f 126/190/2 125/43/2 30/13/2
f 33/49/2 119/9/2 116/191/2
f 33/49/2 116/191/2 117/192/2
f 127/193/2 126/190/2 30/13/2
f 127/193/2 30/13/2 129/70/2
f 26/4/2 33/49/2 117/192/2
f 26/4/2 117/192/2 118/194/2
f 127/193/2 129/70/2 26/4/2
f 128/195/2 127/193/2 26/4/2
f 26/4/2 118/194/2 123/196/2
f 26/4/2 123/196/2 122/5/2
f 124/6/2 128/195/2 26/4/2
f 34/10/3 39/197/3 37/11/4
f 30/13/5 32/16/6 197/14/6
f 32/16/6 31/198/7 38/17/7
f 38/17/8 31/198/8 29/12/4
f 157/18/9 41/21/10 35/19/10
f 41/21/10 40/23/11 36/22/11
f 40/23/12 39/197/3 34/10/3
f 26/24/13 147/37/14 152/25/14
f 144/27/15 149/199/15 153/28/16
f 150/31/1 27/200/1 28/26/1
f 28/26/1 152/25/1 201/30/1
f 27/32/17 150/38/18 143/33/18
f 147/37/2 26/24/2 25/35/2
f 25/35/2 143/62/2 200/36/2
f 150/38/18 151/40/19 145/39/19
f 151/40/20 149/199/15 144/27/15
f 153/28/16 154/42/21 148/41/21
f 154/42/22 152/25/14 147/37/14
f 120/201/2 119/9/2 34/47/2
f 34/47/2 29/44/2 125/43/2
f 121/48/2 120/201/2 34/47/2
f 25/67/23 129/70/24 130/68/24
f 129/70/24 30/13/5 196/15/5
f 33/72/9 26/24/25 28/26/25
f 156/202/1 194/53/1 157/57/1
f 196/15/1 115/50/1 113/203/1
f 196/15/1 113/203/1 199/204/1
f 198/205/1 156/202/1 157/57/1
f 108/206/1 198/205/1 157/57/1
f 130/68/1 196/15/1 199/204/1
f 130/68/1 199/204/1 114/207/1
f 108/206/1 157/57/1 28/74/1
f 155/208/1 108/206/1 28/74/1
f 28/74/1 130/68/1 114/207/1
f 28/74/1 114/207/1 195/209/1
f 110/76/1 155/208/1 28/74/1
f 28/74/1 195/209/1 112/75/1
f 214/80/1 216/131/1 257/130/1
f 214/80/1 257/130/1 220/78/1
f 222/79/1 226/127/1 214/80/1
f 237/210/2 236/120/2 207/90/2
f 210/126/2 230/86/2 227/211/2
f 210/126/2 227/211/2 228/212/2
f 238/213/2 237/210/2 207/90/2
f 238/213/2 207/90/2 240/147/2
f 203/81/2 210/126/2 228/212/2
f 203/81/2 228/212/2 229/214/2
f 238/213/2 240/147/2 203/81/2
f 239/215/2 238/213/2 203/81/2
f 203/81/2 229/214/2 234/216/2
f 203/81/2 234/216/2 233/82/2
f 235/83/2 239/215/2 203/81/2
f 211/87/3 216/217/3 214/88/4
f 207/90/5 209/93/6 260/91/6
f 209/93/6 208/218/7 215/94/7
f 215/94/8 208/218/8 206/89/4
f 256/95/9 218/98/10 212/96/10
f 218/98/10 217/100/11 213/99/11
f 217/100/12 216/217/3 211/87/3
f 203/101/13 246/114/14 251/102/14
f 243/104/15 248/219/15 252/105/16
f 249/108/1 204/220/1 205/103/1
f 205/103/1 251/102/1 264/107/1
f 204/109/17 249/115/18 242/110/18
f 246/114/2 203/101/2 202/112/2
f 202/112/2 242/139/2 263/113/2
f 249/115/18 250/117/19 244/116/19
f 250/117/20 248/219/15 243/104/15
f 252/105/16 253/119/21 247/118/21
f 253/119/22 251/102/14 246/114/14
f 231/221/2 230/86/2 211/124/2
f 211/124/2 206/121/2 236/120/2
f 232/125/2 231/221/2 211/124/2
f 202/144/23 240/147/24 241/145/24
f 240/147/24 207/90/5 259/92/5
f 210/149/9 203/101/25 205/103/25
f 255/222/1 257/130/1 256/134/1
f 259/92/1 226/127/1 224/223/1
f 259/92/1 224/223/1 262/224/1
f 261/225/1 255/222/1 256/134/1
f 219/226/1 261/225/1 256/134/1
f 241/145/1 259/92/1 262/224/1
f 241/145/1 262/224/1 225/227/1
f 219/226/1 256/134/1 205/151/1
f 254/228/1 219/226/1 205/151/1
f 205/151/1 241/145/1 225/227/1
f 205/151/1 225/227/1 258/229/1
f 221/153/1 254/228/1 205/151/1
f 205/151/1 258/229/1 223/152/1
f 275/155/26 289/163/33 288/156/27
f 269/161/31 270/170/40 285/166/36
f 271/169/39 286/176/44 285/166/36
f 278/171/41 279/230/50 292/178/46
f 267/181/49 282/160/30 281/173/42
f 265/172/15 280/174/15 292/182/46
f 274/157/27 288/156/27 287/179/47
f 292/231/1 280/232/1 281/184/1
f 281/184/1 282/233/1 283/234/1
f 283/234/1 284/235/1 285/185/1
f 285/185/1 286/236/1 287/237/1
f 287/237/1 288/238/1 289/186/1
f 289/186/1 290/239/1 291/240/1
f 291/240/1 292/231/1 281/184/1
f 281/184/1 283/234/1 285/185/1
f 285/185/1 287/237/1 289/186/1
f 289/186/1 291/240/1 281/184/1
f 266/241/2 265/242/2 279/243/2
f 279/243/2 278/244/2 277/245/2
f 277/245/2 276/246/2 275/187/2
f 275/187/2 274/247/2 273/248/2
f 273/248/2 272/249/2 271/188/2
f 271/188/2 270/250/2 269/251/2
f 269/251/2 268/252/2 267/189/2
f 267/189/2 266/241/2 279/243/2
f 279/243/2 277/245/2 275/187/2
f 275/187/2 273/248/2 271/188/2
f 271/188/2 269/251/2 267/189/2
f 267/189/2 279/243/2 275/187/2
usemtl SpacialRoverExploreralumGray
f 10/253/51 140/254/52 139/255/53
f 2/256/54 137/257/55 131/258/56
f 3/259/57 134/260/58 137/257/59
f 5/261/60 135/262/61 140/254/52
f 6/263/62 132/264/63 135/262/64
f 138/265/65 9/266/66 133/267/67
f 133/267/68 7/268/69 141/269/70
f 136/270/71 12/271/72 142/272/73
f 142/272/74 10/253/51 139/255/53
f 4/273/75 131/258/56 132/264/63
f 11/274/76 141/269/70 7/268/69
f 8/275/77 134/260/58 1/276/78
f 10/253/51 5/261/60 140/254/52
f 2/256/54 3/259/79 137/257/55
f 3/259/57 1/276/78 134/260/58
f 5/261/60 6/263/80 135/262/61
f 6/263/62 4/273/75 132/264/63
f 138/265/81 8/275/77 9/266/82
f 133/267/68 9/266/83 7/268/69
f 136/270/84 11/277/76 12/271/85
f 142/272/74 12/271/86 10/253/51
f 4/273/75 2/256/54 131/258/56
f 11/274/76 136/278/84 141/269/70
f 8/275/77 138/265/81 134/260/58
f 349/279/87 317/280/87 348/281/88
f 317/280/87 349/279/87 350/282/89
f 317/280/87 316/283/88 348/281/88
f 350/282/89 318/284/89 317/280/87
f 316/283/88 347/285/34 348/281/88
f 350/282/89 351/286/90 318/284/89
f 316/283/88 315/287/34 347/285/34
f 351/286/90 319/288/90 318/284/89
f 351/286/90 352/289/91 319/288/90
f 352/289/91 320/290/91 319/288/90
f 315/287/34 346/291/92 347/285/34
f 346/291/92 315/287/34 314/292/92
f 352/289/91 353/293/93 320/290/91
f 353/293/93 321/294/93 320/290/91
f 346/291/92 314/292/92 345/295/40
f 314/292/92 313/296/40 345/295/40
f 313/296/40 344/297/94 345/295/40
f 353/293/93 354/298/45 321/294/93
f 313/296/40 312/299/94 344/297/94
f 354/298/45 322/300/45 321/294/93
f 354/298/45 355/301/95 322/300/45
f 344/297/94 312/299/94 343/302/96
f 312/299/94 311/303/96 343/302/96
f 322/300/45 355/301/95 323/304/95
f 311/303/96 342/305/97 343/302/96
f 323/304/95 355/301/95 324/306/15
f 311/303/96 310/307/97 342/305/97
f 324/306/15 355/301/95 356/308/15
f 310/307/97 341/309/98 342/305/97
f 341/309/98 310/307/97 309/310/98
f 324/306/15 356/308/15 325/311/99
f 325/311/99 293/312/99 324/306/15
f 325/311/99 326/313/50 293/312/99
f 341/309/98 309/310/98 340/314/100
f 340/314/100 309/310/98 308/315/100
f 293/312/99 326/313/50 294/316/50
f 294/316/50 326/313/50 327/317/101
f 294/316/50 327/317/101 295/318/101
f 340/314/100 308/315/100 339/319/48
f 308/320/100 307/321/48 339/322/48
f 307/321/48 338/323/102 339/322/48
f 295/318/101 327/317/101 328/324/103
f 307/321/48 306/325/102 338/323/102
f 295/318/101 328/324/103 296/326/103
f 338/323/102 306/325/102 337/327/27
f 296/326/103 328/324/103 329/328/104
f 296/326/103 329/328/104 297/329/104
f 337/327/27 306/325/102 305/330/27
f 297/329/104 329/328/104 330/331/105
f 337/327/27 305/330/27 336/332/106
f 297/329/104 330/331/105 298/333/105
f 336/332/106 305/330/27 304/334/106
f 298/333/105 330/331/105 331/335/107
f 336/332/106 304/334/106 335/336/26
f 298/333/105 331/335/107 299/337/107
f 335/336/26 304/334/106 303/338/26
f 299/337/107 331/335/107 332/339/108
f 335/336/26 303/338/26 334/340/109
f 334/340/109 303/338/26 302/341/109
f 299/337/107 332/339/108 300/342/108
f 334/340/109 302/341/109 333/343/110
f 300/342/108 332/339/108 333/343/110
f 333/343/110 302/341/109 301/344/110
f 300/342/108 333/343/110 301/344/110
f 785/345/111 808/346/112 809/347/111
f 791/348/113 816/349/114 792/350/114
f 782/351/115 795/352/116 806/353/115
f 788/354/117 813/355/118 789/356/118
f 785/345/111 810/357/119 786/358/119
f 781/359/116 816/349/114 795/352/116
f 782/360/115 807/361/120 783/362/120
f 789/356/118 814/363/121 790/364/121
f 787/365/122 810/357/119 811/366/122
f 783/367/120 808/346/112 784/368/112
f 790/364/121 815/369/113 791/348/113
f 787/365/122 812/370/117 788/354/117
f 455/371/123 433/372/124 456/373/123
f 451/374/125 454/375/126 452/376/125
f 447/377/127 450/378/128 448/379/127
f 451/380/129 911/381/130 449/382/129
f 443/383/131 446/384/132 444/385/131
f 439/386/133 442/387/134 440/388/133
f 435/389/135 438/390/136 436/391/135
f 477/392/27 480/393/137 478/394/137
f 473/395/138 476/396/139 474/397/139
f 469/398/140 472/399/141 470/400/141
f 466/401/142 467/402/93 468/403/142
f 461/404/143 464/405/144 462/406/144
f 457/407/145 459/408/146 460/409/145
f 775/410/147 468/411/142 778/412/147
f 759/413/148 476/414/139 762/415/148
f 453/416/149 900/417/150 903/418/150
f 907/419/151 476/414/151 475/420/151
f 447/421/152 919/422/153 445/423/152
f 439/424/154 893/425/155 437/426/154
f 444/427/156 774/428/157 779/429/157
f 450/430/158 763/431/159 452/432/158
f 896/433/151 462/434/151 747/435/151
f 883/436/160 733/437/160 734/438/161
f 882/439/161 734/438/161 735/440/160
f 889/441/162 461/404/163 896/442/162
f 884/443/164 459/408/165 458/444/165
f 433/445/166 739/446/167 436/447/166
f 735/440/168 737/448/169 740/449/168
f 889/441/170 464/450/170 463/451/170
f 890/452/170 744/453/170 889/454/170
f 895/455/151 747/435/151 748/456/151
f 897/457/171 477/392/172 902/458/171
f 891/459/173 895/460/174 894/461/173
f 747/435/175 464/450/144 744/453/175
f 440/462/176 746/463/177 741/464/177
f 742/465/178 748/456/179 743/466/179
f 902/467/40 478/468/40 755/469/40
f 903/470/40 753/471/40 754/472/40
f 900/473/104 750/474/104 899/475/104
f 898/476/104 752/477/104 897/478/104
f 904/479/180 898/480/181 901/481/181
f 755/469/182 480/482/137 752/477/182
f 454/483/183 749/484/184 456/485/183
f 753/471/185 751/486/186 750/474/185
f 905/487/187 909/488/188 912/489/187
f 757/490/189 761/491/190 764/492/189
f 908/493/151 762/415/151 907/494/151
f 907/419/191 473/395/192 910/495/191
f 913/496/193 469/398/194 918/497/193
f 909/498/170 759/413/170 760/499/170
f 918/500/195 470/501/195 771/502/195
f 917/503/196 771/502/195 772/504/196
f 913/496/161 472/505/161 471/506/161
f 914/507/160 768/508/160 913/509/161
f 915/510/197 917/511/198 920/512/199
f 771/502/200 472/505/141 768/508/200
f 448/513/201 770/514/202 765/515/202
f 766/516/203 772/504/204 767/517/204
f 924/518/104 466/519/104 775/410/104
f 923/520/104 775/410/104 776/521/104
f 773/522/205 777/523/206 780/524/205
f 924/525/207 467/402/208 465/526/208
f 443/527/209 921/528/210 441/529/209
f 922/530/211 928/531/212 923/532/212
f 592/533/213 434/534/124 455/371/123
f 591/535/213 569/536/110 592/537/213
f 590/538/214 455/371/123 453/539/126
f 589/540/214 592/537/213 590/541/214
f 588/542/215 453/539/126 451/374/125
f 579/543/143 598/544/143 580/545/143
f 586/546/216 451/374/125 449/547/128
f 585/548/216 588/549/215 586/550/216
f 584/551/217 449/547/128 447/377/127
f 583/552/217 586/550/216 584/553/217
f 582/554/218 447/377/127 445/555/132
f 581/556/218 584/553/217 582/557/218
f 580/558/219 445/555/132 443/383/131
f 573/559/2 593/560/2 571/561/2
f 441/562/134 580/558/219 443/383/131
f 578/563/220 579/564/219 580/565/219
f 576/566/99 441/562/134 439/386/133
f 576/567/99 577/568/221 578/563/220
f 574/569/222 439/386/133 437/570/136
f 573/571/222 576/567/99 574/572/222
f 572/573/223 437/570/136 435/389/135
f 590/574/224 603/575/224 589/576/224
f 569/577/110 435/578/135 434/534/124
f 570/579/110 572/580/223 569/577/110
f 601/581/160 604/582/160 602/583/160
f 597/584/170 600/585/170 598/586/170
f 593/560/104 596/587/104 594/588/104
f 590/574/1 602/589/1 604/590/1
f 574/591/93 595/592/93 573/593/93
f 587/594/2 603/595/2 601/581/2
f 582/596/1 598/544/1 600/597/1
f 587/594/225 602/589/225 588/598/225
f 582/596/138 599/599/138 581/600/138
f 581/600/2 597/584/2 579/601/2
f 571/561/27 594/602/27 572/603/27
f 572/603/1 596/604/1 574/591/1
f 881/605/160 735/440/160 736/606/160
f 891/459/170 743/466/170 890/607/170
f 892/608/170 742/465/170 891/609/170
f 894/610/151 748/456/151 745/611/151
f 893/612/151 745/611/151 746/613/151
f 899/614/104 751/486/104 898/480/104
f 904/615/40 756/616/40 753/471/40
f 901/617/40 755/469/40 756/616/40
f 912/618/170 760/499/170 757/490/170
f 911/619/170 757/490/170 758/620/170
f 905/487/151 761/491/151 908/621/151
f 906/622/151 764/492/151 905/623/151
f 915/510/160 767/517/160 914/624/160
f 916/625/161 766/516/160 915/626/160
f 920/627/196 772/504/196 769/628/196
f 919/629/195 769/628/196 770/514/195
f 922/630/104 776/521/104 773/522/104
f 921/631/104 773/522/104 774/428/104
f 735/440/168 739/446/167 736/606/167
f 738/632/226 734/438/169 733/437/226
f 742/465/178 746/613/177 745/611/178
f 744/453/175 748/456/179 747/435/175
f 750/474/185 754/472/184 753/471/185
f 752/477/182 756/616/186 755/469/182
f 764/492/189 758/620/159 757/490/189
f 762/415/148 760/499/190 759/413/148
f 766/516/203 770/514/202 769/628/203
f 771/502/200 767/517/204 772/504/204
f 780/524/205 774/428/157 773/522/205
f 778/412/147 776/521/206 775/410/147
f 733/437/226 460/633/145 738/632/226
f 792/634/213 570/579/110 591/635/213
f 791/636/227 591/635/213 589/637/214
f 790/638/98 589/637/214 587/639/215
f 789/640/216 587/639/215 585/641/216
f 788/642/217 585/641/216 583/643/217
f 787/644/87 583/643/217 581/645/218
f 786/646/228 581/645/218 579/647/219
f 577/648/221 786/646/228 579/647/219
f 784/649/99 577/648/221 575/650/99
f 783/362/229 575/650/99 573/651/222
f 782/360/230 573/651/222 571/652/223
f 781/653/110 571/654/223 570/579/110
f 301/655/1 819/656/1 848/657/1
f 315/658/1 847/659/1 314/660/1
f 300/661/1 848/657/1 846/662/1
f 314/660/1 845/663/1 313/664/1
f 299/665/1 846/662/1 844/666/1
f 313/664/1 843/667/1 312/668/1
f 298/669/1 844/666/1 842/670/1
f 311/671/1 843/667/1 841/672/1
f 324/673/1 829/674/1 840/675/1
f 297/676/1 842/670/1 839/677/1
f 311/671/1 838/678/1 310/679/1
f 323/680/1 840/675/1 837/681/1
f 296/682/1 839/677/1 836/683/1
f 310/679/1 835/684/1 309/685/1
f 323/680/1 834/686/1 322/687/1
f 295/688/1 836/683/1 833/689/1
f 309/685/1 832/690/1 308/691/1
f 322/687/1 831/692/1 321/693/1
f 294/694/1 833/689/1 830/695/1
f 308/691/1 828/696/1 307/697/1
f 321/693/1 827/698/1 320/699/1
f 294/694/1 829/674/1 293/700/1
f 306/701/1 828/696/1 826/702/1
f 320/699/1 825/703/1 319/704/1
f 305/705/1 826/702/1 824/706/1
f 319/704/1 823/707/1 318/708/1
f 304/709/1 824/706/1 822/710/1
f 318/708/1 821/711/1 317/712/1
f 303/713/1 822/710/1 820/714/1
f 317/712/1 818/715/1 316/716/1
f 302/717/1 820/714/1 819/656/1
f 316/716/1 817/718/1 315/658/1
f 326/719/2 880/720/2 849/721/2
f 327/722/2 849/721/2 850/723/2
f 327/722/2 851/724/2 328/725/2
f 328/725/2 852/726/2 329/727/2
f 329/727/2 853/728/2 330/729/2
f 330/729/2 854/730/2 331/731/2
f 331/731/2 855/732/2 332/733/2
f 332/733/2 856/734/2 333/735/2
f 333/735/2 857/736/2 334/737/2
f 334/737/2 858/738/2 335/739/2
f 335/739/2 859/740/2 336/741/2
f 336/741/2 860/742/2 337/743/2
f 337/743/2 861/744/2 338/745/2
f 338/745/2 862/746/2 339/747/2
f 339/747/2 863/748/2 340/749/2
f 340/749/2 864/750/2 341/751/2
f 341/751/2 865/752/2 342/753/2
f 342/753/2 866/754/2 343/755/2
f 343/755/2 867/756/2 344/757/2
f 345/758/2 867/756/2 868/759/2
f 346/760/2 868/759/2 869/761/2
f 347/762/2 869/761/2 870/763/2
f 348/764/2 870/763/2 871/765/2
f 349/766/2 871/765/2 872/767/2
f 350/768/2 872/767/2 873/769/2
f 351/770/2 873/769/2 874/771/2
f 352/772/2 874/771/2 875/773/2
f 353/774/2 875/773/2 876/775/2
f 354/776/2 876/775/2 877/777/2
f 355/778/2 877/777/2 878/779/2
f 356/780/2 878/779/2 879/781/2
f 325/782/2 879/781/2 880/720/2
f 881/605/160 433/445/160 434/783/160
f 436/447/196 886/784/196 435/785/196
f 440/786/170 892/787/170 439/424/170
f 438/788/151 893/789/151 746/613/151
f 884/790/160 457/791/161 733/437/160
f 456/485/104 900/417/104 455/792/104
f 454/483/40 903/793/40 754/472/40
f 452/432/151 906/794/151 451/380/151
f 450/430/170 911/795/170 758/620/170
f 448/513/161 916/796/161 447/421/161
f 446/797/195 919/798/195 770/514/195
f 442/799/104 921/800/104 774/428/104
f 444/427/40 926/801/40 443/527/40
f 884/802/164 888/803/231 887/804/164
f 894/805/173 892/608/155 891/609/173
f 896/806/162 890/452/174 889/454/162
f 904/807/180 900/473/150 899/475/180
f 902/808/171 898/476/181 897/478/171
f 905/623/187 911/809/130 906/622/130
f 910/810/191 908/493/188 907/494/191
f 920/811/199 916/625/153 915/626/197
f 913/509/193 917/812/198 914/507/198
f 925/813/211 921/814/210 926/815/210
f 927/816/207 923/817/212 928/818/212
f 435/785/232 881/819/233 434/820/232
f 897/457/104 480/482/104 479/821/104
f 886/822/196 740/449/195 885/823/195
f 885/824/195 737/448/195 888/825/195
f 888/803/195 738/632/196 887/804/196
f 887/826/196 460/633/195 459/408/195
f 910/827/170 474/828/170 759/413/170
f 886/822/233 882/829/234 881/830/233
f 883/831/231 885/824/235 888/825/231
f 926/815/40 780/524/40 925/813/40
f 925/832/40 777/523/40 928/531/40
f 928/818/40 778/412/40 927/816/40
f 927/833/40 468/411/40 467/402/40
f 785/345/111 784/368/112 808/346/112
f 791/348/113 815/369/113 816/349/114
f 782/351/115 781/359/116 795/352/116
f 788/354/117 812/370/117 813/355/118
f 785/345/111 809/347/111 810/357/119
f 781/359/116 792/350/114 816/349/114
f 782/360/115 806/834/115 807/361/120
f 789/356/118 813/355/118 814/363/121
f 787/365/122 786/358/119 810/357/119
f 783/367/120 807/835/120 808/346/112
f 790/364/121 814/363/121 815/369/113
f 787/365/122 811/366/122 812/370/117
f 455/371/123 434/534/124 433/372/124
f 451/374/125 453/539/126 454/375/126
f 447/377/127 449/547/128 450/378/128
f 451/380/129 906/794/130 911/381/130
f 443/383/131 445/555/132 446/384/132
f 439/386/133 441/562/134 442/387/134
f 435/389/135 437/570/136 438/390/136
f 477/392/27 479/821/236 480/393/137
f 473/395/138 475/420/138 476/396/139
f 469/398/140 471/506/140 472/399/141
f 466/401/142 465/526/93 467/402/93
f 461/404/143 463/451/143 464/405/144
f 457/407/145 458/444/146 459/408/146
f 775/410/147 466/519/142 468/411/142
f 759/413/148 474/828/139 476/414/139
f 453/416/149 455/792/149 900/417/150
f 907/419/151 762/415/151 476/414/151
f 447/421/152 916/796/153 919/422/153
f 439/424/154 892/787/155 893/425/155
f 444/427/156 442/799/156 774/428/157
f 450/430/158 758/620/159 763/431/159
f 896/433/151 461/836/151 462/434/151
f 883/436/160 884/837/160 733/437/160
f 882/439/161 883/838/160 734/438/161
f 889/441/162 463/451/163 461/404/163
f 884/443/164 887/826/164 459/408/165
f 433/445/166 736/606/167 739/446/167
f 735/440/168 734/438/169 737/448/169
f 889/441/170 744/453/170 464/450/170
f 890/452/170 743/466/170 744/453/170
f 895/455/151 896/839/151 747/435/151
f 897/457/171 479/821/172 477/392/172
f 891/459/173 890/607/174 895/460/174
f 747/435/175 462/434/144 464/450/144
f 440/462/176 438/840/176 746/463/177
f 742/465/178 745/611/178 748/456/179
f 902/467/40 477/841/40 478/468/40
f 903/470/40 904/842/40 753/471/40
f 900/473/104 749/484/104 750/474/104
f 898/476/104 751/486/104 752/477/104
f 904/479/180 899/614/180 898/480/181
f 755/469/182 478/468/137 480/482/137
f 454/483/183 754/472/184 749/484/184
f 753/471/185 756/616/186 751/486/186
f 905/487/187 908/621/188 909/488/188
f 757/490/189 760/499/190 761/491/190
f 908/493/151 761/491/151 762/415/151
f 907/419/191 475/420/192 473/395/192
f 913/496/193 471/506/194 469/398/194
f 909/498/170 910/843/170 759/413/170
f 918/500/195 469/844/195 470/501/195
f 917/503/196 918/845/195 771/502/195
f 913/496/161 768/508/160 472/505/161
f 914/507/160 767/517/160 768/508/160
f 915/510/197 914/624/198 917/511/198
f 771/502/200 470/501/141 472/505/141
f 448/513/201 446/797/201 770/514/202
f 766/516/203 769/628/203 772/504/204
f 924/518/104 465/846/104 466/519/104
f 923/520/104 924/847/104 775/410/104
f 773/522/205 776/521/206 777/523/206
f 924/525/207 927/833/207 467/402/208
f 443/527/209 926/801/210 921/528/210
f 922/530/211 925/832/211 928/531/212
f 592/533/213 569/577/110 434/534/124
f 591/535/213 570/848/110 569/536/110
f 590/538/214 592/533/213 455/371/123
f 589/540/214 591/535/213 592/537/213
f 588/542/215 590/538/214 453/539/126
f 579/543/143 597/849/143 598/544/143
f 586/546/216 588/542/215 451/374/125
f 585/548/216 587/850/215 588/549/215
f 584/551/217 586/546/216 449/547/128
f 583/552/217 585/548/216 586/550/216
f 582/554/218 584/551/217 447/377/127
f 581/556/218 583/552/217 584/553/217
f 580/558/219 582/554/218 445/555/132
f 573/559/2 595/851/2 593/560/2
f 441/562/134 578/852/220 580/558/219
f 578/563/220 577/568/221 579/564/219
f 576/566/99 578/852/220 441/562/134
f 576/567/99 575/853/99 577/568/221
f 574/569/222 576/566/99 439/386/133
f 573/571/222 575/853/99 576/567/99
f 572/573/223 574/569/222 437/570/136
f 590/574/224 604/590/224 603/575/224
f 569/577/110 572/580/223 435/578/135
f 570/579/110 571/654/223 572/580/223
f 601/581/160 603/595/160 604/582/160
f 597/584/170 599/599/170 600/585/170
f 593/560/104 595/851/104 596/587/104
f 590/574/1 588/598/1 602/589/1
f 574/591/93 596/604/93 595/592/93
f 587/594/2 589/854/2 603/595/2
f 582/596/1 580/545/1 598/544/1
f 587/594/225 601/581/225 602/589/225
f 582/596/138 600/597/138 599/599/138
f 581/600/2 599/599/2 597/584/2
f 571/561/27 593/560/27 594/602/27
f 572/603/1 594/602/1 596/604/1
f 881/605/160 882/855/161 735/440/160
f 891/459/170 742/465/170 743/466/170
f 892/608/170 741/856/170 742/465/170
f 894/610/151 895/857/151 748/456/151
f 893/612/151 894/858/151 745/611/151
f 899/614/104 750/474/104 751/486/104
f 904/615/40 901/859/40 756/616/40
f 901/617/40 902/860/40 755/469/40
f 912/618/170 909/861/170 760/499/170
f 911/619/170 912/862/170 757/490/170
f 905/487/151 764/492/151 761/491/151
f 906/622/151 763/431/151 764/492/151
f 915/510/160 766/516/160 767/517/160
f 916/625/161 765/515/161 766/516/160
f 920/627/196 917/863/196 772/504/196
f 919/629/195 920/864/196 769/628/196
f 922/630/104 923/865/104 776/521/104
f 921/631/104 922/866/104 773/522/104
f 735/440/168 740/449/168 739/446/167
f 738/632/226 737/448/169 734/438/169
f 742/465/178 741/856/177 746/613/177
f 744/453/175 743/466/179 748/456/179
f 750/474/185 749/484/184 754/472/184
f 752/477/182 751/486/186 756/616/186
f 764/492/189 763/431/159 758/620/159
f 762/415/148 761/491/190 760/499/190
f 766/516/203 765/515/202 770/514/202
f 771/502/200 768/508/200 767/517/204
f 780/524/205 779/429/157 774/428/157
f 778/412/147 777/523/206 776/521/206
f 733/437/226 457/791/145 460/633/145
f 792/634/213 781/653/110 570/579/110
f 791/636/227 792/634/213 591/635/213
f 790/638/98 791/636/227 589/637/214
f 789/640/216 790/638/98 587/639/215
f 788/642/217 789/640/216 585/641/216
f 787/644/87 788/642/217 583/643/217
f 786/646/228 787/644/87 581/645/218
f 577/648/221 785/867/220 786/646/228
f 784/649/99 785/867/220 577/648/221
f 783/362/229 784/649/99 575/650/99
f 782/360/230 783/362/229 573/651/222
f 781/653/110 782/868/230 571/654/223
f 301/655/1 302/717/1 819/656/1
f 315/658/1 817/718/1 847/659/1
f 300/661/1 301/655/1 848/657/1
f 314/660/1 847/659/1 845/663/1
f 299/665/1 300/661/1 846/662/1
f 313/664/1 845/663/1 843/667/1
f 298/669/1 299/665/1 844/666/1
f 311/671/1 312/668/1 843/667/1
f 324/673/1 293/700/1 829/674/1
f 297/676/1 298/669/1 842/670/1
f 311/671/1 841/672/1 838/678/1
f 323/680/1 324/673/1 840/675/1
f 296/682/1 297/676/1 839/677/1
f 310/679/1 838/678/1 835/684/1
f 323/680/1 837/681/1 834/686/1
f 295/688/1 296/682/1 836/683/1
f 309/685/1 835/684/1 832/690/1
f 322/687/1 834/686/1 831/692/1
f 294/694/1 295/688/1 833/689/1
f 308/691/1 832/690/1 828/696/1
f 321/693/1 831/692/1 827/698/1
f 294/694/1 830/695/1 829/674/1
f 306/701/1 307/697/1 828/696/1
f 320/699/1 827/698/1 825/703/1
f 305/705/1 306/701/1 826/702/1
f 319/704/1 825/703/1 823/707/1
f 304/709/1 305/705/1 824/706/1
f 318/708/1 823/707/1 821/711/1
f 303/713/1 304/709/1 822/710/1
f 317/712/1 821/711/1 818/715/1
f 302/717/1 303/713/1 820/714/1
f 316/716/1 818/715/1 817/718/1
f 326/719/2 325/782/2 880/720/2
f 327/722/2 326/719/2 849/721/2
f 327/722/2 850/723/2 851/724/2
f 328/725/2 851/724/2 852/726/2
f 329/727/2 852/726/2 853/728/2
f 330/729/2 853/728/2 854/730/2
f 331/731/2 854/730/2 855/732/2
f 332/733/2 855/732/2 856/734/2
f 333/735/2 856/734/2 857/736/2
f 334/737/2 857/736/2 858/738/2
f 335/739/2 858/738/2 859/740/2
f 336/741/2 859/740/2 860/742/2
f 337/743/2 860/742/2 861/744/2
f 338/745/2 861/744/2 862/746/2
f 339/747/2 862/746/2 863/748/2
f 340/749/2 863/748/2 864/750/2
f 341/751/2 864/750/2 865/752/2
f 342/753/2 865/752/2 866/754/2
f 343/755/2 866/754/2 867/756/2
f 345/758/2 344/757/2 867/756/2
f 346/760/2 345/758/2 868/759/2
f 347/762/2 346/760/2 869/761/2
f 348/764/2 347/762/2 870/763/2
f 349/766/2 348/764/2 871/765/2
f 350/768/2 349/766/2 872/767/2
f 351/770/2 350/768/2 873/769/2
f 352/772/2 351/770/2 874/771/2
f 353/774/2 352/772/2 875/773/2
f 354/776/2 353/774/2 876/775/2
f 355/778/2 354/776/2 877/777/2
f 356/780/2 355/778/2 878/779/2
f 325/782/2 356/780/2 879/781/2
f 881/605/160 736/606/160 433/445/160
f 436/447/196 739/446/195 886/784/196
f 440/786/170 741/856/170 892/787/170
f 438/788/151 437/869/151 893/789/151
f 884/790/160 458/870/161 457/791/161
f 456/485/104 749/484/104 900/417/104
f 454/483/40 453/871/40 903/793/40
f 452/432/151 763/431/151 906/794/151
f 450/430/170 449/872/170 911/795/170
f 448/513/161 765/515/161 916/796/161
f 446/797/195 445/873/195 919/798/195
f 442/799/104 441/874/104 921/800/104
f 444/427/40 779/429/40 926/801/40
f 884/802/164 883/875/231 888/803/231
f 894/805/173 893/876/155 892/608/155
f 896/806/162 895/877/174 890/452/174
f 904/807/180 903/878/150 900/473/150
f 902/808/171 901/879/181 898/476/181
f 905/623/187 912/880/187 911/809/130
f 910/810/191 909/881/188 908/493/188
f 920/811/199 919/882/153 916/625/153
f 913/509/193 918/883/193 917/812/198
f 925/813/211 922/884/211 921/814/210
f 927/816/207 924/885/207 923/817/212
f 435/785/232 886/784/233 881/819/233
f 897/457/104 752/477/104 480/482/104
f 886/822/196 739/446/195 740/449/195
f 885/824/195 740/449/195 737/448/195
f 888/803/195 737/448/195 738/632/196
f 887/826/196 738/632/196 460/633/195
f 910/827/170 473/886/170 474/828/170
f 886/822/233 885/823/235 882/829/234
f 883/831/231 882/887/234 885/824/235
f 926/815/40 779/429/40 780/524/40
f 925/832/40 780/524/40 777/523/40
f 928/818/40 777/523/40 778/412/40
f 927/833/40 778/412/40 468/411/40
usemtl SpacialRoverExploreralumBlack
f 138/888/237 162/889/238 134/890/239
f 142/891/240 170/892/241 136/893/242
f 135/894/243 173/895/244 160/896/245
f 141/897/246 170/898/241 166/899/247
f 163/900/248 177/901/249 159/902/248
f 165/903/250 178/904/251 164/905/252
f 166/906/253 176/907/254 165/903/254
f 172/908/255 159/902/256 158/909/257
f 161/910/258 181/911/259 175/912/260
f 160/913/261 167/914/262 179/915/261
f 170/916/263 174/917/264 166/906/265
f 175/912/266 169/918/267 171/919/267
f 161/910/258 179/915/268 180/920/269
f 173/921/270 158/909/257 167/914/262
f 164/905/252 177/901/249 162/922/271
f 171/919/272 168/923/273 170/924/263
f 133/925/274 164/926/275 138/888/237
f 133/925/274 166/899/247 165/927/276
f 137/928/277 172/929/278 131/930/279
f 135/894/243 161/931/280 140/932/281
f 139/933/282 161/931/280 175/934/283
f 142/891/240 175/934/283 171/935/284
f 131/930/279 173/895/244 132/936/285
f 137/928/277 162/889/238 163/937/286
f 138/888/237 164/926/275 162/889/238
f 142/891/240 171/935/284 170/892/241
f 135/894/243 132/936/285 173/895/244
f 141/897/246 136/938/242 170/898/241
f 163/900/248 162/922/271 177/901/249
f 165/903/250 176/907/250 178/904/251
f 166/906/265 174/917/264 176/907/254
f 172/908/255 163/900/256 159/902/256
f 161/910/258 180/920/269 181/911/259
f 160/913/261 173/921/270 167/914/262
f 170/916/263 168/939/273 174/917/264
f 175/912/260 181/911/259 169/918/267
f 161/910/258 160/913/268 179/915/268
f 173/921/270 172/908/255 158/909/257
f 164/905/252 178/904/251 177/901/249
f 171/919/272 169/918/272 168/923/273
f 133/925/274 165/927/276 164/926/275
f 133/925/274 141/897/246 166/899/247
f 137/928/277 163/937/286 172/929/278
f 135/894/243 160/896/245 161/931/280
f 139/933/282 140/932/281 161/931/280
f 142/891/240 139/933/282 175/934/283
f 131/930/279 172/929/278 173/895/244
f 137/928/277 134/890/239 162/889/238
usemtl SpacialRoverExploreralumGrayDeep
f 192/940/45 20/941/91 22/942/91
f 22/943/1 23/944/1 73/945/1
f 23/946/92 14/947/94 16/948/94
f 23/944/1 68/949/1 67/950/1
f 13/951/2 93/952/2 107/953/2
f 20/954/2 188/955/2 78/956/2
f 14/957/94 18/958/96 16/959/94
f 15/960/48 17/961/102 18/958/48
f 23/946/92 21/962/34 19/963/92
f 24/964/90 20/941/91 21/962/90
f 186/965/105 189/966/103 191/967/103
f 17/968/1 185/969/1 60/970/1
f 18/971/1 64/972/1 16/973/1
f 18/971/1 63/974/1 65/975/1
f 186/965/105 184/976/107 182/977/105
f 187/978/26 183/979/106 184/976/26
f 192/940/45 190/980/95 188/981/45
f 193/982/101 189/966/103 190/980/101
f 183/979/106 17/961/102 13/983/102
f 14/984/2 95/985/2 97/986/2
f 14/984/2 93/952/2 15/987/2
f 96/988/2 19/989/2 21/990/2
f 20/954/2 98/991/2 99/992/2
f 190/993/2 106/994/2 105/995/2
f 190/993/2 102/996/2 188/955/2
f 184/997/2 84/998/2 86/999/2
f 192/1000/1 51/1001/1 50/1002/1
f 192/1000/1 47/1003/1 193/1004/1
f 47/1003/1 191/1005/1 193/1004/1
f 71/1006/1 187/1007/1 186/1008/1
f 191/1005/1 43/1009/1 42/1010/287
f 70/1011/1 187/1007/1 71/1006/1
f 192/940/45 188/981/45 20/941/91
f 74/1012/1 56/1013/1 22/943/1
f 22/943/1 24/1014/1 23/944/1
f 23/944/1 72/1015/1 73/945/1
f 73/945/1 74/1012/1 22/943/1
f 23/946/92 19/963/92 14/947/94
f 66/1016/1 72/1015/1 23/944/1
f 23/944/1 16/973/1 64/972/1
f 23/944/1 64/972/1 68/949/1
f 67/950/1 66/1016/1 23/944/1
f 104/1017/2 103/1018/2 13/951/2
f 13/951/2 15/987/2 93/952/2
f 107/953/2 104/1017/2 13/951/2
f 76/1019/2 75/1020/288 20/954/2
f 188/955/2 102/996/2 101/1021/2
f 188/955/2 101/1021/2 100/1022/2
f 79/1023/2 76/1019/2 20/954/2
f 77/1024/2 79/1023/2 20/954/2
f 188/955/2 100/1022/2 78/956/2
f 78/956/2 77/1024/2 20/954/2
f 14/957/94 15/960/96 18/958/96
f 15/960/48 13/983/102 17/961/102
f 23/946/92 24/964/34 21/962/34
f 24/964/90 22/942/91 20/941/91
f 186/965/105 182/977/105 189/966/103
f 61/1025/1 63/974/1 17/968/1
f 185/969/1 70/1011/1 69/1026/1
f 185/969/1 69/1026/1 62/1027/1
f 59/1028/1 61/1025/1 17/968/1
f 58/1029/1 59/1028/1 17/968/1
f 185/969/1 62/1027/1 60/970/1
f 60/970/1 58/1029/1 17/968/1
f 65/975/1 64/972/1 18/971/1
f 18/971/1 17/968/1 63/974/1
f 186/965/105 187/978/107 184/976/107
f 187/978/26 185/1030/106 183/979/106
f 192/940/45 193/982/95 190/980/95
f 193/982/101 191/967/103 189/966/103
f 183/979/106 185/1030/106 17/961/102
f 94/1031/2 93/952/2 14/984/2
f 14/984/2 19/989/2 96/988/2
f 14/984/2 96/988/2 95/985/2
f 97/986/2 94/1031/2 14/984/2
f 96/988/2 21/990/2 20/954/2
f 20/954/2 75/1020/288 98/991/2
f 99/992/2 96/988/2 20/954/2
f 105/995/2 102/996/2 190/993/2
f 190/993/2 189/1032/2 106/994/2
f 91/1033/2 106/994/2 189/1032/2
f 189/1032/2 182/1034/2 184/997/2
f 184/997/2 183/1035/2 13/951/2
f 13/951/2 103/1018/2 85/1036/2
f 13/951/2 85/1036/2 83/1037/2
f 91/1033/2 189/1032/2 184/997/2
f 90/1038/2 91/1033/2 184/997/2
f 13/951/2 83/1037/2 81/1039/2
f 13/951/2 81/1039/2 80/1040/2
f 92/1041/2 90/1038/2 184/997/2
f 88/1042/2 92/1041/2 184/997/2
f 184/997/2 13/951/2 80/1040/2
f 184/997/2 80/1040/2 82/1043/2
f 89/1044/2 88/1042/2 184/997/2
f 87/1045/2 89/1044/2 184/997/2
f 184/997/2 82/1043/2 84/998/2
f 86/999/2 87/1045/2 184/997/2
f 46/1046/1 47/1003/1 192/1000/1
f 22/943/1 56/1013/1 53/1047/1
f 22/943/1 53/1047/1 48/1048/1
f 57/1049/1 46/1046/1 192/1000/1
f 49/1050/1 57/1049/1 192/1000/1
f 22/943/1 48/1048/1 54/1051/1
f 22/943/1 54/1051/1 51/1001/1
f 55/1052/1 49/1050/1 192/1000/1
f 52/1053/1 55/1052/1 192/1000/1
f 192/1000/1 22/943/1 51/1001/1
f 50/1002/1 52/1053/1 192/1000/1
f 71/1006/1 186/1008/1 191/1005/1
f 191/1005/1 47/1003/1 45/1054/1
f 191/1005/1 45/1054/1 44/1055/1
f 42/1010/287 71/1006/1 191/1005/1
f 191/1005/1 44/1055/1 43/1009/1
f 70/1011/1 185/969/1 187/1007/1
f 428/1056/289 499/1057/110 427/1058/110
f 456/373/123 481/1059/110 492/1060/213
f 491/1061/227 456/373/123 492/1060/213
f 452/376/125 491/1061/227 490/1062/98
f 450/378/128 490/1062/98 489/1063/216
f 448/379/127 489/1063/216 488/1064/217
f 446/384/132 488/1064/217 487/1065/87
f 444/385/131 487/1065/87 486/1066/228
f 485/1067/220 444/385/131 486/1066/228
f 484/1068/99 442/387/134 485/1067/220
f 438/390/136 484/1068/99 483/1069/229
f 436/391/135 483/1069/229 482/1070/289
f 433/372/124 482/1071/289 481/1059/110
f 421/1072/1 482/1073/1 422/1074/1
f 422/1074/1 483/1075/1 423/1076/1
f 423/1076/1 484/1077/1 424/1078/1
f 425/1079/1 484/1077/1 485/1080/1
f 425/1079/1 486/1081/1 426/1082/1
f 427/1083/1 486/1081/1 487/1084/1
f 427/1083/1 488/1085/1 428/1086/1
f 429/1087/1 488/1085/1 489/1088/1
f 429/1087/1 490/1089/1 430/1090/1
f 430/1090/1 491/1091/1 431/1092/1
f 431/1092/1 492/1093/1 432/1094/1
f 421/1072/1 492/1093/1 481/1095/1
f 496/1096/1 500/1097/1 504/1098/1
f 425/1099/290 496/1100/98 424/1101/98
f 432/1102/228 503/1103/220 431/1104/220
f 422/1105/217 493/1106/87 421/1107/87
f 429/1108/229 500/1109/289 428/1056/289
f 425/1099/290 498/1110/213 497/1111/290
f 421/1107/87 504/1112/228 432/1102/228
f 423/1113/216 494/1114/291 422/1115/217
f 430/1116/99 501/1117/229 429/1108/229
f 427/1058/110 498/1110/213 426/1118/213
f 424/1101/98 495/1119/216 423/1113/216
f 431/1104/220 502/1120/99 430/1116/99
f 794/1121/110 806/1122/230 795/1123/110
f 793/1124/230 807/361/229 806/834/230
f 796/1125/229 808/1126/99 807/361/229
f 797/1127/99 809/1128/220 808/1126/99
f 809/1128/220 799/1129/228 810/1130/228
f 799/1129/228 811/1131/87 810/1130/228
f 800/1132/87 812/1133/217 811/1131/87
f 801/1134/217 813/1135/216 812/1133/217
f 802/1136/216 814/1137/98 813/1135/216
f 803/1138/98 815/1139/227 814/1137/98
f 804/1140/2 800/1141/2 796/1125/2
f 804/1142/227 816/1143/213 815/1139/227
f 805/1144/213 795/1123/110 816/1143/213
f 428/1056/289 500/1109/289 499/1057/110
f 456/373/123 433/372/124 481/1059/110
f 491/1061/227 454/375/126 456/373/123
f 452/376/125 454/375/126 491/1061/227
f 450/378/128 452/376/125 490/1062/98
f 448/379/127 450/378/128 489/1063/216
f 446/384/132 448/379/127 488/1064/217
f 444/385/131 446/384/132 487/1065/87
f 485/1067/220 442/387/134 444/385/131
f 484/1068/99 440/388/133 442/387/134
f 438/390/136 440/388/133 484/1068/99
f 436/391/135 438/390/136 483/1069/229
f 433/372/124 436/1145/135 482/1071/289
f 421/1072/1 481/1095/1 482/1073/1
f 422/1074/1 482/1073/1 483/1075/1
f 423/1076/1 483/1075/1 484/1077/1
f 425/1079/1 424/1078/1 484/1077/1
f 425/1079/1 485/1080/1 486/1081/1
f 427/1083/1 426/1082/1 486/1081/1
f 427/1083/1 487/1084/1 488/1085/1
f 429/1087/1 428/1086/1 488/1085/1
f 429/1087/1 489/1088/1 490/1089/1
f 430/1090/1 490/1089/1 491/1091/1
f 431/1092/1 491/1091/1 492/1093/1
f 421/1072/1 432/1094/1 492/1093/1
f 504/1098/1 493/1146/1 494/1147/1
f 494/1147/1 495/1148/1 496/1096/1
f 496/1096/1 497/1149/1 498/1150/1
f 498/1150/1 499/1151/1 500/1097/1
f 500/1097/1 501/1152/1 502/1153/1
f 502/1153/1 503/1154/1 504/1098/1
f 504/1098/1 494/1147/1 496/1096/1
f 496/1096/1 498/1150/1 500/1097/1
f 500/1097/1 502/1153/1 504/1098/1
f 425/1099/290 497/1111/290 496/1100/98
f 432/1102/228 504/1112/228 503/1103/220
f 422/1105/217 494/1155/291 493/1106/87
f 429/1108/229 501/1117/229 500/1109/289
f 425/1099/290 426/1118/213 498/1110/213
f 421/1107/87 493/1106/87 504/1112/228
f 423/1113/216 495/1119/216 494/1114/291
f 430/1116/99 502/1120/99 501/1117/229
f 427/1058/110 499/1057/110 498/1110/213
f 424/1101/98 496/1100/98 495/1119/216
f 431/1104/220 503/1103/220 502/1120/99
f 794/1121/110 793/1156/230 806/1122/230
f 793/1124/230 796/1125/229 807/361/229
f 796/1125/229 797/1127/99 808/1126/99
f 797/1127/99 798/1157/220 809/1128/220
f 809/1128/220 798/1157/220 799/1129/228
f 799/1129/228 800/1132/87 811/1131/87
f 800/1132/87 801/1134/217 812/1133/217
f 801/1134/217 802/1136/216 813/1135/216
f 802/1136/216 803/1138/98 814/1137/98
f 803/1138/98 804/1142/227 815/1139/227
f 796/1125/2 793/1124/2 794/1158/2
f 794/1158/2 805/1159/2 804/1140/2
f 804/1140/2 803/1160/2 802/1161/2
f 802/1161/2 801/1162/2 800/1141/2
f 800/1141/2 799/1163/2 798/1164/2
f 798/1164/2 797/1165/2 796/1125/2
f 796/1125/2 794/1158/2 804/1140/2
f 804/1140/2 802/1161/2 800/1141/2
f 800/1141/2 798/1164/2 796/1125/2
f 804/1142/227 805/1144/213 816/1143/213
f 805/1144/213 794/1121/110 795/1123/110
usemtl SpacialRoverExplorerwheels
f 880/1166/2 388/1167/292 358/1168/293
f 879/1169/2 387/1170/294 388/1167/292
f 878/1171/2 386/1172/295 387/1170/294
f 877/1173/2 385/1174/296 386/1172/295
f 876/1175/2 384/1176/297 385/1174/296
f 875/1177/2 383/1178/297 384/1176/297
f 874/1179/2 382/1180/298 383/1178/297
f 873/1181/2 381/1182/299 382/1180/298
f 872/1183/2 380/1184/300 381/1182/299
f 871/1185/2 379/1186/300 380/1184/300
f 870/1187/2 378/1188/301 379/1186/300
f 869/1189/2 377/1190/301 378/1188/301
f 868/1191/2 376/1192/302 377/1193/301
f 866/1194/2 376/1192/302 867/1195/2
f 865/1196/2 375/1197/302 866/1194/2
f 864/1198/2 374/1199/303 865/1196/2
f 863/1200/2 373/1201/303 864/1198/2
f 862/1202/2 372/1203/304 863/1200/2
f 861/1204/2 371/1205/304 862/1202/2
f 860/1206/2 370/1207/305 861/1204/2
f 859/1208/2 369/1209/306 860/1206/2
f 858/1210/2 368/1211/307 859/1208/2
f 857/1212/2 367/1213/307 858/1210/2
f 856/1214/2 366/1215/308 857/1212/2
f 855/1216/2 365/1217/309 856/1214/2
f 854/1218/2 364/1219/310 855/1216/2
f 853/1220/2 363/1221/311 854/1218/2
f 852/1222/2 362/1223/312 853/1220/2
f 851/1224/2 361/1225/312 852/1226/2
f 851/1224/2 359/1227/313 360/1228/313
f 850/1229/2 357/1230/293 359/1227/313
f 849/1231/2 358/1168/293 357/1230/293
f 818/1232/1 411/1233/314 817/1234/1
f 819/1235/1 399/1236/315 398/1237/316
f 821/1238/1 412/1239/314 818/1232/1
f 820/1240/1 400/1241/317 399/1236/315
f 823/1242/1 413/1243/318 821/1238/1
f 822/1244/1 401/1245/319 400/1241/317
f 825/1246/1 414/1247/320 823/1242/1
f 824/1248/1 402/1249/319 401/1245/319
f 827/1250/1 415/1251/321 825/1246/1
f 826/1252/1 403/1253/322 402/1249/319
f 830/1254/1 389/1255/323 829/1256/1
f 831/1257/1 416/1258/324 827/1250/1
f 828/1259/1 404/1260/322 403/1253/322
f 833/1261/1 390/1262/325 830/1254/1
f 834/1263/1 417/1264/326 831/1257/1
f 835/1265/1 404/1260/322 832/1266/1
f 836/1267/1 391/1268/327 833/1261/1
f 837/1269/1 418/1270/328 834/1263/1
f 838/1271/1 405/1272/329 835/1265/1
f 839/1273/1 392/1274/327 836/1267/1
f 840/1275/1 419/1276/330 837/1269/1
f 841/1277/1 406/1278/331 838/1271/1
f 839/1279/1 394/1280/332 393/1281/332
f 829/1256/1 420/1282/330 840/1275/1
f 843/1283/1 407/1284/333 841/1277/1
f 842/1285/1 395/1286/334 394/1280/332
f 845/1287/1 408/1288/333 843/1283/1
f 844/1289/1 396/1290/334 395/1286/334
f 847/1291/1 409/1292/335 845/1293/1
f 846/1294/1 397/1295/316 396/1290/334
f 817/1234/1 410/1296/336 847/1291/1
f 848/1297/1 398/1237/316 397/1295/316
f 506/1298/337 415/1251/338 508/1299/339
f 510/1300/340 419/1276/341 512/1301/342
f 512/1301/343 704/1302/344 511/1303/345
f 516/1304/346 417/1264/347 514/1305/348
f 563/1306/349 606/1307/350 730/1308/351
f 511/1303/345 605/1309/352 387/1170/353
f 378/1188/301 615/1310/354 616/1311/355
f 562/1312/356 729/1313/357 697/1314/356
f 419/1276/330 667/1315/358 668/1316/358
f 530/1317/359 409/1318/360 524/1319/361
f 526/1320/362 411/1233/363 520/1321/364
f 522/1322/365 413/1243/366 518/1323/367
f 510/1300/368 703/1324/369 671/1325/368
f 561/1326/357 634/1327/370 729/1313/357
f 404/1260/371 532/1328/372 538/1329/373
f 406/1278/374 528/1330/375 534/1331/376
f 509/1332/377 608/1333/378 703/1324/369
f 380/1184/300 613/1334/379 614/1335/379
f 400/1241/380 540/1336/381 546/1337/382
f 402/1249/383 536/1338/384 542/1339/385
f 560/1340/386 728/1341/387 559/1342/388
f 417/1264/326 665/1343/389 666/1344/390
f 508/1299/391 702/1345/392 507/1346/393
f 559/1342/388 633/1347/394 359/1227/394
f 392/1274/395 556/1348/396 562/1312/397
f 394/1280/398 552/1349/399 558/1350/400
f 396/1290/401 548/1351/402 554/1352/403
f 398/1237/404 544/1353/405 550/1354/406
f 564/1355/407 389/1255/408 566/1356/409
f 507/1346/393 609/1357/410 383/1178/411
f 568/1358/412 391/1268/413 560/1340/414
f 382/1180/298 611/1359/415 612/1360/415
f 558/1350/416 727/1361/417 695/1362/416
f 415/1251/321 663/1363/418 664/1364/418
f 357/1230/419 559/1342/420 359/1227/419
f 567/1365/421 560/1340/414 559/1342/420
f 506/1298/422 701/1366/423 669/1367/422
f 557/1368/424 632/1369/425 727/1361/417
f 388/1167/426 565/1370/427 358/1168/426
f 563/1306/428 566/1356/409 565/1370/427
f 549/1371/429 367/1213/430 366/1215/430
f 550/1354/406 543/1372/431 549/1371/429
f 553/1373/432 365/1217/433 364/1219/433
f 554/1352/403 547/1374/434 553/1373/432
f 557/1368/435 363/1221/436 362/1223/436
f 558/1350/400 551/1375/437 557/1368/435
f 561/1326/438 361/1225/439 360/1228/439
f 562/1312/397 555/1376/440 561/1326/438
f 505/1377/441 612/1360/442 701/1366/423
f 384/1176/297 609/1357/443 610/1378/443
f 556/1379/444 726/1380/445 555/1381/446
f 413/1243/318 661/1382/447 662/1383/447
f 568/1358/448 637/1384/449 390/1262/450
f 555/1381/446 631/1385/451 361/1386/452
f 566/1356/453 638/1387/454 699/1388/453
f 386/1172/295 607/1389/455 608/1333/455
f 541/1390/456 371/1205/457 370/1207/458
f 542/1339/385 535/1391/459 541/1390/456
f 545/1392/460 369/1209/461 368/1211/461
f 546/1337/382 539/1393/462 545/1392/460
f 554/1352/463 725/1394/464 693/1395/465
f 411/1233/314 659/1396/466 660/1397/466
f 564/1355/467 667/1315/468 420/1282/469
f 553/1373/470 630/1398/471 725/1394/464
f 533/1399/472 375/1197/473 374/1199/473
f 534/1331/376 527/1400/474 533/1399/472
f 537/1401/475 373/1201/476 372/1203/476
f 538/1329/373 531/1402/477 537/1401/475
f 562/1312/356 639/1403/478 392/1274/478
f 388/1167/292 605/1309/479 606/1307/480
f 552/1349/481 724/1404/482 551/1375/483
f 409/1292/335 657/1405/484 658/1406/484
f 380/1184/485 517/1407/486 381/1182/485
f 521/1408/487 518/1323/367 517/1407/486
f 378/1188/488 519/1409/489 379/1186/488
f 525/1410/490 520/1321/364 519/1409/489
f 376/1192/491 523/1411/492 377/1193/491
f 529/1412/493 524/1319/361 523/1411/492
f 560/1340/386 640/1413/494 696/1414/386
f 551/1375/483 629/1415/495 363/1221/496
f 558/1350/416 641/1416/497 394/1280/498
f 550/1354/499 723/1417/500 691/1418/499
f 407/1284/333 655/1419/501 656/1420/501
f 556/1379/444 642/1421/502 694/1422/444
f 549/1371/503 628/1423/504 723/1417/500
f 554/1352/463 643/1424/505 396/1290/506
f 548/1351/507 722/1425/508 547/1374/509
f 406/1278/331 654/1426/510 405/1272/329
f 384/1176/511 513/1427/512 385/1174/511
f 515/1428/513 514/1305/348 513/1427/512
f 552/1349/481 644/1429/514 692/1430/481
f 547/1374/509 627/1431/515 365/1217/516
f 386/1172/517 511/1303/518 387/1170/517
f 509/1332/519 512/1301/342 511/1303/518
f 382/1180/520 507/1346/521 383/1178/520
f 505/1377/522 508/1299/339 507/1346/521
f 673/1432/523 665/1343/524 671/1325/525
f 670/1433/526 663/1363/527 674/1434/528
f 675/1435/529 661/1382/530 669/1367/531
f 676/1436/532 659/1396/533 677/1437/534
f 678/1438/535 657/1405/536 679/1439/537
f 680/1440/538 655/1419/539 681/1441/538
f 654/1426/540 683/1442/541 682/1443/542
f 652/1444/543 685/1445/544 684/1446/545
f 650/1447/546 687/1448/547 686/1449/548
f 648/1450/549 689/1451/550 688/1452/551
f 646/1453/552 691/1418/553 690/1454/554
f 644/1429/555 693/1395/556 692/1430/557
f 642/1421/558 695/1362/559 694/1422/560
f 640/1413/561 697/1314/562 696/1414/562
f 699/1388/563 637/1384/564 700/1455/565
f 672/1456/566 667/1315/567 698/1457/568
f 605/1309/569 730/1308/570 606/1307/569
f 704/1302/571 698/1457/568 730/1308/570
f 635/1458/572 732/1459/573 636/1460/572
f 731/1461/574 700/1455/565 732/1459/573
f 728/1341/575 634/1327/576 633/1347/576
f 696/1414/562 729/1313/575 728/1341/575
f 726/1380/577 632/1369/578 631/1385/578
f 694/1422/560 727/1361/579 726/1380/577
f 724/1404/580 630/1398/581 629/1415/581
f 692/1430/557 725/1394/582 724/1404/580
f 722/1425/583 628/1423/584 627/1431/584
f 690/1454/554 723/1417/585 722/1425/583
f 720/1462/586 626/1463/587 625/1464/588
f 688/1452/551 721/1465/589 720/1462/586
f 718/1466/590 624/1467/591 623/1468/591
f 686/1449/548 719/1469/592 718/1466/590
f 716/1470/593 622/1471/594 621/1472/594
f 684/1446/545 717/1473/595 716/1470/593
f 714/1474/596 620/1475/597 619/1476/597
f 682/1443/542 715/1477/598 714/1474/596
f 617/1478/599 713/1479/600 618/1480/599
f 680/1440/538 713/1479/600 712/1481/600
f 615/1310/601 711/1482/602 616/1311/601
f 710/1483/603 679/1439/537 711/1482/602
f 613/1334/604 709/1484/605 614/1335/606
f 708/1485/607 677/1437/534 709/1484/605
f 611/1359/608 701/1366/609 612/1360/608
f 707/1486/610 669/1367/531 701/1366/609
f 609/1357/611 706/1487/612 610/1378/611
f 702/1345/613 674/1434/528 706/1487/612
f 607/1389/614 703/1324/615 608/1333/614
f 705/1488/616 671/1325/525 703/1324/615
f 564/1355/467 730/1308/351 698/1457/467
f 375/1197/302 618/1480/617 376/1192/302
f 513/1427/618 607/1389/619 385/1174/620
f 565/1370/621 635/1458/622 358/1168/623
f 514/1305/624 705/1488/625 513/1427/618
f 566/1356/453 731/1461/626 565/1370/621
f 373/1201/303 620/1475/627 374/1199/303
f 515/1428/628 610/1378/629 706/1487/630
f 567/1365/631 636/1460/632 732/1459/633
f 516/1304/634 706/1487/630 674/1434/634
f 568/1358/448 732/1459/633 700/1455/448
f 371/1205/304 622/1471/635 372/1203/304
f 517/1407/636 611/1359/637 381/1182/638
f 518/1323/639 707/1486/640 517/1407/636
f 369/1209/306 624/1467/641 370/1207/305
f 519/1409/642 613/1334/643 379/1186/644
f 520/1321/645 708/1485/646 519/1409/642
f 367/1213/307 626/1463/647 368/1211/307
f 521/1408/648 614/1335/649 709/1484/650
f 522/1322/651 709/1484/650 677/1437/651
f 365/1217/309 628/1423/652 366/1215/308
f 523/1489/653 615/1310/654 377/1190/654
f 524/1490/655 710/1483/653 523/1489/653
f 506/1298/422 661/1382/656 414/1247/657
f 363/1221/311 630/1398/658 364/1219/310
f 525/1410/659 616/1311/660 711/1482/661
f 508/1299/391 664/1364/662 670/1433/391
f 526/1320/663 711/1482/661 679/1439/663
f 510/1300/368 665/1343/664 418/1270/665
f 361/1386/312 632/1369/666 362/1223/312
f 527/1400/667 617/1478/668 375/1197/668
f 512/1301/343 668/1316/669 672/1456/670
f 528/1330/671 712/1481/667 527/1400/667
f 514/1305/624 666/1344/672 673/1432/673
f 360/1228/313 633/1347/674 634/1327/674
f 529/1412/675 618/1480/676 713/1479/677
f 516/1304/634 663/1363/678 416/1258/679
f 530/1317/680 713/1479/677 681/1441/680
f 518/1323/639 662/1383/681 675/1435/639
f 357/1230/293 635/1458/682 636/1460/682
f 531/1402/683 619/1476/684 373/1201/685
f 520/1321/645 660/1397/686 676/1436/645
f 389/1255/323 637/1384/687 638/1387/687
f 532/1328/688 714/1474/689 531/1402/683
f 522/1322/651 659/1396/690 412/1239/691
f 533/1399/692 620/1475/693 715/1477/694
f 524/1490/655 658/1406/695 678/1438/696
f 392/1274/327 640/1413/697 391/1268/327
f 534/1331/698 715/1477/694 683/1442/699
f 526/1320/663 657/1405/700 410/1296/701
f 535/1391/702 621/1472/703 371/1205/704
f 528/1330/671 656/1420/705 680/1440/671
f 394/1280/332 642/1421/706 393/1281/332
f 536/1338/707 716/1470/708 535/1391/702
f 530/1317/680 655/1419/709 408/1288/710
f 537/1401/711 622/1471/712 717/1473/713
f 532/1328/688 654/1426/714 682/1443/688
f 396/1290/334 644/1429/715 395/1286/334
f 538/1329/716 717/1473/713 685/1445/716
f 534/1331/698 653/1491/717 406/1278/718
f 539/1393/719 623/1468/720 369/1209/721
f 536/1338/707 652/1444/722 684/1446/707
f 398/1237/316 646/1453/723 397/1295/316
f 540/1336/724 718/1466/725 539/1393/719
f 538/1329/716 651/1492/726 404/1260/727
f 541/1390/728 624/1467/729 719/1469/730
f 540/1336/724 650/1447/731 686/1449/724
f 400/1241/317 648/1450/732 399/1236/315
f 542/1339/733 719/1469/730 687/1448/734
f 542/1339/733 649/1493/735 402/1249/736
f 543/1372/737 625/1464/738 367/1213/739
f 544/1353/740 648/1450/741 688/1452/740
f 402/1249/319 650/1447/742 401/1245/319
f 544/1353/740 720/1462/743 543/1372/737
f 546/1337/744 647/1494/745 400/1241/746
f 545/1392/747 626/1463/748 721/1465/749
f 548/1351/507 646/1453/750 690/1454/507
f 404/1260/322 652/1444/751 403/1253/322
f 546/1337/744 721/1465/749 689/1451/752
f 550/1354/499 645/1495/753 398/1237/754
f 880/1166/2 879/1169/2 388/1167/292
f 879/1169/2 878/1171/2 387/1170/294
f 878/1171/2 877/1173/2 386/1172/295
f 877/1173/2 876/1175/2 385/1174/296
f 876/1175/2 875/1177/2 384/1176/297
f 875/1177/2 874/1179/2 383/1178/297
f 874/1179/2 873/1181/2 382/1180/298
f 873/1181/2 872/1183/2 381/1182/299
f 872/1183/2 871/1185/2 380/1184/300
f 871/1185/2 870/1187/2 379/1186/300
f 870/1187/2 869/1189/2 378/1188/301
f 869/1189/2 868/1496/2 377/1190/301
f 868/1191/2 867/1195/2 376/1192/302
f 866/1194/2 375/1197/302 376/1192/302
f 865/1196/2 374/1199/303 375/1197/302
f 864/1198/2 373/1201/303 374/1199/303
f 863/1200/2 372/1203/304 373/1201/303
f 862/1202/2 371/1205/304 372/1203/304
f 861/1204/2 370/1207/305 371/1205/304
f 860/1206/2 369/1209/306 370/1207/305
f 859/1208/2 368/1211/307 369/1209/306
f 858/1210/2 367/1213/307 368/1211/307
f 857/1212/2 366/1215/308 367/1213/307
f 856/1214/2 365/1217/309 366/1215/308
f 855/1216/2 364/1219/310 365/1217/309
f 854/1218/2 363/1221/311 364/1219/310
f 853/1220/2 362/1223/312 363/1221/311
f 852/1222/2 361/1386/312 362/1223/312
f 851/1224/2 360/1228/313 361/1225/312
f 851/1224/2 850/1229/2 359/1227/313
f 850/1229/2 849/1231/2 357/1230/293
f 849/1231/2 880/1166/2 358/1168/293
f 818/1232/1 412/1239/314 411/1233/314
f 819/1235/1 820/1240/1 399/1236/315
f 821/1238/1 413/1243/318 412/1239/314
f 820/1240/1 822/1244/1 400/1241/317
f 823/1242/1 414/1247/320 413/1243/318
f 822/1244/1 824/1248/1 401/1245/319
f 825/1246/1 415/1251/321 414/1247/320
f 824/1248/1 826/1252/1 402/1249/319
f 827/1250/1 416/1258/324 415/1251/321
f 826/1252/1 828/1259/1 403/1253/322
f 830/1254/1 390/1262/325 389/1255/323
f 831/1257/1 417/1264/326 416/1258/324
f 828/1259/1 832/1266/1 404/1260/322
f 833/1261/1 391/1268/327 390/1262/325
f 834/1263/1 418/1270/328 417/1264/326
f 835/1265/1 405/1272/329 404/1260/322
f 836/1267/1 392/1274/327 391/1268/327
f 837/1269/1 419/1276/330 418/1270/328
f 838/1271/1 406/1278/331 405/1272/329
f 839/1273/1 393/1497/332 392/1274/327
f 840/1275/1 420/1282/330 419/1276/330
f 841/1277/1 407/1284/333 406/1278/331
f 839/1279/1 842/1285/1 394/1280/332
f 829/1256/1 389/1255/323 420/1282/330
f 843/1283/1 408/1288/333 407/1284/333
f 842/1285/1 844/1289/1 395/1286/334
f 845/1287/1 409/1318/335 408/1288/333
f 844/1289/1 846/1294/1 396/1290/334
f 847/1291/1 410/1296/336 409/1292/335
f 846/1294/1 848/1297/1 397/1295/316
f 817/1234/1 411/1233/314 410/1296/336
f 848/1297/1 819/1235/1 398/1237/316
f 506/1298/337 414/1247/338 415/1251/338
f 510/1300/340 418/1270/341 419/1276/341
f 512/1301/343 672/1456/670 704/1302/344
f 516/1304/346 416/1258/347 417/1264/347
f 563/1306/349 388/1167/755 606/1307/350
f 511/1303/345 704/1302/344 605/1309/352
f 378/1188/301 377/1190/301 615/1310/354
f 562/1312/356 561/1326/357 729/1313/357
f 419/1276/330 420/1282/330 667/1315/358
f 530/1317/359 408/1288/360 409/1318/360
f 526/1320/362 410/1296/363 411/1233/363
f 522/1322/365 412/1239/366 413/1243/366
f 510/1300/368 509/1332/377 703/1324/369
f 561/1326/357 360/1228/370 634/1327/370
f 404/1260/371 405/1272/371 532/1328/372
f 406/1278/374 407/1284/374 528/1330/375
f 509/1332/377 386/1172/756 608/1333/378
f 380/1184/300 379/1186/300 613/1334/379
f 400/1241/380 401/1245/380 540/1336/381
f 402/1249/383 403/1253/383 536/1338/384
f 560/1340/386 696/1414/386 728/1341/387
f 417/1264/326 418/1270/328 665/1343/389
f 508/1299/391 670/1433/391 702/1345/392
f 559/1342/388 728/1341/387 633/1347/394
f 392/1274/395 393/1497/395 556/1348/396
f 394/1280/398 395/1286/398 552/1349/399
f 396/1290/401 397/1295/401 548/1351/402
f 398/1237/404 399/1236/404 544/1353/405
f 564/1355/407 420/1282/408 389/1255/408
f 507/1346/393 702/1345/392 609/1357/410
f 568/1358/412 390/1262/413 391/1268/413
f 382/1180/298 381/1182/299 611/1359/415
f 558/1350/416 557/1368/424 727/1361/417
f 415/1251/321 416/1258/324 663/1363/418
f 357/1230/419 567/1365/421 559/1342/420
f 567/1365/421 568/1358/412 560/1340/414
f 506/1298/422 505/1377/441 701/1366/423
f 557/1368/424 362/1223/757 632/1369/425
f 388/1167/426 563/1306/428 565/1370/427
f 563/1306/428 564/1355/407 566/1356/409
f 549/1371/429 543/1372/431 367/1213/430
f 550/1354/406 544/1353/405 543/1372/431
f 553/1373/432 547/1374/434 365/1217/433
f 554/1352/403 548/1351/402 547/1374/434
f 557/1368/435 551/1375/437 363/1221/436
f 558/1350/400 552/1349/399 551/1375/437
f 561/1326/438 555/1376/440 361/1225/439
f 562/1312/397 556/1348/396 555/1376/440
f 505/1377/441 382/1180/758 612/1360/442
f 384/1176/297 383/1178/297 609/1357/443
f 556/1379/444 694/1422/444 726/1380/445
f 413/1243/318 414/1247/320 661/1382/447
f 568/1358/448 700/1455/448 637/1384/449
f 555/1381/446 726/1380/445 631/1385/451
f 566/1356/453 389/1255/759 638/1387/454
f 386/1172/295 385/1174/296 607/1389/455
f 541/1390/456 535/1391/459 371/1205/457
f 542/1339/385 536/1338/384 535/1391/459
f 545/1392/460 539/1393/462 369/1209/461
f 546/1337/382 540/1336/381 539/1393/462
f 554/1352/463 553/1373/470 725/1394/464
f 411/1233/314 412/1239/314 659/1396/466
f 564/1355/467 698/1457/467 667/1315/468
f 553/1373/470 364/1219/760 630/1398/471
f 533/1399/472 527/1400/474 375/1197/473
f 534/1331/376 528/1330/375 527/1400/474
f 537/1401/475 531/1402/477 373/1201/476
f 538/1329/373 532/1328/372 531/1402/477
f 562/1312/356 697/1314/356 639/1403/478
f 388/1167/292 387/1170/294 605/1309/479
f 552/1349/481 692/1430/481 724/1404/482
f 409/1292/335 410/1296/336 657/1405/484
f 380/1184/485 521/1408/487 517/1407/486
f 521/1408/487 522/1322/365 518/1323/367
f 378/1188/488 525/1410/490 519/1409/489
f 525/1410/490 526/1320/362 520/1321/364
f 376/1192/491 529/1412/493 523/1411/492
f 529/1412/493 530/1317/359 524/1319/361
f 560/1340/386 391/1268/494 640/1413/494
f 551/1375/483 724/1404/482 629/1415/495
f 558/1350/416 695/1362/416 641/1416/497
f 550/1354/499 549/1371/503 723/1417/500
f 407/1284/333 408/1288/333 655/1419/501
f 556/1379/444 393/1281/502 642/1421/502
f 549/1371/503 366/1215/761 628/1423/504
f 554/1352/463 693/1395/465 643/1424/505
f 548/1351/507 690/1454/507 722/1425/508
f 406/1278/331 653/1491/510 654/1426/510
f 384/1176/511 515/1428/513 513/1427/512
f 515/1428/513 516/1304/346 514/1305/348
f 552/1349/481 395/1286/762 644/1429/514
f 547/1374/509 722/1425/508 627/1431/515
f 386/1172/517 509/1332/519 511/1303/518
f 509/1332/519 510/1300/340 512/1301/342
f 382/1180/520 505/1377/522 507/1346/521
f 505/1377/522 506/1298/337 508/1299/339
f 673/1432/523 666/1344/524 665/1343/524
f 670/1433/526 664/1364/527 663/1363/527
f 675/1435/529 662/1383/530 661/1382/530
f 676/1436/532 660/1397/533 659/1396/533
f 678/1438/535 658/1406/536 657/1405/536
f 680/1440/538 656/1420/539 655/1419/539
f 654/1426/540 653/1491/540 683/1442/541
f 652/1444/543 651/1492/543 685/1445/544
f 650/1447/546 649/1493/546 687/1448/547
f 648/1450/549 647/1494/549 689/1451/550
f 646/1453/552 645/1495/552 691/1418/553
f 644/1429/555 643/1424/555 693/1395/556
f 642/1421/558 641/1416/558 695/1362/559
f 640/1413/561 639/1403/561 697/1314/562
f 699/1388/563 638/1387/564 637/1384/564
f 672/1456/566 668/1316/567 667/1315/567
f 605/1309/569 704/1302/571 730/1308/570
f 704/1302/571 672/1456/566 698/1457/568
f 635/1458/572 731/1461/574 732/1459/573
f 731/1461/574 699/1388/563 700/1455/565
f 728/1341/575 729/1313/575 634/1327/576
f 696/1414/562 697/1314/562 729/1313/575
f 726/1380/577 727/1361/579 632/1369/578
f 694/1422/560 695/1362/559 727/1361/579
f 724/1404/580 725/1394/582 630/1398/581
f 692/1430/557 693/1395/556 725/1394/582
f 722/1425/583 723/1417/585 628/1423/584
f 690/1454/554 691/1418/553 723/1417/585
f 720/1462/586 721/1465/589 626/1463/587
f 688/1452/551 689/1451/550 721/1465/589
f 718/1466/590 719/1469/592 624/1467/591
f 686/1449/548 687/1448/547 719/1469/592
f 716/1470/593 717/1473/595 622/1471/594
f 684/1446/545 685/1445/544 717/1473/595
f 714/1474/596 715/1477/598 620/1475/597
f 682/1443/542 683/1442/541 715/1477/598
f 617/1478/599 712/1481/600 713/1479/600
f 680/1440/538 681/1441/538 713/1479/600
f 615/1310/601 710/1483/603 711/1482/602
f 710/1483/603 678/1438/535 679/1439/537
f 613/1334/604 708/1485/607 709/1484/605
f 708/1485/607 676/1436/532 677/1437/534
f 611/1359/608 707/1486/610 701/1366/609
f 707/1486/610 675/1435/529 669/1367/531
f 609/1357/611 702/1345/613 706/1487/612
f 702/1345/613 670/1433/526 674/1434/528
f 607/1389/614 705/1488/616 703/1324/615
f 705/1488/616 673/1432/523 671/1325/525
f 564/1355/467 563/1306/349 730/1308/351
f 375/1197/302 617/1478/617 618/1480/617
f 513/1427/618 705/1488/625 607/1389/619
f 565/1370/621 731/1461/626 635/1458/622
f 514/1305/624 673/1432/673 705/1488/625
f 566/1356/453 699/1388/453 731/1461/626
f 373/1201/303 619/1476/627 620/1475/627
f 515/1428/628 384/1176/763 610/1378/629
f 567/1365/631 357/1230/764 636/1460/632
f 516/1304/634 515/1428/628 706/1487/630
f 568/1358/448 567/1365/631 732/1459/633
f 371/1205/304 621/1472/635 622/1471/635
f 517/1407/636 707/1486/640 611/1359/637
f 518/1323/639 675/1435/639 707/1486/640
f 369/1209/306 623/1468/641 624/1467/641
f 519/1409/642 708/1485/646 613/1334/643
f 520/1321/645 676/1436/645 708/1485/646
f 367/1213/307 625/1464/647 626/1463/647
f 521/1408/648 380/1184/765 614/1335/649
f 522/1322/651 521/1408/648 709/1484/650
f 365/1217/309 627/1431/652 628/1423/652
f 523/1489/653 710/1483/653 615/1310/654
f 524/1490/655 678/1438/696 710/1483/653
f 506/1298/422 669/1367/422 661/1382/656
f 363/1221/311 629/1415/658 630/1398/658
f 525/1410/659 378/1188/766 616/1311/660
f 508/1299/391 415/1251/767 664/1364/662
f 526/1320/663 525/1410/659 711/1482/661
f 510/1300/368 671/1325/368 665/1343/664
f 361/1386/312 631/1385/666 632/1369/666
f 527/1400/667 712/1481/667 617/1478/668
f 512/1301/343 419/1276/768 668/1316/669
f 528/1330/671 680/1440/671 712/1481/667
f 514/1305/624 417/1264/769 666/1344/672
f 360/1228/313 359/1227/313 633/1347/674
f 529/1412/675 376/1192/676 618/1480/676
f 516/1304/634 674/1434/634 663/1363/678
f 530/1317/680 529/1412/675 713/1479/677
f 518/1323/639 413/1243/770 662/1383/681
f 357/1230/293 358/1168/293 635/1458/682
f 531/1402/683 714/1474/689 619/1476/684
f 520/1321/645 411/1233/771 660/1397/686
f 389/1255/323 390/1262/325 637/1384/687
f 532/1328/688 682/1443/688 714/1474/689
f 522/1322/651 677/1437/651 659/1396/690
f 533/1399/692 374/1199/772 620/1475/693
f 524/1490/655 409/1292/773 658/1406/695
f 392/1274/327 639/1403/697 640/1413/697
f 534/1331/698 533/1399/692 715/1477/694
f 526/1320/663 679/1439/663 657/1405/700
f 535/1391/702 716/1470/708 621/1472/703
f 528/1330/671 407/1284/705 656/1420/705
f 394/1280/332 641/1416/706 642/1421/706
f 536/1338/707 684/1446/707 716/1470/708
f 530/1317/680 681/1441/680 655/1419/709
f 537/1401/711 372/1203/774 622/1471/712
f 532/1328/688 405/1272/775 654/1426/714
f 396/1290/334 643/1424/715 644/1429/715
f 538/1329/716 537/1401/711 717/1473/713
f 534/1331/698 683/1442/699 653/1491/717
f 539/1393/719 718/1466/725 623/1468/720
f 536/1338/707 403/1253/776 652/1444/722
f 398/1237/316 645/1495/723 646/1453/723
f 540/1336/724 686/1449/724 718/1466/725
f 538/1329/716 685/1445/716 651/1492/726
f 541/1390/728 370/1207/777 624/1467/729
f 540/1336/724 401/1245/778 650/1447/731
f 400/1241/317 647/1494/732 648/1450/732
f 542/1339/733 541/1390/728 719/1469/730
f 542/1339/733 687/1448/734 649/1493/735
f 543/1372/737 720/1462/743 625/1464/738
f 544/1353/740 399/1236/779 648/1450/741
f 402/1249/319 649/1493/742 650/1447/742
f 544/1353/740 688/1452/740 720/1462/743
f 546/1337/744 689/1451/752 647/1494/745
f 545/1392/747 368/1211/780 626/1463/748
f 548/1351/507 397/1295/781 646/1453/750
f 404/1260/322 651/1492/751 652/1444/751
f 546/1337/744 545/1392/747 721/1465/749
f 550/1354/499 691/1418/499 645/1495/753
