# Blender 5.2.0 LTS
# www.blender.org
mtllib rueda_med_der.mtl
o RoverModificado.005
v -1.132919 1.744260 3.013731
v -1.058396 1.822463 2.905731
v -1.111092 1.767165 2.937363
v -1.028585 1.853747 2.905731
v -0.954063 1.931950 3.013731
v -0.975890 1.909045 2.937363
v -1.058396 1.822463 3.164931
v -1.132919 1.744260 3.056931
v -1.111092 1.767165 3.133298
v -0.954063 1.931950 3.056931
v -1.028585 1.853747 3.164931
v -0.975890 1.909045 3.133298
v -0.321053 1.609205 2.555331
v -0.321053 1.326362 2.555331
v -0.262474 1.467784 2.555331
v -0.321052 1.326362 3.515332
v -0.321053 1.609205 3.515331
v -0.262474 1.467784 3.515331
v -0.533185 1.114230 2.555332
v -0.816028 1.114230 2.555332
v -0.674606 1.055652 2.555332
v -0.816027 1.114230 3.515332
v -0.533184 1.114230 3.515332
v -0.674606 1.055652 3.515332
v -2.852931 3.118833 2.639332
v -2.292794 3.690012 2.639332
v -2.852931 3.118833 2.831332
v -2.292794 3.690012 2.831332
v -0.464705 0.984472 2.639331
v -0.747534 0.981711 2.639331
v -0.553853 0.931835 2.639331
v -0.657376 0.930825 2.639331
v -0.187396 1.552890 2.639331
v -0.184636 1.270061 2.639331
v -0.134760 1.463742 2.639331
v -0.133749 1.360220 2.639331
v -0.464705 0.984472 2.831331
v -0.553853 0.931835 2.831332
v -0.184636 1.270061 2.831331
v -0.133749 1.360220 2.831331
v -0.134760 1.463742 2.831331
v -0.855124 1.817737 3.515332
v -0.907152 1.789927 3.515332
v -0.952755 1.752502 3.515332
v -0.990180 1.706900 3.515332
v -1.035115 1.598417 3.515332
v -1.017990 1.654871 3.515332
v -0.798671 1.244553 3.515332
v -1.035115 1.480998 3.515332
v -0.952755 1.326913 3.515332
v -0.907152 1.289488 3.515332
v -0.990181 1.372516 3.515332
v -0.739961 1.238771 3.515332
v -0.855124 1.261679 3.515332
v -1.017990 1.424544 3.515332
v -0.736097 1.239151 3.515332
v -1.040898 1.539708 3.515332
v -0.527166 1.752502 3.515332
v -0.489741 1.706899 3.515332
v -0.572769 1.789928 3.515332
v -0.461931 1.654871 3.515332
v -0.624797 1.817737 3.515332
v -0.444806 1.598418 3.515332
v -0.444806 1.480998 3.515332
v -0.439024 1.539708 3.515332
v -0.527166 1.326913 3.515332
v -0.489741 1.372516 3.515332
v -0.461931 1.424544 3.515332
v -0.681251 1.834862 3.515332
v -0.739961 1.840645 3.515332
v -0.798671 1.834862 3.515332
v -0.572769 1.289488 3.515332
v -0.624797 1.261678 3.515332
v -0.681251 1.244553 3.515332
v -0.853868 1.261297 2.555332
v -0.855125 1.261679 2.555332
v -0.952756 1.326913 2.555332
v -0.990181 1.372516 2.555332
v -0.907152 1.289488 2.555332
v -0.527167 1.752502 2.555331
v -0.489741 1.706899 2.555331
v -0.572769 1.789928 2.555332
v -0.461932 1.654871 2.555331
v -0.624798 1.817737 2.555332
v -0.444807 1.598418 2.555331
v -0.681251 1.834862 2.555332
v -0.739961 1.840645 2.555332
v -0.855125 1.817737 2.555332
v -0.798671 1.834862 2.555332
v -0.952756 1.752502 2.555332
v -0.990181 1.706900 2.555332
v -0.907153 1.789927 2.555332
v -0.489741 1.372516 2.555331
v -0.527167 1.326913 2.555332
v -0.624797 1.261678 2.555332
v -0.681251 1.244553 2.555332
v -0.572769 1.289488 2.555332
v -0.798671 1.244553 2.555332
v -0.739961 1.238771 2.555332
v -1.017991 1.424544 2.555332
v -1.035115 1.480998 2.555332
v -1.040898 1.539708 2.555332
v -0.439024 1.539708 2.555331
v -0.444806 1.480998 2.555331
v -1.035115 1.598417 2.555332
v -1.017991 1.654871 2.555332
v -0.461932 1.424544 2.555331
v -0.624798 1.817737 2.831332
v -0.489741 1.372516 2.831332
v -0.907153 1.789927 2.831332
v -0.572769 1.289488 2.831332
v -0.990181 1.706900 2.831332
v -0.855125 1.261679 2.831332
v -1.017991 1.424544 2.831332
v -0.739961 1.238771 2.831332
v -0.489741 1.706899 2.639331
v -0.624798 1.817737 2.639331
v -0.739961 1.840645 2.639331
v -0.444807 1.598418 2.639331
v -0.461932 1.424544 2.639331
v -0.572769 1.289488 2.639331
v -0.990181 1.706900 2.639331
v -0.907153 1.789927 2.639331
v -1.035115 1.598417 2.639331
v -0.739961 1.238771 2.639331
v -0.855125 1.261679 2.639331
v -0.952756 1.326913 2.639331
v -1.035115 1.480998 2.639331
v -2.425577 2.697690 2.639332
v -2.425576 2.697690 2.831332
v -2.143020 2.916114 2.905731
v -2.115373 2.944276 2.905731
v -2.191891 2.866331 3.133299
v -2.212135 2.845711 3.013731
v -2.066502 2.994058 2.937364
v -2.115373 2.944276 3.164931
v -2.191891 2.866331 2.937364
v -2.212135 2.845711 3.056931
v -2.046259 3.014678 3.056931
v -2.046259 3.014678 3.013731
v -2.143020 2.916114 3.164931
v -2.066502 2.994058 3.133299
v -3.227489 3.118864 2.639332
v -3.401248 3.292695 2.639332
v -3.350355 3.169807 2.639332
v -3.401248 3.536358 2.639332
v -3.227543 3.705797 2.639332
v -3.350371 3.657958 2.639332
v -3.401248 3.292695 2.831332
v -3.227489 3.118864 2.831332
v -3.350355 3.169807 2.831332
v -3.227543 3.705797 2.831332
v -3.401248 3.536358 2.831332
v -3.350371 3.657958 2.831332
v -0.798671 1.834862 2.831332
v -0.461932 1.654871 2.831332
v -0.187396 1.552890 2.831331
v -2.640421 3.401515 2.850004
v -2.710365 3.330386 2.895238
v -2.035932 3.017908 2.895238
v -2.006960 3.047369 3.004443
v -2.244363 2.805948 3.004443
v -2.215391 2.835411 2.895238
v -2.244363 2.805948 3.066219
v -2.215390 2.835411 3.175425
v -2.145446 2.906539 3.220659
v -2.600852 3.441754 2.850004
v -2.600851 3.441754 3.220659
v -2.530907 3.512883 3.175425
v -2.105877 2.946779 3.220659
v -2.035932 3.017908 3.175425
v -2.145446 2.906539 2.850003
v -2.105877 2.946779 2.850003
v -2.640421 3.401515 3.220659
v -2.006960 3.047369 3.066219
v -2.710365 3.330386 3.175425
v -2.739338 3.300923 3.004443
v -2.739338 3.300923 3.066219
v -2.530907 3.512883 2.895238
v -2.501935 3.542345 3.004443
v -2.501935 3.542345 3.066219
v -0.929538 1.962386 2.555332
v -0.674233 1.962386 2.555332
v -0.801886 2.015261 2.555332
v -0.674233 1.962386 3.515332
v -0.929538 1.962386 3.515332
v -0.801885 2.015261 3.515332
v -1.169208 1.467411 2.555332
v -1.169208 1.722715 2.555332
v -1.222084 1.595063 2.555332
v -1.169208 1.722715 3.515332
v -1.169208 1.467411 3.515332
v -1.222083 1.595063 3.515332
v -0.440650 1.556214 2.831331
v -1.040898 1.539708 2.831332
v -0.747534 0.981711 2.831332
v -0.657376 0.930825 2.831332
v -0.527167 1.752502 2.831332
v -0.952756 1.326913 2.831332
v -3.227516 3.412330 2.639332
v -3.227516 3.412330 2.831332
v -2.852931 3.118833 3.239332
v -2.292794 3.690012 3.239332
v -2.852931 3.118833 3.431332
v -2.292794 3.690012 3.431332
v -0.464705 0.984472 3.239332
v -0.747534 0.981711 3.239332
v -0.553853 0.931835 3.239332
v -0.657375 0.930825 3.239332
v -0.187396 1.552890 3.239331
v -0.184636 1.270061 3.239331
v -0.134760 1.463742 3.239331
v -0.133749 1.360220 3.239331
v -0.464705 0.984472 3.431332
v -0.553853 0.931835 3.431332
v -0.184636 1.270061 3.431331
v -0.133749 1.360220 3.431331
v -0.134760 1.463742 3.431331
v -0.624798 1.817737 3.431332
v -0.489741 1.372516 3.431332
v -0.907152 1.789927 3.431332
v -0.572769 1.289488 3.431332
v -0.990180 1.706900 3.431332
v -0.855124 1.261679 3.431332
v -1.017990 1.424544 3.431332
v -0.739961 1.238771 3.431332
v -0.489741 1.706899 3.239332
v -0.624798 1.817737 3.239332
v -0.739961 1.840645 3.239332
v -0.444806 1.598418 3.239332
v -0.461932 1.424544 3.239332
v -0.572769 1.289488 3.239332
v -0.990180 1.706900 3.239332
v -0.907152 1.789927 3.239332
v -1.035115 1.598417 3.239332
v -0.739961 1.238771 3.239332
v -0.855124 1.261679 3.239332
v -0.952755 1.326913 3.239332
v -1.035115 1.480998 3.239332
v -2.425576 2.697690 3.239332
v -2.425576 2.697690 3.431332
v -3.227489 3.118864 3.239332
v -3.401247 3.292695 3.239332
v -3.350355 3.169807 3.239332
v -3.401247 3.536358 3.239332
v -3.227543 3.705797 3.239332
v -3.350371 3.657958 3.239332
v -3.401247 3.292695 3.431332
v -3.227489 3.118864 3.431332
v -3.350355 3.169807 3.431332
v -3.227543 3.705797 3.431332
v -3.401247 3.536358 3.431332
v -3.350371 3.657958 3.431332
v -0.798671 1.834862 3.431332
v -0.461931 1.654871 3.431331
v -0.187396 1.552890 3.431331
v -0.440650 1.556214 3.431332
v -1.040898 1.539708 3.431332
v -0.747534 0.981711 3.431332
v -0.657375 0.930825 3.431332
v -0.527166 1.752502 3.431332
v -0.952755 1.326913 3.431332
v -3.227516 3.412330 3.239332
v -3.227516 3.412330 3.431332
v -1.040496 1.480997 2.343333
v -0.995562 1.372516 2.343332
v -0.912533 1.289487 2.343333
v -0.804052 1.244553 2.343332
v -0.630178 1.261678 2.343332
v -0.532547 1.326913 2.343332
v -0.467312 1.424543 2.343332
v -0.444405 1.539707 2.343332
v -0.467312 1.654871 2.343332
v -0.532547 1.752502 2.343332
v -0.630178 1.817736 2.343332
v -0.745342 1.840644 2.343332
v -0.912533 1.789927 2.343332
v -0.995562 1.706899 2.343333
v -1.040496 1.598417 2.343332
v -1.040496 1.480998 3.599333
v -0.995562 1.372516 3.599333
v -0.860505 1.261678 3.599333
v -0.745342 1.238770 3.599333
v -0.630178 1.261678 3.599333
v -0.532547 1.326913 3.599333
v -0.450187 1.480997 3.599333
v -0.467312 1.654871 3.599333
v -0.532547 1.752502 3.599333
v -0.630178 1.817736 3.599333
v -0.804052 1.834861 3.599333
v -0.958136 1.752502 3.599333
v -1.040496 1.598417 3.599333
v 0.154175 1.539708 4.714281
v 0.136891 1.364221 4.714281
v 0.085704 1.195478 4.714281
v 0.002580 1.039964 4.714281
v -0.109287 0.903654 4.714281
v -0.245596 0.791788 4.714282
v -0.401111 0.708664 4.714282
v -0.569854 0.657476 4.714282
v -0.745341 0.640192 4.714282
v -0.920827 0.657476 4.714282
v -1.089570 0.708663 4.714282
v -1.245085 0.791788 4.714282
v -1.381394 0.903654 4.714282
v -1.493261 1.039964 4.714282
v -1.576385 1.195478 4.714282
v -1.627573 1.364221 4.714282
v -1.644857 1.539708 4.714282
v -1.627573 1.715195 4.714282
v -1.576385 1.883938 4.714282
v -1.493261 2.039452 4.714282
v -1.381395 2.175762 4.714282
v -1.245085 2.287628 4.714282
v -1.089571 2.370752 4.714282
v -0.920827 2.421940 4.714282
v -0.745341 2.439224 4.714282
v -0.569854 2.421940 4.714282
v -0.401111 2.370752 4.714282
v -0.245596 2.287628 4.714282
v -0.109287 2.175762 4.714282
v 0.002580 2.039452 4.714281
v 0.085704 1.883938 4.714281
v 0.136892 1.715195 4.714281
v -1.843671 1.993409 3.574282
v -1.732779 2.200873 3.574282
v 0.154175 1.539708 3.674282
v 0.136891 1.364221 3.674282
v 0.085703 1.195478 3.674282
v 0.002579 1.039964 3.674282
v -0.109287 0.903654 3.674282
v -0.245597 0.791788 3.674282
v -0.401111 0.708664 3.674282
v -0.569854 0.657476 3.674282
v -0.745341 0.640192 3.674282
v -0.920828 0.657476 3.674282
v -1.089571 0.708664 3.674282
v -1.245085 0.791788 3.674282
v -1.381395 0.903654 3.674282
v -1.493261 1.039964 3.674282
v -1.576385 1.195478 3.674282
v -1.627573 1.364221 3.674282
v -1.644857 1.539708 3.674282
v -1.627573 1.715195 3.674282
v -1.576385 1.883938 3.674282
v -1.493261 2.039452 3.674282
v -1.381395 2.175762 3.674282
v -1.245085 2.287628 3.674282
v -1.089571 2.370752 3.674282
v -0.920828 2.421940 3.674282
v -0.745341 2.439224 3.674282
v -0.569854 2.421940 3.674282
v -0.401111 2.370752 3.674282
v -0.245597 2.287628 3.674282
v -0.109287 2.175762 3.674282
v 0.002579 2.039452 3.674282
v 0.085704 1.883938 3.674282
v 0.136891 1.715195 3.674282
v -1.843670 1.993409 4.774282
v -1.732778 2.200874 4.774282
v -1.843670 1.993409 4.774282
v -1.843671 1.993409 3.574282
v -1.732779 2.200873 3.574282
v -1.732778 2.200874 4.774282
v 0.258905 1.338565 3.674282
v 0.278499 1.537500 3.674281
v 0.200878 1.147274 3.674282
v 0.106647 0.970980 3.674282
v -0.020167 0.816457 3.674282
v -0.174690 0.689643 3.674282
v -0.350985 0.595412 3.674282
v -0.542275 0.537384 3.674282
v -0.741211 0.517791 3.674282
v -0.940146 0.537384 3.674282
v -1.131437 0.595411 3.674282
v -1.307731 0.689643 3.674282
v -1.462254 0.816457 3.674282
v -1.589068 0.970980 3.674282
v -1.683299 1.147274 3.674282
v -1.741327 1.338565 3.674282
v -1.760920 1.537500 3.674282
v -1.741327 1.736436 3.674282
v -1.683299 1.927726 3.674282
v -1.589068 2.104020 3.674282
v -1.462254 2.258544 3.674282
v -1.307731 2.385358 3.674282
v -1.131437 2.479589 3.674282
v -0.940146 2.537617 3.674282
v -0.741211 2.557209 3.674282
v -0.542275 2.537617 3.674282
v -0.350985 2.479589 3.674282
v -0.174690 2.385358 3.674282
v -0.020167 2.258544 3.674282
v 0.106647 2.104020 3.674281
v 0.200878 1.927726 3.674282
v 0.258905 1.736436 3.674282
v 0.283211 1.539708 4.714281
v 0.263448 1.339047 4.714281
v 0.204917 1.146098 4.714281
v 0.109869 0.968275 4.714281
v -0.018045 0.812412 4.714281
v -0.173908 0.684499 4.714282
v -0.351731 0.589450 4.714282
v -0.544680 0.530920 4.714282
v -0.745340 0.511156 4.714282
v -0.946001 0.530920 4.714282
v -1.138950 0.589450 4.714282
v -1.316773 0.684498 4.714282
v -1.472636 0.812412 4.714282
v -1.600550 0.968275 4.714282
v -1.695598 1.146098 4.714282
v -1.754129 1.339047 4.714282
v -1.773892 1.539708 4.714282
v -1.754129 1.740368 4.714282
v -1.695598 1.933318 4.714282
v -1.600550 2.111141 4.714282
v -1.472636 2.267004 4.714282
v -1.316773 2.394917 4.714282
v -1.138950 2.489966 4.714282
v -0.946001 2.548496 4.714282
v -0.745340 2.568260 4.714282
v -0.544680 2.548496 4.714282
v -0.351731 2.489966 4.714282
v -0.173908 2.394917 4.714282
v -0.018045 2.267004 4.714282
v 0.109869 2.111141 4.714281
v 0.204917 1.933318 4.714281
v 0.263448 1.740368 4.714281
v -0.745341 1.636180 4.654280
v -0.793577 1.623255 4.654280
v -0.828888 1.587944 4.654280
v -0.841813 1.539708 4.654280
v -0.828888 1.491472 4.654280
v -0.793577 1.456160 4.654280
v -0.745341 1.443235 4.654280
v -0.697105 1.456160 4.654280
v -0.661793 1.491472 4.654280
v -0.648868 1.539708 4.654280
v -0.661793 1.587944 4.654280
v -0.697105 1.623255 4.654280
v -0.745341 1.739708 4.530947
v -0.745341 1.739708 4.377613
v -0.845341 1.712913 4.377613
v -0.845341 1.712913 4.530947
v -0.918546 1.639708 4.377613
v -0.918546 1.639708 4.530947
v -0.945341 1.539708 4.377613
v -0.945341 1.539708 4.530947
v -0.918546 1.439708 4.377613
v -0.918546 1.439708 4.530947
v -0.845341 1.366503 4.377613
v -0.845341 1.366503 4.530947
v -0.745341 1.339708 4.377613
v -0.745341 1.339708 4.530947
v -0.645341 1.366503 4.377613
v -0.645341 1.366503 4.530947
v -0.572136 1.439708 4.377613
v -0.572136 1.439708 4.530947
v -0.545341 1.539708 4.377613
v -0.545341 1.539708 4.530947
v -0.572136 1.639708 4.377613
v -0.572136 1.639708 4.530947
v -0.645341 1.712913 4.377613
v -0.645341 1.712913 4.530947
v -0.926514 2.415856 4.030947
v -0.926514 2.415856 3.777613
v -1.026514 2.389061 3.777613
v -1.026514 2.389061 4.030947
v -1.594694 1.820881 3.777613
v -1.594694 1.820881 4.030947
v -1.621489 1.720881 3.777613
v -1.621489 1.720881 4.030947
v -1.413521 0.944733 3.777614
v -1.413521 0.944733 4.030947
v -1.340316 0.871528 3.777613
v -1.340316 0.871528 4.030947
v -0.564168 0.663560 3.777613
v -0.564167 0.663560 4.030947
v -0.464167 0.690355 3.777613
v -0.464167 0.690355 4.030947
v 0.104012 1.258535 3.777613
v 0.104012 1.258535 4.030946
v 0.130807 1.358534 3.777613
v 0.130807 1.358534 4.030946
v -0.077161 2.134683 3.777613
v -0.077161 2.134683 4.030946
v -0.150366 2.207888 3.777613
v -0.150366 2.207888 4.030946
v -0.745341 1.739708 4.654280
v -0.845341 1.712913 4.654280
v -0.918546 1.639708 4.654280
v -0.945341 1.539708 4.654280
v -0.918546 1.439708 4.654280
v -0.845341 1.366503 4.654280
v -0.745341 1.339708 4.654280
v -0.645341 1.366503 4.654280
v -0.572136 1.439708 4.654280
v -0.545341 1.539708 4.654280
v -0.572136 1.639708 4.654280
v -0.645341 1.712913 4.654280
v -0.745341 1.636180 4.554280
v -0.793577 1.623255 4.554280
v -0.828888 1.587944 4.554280
v -0.841813 1.539708 4.554280
v -0.828888 1.491472 4.554280
v -0.793577 1.456160 4.554280
v -0.745341 1.443235 4.554280
v -0.697105 1.456160 4.554280
v -0.661793 1.491472 4.554280
v -0.648869 1.539708 4.554280
v -0.661793 1.587944 4.554280
v -0.697105 1.623255 4.554280
v -0.523057 2.641507 4.003615
v -0.523939 2.645496 4.384949
v -0.312029 2.577492 4.003615
v -0.312303 2.581297 4.384949
v 0.192821 2.163173 4.003615
v 0.194002 2.165784 4.384948
v 0.296774 1.968689 4.003615
v 0.298255 1.970739 4.384948
v 0.052922 2.333640 4.003615
v 0.053700 2.336742 4.384949
v -0.117545 2.473539 4.003615
v -0.117258 2.477044 4.384949
v -0.742518 2.663122 4.003615
v -0.744033 2.667173 4.384949
v -1.173008 2.577492 4.003615
v -1.175763 2.581297 4.384949
v -0.961980 2.641507 4.003615
v -0.964127 2.645496 4.384949
v -1.537959 2.333640 4.003616
v -1.541766 2.336742 4.384949
v -1.367492 2.473538 4.003615
v -1.370808 2.477044 4.384949
v -1.781811 1.968689 4.003616
v -1.786321 1.970739 4.384949
v -1.677857 2.163173 4.003616
v -1.682067 2.165784 4.384949
v -1.867441 1.538200 4.003616
v -1.872197 1.539009 4.384949
v -1.845826 1.757661 4.003616
v -1.850520 1.759103 4.384949
v -1.781811 1.107710 4.003616
v -1.786321 1.107279 4.384949
v -1.845826 1.318738 4.003616
v -1.850520 1.318915 4.384949
v -1.537959 0.742759 4.003616
v -1.541766 0.741276 4.384949
v -1.677857 0.913226 4.003616
v -1.682067 0.912234 4.384949
v -1.173008 0.498906 4.003615
v -1.175763 0.496721 4.384949
v -1.367492 0.602860 4.003615
v -1.370807 0.600974 4.384949
v -0.742518 0.413277 4.003615
v -0.744033 0.410844 4.384949
v -0.961980 0.434892 4.003615
v -0.964127 0.432521 4.384949
v -0.312029 0.498906 4.003615
v -0.312303 0.496721 4.384949
v -0.523057 0.434892 4.003615
v -0.523939 0.432521 4.384949
v 0.052922 0.742759 4.003615
v 0.053700 0.741276 4.384948
v -0.117545 0.602860 4.003615
v -0.117258 0.600974 4.384949
v 0.296774 1.107710 4.003615
v 0.298255 1.107279 4.384948
v 0.192821 0.913226 4.003615
v 0.194002 0.912234 4.384948
v 0.360789 1.757661 4.003615
v 0.362455 1.759103 4.384948
v 0.382404 1.538200 4.003615
v 0.384132 1.539009 4.384948
v 0.360789 1.318738 4.003615
v 0.362455 1.318915 4.384948
v -0.745341 1.739708 3.939836
v -0.745341 1.739708 3.842058
v -0.845341 1.712913 3.842058
v -0.845341 1.712913 3.939836
v -0.918546 1.639708 3.842058
v -0.918546 1.639708 3.939836
v -0.945341 1.539708 3.842058
v -0.945341 1.539708 3.939836
v -0.918546 1.439708 3.842058
v -0.918546 1.439708 3.939836
v -0.845341 1.366503 3.842058
v -0.845341 1.366503 3.939836
v -0.745341 1.339708 3.842058
v -0.745341 1.339708 3.939836
v -0.645341 1.366503 3.842058
v -0.645341 1.366503 3.939836
v -0.572136 1.439708 3.842058
v -0.572136 1.439708 3.939835
v -0.545341 1.539708 3.842058
v -0.545341 1.539708 3.939835
v -0.572136 1.639708 3.842058
v -0.572136 1.639708 3.939835
v -0.645341 1.712913 3.842058
v -0.645341 1.712913 3.939835
v -1.340316 2.207887 3.842058
v -1.340316 2.207887 3.939836
v -1.413521 2.134682 3.842058
v -1.413521 2.134682 3.939836
v -1.026515 0.690355 3.842058
v -1.026515 0.690355 3.939836
v -0.926515 0.663560 3.842058
v -0.926515 0.663560 3.939836
v 0.130807 1.720881 3.842058
v 0.130807 1.720881 3.939835
v 0.104012 1.820881 3.842058
v 0.104012 1.820881 3.939835
v 0.243365 1.945237 3.679482
v 0.304003 1.745338 3.679482
v 0.012372 2.290941 3.679482
v 0.144893 2.129464 3.679482
v -0.333332 2.521933 3.679482
v -0.149105 2.423462 3.679482
v -0.741118 2.603047 3.679482
v -0.533230 2.582572 3.679482
v -1.148904 2.521933 3.679482
v -0.949006 2.582572 3.679482
v -1.494608 2.290941 3.679483
v -1.333131 2.423461 3.679482
v -1.725600 1.945237 3.679483
v -1.627129 2.129464 3.679482
v -1.806714 1.537451 3.679483
v -1.786239 1.745338 3.679483
v -1.725600 1.129665 3.679483
v -1.786239 1.329563 3.679483
v -1.494608 0.783960 3.679482
v -1.627129 0.945437 3.679482
v -1.148904 0.552968 3.679482
v -1.333131 0.651440 3.679482
v -0.741118 0.471855 3.679482
v -0.949005 0.492330 3.679482
v -0.333332 0.552968 3.679482
v -0.533230 0.492330 3.679482
v 0.012372 0.783960 3.679482
v -0.149104 0.651440 3.679482
v 0.243365 1.129665 3.679482
v 0.144893 0.945437 3.679482
v 0.324478 1.537451 3.679482
v 0.304003 1.329563 3.679482
v 0.308750 1.330068 4.709082
v 0.329402 1.539758 4.709082
v 0.148260 0.942611 4.709082
v 0.247586 1.128436 4.709082
v -0.148287 0.646064 4.709082
v 0.014590 0.779734 4.709082
v -0.535743 0.485574 4.709082
v -0.334111 0.546738 4.709082
v -0.955124 0.485574 4.709082
v -0.745434 0.464922 4.709082
v -1.342580 0.646064 4.709082
v -1.156755 0.546738 4.709082
v -1.639127 0.942611 4.709082
v -1.505457 0.779734 4.709082
v -1.799617 1.330068 4.709082
v -1.738453 1.128435 4.709083
v -1.799617 1.749448 4.709082
v -1.820269 1.539758 4.709083
v -1.639127 2.136905 4.709082
v -1.738453 1.951079 4.709083
v -1.342581 2.433451 4.709082
v -1.505458 2.299781 4.709082
v -0.955124 2.593941 4.709082
v -1.156756 2.532776 4.709082
v -0.535743 2.593941 4.709082
v -0.745434 2.614594 4.709082
v -0.148287 2.433451 4.709082
v -0.334111 2.532776 4.709082
v 0.148260 2.136905 4.709082
v 0.014590 2.299782 4.709082
v 0.308750 1.749448 4.709082
v 0.247586 1.951079 4.709082
v -0.502005 2.756185 4.383042
v -0.269206 2.685566 4.383042
v 0.287729 2.228501 4.383042
v 0.402408 2.013952 4.383042
v 0.133397 2.416556 4.383042
v -0.054657 2.570887 4.383042
v -0.744109 2.780030 4.383042
v -1.219012 2.685566 4.383043
v -0.986212 2.756185 4.383042
v -1.621615 2.416555 4.383043
v -1.433561 2.570887 4.383043
v -1.890625 2.013952 4.383043
v -1.775946 2.228501 4.383043
v -1.985089 1.539049 4.383043
v -1.961244 1.781153 4.383043
v -1.890625 1.064146 4.383043
v -1.961244 1.296946 4.383043
v -1.621615 0.661543 4.383043
v -1.775946 0.849597 4.383043
v -1.219011 0.392533 4.383042
v -1.433560 0.507211 4.383043
v -0.744109 0.298068 4.383042
v -0.986212 0.321913 4.383042
v -0.269206 0.392533 4.383042
v -0.502005 0.321913 4.383042
v 0.133397 0.661543 4.383042
v -0.054657 0.507212 4.383042
v 0.402408 1.064147 4.383042
v 0.287729 0.849597 4.383042
v 0.473027 1.781153 4.383042
v 0.496872 1.539049 4.383042
v 0.473027 1.296946 4.383042
v -0.501035 2.751797 4.005522
v -0.268905 2.681381 4.005522
v 0.286430 2.225630 4.005522
v 0.400779 2.011697 4.005522
v 0.132541 2.413144 4.005522
v -0.054972 2.567032 4.005522
v -0.742443 2.775573 4.005522
v -1.215981 2.681381 4.005523
v -0.983851 2.751797 4.005522
v -1.617427 2.413143 4.005523
v -1.429914 2.567031 4.005523
v -1.885665 2.011697 4.005523
v -1.771315 2.225630 4.005523
v -1.979857 1.538159 4.005523
v -1.956081 1.779567 4.005523
v -1.885665 1.064621 4.005523
v -1.956081 1.296751 4.005523
v -1.617427 0.663175 4.005523
v -1.771315 0.850688 4.005523
v -1.215981 0.394937 4.005522
v -1.429913 0.509286 4.005523
v -0.742443 0.300744 4.005522
v -0.983851 0.324521 4.005522
v -0.268905 0.394937 4.005522
v -0.501035 0.324521 4.005522
v 0.132541 0.663175 4.005522
v -0.054972 0.509287 4.005522
v 0.400779 1.064621 4.005522
v 0.286430 0.850688 4.005522
v 0.471195 1.779566 4.005522
v 0.494972 1.538159 4.005522
v 0.471195 1.296751 4.005522
v -0.875864 2.226827 4.350298
v -0.848634 2.125203 4.488866
v -0.823221 2.030361 4.573027
v -0.784560 1.886075 4.595888
v -0.948634 2.098408 4.488866
v -0.975864 2.200032 4.350298
v -0.884560 1.859280 4.595888
v -0.923221 2.003566 4.573027
v -1.091708 1.578927 4.595888
v -1.235994 1.617588 4.573027
v -1.330836 1.643001 4.488866
v -1.432460 1.670231 4.350298
v -1.209199 1.717588 4.573027
v -1.064913 1.678927 4.595888
v -1.405665 1.770231 4.350298
v -1.304041 1.743001 4.488866
v -0.538192 1.820061 4.595888
v -0.432568 1.925686 4.573027
v -0.363139 1.995115 4.488866
v -0.288745 2.069509 4.350298
v -0.359363 1.852480 4.573027
v -0.464987 1.746856 4.595888
v -0.215540 1.996304 4.350297
v -0.289934 1.921910 4.488866
v -0.281483 1.361828 4.573027
v -0.425768 1.400489 4.595888
v -0.085017 1.309185 4.350297
v -0.186641 1.336415 4.488866
v -0.159846 1.436415 4.488866
v -0.058222 1.409185 4.350297
v -0.398973 1.500489 4.595888
v -0.254688 1.461828 4.573027
v -0.606122 1.220135 4.595888
v -0.567461 1.075850 4.573027
v -0.542048 0.981008 4.488866
v -0.514817 0.879384 4.350298
v -0.667460 1.049055 4.573027
v -0.706122 1.193340 4.595888
v -0.614818 0.852589 4.350298
v -0.642048 0.954213 4.488866
v -1.131319 1.226935 4.573027
v -1.025694 1.332559 4.595888
v -1.275142 1.083112 4.350298
v -1.200748 1.157506 4.488866
v -1.127543 1.084301 4.488866
v -1.201937 1.009907 4.350298
v -0.952489 1.259354 4.595888
v -1.058113 1.153730 4.573027
v -0.745341 1.739708 3.321613
v -0.845341 1.712913 3.321613
v -0.918546 1.639708 3.321613
v -0.945341 1.539708 3.321613
v -0.918546 1.439708 3.321613
v -0.845341 1.366503 3.321613
v -0.745341 1.339708 3.321613
v -0.645341 1.366503 3.321613
v -0.572136 1.439708 3.321613
v -0.545341 1.539708 3.321613
v -0.572136 1.639708 3.321613
v -0.645341 1.712913 3.321613
v -0.875341 1.764874 3.040034
v -0.745341 1.799708 3.040034
v -0.745341 1.799708 3.321567
v -0.970508 1.669708 3.040034
v -1.005341 1.539708 3.040034
v -0.970508 1.409708 3.040034
v -0.875341 1.314541 3.040034
v -0.745341 1.279708 3.040034
v -0.615341 1.314541 3.040034
v -0.520175 1.409708 3.040034
v -0.485341 1.539708 3.040034
v -0.520175 1.669708 3.040034
v -0.615341 1.764874 3.040034
v -0.875341 1.764874 3.321567
v -0.970508 1.669708 3.321567
v -1.005341 1.539708 3.321567
v -0.970508 1.409708 3.321567
v -0.875341 1.314541 3.321567
v -0.745341 1.279708 3.321567
v -0.615341 1.314541 3.321567
v -0.520175 1.409708 3.321567
v -0.485341 1.539708 3.321567
v -0.520175 1.669708 3.321567
v -0.615341 1.764874 3.321567
v -1.114260 2.430359 4.714282
v -0.933414 2.485218 4.714282
v -0.933414 0.594198 4.714282
v -1.114260 0.649057 4.714282
v -0.745340 2.503742 4.714282
v -1.280929 0.738143 4.714282
v -0.557267 2.485218 4.714282
v -1.427015 0.858033 4.714282
v -0.376421 2.430359 4.714282
v -1.546905 1.004120 4.714282
v -0.209752 2.341273 4.714282
v -1.635992 1.170788 4.714282
v 0.218693 1.539708 4.714281
v 0.200170 1.351634 4.714281
v -0.063666 2.221383 4.714282
v -1.690851 1.351634 4.714282
v 0.145311 1.170788 4.714281
v 0.056224 2.075296 4.714281
v -1.709374 1.539708 4.714282
v 0.056224 1.004120 4.714281
v 0.145311 1.908628 4.714281
v -1.690851 1.727782 4.714282
v -0.063666 0.858033 4.714281
v 0.200170 1.727782 4.714281
v -1.635992 1.908628 4.714282
v -0.209752 0.738143 4.714282
v -1.546905 2.075296 4.714282
v -0.376421 0.649057 4.714282
v -1.427015 2.221383 4.714282
v -0.557267 0.594198 4.714282
v -1.280929 2.341273 4.714282
v -0.745340 0.575674 4.714282
v 0.197898 1.351393 3.674282
v 0.143291 1.171376 3.674282
v 0.054613 1.005472 3.674282
v -0.064727 0.860056 3.674282
v -0.210144 0.740715 3.674282
v -0.376048 0.652037 3.674282
v -0.556065 0.597430 3.674282
v -0.743276 0.578991 3.674282
v -0.930487 0.597430 3.674282
v -1.110504 0.652037 3.674282
v -1.276408 0.740715 3.674282
v -1.421824 0.860056 3.674282
v -1.541165 1.005472 3.674282
v -1.629842 1.171376 3.674282
v -1.684450 1.351393 3.674282
v -1.702889 1.538604 3.674282
v -1.684450 1.725815 3.674282
v -1.629842 1.905832 3.674282
v -1.541164 2.071736 3.674282
v -1.421825 2.217153 3.674282
v -1.276408 2.336493 3.674282
v -1.110504 2.425171 3.674282
v -0.930487 2.479778 3.674282
v -0.743276 2.498217 3.674282
v -0.556065 2.479778 3.674282
v -0.376048 2.425171 3.674282
v -0.210144 2.336493 3.674282
v -0.064727 2.217153 3.674282
v 0.054613 2.071736 3.674282
v 0.143291 1.905832 3.674282
v 0.197898 1.725815 3.674282
v 0.216337 1.538604 3.674282
v -0.775342 1.851674 4.427292
v -0.830835 2.058778 4.394477
v -0.841020 2.096786 4.360749
v -0.880105 2.242654 4.161852
v -0.930835 2.031983 4.394477
v -0.875342 1.824879 4.427292
v -0.980105 2.215859 4.161852
v -0.941020 2.069991 4.360750
v -1.448288 1.674472 4.161852
v -1.302419 1.635387 4.360750
v -1.264411 1.625202 4.394477
v -1.057307 1.569709 4.427292
v -1.030512 1.669709 4.427292
v -1.237616 1.725202 4.394477
v -1.275624 1.735386 4.360750
v -1.421493 1.774472 4.161852
v -0.277159 2.081095 4.161852
v -0.383942 1.974312 4.360749
v -0.411766 1.946488 4.394477
v -0.563376 1.794878 4.427292
v -0.310736 1.901107 4.360749
v -0.203954 2.007890 4.161852
v -0.490171 1.721673 4.427292
v -0.338561 1.873283 4.394477
v -0.226271 1.454213 4.394477
v -0.433375 1.509706 4.427292
v -0.042394 1.404944 4.161852
v -0.188263 1.444029 4.360749
v -0.215058 1.344029 4.360749
v -0.069189 1.304944 4.161852
v -0.460169 1.409706 4.427292
v -0.253066 1.354213 4.394477
v -0.510577 0.863556 4.161852
v -0.549662 1.009425 4.360750
v -0.559846 1.047433 4.394477
v -0.615340 1.254536 4.427292
v -0.649662 0.982630 4.360750
v -0.610577 0.836761 4.161852
v -0.715340 1.227741 4.427292
v -0.659846 1.020638 4.394477
v -1.000511 1.357743 4.427292
v -1.152121 1.206132 4.394477
v -1.179945 1.178308 4.360750
v -1.286728 1.071525 4.161852
v -1.078916 1.132927 4.394477
v -0.927306 1.284538 4.427292
v -1.213523 0.998320 4.161852
v -1.106740 1.105103 4.360750
vn -0.0000 -0.0000 1.0000
vn -0.0000 -0.0000 -1.0000
vn 0.7993 -0.6010 -0.0000
vn 0.6165 -0.7874 -0.0000
vn -0.6093 -0.7929 -0.0000
vn -0.2494 -0.9684 -0.0000
vn 0.0098 -1.0000 -0.0000
vn 0.5084 -0.8611 -0.0000
vn 0.7927 0.6097 -0.0000
vn 0.9634 0.2682 -0.0000
vn 1.0000 0.0098 -0.0000
vn 0.8709 -0.4915 -0.0000
vn 0.0169 0.9999 -0.0000
vn -0.1763 0.9843 -0.0000
vn -0.9808 -0.1951 -0.0000
vn -0.9804 0.1968 -0.0000
vn -0.0001 -1.0000 -0.0000
vn -0.1953 -0.9807 -0.0000
vn -0.3830 -0.9237 -0.0000
vn -0.9239 -0.3826 -0.0000
vn -0.9225 0.3860 -0.0000
vn -0.3629 0.9318 -0.0000
vn -0.7019 -0.7123 -0.0000
vn -0.7085 -0.7057 -0.0000
vn 0.7124 0.7018 -0.0000
vn 0.3827 0.9239 -0.0000
vn 0.7071 0.7071 -0.0000
vn -0.1482 -0.9889 -0.0067
vn 0.0015 -1.0000 0.0019
vn -0.4262 -0.9046 0.0067
vn 0.3396 -0.9406 -0.0044
vn -0.0461 0.9989 -0.0042
vn 0.3396 0.9406 0.0044
vn 0.3827 -0.9239 -0.0000
vn -0.1951 0.9807 0.0087
vn 0.7390 -0.6737 0.0044
vn -0.5153 0.8570 -0.0063
vn -0.7071 0.7071 0.0091
vn 0.9233 -0.3840 -0.0019
vn 0.7071 -0.7071 -0.0000
vn -0.8323 0.5543 -0.0019
vn -0.8049 -0.5934 0.0044
vn 1.0000 0.0015 -0.0019
vn 0.9807 -0.1951 0.0091
vn -0.8315 -0.5556 -0.0000
vn -0.9707 0.2402 0.0044
vn 0.9406 0.3396 0.0044
vn 0.9239 0.3827 -0.0000
vn -0.5568 -0.8307 -0.0019
vn -0.9808 0.1951 -0.0000
vn 0.6911 0.6960 0.1950
vn 0.6926 0.6986 -0.1798
vn 0.6926 0.6986 0.1798
vn -0.1419 -0.1396 -0.9800
vn -0.2926 -0.2901 -0.9112
vn -0.1488 -0.1476 -0.9778
vn -0.6602 -0.6469 -0.3816
vn -0.7019 -0.6889 -0.1808
vn -0.6669 -0.6558 -0.3539
vn 0.6911 0.6960 -0.1950
vn 0.6582 0.6639 -0.3549
vn 0.2717 0.2709 -0.9235
vn 0.1496 0.1504 -0.9772
vn 0.2913 0.2928 -0.9107
vn -0.7018 -0.6888 0.1817
vn -0.6602 -0.6469 0.3816
vn -0.6669 -0.6558 0.3539
vn -0.2926 -0.2901 0.9112
vn -0.1419 -0.1396 0.9800
vn -0.1488 -0.1476 0.9778
vn 0.1503 0.1510 0.9771
vn 0.2717 0.2709 0.9235
vn 0.2913 0.2928 0.9107
vn 0.6582 0.6639 0.3549
vn 0.1360 0.1355 -0.9814
vn 0.1360 0.1356 0.9814
vn -0.7007 -0.6865 0.1942
vn -0.7007 -0.6865 -0.1942
vn -0.2729 -0.2684 -0.9238
vn 0.6516 0.6550 -0.3827
vn -0.7020 -0.6890 0.1801
vn -0.6601 -0.6468 0.3821
vn -0.2729 -0.2684 0.9238
vn 0.1491 0.1498 0.9774
vn 0.2711 0.2702 0.9239
vn 0.6516 0.6550 0.3827
vn -0.0000 -1.0000 -0.0000
vn 0.1951 -0.9808 -0.0000
vn -0.1951 -0.9808 -0.0000
vn -0.3827 -0.9239 -0.0000
vn -0.5556 -0.8315 -0.0000
vn 0.5556 -0.8315 -0.0000
vn -0.7071 -0.7071 -0.0000
vn 0.8315 -0.5556 -0.0000
vn -0.9239 -0.3827 -0.0000
vn 0.9239 -0.3827 -0.0000
vn 0.9808 -0.1951 -0.0000
vn 1.0000 -0.0000 -0.0000
vn -1.0000 -0.0000 -0.0000
vn 0.9808 0.1951 -0.0000
vn -0.9239 0.3827 -0.0000
vn 0.8315 0.5556 -0.0000
vn -0.8315 0.5556 -0.0000
vn -0.7071 0.7071 -0.0000
vn -0.5556 0.8315 -0.0000
vn 0.5556 0.8315 -0.0000
vn -0.3827 0.9239 -0.0000
vn -0.1951 0.9808 -0.0000
vn 0.1951 0.9808 -0.0000
vn -0.0000 1.0000 -0.0000
vn -0.0007 -0.0004 1.0000
vn -0.0008 -0.0000 1.0000
vn 0.0007 0.0004 1.0000
vn 0.0004 0.0007 1.0000
vn -0.0004 0.0007 1.0000
vn -0.0000 0.0008 1.0000
vn 0.0004 -0.0007 1.0000
vn 0.0007 -0.0004 1.0000
vn -0.0004 -0.0007 1.0000
vn -0.0007 0.0004 1.0000
vn 0.0008 -0.0000 1.0000
vn -0.0000 -0.0008 1.0000
vn 0.4210 0.9071 -0.0000
vn 0.0890 0.9960 -0.0000
vn 0.9960 0.0890 -0.0000
vn 0.9071 0.4210 -0.0000
vn 0.5751 -0.8181 -0.0000
vn 0.8181 -0.5751 -0.0000
vn 0.3805 -0.1020 -0.9191
vn 0.1219 -0.0327 -0.9920
vn -0.4210 -0.9071 -0.0000
vn -0.0890 -0.9960 -0.0000
vn -0.9960 -0.0890 -0.0000
vn -0.9071 -0.4210 -0.0000
vn -0.5751 0.8181 -0.0000
vn -0.8181 0.5751 -0.0000
vn 0.6806 0.6806 0.2714
vn 0.9659 -0.2588 -0.0000
vn 0.9297 -0.2491 0.2714
vn 0.2588 -0.9659 -0.0000
vn 0.2491 -0.9297 0.2714
vn -0.6806 -0.6806 0.2714
vn -0.9659 0.2588 -0.0000
vn -0.9297 0.2491 0.2714
vn -0.2491 0.9297 0.2714
vn -0.2588 0.9659 -0.0000
vn -0.5838 -0.5838 0.5643
vn 0.7974 -0.2137 0.5643
vn 0.2785 0.2785 -0.9191
vn 0.0892 0.0892 -0.9920
vn 0.2588 0.9659 -0.0000
vn 0.1020 -0.3805 -0.9191
vn 0.0327 -0.1219 -0.9920
vn -0.3805 0.1020 -0.9191
vn -0.1219 0.0327 -0.9920
vn 0.2785 0.2785 0.9191
vn 0.0892 0.0892 0.9920
vn -0.3805 0.1020 0.9191
vn -0.1219 0.0327 0.9920
vn 0.9659 0.2588 -0.0000
vn 0.8270 -0.2216 -0.5167
vn 0.8753 -0.2345 -0.4229
vn 0.2216 -0.8270 -0.5167
vn 0.2345 -0.8753 -0.4229
vn 0.1020 -0.3805 0.9191
vn 0.0327 -0.1219 0.9920
vn -0.1080 0.4029 0.9089
vn -0.1884 0.7029 0.6859
vn -0.2588 -0.9659 -0.0000
vn -0.6054 -0.6054 -0.5167
vn -0.6408 -0.6408 -0.4229
vn 0.4029 -0.1080 -0.9089
vn 0.7029 -0.1884 -0.6859
vn -0.7974 0.2137 0.5643
vn 0.3805 -0.1020 0.9191
vn 0.1219 -0.0327 0.9920
vn -0.4029 0.1080 0.9089
vn -0.7029 0.1884 0.6859
vn -0.2949 -0.2949 -0.9089
vn -0.5146 -0.5146 -0.6859
vn 0.5838 0.5838 0.5643
vn -0.2785 -0.2785 0.9191
vn -0.0892 -0.0892 0.9920
vn 0.2949 0.2949 0.9089
vn 0.5146 0.5146 0.6859
vn -0.4029 0.1080 -0.9089
vn -0.7029 0.1884 -0.6859
vn 0.4029 -0.1080 0.9089
vn 0.7029 -0.1884 0.6859
vn -0.8270 0.2216 -0.5167
vn -0.8753 0.2345 -0.4229
vn -0.2216 0.8270 -0.5167
vn -0.2345 0.8753 -0.4229
vn -0.9659 -0.2588 -0.0000
vn -0.1080 0.4029 -0.9089
vn -0.1884 0.7029 -0.6859
vn 0.2137 -0.7974 0.5643
vn -0.1019 0.3805 0.9191
vn -0.0327 0.1219 0.9920
vn 0.1080 -0.4029 0.9089
vn 0.1884 -0.7029 0.6859
vn 0.1883 -0.7029 0.6859
vn -0.2949 -0.2949 0.9089
vn -0.5146 -0.5146 0.6859
vn 0.6054 0.6054 -0.5167
vn 0.6408 0.6408 -0.4229
vn -0.2785 -0.2785 -0.9191
vn -0.0892 -0.0892 -0.9920
vn -0.2786 -0.2785 -0.9191
vn 0.2949 0.2949 -0.9089
vn 0.5146 0.5146 -0.6859
vn 0.5000 0.8660 -0.0000
vn 0.8181 0.5751 -0.0000
vn 0.9960 -0.0890 -0.0000
vn 0.8660 -0.5000 -0.0000
vn 0.5000 -0.8660 -0.0000
vn 0.0890 -0.9960 -0.0000
vn -0.5751 -0.8181 -0.0000
vn -0.8660 -0.5000 -0.0000
vn -0.9071 0.4210 -0.0000
vn -0.4210 0.9071 -0.0000
vn -0.2137 0.7974 0.5643
vn 0.8660 0.5000 -0.0000
vn -0.5000 -0.8660 -0.0000
vn -0.8660 0.5000 -0.0000
vn -0.5000 0.8660 -0.0000
vn 0.1883 -0.7029 -0.6859
vn -0.1020 0.3805 -0.9191
vn -0.0327 0.1219 -0.9920
vn 0.1080 -0.4029 -0.9089
vn 0.2786 0.2785 -0.9191
vn 0.7748 -0.6319 -0.0168
vn 0.7749 -0.6319 0.0169
vn 0.7748 -0.6319 0.0168
vn 0.6634 -0.7459 -0.0590
vn 0.6977 -0.7111 -0.0870
vn 0.6970 -0.7118 -0.0868
vn 0.6634 -0.7459 0.0590
vn 0.6977 -0.7111 0.0870
vn 0.6654 -0.7440 0.0617
vn 0.7243 -0.6840 -0.0862
vn 0.7230 -0.6855 -0.0861
vn -0.6614 -0.6613 -0.3539
vn -0.6956 -0.6956 -0.1800
vn -0.6613 -0.6613 -0.3539
vn -0.6613 -0.6613 0.3539
vn -0.6956 -0.6956 0.1800
vn -0.6956 -0.6956 0.1797
vn -0.1507 -0.1507 0.9770
vn -0.2920 -0.2920 0.9107
vn -0.1501 -0.1501 -0.9772
vn -0.2920 -0.2920 -0.9107
vn -0.1486 -0.1486 -0.9777
vn 0.6956 0.6956 -0.1800
vn 0.6956 0.6956 0.1797
vn 0.6957 0.6957 0.1792
vn 0.2920 0.2920 -0.9107
vn 0.1501 0.1501 -0.9772
vn 0.1486 0.1486 0.9777
vn -0.1486 -0.1486 0.9777
vn -0.1495 -0.1495 0.9774
vn 0.6955 0.6955 0.1808
vn 0.6614 0.6614 0.3539
vn 0.6613 0.6614 -0.3539
vn 0.6956 0.6956 -0.1797
vn 0.1486 0.1486 -0.9777
vn -0.6956 -0.6956 -0.1797
vn 0.2920 0.2920 0.9107
vn 0.1501 0.1501 0.9772
vn 0.7558 -0.6523 -0.0573
vn 0.7749 -0.6319 -0.0169
vn 0.7538 -0.6543 -0.0598
vn 0.7558 -0.6523 0.0573
vn 0.7230 -0.6855 0.0861
vn 0.7243 -0.6840 0.0862
vn 0.6420 -0.7665 0.0177
vn 0.6419 -0.7666 0.0178
vn 0.6419 -0.7666 -0.0178
vn 0.6420 -0.7665 -0.0177
vn 0.6654 -0.7440 -0.0617
vn 0.6970 -0.7118 0.0868
vn 0.7538 -0.6544 0.0598
vn -0.6614 -0.6613 0.3539
vn 0.0025 0.0014 1.0000
vn -0.0001 -0.0001 -1.0000
vn 0.0392 0.0119 -0.9992
vn 0.0407 -0.0040 -0.9992
vn 0.0391 0.0119 -0.9992
vn 0.0317 0.0260 -0.9992
vn 0.0316 0.0260 -0.9992
vn 0.0193 0.0362 -0.9992
vn 0.0193 0.0361 -0.9992
vn 0.0040 0.0408 -0.9992
vn -0.0119 0.0393 -0.9992
vn -0.0119 0.0392 -0.9992
vn -0.0261 0.0318 -0.9992
vn -0.0260 0.0317 -0.9992
vn -0.0362 0.0194 -0.9992
vn -0.0409 0.0040 -0.9992
vn -0.0393 -0.0119 -0.9992
vn -0.0317 -0.0260 -0.9992
vn -0.0193 -0.0361 -0.9992
vn -0.0193 -0.0362 -0.9992
vn -0.0040 -0.0407 -0.9992
vn -0.0040 -0.0408 -0.9992
vn 0.0119 -0.0391 -0.9992
vn 0.0119 -0.0392 -0.9992
vn 0.0259 -0.0316 -0.9992
vn 0.0361 -0.0193 -0.9992
vn 0.0360 -0.0193 -0.9992
vn -0.0118 0.0388 0.9992
vn -0.0191 -0.0358 0.9992
vn -0.0040 -0.0405 0.9992
vn -0.0192 -0.0359 0.9992
vn 0.0040 0.0404 0.9992
vn -0.0314 -0.0257 0.9992
vn -0.0314 -0.0258 0.9992
vn 0.0192 0.0359 0.9992
vn -0.0388 -0.0118 0.9992
vn 0.0405 -0.0040 0.9992
vn 0.0191 0.0358 0.9992
vn 0.0315 0.0258 0.9992
vn 0.0359 -0.0192 0.9992
vn 0.0314 0.0258 0.9992
vn -0.0403 0.0040 0.9992
vn 0.0390 0.0118 0.9992
vn -0.0404 0.0040 0.9992
vn 0.0258 -0.0315 0.9992
vn 0.0389 0.0118 0.9992
vn -0.0357 0.0191 0.9992
vn 0.0118 -0.0389 0.9992
vn 0.0118 -0.0390 0.9992
vn -0.0257 0.0313 0.9992
vn -0.0040 -0.0404 0.9992
vn 0.2874 0.9476 0.1397
vn 0.2780 0.9165 0.2875
vn 0.2875 0.9477 0.1389
vn 0.8729 0.4666 0.1429
vn 0.8439 0.4511 0.2904
vn 0.8730 0.4666 0.1422
vn -0.3832 0.9236 -0.0039
vn -0.3822 0.9241 -0.0037
vn -0.3820 0.9241 -0.0037
vn 0.6280 0.7652 0.1414
vn 0.6073 0.7400 0.2890
vn 0.6281 0.7653 0.1406
vn 0.1945 -0.9809 0.0031
vn 0.1935 -0.9811 0.0034
vn 0.1947 -0.9809 0.0030
vn -0.3808 0.9246 -0.0042
vn -0.3806 0.9247 -0.0042
vn -0.0719 0.0877 -0.9935
vn -0.0719 0.0876 -0.9936
vn -0.5556 -0.8314 -0.0005
vn -0.5555 -0.8315 -0.0005
vn 0.1075 0.0326 0.9937
vn -0.7658 0.6285 0.1360
vn -0.7411 0.6082 0.2844
vn -0.7658 0.6285 0.1359
vn -0.4670 0.8736 0.1368
vn -0.4519 0.8454 0.2849
vn -0.4670 0.8737 0.1364
vn -0.0971 0.9856 0.1381
vn -0.0939 0.9536 0.2860
vn -0.0971 0.9857 0.1374
vn 0.5561 -0.8311 0.0044
vn 0.5551 -0.8318 0.0042
vn 0.5562 -0.8310 0.0044
vn -0.5554 -0.8316 -0.0005
vn -0.9539 -0.0940 0.2849
vn -0.9858 -0.0971 0.1368
vn -0.9859 -0.0971 0.1364
vn -0.9174 0.2783 0.2844
vn -0.9480 0.2876 0.1360
vn -0.9481 0.2876 0.1359
vn 0.5549 -0.8319 0.0043
vn 0.5536 -0.8327 0.0047
vn -0.0329 0.1084 -0.9936
vn -0.6076 -0.7404 0.2875
vn -0.6282 -0.7654 0.1397
vn -0.6282 -0.7655 0.1389
vn -0.8451 -0.4517 0.2860
vn -0.8735 -0.4669 0.1381
vn -0.8736 -0.4669 0.1374
vn 0.3826 0.9239 -0.0005
vn 0.3827 0.9239 -0.0005
vn 0.3828 0.9238 -0.0005
vn 0.0868 0.0712 0.9937
vn -0.9242 0.3820 -0.0050
vn -0.9236 0.3833 -0.0048
vn -0.9235 0.3835 -0.0048
vn 0.3829 0.9238 -0.0005
vn 0.7393 -0.6067 0.2921
vn 0.7649 -0.6277 0.1444
vn 0.7649 -0.6278 0.1443
vn 0.4509 -0.8436 0.2915
vn 0.4665 -0.8727 0.1439
vn 0.4665 -0.8728 0.1435
vn 0.0938 -0.9523 0.2904
vn 0.0970 -0.9850 0.1429
vn 0.0970 -0.9851 0.1422
vn -0.2779 -0.9161 0.2890
vn -0.2874 -0.9473 0.1414
vn -0.2874 -0.9474 0.1406
vn 0.9848 0.0970 0.1439
vn 0.9520 0.0938 0.2915
vn 0.9849 0.0970 0.1435
vn -0.9229 0.3851 -0.0054
vn -0.9228 0.3854 -0.0054
vn 0.9469 -0.2872 0.1444
vn 0.9152 -0.2776 0.2921
vn 0.9469 -0.2873 0.1443
vn 0.0111 0.1127 -0.9936
vn -0.8317 -0.5553 -0.0024
vn -0.8313 -0.5558 -0.0023
vn -0.8317 -0.5552 -0.0024
vn 0.0529 0.0989 0.9937
vn 0.9131 -0.2770 -0.2992
vn 0.9458 -0.2869 -0.1519
vn 0.9459 -0.2869 -0.1518
vn 0.9809 -0.1944 0.0048
vn 0.9807 -0.1957 0.0046
vn 0.9809 -0.1943 0.0048
vn -0.8312 -0.5559 -0.0023
vn -0.8308 -0.5566 -0.0025
vn 0.9494 0.0935 -0.2997
vn 0.9835 0.0969 -0.1527
vn 0.9836 0.0969 -0.1523
vn -0.2867 -0.9453 -0.1556
vn -0.2767 -0.9122 -0.3022
vn -0.2868 -0.9454 -0.1548
vn 0.0968 -0.9833 -0.1540
vn 0.0935 -0.9491 -0.3008
vn 0.0969 -0.9834 -0.1533
vn 0.4659 -0.8716 -0.1527
vn 0.4497 -0.8414 -0.2997
vn 0.4659 -0.8716 -0.1523
vn 0.7640 -0.6270 -0.1519
vn 0.7376 -0.6053 -0.2992
vn 0.7641 -0.6270 -0.1518
vn 0.9806 -0.1960 0.0046
vn 0.9803 -0.1976 0.0052
vn 0.0533 0.0998 -0.9936
vn 0.7073 0.7069 0.0015
vn 0.7070 0.7072 0.0014
vn 0.7069 0.7073 0.0014
vn 0.0110 0.1115 0.9937
vn -0.1949 -0.9808 0.0015
vn -0.1943 -0.9809 0.0016
vn -0.1942 -0.9810 0.0016
vn 0.7066 0.7076 0.0016
vn 0.7065 0.7077 0.0016
vn -0.0004 1.0000 -0.0024
vn -0.0012 1.0000 -0.0025
vn 0.0874 0.0717 -0.9936
vn -0.8707 -0.4654 -0.1587
vn -0.8399 -0.4489 -0.3052
vn -0.8708 -0.4655 -0.1580
vn -0.6265 -0.7634 -0.1573
vn -0.6044 -0.7365 -0.3038
vn -0.6266 -0.7635 -0.1564
vn -0.9809 -0.1945 -0.0039
vn -0.9807 -0.1956 -0.0037
vn -0.0325 0.1072 0.9937
vn 0.1956 -0.9807 0.0032
vn 0.1967 -0.9805 0.0034
vn 0.1969 -0.9804 0.0034
vn -0.9806 -0.1958 -0.0037
vn -0.9804 -0.1971 -0.0042
vn -0.9446 0.2865 -0.1603
vn -0.9108 0.2763 -0.3068
vn -0.9446 0.2865 -0.1601
vn -0.9824 -0.0968 -0.1598
vn -0.9474 -0.0933 -0.3062
vn -0.9825 -0.0968 -0.1593
vn -0.5558 -0.8313 -0.0005
vn 0.1081 0.0328 -0.9936
vn 0.9241 0.3822 0.0032
vn 0.9237 0.3831 0.0030
vn 0.9237 0.3832 0.0031
vn -0.0710 0.0865 0.9937
vn -0.0933 0.9477 -0.3052
vn -0.0968 0.9826 -0.1587
vn -0.0968 0.9827 -0.1580
vn -0.4488 0.8396 -0.3062
vn -0.4653 0.8706 -0.1598
vn -0.4487 0.8396 -0.3062
vn -0.4654 0.8707 -0.1593
vn -0.7357 0.6038 -0.3068
vn -0.7630 0.6262 -0.1603
vn -0.7630 0.6262 -0.1601
vn 0.3824 0.9240 -0.0005
vn 0.9232 0.3842 0.0034
vn 0.9232 0.3844 0.0034
vn -0.8322 -0.5545 -0.0025
vn -0.8322 -0.5544 -0.0025
vn -0.9806 0.1958 -0.0048
vn -0.9809 0.1945 -0.0046
vn -0.9806 0.1959 -0.0048
vn -0.0987 0.0528 0.9937
vn 0.7076 0.7066 0.0015
vn -0.9809 0.1942 -0.0046
vn -0.9813 0.1926 -0.0051
vn -0.9812 -0.1931 -0.0041
vn -0.9812 -0.1929 -0.0042
vn 1.0000 -0.0007 0.0044
vn 1.0000 0.0006 0.0042
vn 1.0000 0.0008 0.0043
vn -0.1114 0.0110 0.9937
vn 0.6047 0.7369 -0.3022
vn 0.6267 0.7636 -0.1556
vn 0.6267 0.7637 -0.1548
vn 0.9245 0.3812 0.0034
vn 1.0000 0.0023 0.0047
vn 1.0000 0.0026 0.0048
vn 0.8411 0.4496 -0.3008
vn 0.8714 0.4658 -0.1540
vn 0.8715 0.4658 -0.1533
vn 0.2766 0.9117 -0.3037
vn 0.2867 0.9450 -0.1573
vn 0.2867 0.9452 -0.1564
vn 0.7529 0.6179 0.2269
vn 0.6889 0.5654 0.4535
vn 0.7531 0.6180 0.2256
vn 0.4593 0.8592 0.2253
vn 0.4204 0.7866 0.4523
vn 0.4594 0.8595 0.2239
vn 0.0955 0.9700 0.2236
vn 0.0875 0.8882 0.4510
vn 0.0956 0.9703 0.2223
vn -0.2830 0.9330 0.2221
vn -0.2592 0.8546 0.4500
vn -0.2831 0.9333 0.2211
vn -0.6187 0.7539 0.2209
vn -0.5668 0.6906 0.4493
vn -0.6188 0.7540 0.2204
vn -0.8602 0.4598 0.2204
vn -0.7880 0.4212 0.4490
vn -0.8891 0.0876 0.4493
vn -0.9706 0.0956 0.2209
vn -0.9707 0.0956 0.2204
vn -0.8546 -0.2592 0.4500
vn -0.9330 -0.2830 0.2221
vn -0.9333 -0.2831 0.2211
vn -0.6899 -0.5662 0.4510
vn -0.7534 -0.6183 0.2236
vn -0.7537 -0.6185 0.2223
vn -0.4204 -0.7866 0.4523
vn -0.4593 -0.8592 0.2253
vn -0.4594 -0.8595 0.2239
vn -0.0874 -0.8869 0.4535
vn -0.0955 -0.9692 0.2269
vn -0.0955 -0.9695 0.2256
vn 0.2586 -0.8523 0.4546
vn 0.2826 -0.9317 0.2281
vn 0.2827 -0.9319 0.2271
vn 0.5648 -0.6882 0.4553
vn 0.6176 -0.7525 0.2288
vn 0.6176 -0.7526 0.2282
vn 0.7851 -0.4196 0.4556
vn 0.8585 -0.4589 0.2288
vn 0.9688 -0.0954 0.2288
vn 0.8860 -0.0873 0.4553
vn 0.9689 -0.0954 0.2282
vn 0.9317 0.2826 0.2281
vn 0.8523 0.2586 0.4546
vn 0.9319 0.2827 0.2271
vn 0.8486 0.2574 -0.4622
vn 0.9295 0.2820 -0.2377
vn 0.9297 0.2820 -0.2367
vn 0.8829 -0.0870 -0.4615
vn 0.9669 -0.0952 -0.2366
vn 0.9671 -0.0952 -0.2361
vn 0.8570 -0.4581 -0.2360
vn 0.7825 -0.4183 -0.4612
vn 0.6164 -0.7511 -0.2366
vn 0.5628 -0.6858 -0.4615
vn 0.6165 -0.7512 -0.2361
vn 0.2820 -0.9295 -0.2377
vn 0.2574 -0.8486 -0.4622
vn 0.2820 -0.9297 -0.2367
vn -0.0952 -0.9663 -0.2392
vn -0.0869 -0.8820 -0.4632
vn -0.0952 -0.9666 -0.2380
vn -0.4575 -0.8560 -0.2409
vn -0.4175 -0.7810 -0.4645
vn -0.4175 -0.7810 -0.4644
vn -0.4577 -0.8563 -0.2395
vn -0.7499 -0.6155 -0.2424
vn -0.6841 -0.5614 -0.4657
vn -0.7502 -0.6157 -0.2412
vn -0.9281 -0.2815 -0.2436
vn -0.8463 -0.2567 -0.4667
vn -0.9283 -0.2816 -0.2427
vn -0.9650 0.0950 -0.2443
vn -0.8798 0.0866 -0.4674
vn -0.9652 0.0951 -0.2438
vn -0.7795 0.4167 -0.4676
vn -0.8552 0.4571 -0.2444
vn -0.5608 0.6834 -0.4674
vn -0.6152 0.7496 -0.2443
vn -0.6152 0.7497 -0.2438
vn -0.2567 0.8463 -0.4667
vn -0.2815 0.9281 -0.2436
vn -0.2816 0.9283 -0.2427
vn 0.0867 0.8807 -0.4657
vn 0.0951 0.9655 -0.2424
vn 0.0951 0.9658 -0.2412
vn 0.4175 0.7810 -0.4645
vn 0.4575 0.8560 -0.2409
vn 0.4577 0.8563 -0.2395
vn 0.6851 0.5622 -0.4632
vn 0.7506 0.6160 -0.2392
vn 0.7508 0.6162 -0.2380
vn -0.1000 0.0535 -0.9936
vn -0.7065 0.7077 -0.0046
vn -0.7053 0.7089 -0.0051
vn -0.7051 0.7091 -0.0052
vn 0.0004 1.0000 -0.0023
vn 0.0012 1.0000 -0.0025
vn 0.0014 1.0000 -0.0026
vn -0.7076 0.7066 -0.0048
vn -0.7067 0.7075 -0.0046
vn 0.0003 1.0000 -0.0023
vn -0.1129 0.0111 -0.9935
vn 0.8309 -0.5563 0.0048
vn 0.8300 -0.5577 0.0053
vn 0.8311 -0.5561 0.0048
vn -0.1954 -0.9807 0.0014
vn -0.1958 -0.9806 0.0016
vn -0.1953 -0.9807 0.0014
vn 0.8319 -0.5549 0.0050
vn -0.1085 -0.0329 -0.9936
vn -1.0000 0.0008 -0.0043
vn -1.0000 0.0023 -0.0047
vn -1.0000 0.0026 -0.0048
vn -1.0000 -0.0007 -0.0044
vn -1.0000 0.0006 -0.0042
vn -0.0875 -0.0718 -0.9936
vn -0.9241 -0.3821 -0.0031
vn -0.9245 -0.3811 -0.0034
vn -0.9246 -0.3810 -0.0035
vn -0.9237 -0.3831 -0.0032
vn -0.9240 -0.3823 -0.0030
vn -0.0533 -0.0998 -0.9936
vn 0.9809 0.1944 0.0037
vn 0.9812 0.1931 0.0042
vn 0.9809 0.1946 0.0037
vn 0.9807 0.1957 0.0039
vn -0.0111 -0.1125 -0.9936
vn -0.7073 -0.7069 -0.0014
vn -0.7076 -0.7066 -0.0016
vn -0.7077 -0.7065 -0.0016
vn -0.7069 -0.7073 -0.0015
vn -0.7072 -0.7070 -0.0014
vn 0.9813 -0.1927 0.0051
vn 0.9813 -0.1924 0.0051
vn 0.0328 -0.1081 -0.9936
vn 0.8317 0.5552 0.0023
vn 0.8322 0.5545 0.0025
vn 0.8316 0.5553 0.0023
vn -0.9248 0.3803 -0.0053
vn -0.9242 0.3819 -0.0050
vn 0.8313 0.5559 0.0024
vn 0.8312 0.5559 0.0024
vn 0.5575 -0.8302 0.0047
vn 0.5577 -0.8300 0.0047
vn 0.0716 -0.0873 -0.9936
vn -0.3826 -0.9239 0.0005
vn -0.3825 -0.9240 0.0005
vn -0.3824 -0.9240 0.0005
vn -0.3845 0.9231 -0.0041
vn -0.3833 0.9236 -0.0039
vn -0.3828 -0.9239 0.0005
vn -0.7089 0.7053 -0.0051
vn -0.7077 0.7065 -0.0048
vn 0.0996 -0.0532 -0.9936
vn 0.0995 -0.0532 -0.9936
vn 0.5556 0.8314 0.0005
vn 0.5558 0.8313 0.0005
vn 0.8329 -0.5534 0.0053
vn 0.8331 -0.5532 0.0054
vn 0.5555 0.8315 0.0005
vn -1.0000 -0.0023 -0.0047
vn 0.1124 -0.0111 -0.9936
vn 0.0004 -1.0000 0.0023
vn 0.0012 -1.0000 0.0025
vn 0.0014 -1.0000 0.0026
vn -0.9232 -0.3842 -0.0034
vn -0.9237 -0.3832 -0.0032
vn 0.1118 -0.0110 0.9937
vn 0.1119 -0.0110 0.9937
vn -0.0004 -1.0000 0.0024
vn 0.0003 -1.0000 0.0023
vn 0.9804 0.1971 0.0041
vn 0.9803 0.1973 0.0041
vn 0.1948 0.9808 -0.0014
vn 0.1943 0.9809 -0.0016
vn 0.1949 0.9808 -0.0014
vn -0.7066 -0.7077 -0.0015
vn 0.0991 -0.0530 0.9937
vn 0.1953 0.9807 -0.0014
vn 0.1953 0.9807 -0.0015
vn 0.8308 0.5566 0.0025
vn 0.8307 0.5567 0.0025
vn 0.3833 -0.9236 0.0037
vn 0.3845 -0.9231 0.0042
vn 0.3847 -0.9230 0.0042
vn -0.3829 -0.9238 0.0005
vn -0.3828 -0.9238 0.0005
vn 0.0713 -0.0869 0.9937
vn 0.3821 -0.9241 0.0039
vn 0.3831 -0.9237 0.0037
vn 0.5554 0.8316 0.0005
vn 0.5553 0.8316 0.0005
vn -0.1957 0.9807 -0.0031
vn -0.1967 0.9805 -0.0034
vn -0.1955 0.9807 -0.0030
vn -0.0012 -1.0000 0.0025
vn 0.0326 -0.1075 0.9937
vn -0.1946 0.9809 -0.0032
vn 0.1958 0.9806 -0.0015
vn 0.1959 0.9806 -0.0016
vn 0.7077 -0.7065 0.0046
vn 0.7089 -0.7053 0.0052
vn 0.7091 -0.7051 0.0052
vn 0.3808 -0.9246 0.0041
vn -0.0110 -0.1117 0.9937
vn 0.7066 -0.7076 0.0048
vn 0.7075 -0.7067 0.0046
vn -0.1935 0.9811 -0.0034
vn -0.1933 0.9811 -0.0034
vn -0.5562 0.8310 -0.0043
vn -0.5575 0.8302 -0.0047
vn -0.5561 0.8311 -0.0042
vn 0.7053 -0.7088 0.0051
vn 0.7065 -0.7077 0.0048
vn -0.0529 -0.0989 0.9937
vn -0.5550 0.8318 -0.0044
vn -0.5549 0.8319 -0.0044
vn -0.5537 0.8327 -0.0047
vn -0.5534 0.8329 -0.0047
vn 0.9242 -0.3818 0.0048
vn 0.9249 -0.3803 0.0054
vn 0.9250 -0.3800 0.0054
vn 0.9236 -0.3834 0.0050
vn 0.9229 -0.3850 0.0053
vn 0.9235 -0.3835 0.0050
vn -0.0867 -0.0711 0.9937
vn 0.9241 -0.3821 0.0048
vn -0.8310 0.5562 -0.0050
vn -0.8300 0.5577 -0.0053
vn -0.8299 0.5579 -0.0053
vn -0.8320 0.5548 -0.0048
vn -0.8329 0.5534 -0.0054
vn -0.8318 0.5550 -0.0048
vn 1.0000 -0.0023 0.0047
vn -0.1071 -0.0325 0.9937
vn -0.8310 0.5563 -0.0050
vn -0.9803 0.1975 -0.0051
vn -0.9802 0.1978 -0.0051
vn 0.1933 -0.9811 0.0034
vn -0.5553 -0.8316 -0.0005
vn 0.5534 -0.8329 0.0048
vn -0.8307 -0.5567 -0.0026
vn 0.9802 -0.1978 0.0052
vn -0.0014 1.0000 -0.0025
vn -0.9803 -0.1973 -0.0042
vn 0.7077 0.7065 0.0016
vn -0.9813 0.1924 -0.0052
vn 0.9246 0.3810 0.0034
vn -0.1000 0.0535 -0.9935
vn 0.8299 -0.5579 0.0054
vn -0.1959 -0.9806 0.0016
vn 0.9812 0.1929 0.0042
vn 0.8322 0.5544 0.0026
vn -0.9250 0.3800 -0.0053
vn -0.3847 0.9230 -0.0042
vn -0.7091 0.7051 -0.0052
vn -1.0000 -0.0026 -0.0047
vn -0.9232 -0.3844 -0.0034
vn 0.1943 0.9810 -0.0016
vn -0.7065 -0.7077 -0.0016
vn -0.1969 0.9804 -0.0035
vn -0.0014 -1.0000 0.0025
vn 0.3806 -0.9247 0.0041
vn -0.5577 0.8300 -0.0048
vn 0.7051 -0.7090 0.0051
vn 0.9228 -0.3853 0.0053
vn -0.0866 -0.0711 0.9937
vn -0.8331 0.5531 -0.0054
vn 1.0000 -0.0026 0.0048
vn -0.1072 -0.0325 0.9937
vt 0.241622 0.510735
vt 0.262199 0.510897
vt 0.286090 0.562227
vt 0.489608 0.005306
vt 0.412377 0.408469
vt 0.393727 0.416523
vt 0.489280 0.541730
vt 0.476932 0.554704
vt 0.467015 0.487651
vt 0.355586 0.650679
vt 0.322106 0.581599
vt 0.355325 0.581474
vt 0.355122 0.527739
vt 0.321971 0.545776
vt 0.321904 0.527865
vt 0.355189 0.545651
vt 0.322039 0.563688
vt 0.322571 0.704539
vt 0.355721 0.686502
vt 0.355789 0.704413
vt 0.322503 0.686627
vt 0.355654 0.668590
vt 0.322435 0.668716
vt 0.359014 0.718922
vt 0.466215 0.740939
vt 0.359014 0.740939
vt 0.524386 0.718922
vt 0.496445 0.740938
vt 0.496445 0.718922
vt 0.465644 0.774585
vt 0.465073 0.808231
vt 0.597839 0.740938
vt 0.554889 0.718922
vt 0.597839 0.718922
vt 0.422129 0.652351
vt 0.465644 0.685276
vt 0.466215 0.718922
vt 0.554889 0.740938
vt 0.539637 0.718922
vt 0.539637 0.740938
vt 0.481330 0.718922
vt 0.481330 0.740938
vt 0.387036 0.496738
vt 0.390568 0.561476
vt 0.373158 0.557269
vt 0.360184 0.544921
vt 0.459751 0.559766
vt 0.413904 0.510586
vt 0.493487 0.524320
vt 0.289409 0.496661
vt 0.303742 0.557895
vt 0.316852 0.545313
vt 0.213057 0.493957
vt 0.216178 0.560147
vt 0.199008 0.555032
vt 0.186683 0.541999
vt 0.182530 0.524541
vt 0.480205 0.713200
vt 0.485803 0.699160
vt 0.485331 0.671223
vt 0.479258 0.657233
vt 0.465073 0.651630
vt 0.479258 0.802628
vt 0.485803 0.760701
vt 0.480205 0.746661
vt 0.485331 0.788638
vt 0.353162 0.008700
vt 0.320336 0.112629
vt 0.319944 0.008825
vt 0.353554 0.112504
vt 0.351243 0.008725
vt 0.015007 0.718923
vt 0.015007 0.740939
vt 0.182530 0.004687
vt 0.263125 0.406809
vt 0.242722 0.406644
vt 0.322372 0.007743
vt 0.069176 0.510735
vt 0.089753 0.510897
vt 0.113644 0.562227
vt 0.317162 0.005306
vt 0.239931 0.408469
vt 0.221281 0.416523
vt 0.316834 0.541730
vt 0.304486 0.554704
vt 0.294569 0.487651
vt 0.183140 0.650679
vt 0.149661 0.581599
vt 0.182879 0.581474
vt 0.182676 0.527740
vt 0.149525 0.545776
vt 0.149458 0.527865
vt 0.182744 0.545651
vt 0.149593 0.563688
vt 0.150125 0.704539
vt 0.183276 0.686502
vt 0.183343 0.704413
vt 0.150057 0.686627
vt 0.183208 0.668590
vt 0.149990 0.668716
vt 0.358473 0.718923
vt 0.465674 0.740939
vt 0.358473 0.740939
vt 0.523845 0.718922
vt 0.495904 0.740938
vt 0.495904 0.718922
vt 0.465103 0.774585
vt 0.464532 0.808231
vt 0.597298 0.740938
vt 0.554348 0.718922
vt 0.597298 0.718922
vt 0.421588 0.652351
vt 0.465103 0.685276
vt 0.465674 0.718922
vt 0.554348 0.740938
vt 0.539097 0.718922
vt 0.539097 0.740938
vt 0.480789 0.718922
vt 0.480790 0.740939
vt 0.214590 0.496738
vt 0.218122 0.561476
vt 0.200712 0.557269
vt 0.187738 0.544921
vt 0.287305 0.559766
vt 0.241458 0.510587
vt 0.321041 0.524320
vt 0.116963 0.496661
vt 0.131296 0.557895
vt 0.144407 0.545313
vt 0.040612 0.493957
vt 0.043732 0.560147
vt 0.026563 0.555032
vt 0.014238 0.541999
vt 0.010084 0.524541
vt 0.479664 0.713200
vt 0.485262 0.699160
vt 0.484790 0.671223
vt 0.478717 0.657233
vt 0.464532 0.651630
vt 0.478718 0.802628
vt 0.485262 0.760701
vt 0.479664 0.746661
vt 0.484790 0.788638
vt 0.180716 0.008700
vt 0.147890 0.112629
vt 0.147498 0.008825
vt 0.181108 0.112504
vt 0.178797 0.008725
vt 0.014467 0.718923
vt 0.014467 0.740940
vt 0.010084 0.004687
vt 0.090679 0.406809
vt 0.070276 0.406644
vt 0.149926 0.007743
vt 0.041319 0.640085
vt 0.048123 0.567897
vt 0.048068 0.640090
vt 0.091856 0.640067
vt 0.088455 0.567875
vt 0.095205 0.567872
vt 0.081814 0.640078
vt 0.034570 0.640080
vt 0.041374 0.567892
vt 0.081706 0.567885
vt 0.031332 0.567879
vt 0.074957 0.567895
vt 0.024528 0.640068
vt 0.021290 0.567867
vt 0.068316 0.640098
vt 0.075065 0.640088
vt 0.017778 0.640055
vt 0.112104 0.640045
vt 0.105247 0.567862
vt 0.111996 0.567852
vt 0.061567 0.640100
vt 0.064915 0.567905
vt 0.105355 0.640055
vt 0.011247 0.567842
vt 0.054872 0.567902
vt 0.054817 0.640095
vt 0.098605 0.640065
vt 0.118745 0.567842
vt 0.118853 0.640035
vt 0.203386 0.653880
vt 0.252675 0.674297
vt 0.216271 0.718655
vt 0.247843 0.705742
vt 0.199276 0.710525
vt 0.199276 0.657175
vt 0.375498 0.480017
vt 0.474507 0.468769
vt 0.471095 0.438735
vt 0.371238 0.460154
vt 0.459557 0.422014
vt 0.379579 0.431101
vt 0.432689 0.408165
vt 0.322368 0.650804
vt 0.355257 0.563563
vt 0.524386 0.740938
vt 0.422129 0.807510
vt 0.443938 0.507174
vt 0.203707 0.479271
vt 0.301010 0.479645
vt 0.305221 0.459500
vt 0.199888 0.459461
vt 0.204282 0.437423
vt 0.300863 0.438172
vt 0.223782 0.414267
vt 0.289721 0.421211
vt 0.203053 0.480017
vt 0.302061 0.468769
vt 0.298649 0.438735
vt 0.198792 0.460154
vt 0.287111 0.422014
vt 0.207133 0.431101
vt 0.260243 0.408165
vt 0.149922 0.650804
vt 0.182811 0.563562
vt 0.523845 0.740938
vt 0.421588 0.807510
vt 0.271492 0.507174
vt 0.031261 0.479271
vt 0.128564 0.479645
vt 0.132775 0.459500
vt 0.027442 0.459461
vt 0.031836 0.437423
vt 0.128417 0.438171
vt 0.051336 0.414267
vt 0.117276 0.421211
vt 0.011029 0.640034
vt 0.186631 0.674296
vt 0.192978 0.662422
vt 0.223036 0.649972
vt 0.235920 0.653880
vt 0.246328 0.662422
vt 0.252675 0.694331
vt 0.241545 0.710989
vt 0.229670 0.717336
vt 0.197762 0.710989
vt 0.186631 0.694331
vt 0.211151 0.650828
vt 0.224551 0.649509
vt 0.237435 0.653417
vt 0.247843 0.661959
vt 0.254190 0.673833
vt 0.254190 0.693868
vt 0.237435 0.714284
vt 0.224550 0.718192
vt 0.211151 0.716872
vt 0.190735 0.700117
vt 0.186826 0.687233
vt 0.190735 0.667583
vt 0.566835 0.188397
vt 0.972358 0.174418
vt 0.972430 0.185814
vt 0.565584 0.122015
vt 0.971579 0.102075
vt 0.971813 0.122275
vt 0.565029 0.100217
vt 0.971543 0.080541
vt 0.566762 0.177004
vt 0.972183 0.152884
vt 0.566458 0.155205
vt 0.971945 0.132683
vt 0.971603 0.069150
vt 0.565316 0.045226
vt 0.971864 0.047617
vt 0.566100 0.023436
vt 0.972308 0.027420
vt 0.972549 0.227551
vt 0.566808 0.210198
vt 0.972530 0.207349
vt 0.565899 0.133407
vt 0.566533 0.012048
vt 0.564916 0.067024
vt 0.564857 0.078417
vt 0.566527 0.232001
vt 0.972549 0.017014
vt 0.463198 0.188097
vt 0.370971 0.188097
vt 0.463198 0.172459
vt 0.463198 0.203734
vt 0.370971 0.172460
vt 0.370971 0.203734
vt 0.463198 0.156822
vt 0.463198 0.219372
vt 0.370971 0.156822
vt 0.370971 0.219372
vt 0.463198 0.235009
vt 0.370971 0.235009
vt 0.463198 0.141185
vt 0.370971 0.141185
vt 0.463198 0.250647
vt 0.370971 0.250647
vt 0.463198 0.125547
vt 0.370971 0.125547
vt 0.463198 0.109910
vt 0.463198 0.266284
vt 0.370971 0.109910
vt 0.370971 0.266284
vt 0.463198 0.281921
vt 0.463197 0.094272
vt 0.370971 0.094272
vt 0.370971 0.281921
vt 0.463198 0.078635
vt 0.370971 0.297559
vt 0.370971 0.078635
vt 0.463198 0.297559
vt 0.463197 0.062998
vt 0.370971 0.062998
vt 0.463198 0.313196
vt 0.370971 0.313196
vt 0.463198 0.328834
vt 0.463197 0.047360
vt 0.370971 0.047360
vt 0.370971 0.328834
vt 0.463198 0.344471
vt 0.370971 0.344471
vt 0.463197 0.031723
vt 0.370971 0.547757
vt 0.370971 0.532120
vt 0.463197 0.532120
vt 0.463197 0.516482
vt 0.463198 0.360108
vt 0.370971 0.516482
vt 0.370971 0.360108
vt 0.463197 0.500845
vt 0.463198 0.375746
vt 0.370971 0.375746
vt 0.370971 0.500845
vt 0.463198 0.391383
vt 0.463198 0.485208
vt 0.370971 0.391383
vt 0.370971 0.485208
vt 0.463198 0.407021
vt 0.463198 0.469570
vt 0.370971 0.407021
vt 0.370971 0.469570
vt 0.463198 0.422658
vt 0.463198 0.453933
vt 0.370971 0.453933
vt 0.370971 0.422658
vt 0.463198 0.438295
vt 0.370971 0.438295
vt 0.053261 0.802122
vt 0.035664 0.793556
vt 0.055556 0.793556
vt 0.037959 0.859227
vt 0.018438 0.857847
vt 0.024708 0.851577
vt 0.017057 0.823024
vt 0.008492 0.840620
vt 0.008492 0.820729
vt 0.074163 0.838325
vt 0.072783 0.857847
vt 0.066512 0.851576
vt 0.072783 0.803502
vt 0.066512 0.809773
vt 0.017057 0.838325
vt 0.759651 0.236742
vt 0.751085 0.219145
vt 0.759651 0.221440
vt 0.055556 0.867793
vt 0.053261 0.859227
vt 0.074163 0.823024
vt 0.082729 0.820729
vt 0.024708 0.809773
vt 0.037959 0.802122
vt 0.035664 0.867793
vt 0.082729 0.840620
vt 0.915727 0.083729
vt 0.938390 0.068427
vt 0.938390 0.083729
vt 0.915727 0.114331
vt 0.938390 0.099030
vt 0.938390 0.114331
vt 0.915727 0.144934
vt 0.938390 0.129633
vt 0.938390 0.144934
vt 0.385927 0.944544
vt 0.411633 0.913230
vt 0.411633 0.944544
vt 0.915727 0.175537
vt 0.938390 0.160235
vt 0.938390 0.175537
vt 0.915727 0.206139
vt 0.938390 0.190838
vt 0.938390 0.206139
vt 0.915727 0.236742
vt 0.938390 0.221440
vt 0.938390 0.236742
vt 0.392729 0.626002
vt 0.367023 0.587929
vt 0.392729 0.587929
vt 0.392739 0.626370
vt 0.367033 0.588297
vt 0.392739 0.588297
vt 0.392570 0.626370
vt 0.366864 0.588297
vt 0.392570 0.588297
vt 0.392065 0.586984
vt 0.366359 0.625057
vt 0.366358 0.586984
vt 0.392475 0.625222
vt 0.366769 0.587149
vt 0.392475 0.587149
vt 0.098480 0.984914
vt 0.128781 0.934861
vt 0.131181 0.983294
vt 0.324552 0.774464
vt 0.350258 0.659558
vt 0.350258 0.774464
vt 0.325226 0.775777
vt 0.350932 0.660871
vt 0.350932 0.775777
vt 0.411623 0.944176
vt 0.385917 0.912862
vt 0.411623 0.912862
vt 0.367033 0.731655
vt 0.367033 0.626370
vt 0.385758 0.944544
vt 0.411464 0.913230
vt 0.411464 0.944544
vt 0.385663 0.943396
vt 0.411369 0.912082
vt 0.411369 0.943396
vt 0.350258 0.928233
vt 0.324552 0.887298
vt 0.350258 0.887298
vt 0.325226 0.929546
vt 0.350932 0.888611
vt 0.350932 0.929546
vt 0.308861 0.730507
vt 0.324962 0.659723
vt 0.324962 0.774630
vt 0.203015 0.712239
vt 0.172547 0.742163
vt 0.169824 0.687207
vt 0.206741 0.688296
vt 0.167800 0.646359
vt 0.366769 0.730507
vt 0.392475 0.730507
vt 0.089444 0.802547
vt 0.096080 0.936481
vt 0.173330 0.559910
vt 0.134555 0.601420
vt 0.143669 0.554187
vt 0.137123 0.688827
vt 0.135099 0.647979
vt 0.350668 0.659723
vt 0.366769 0.625222
vt 0.375723 0.796911
vt 0.350668 0.774630
vt 0.375723 0.734902
vt 0.299907 0.796911
vt 0.324962 0.817830
vt 0.367023 0.731287
vt 0.392729 0.731287
vt 0.379575 0.815542
vt 0.405282 0.802674
vt 0.405282 0.815542
vt 0.352735 0.927365
vt 0.327029 0.886430
vt 0.352735 0.886430
vt 0.350668 0.849941
vt 0.350668 0.817830
vt 0.309115 0.731287
vt 0.325216 0.660503
vt 0.325216 0.775409
vt 0.282497 0.890651
vt 0.325216 0.850721
vt 0.325216 0.888243
vt 0.393641 0.890651
vt 0.350922 0.850721
vt 0.393641 0.836793
vt 0.375977 0.797691
vt 0.350922 0.775409
vt 0.375977 0.735682
vt 0.405536 0.816322
vt 0.379829 0.803453
vt 0.405536 0.803453
vt 0.350922 0.660503
vt 0.325216 0.929178
vt 0.350922 0.888243
vt 0.350922 0.929178
vt 0.350922 0.818610
vt 0.379839 0.816690
vt 0.405545 0.803821
vt 0.405545 0.816690
vt 0.325226 0.851088
vt 0.350932 0.818978
vt 0.350932 0.851088
vt 0.375987 0.798059
vt 0.375987 0.736050
vt 0.392739 0.731655
vt 0.366864 0.731655
vt 0.392570 0.731655
vt 0.300171 0.798059
vt 0.325226 0.818978
vt 0.308957 0.731655
vt 0.325057 0.660871
vt 0.325057 0.775777
vt 0.300003 0.798059
vt 0.325057 0.818978
vt 0.350764 0.660871
vt 0.366864 0.626370
vt 0.375818 0.798059
vt 0.350764 0.775777
vt 0.375818 0.736050
vt 0.379671 0.816690
vt 0.405377 0.803821
vt 0.405377 0.816690
vt 0.350764 0.929546
vt 0.325057 0.888611
vt 0.350764 0.888611
vt 0.350764 0.851089
vt 0.350764 0.818978
vt 0.308451 0.730342
vt 0.324552 0.659558
vt 0.299497 0.796746
vt 0.324552 0.817665
vt 0.324552 0.849775
vt 0.350258 0.817665
vt 0.350258 0.849775
vt 0.392065 0.730342
vt 0.392065 0.625057
vt 0.385253 0.943231
vt 0.410959 0.911917
vt 0.410959 0.943231
vt 0.404872 0.815377
vt 0.379166 0.802508
vt 0.404872 0.802508
vt 0.851024 0.083729
vt 0.915727 0.068427
vt 0.052560 0.968036
vt 0.067012 0.952734
vt 0.067012 0.968036
vt 0.851024 0.099030
vt 0.915727 0.099030
vt 0.052560 0.983337
vt 0.067012 0.983337
vt 0.851024 0.114331
vt 0.948007 0.533596
vt 0.557964 0.479113
vt 0.948007 0.479114
vt 0.851024 0.129633
vt 0.915727 0.129633
vt 0.021310 0.952709
vt 0.035762 0.937407
vt 0.035762 0.952709
vt 0.851024 0.144934
vt 0.021310 0.968010
vt 0.035762 0.968010
vt 0.851024 0.160235
vt 0.915727 0.160235
vt 0.021310 0.983311
vt 0.035762 0.983311
vt 0.851024 0.175537
vt 0.488059 0.282086
vt 0.520375 0.063579
vt 0.520375 0.282086
vt 0.915727 0.190838
vt 0.051522 0.897372
vt 0.066823 0.882920
vt 0.066823 0.897372
vt 0.851024 0.206139
vt 0.036221 0.897372
vt 0.051522 0.882920
vt 0.851024 0.221440
vt 0.915727 0.221440
vt 0.020919 0.882920
vt 0.020919 0.897372
vt 0.851024 0.236742
vt 0.589753 0.276734
vt 0.620275 0.058228
vt 0.620275 0.276734
vt 0.851024 0.068427
vt 0.915727 0.053126
vt 0.836572 0.068427
vt 0.851024 0.053126
vt 0.526915 0.058228
vt 0.494599 0.027706
vt 0.526916 0.027706
vt 0.557964 0.309259
vt 0.503482 0.366945
vt 0.503482 0.309259
vt 0.488059 0.033057
vt 0.520375 0.033058
vt 0.557437 0.058228
vt 0.589753 0.058228
vt 0.583213 0.282086
vt 0.613735 0.063579
vt 0.613735 0.282086
vt 0.526915 0.276734
vt 0.494599 0.058228
vt 0.948007 0.421428
vt 0.557964 0.421427
vt 0.557437 0.276734
vt 0.557964 0.366945
vt 0.948007 0.366945
vt 0.948007 0.309259
vt 0.550897 0.063579
vt 0.550897 0.282086
vt 0.583213 0.063579
vt 0.209319 0.591439
vt 0.163364 0.604294
vt 0.379575 0.802674
vt 0.393387 0.889871
vt 0.393387 0.836013
vt 0.296055 0.815542
vt 0.324962 0.849941
vt 0.282243 0.889871
vt 0.324962 0.887463
vt 0.379829 0.816322
vt 0.296309 0.816322
vt 0.325216 0.818610
vt 0.300161 0.797691
vt 0.296319 0.816690
vt 0.282507 0.891019
vt 0.325226 0.888611
vt 0.379839 0.803821
vt 0.393651 0.891019
vt 0.393651 0.837161
vt 0.379671 0.803821
vt 0.393483 0.891019
vt 0.393483 0.837161
vt 0.296150 0.816690
vt 0.325057 0.851089
vt 0.282338 0.891019
vt 0.295645 0.815377
vt 0.281833 0.889706
vt 0.139846 0.743783
vt 0.147088 0.889956
vt 0.759651 0.083729
vt 0.836572 0.083729
vt 0.759651 0.099030
vt 0.836572 0.099030
vt 0.759651 0.114331
vt 0.836572 0.114331
vt 0.759651 0.129633
vt 0.836572 0.129633
vt 0.759651 0.144934
vt 0.836572 0.144934
vt 0.759651 0.160235
vt 0.836572 0.160235
vt 0.759651 0.175536
vt 0.836572 0.175537
vt 0.836572 0.190838
vt 0.759651 0.206139
vt 0.836572 0.206139
vt 0.836572 0.221441
vt 0.836572 0.236742
vt 0.759651 0.068427
vt 0.836573 0.053126
vt 0.904258 0.728522
vt 0.918833 0.703896
vt 0.913384 0.731290
vt 0.674265 0.605589
vt 0.686645 0.579788
vt 0.692694 0.587160
vt 0.894285 0.752601
vt 0.902695 0.757096
vt 0.709869 0.564270
vt 0.714364 0.572680
vt 0.879805 0.774271
vt 0.887177 0.780320
vt 0.735674 0.553581
vt 0.738442 0.562707
vt 0.861377 0.792700
vt 0.867426 0.800071
vt 0.764004 0.557622
vt 0.763069 0.548132
vt 0.714364 0.807179
vt 0.735675 0.826278
vt 0.709869 0.815589
vt 0.839707 0.807179
vt 0.844202 0.815589
vt 0.791001 0.548132
vt 0.790067 0.557622
vt 0.692694 0.792700
vt 0.686645 0.800071
vt 0.815628 0.817153
vt 0.818396 0.826278
vt 0.818396 0.553581
vt 0.815628 0.562706
vt 0.666894 0.780321
vt 0.674265 0.774271
vt 0.790066 0.822237
vt 0.791001 0.831727
vt 0.844202 0.564270
vt 0.839706 0.572680
vt 0.651376 0.757096
vt 0.659786 0.752601
vt 0.764004 0.822237
vt 0.763070 0.831727
vt 0.867426 0.579788
vt 0.861377 0.587160
vt 0.640687 0.731291
vt 0.649812 0.728523
vt 0.738443 0.817153
vt 0.879805 0.605589
vt 0.887177 0.599539
vt 0.635238 0.703896
vt 0.644728 0.702961
vt 0.894285 0.627259
vt 0.902695 0.622764
vt 0.635238 0.675964
vt 0.644728 0.676899
vt 0.904258 0.651337
vt 0.913384 0.648569
vt 0.640687 0.648569
vt 0.649812 0.651337
vt 0.909343 0.676899
vt 0.918833 0.675964
vt 0.651376 0.622764
vt 0.659786 0.627259
vt 0.909343 0.702961
vt 0.666894 0.599539
vt 0.838989 0.809207
vt 0.866361 0.801933
vt 0.843243 0.817380
vt 0.814910 0.819181
vt 0.817556 0.828020
vt 0.790287 0.833444
vt 0.789349 0.824265
vt 0.762483 0.833444
vt 0.763286 0.824265
vt 0.735214 0.828020
vt 0.737725 0.819181
vt 0.709527 0.817380
vt 0.713646 0.809207
vt 0.686409 0.801933
vt 0.691976 0.794728
vt 0.666749 0.782273
vt 0.673547 0.776299
vt 0.651302 0.759155
vt 0.659068 0.754629
vt 0.640662 0.733468
vt 0.649094 0.730550
vt 0.635238 0.706199
vt 0.644010 0.704989
vt 0.635238 0.678395
vt 0.644010 0.678926
vt 0.640662 0.651126
vt 0.649094 0.653365
vt 0.651302 0.625439
vt 0.659068 0.629286
vt 0.666749 0.602321
vt 0.673547 0.607616
vt 0.686409 0.582661
vt 0.691976 0.589188
vt 0.709527 0.567214
vt 0.713646 0.574708
vt 0.735214 0.556574
vt 0.737725 0.564735
vt 0.762483 0.551150
vt 0.763286 0.559650
vt 0.789349 0.559650
vt 0.790287 0.551150
vt 0.814910 0.564735
vt 0.817556 0.556574
vt 0.838989 0.574708
vt 0.843243 0.567214
vt 0.860659 0.589188
vt 0.866361 0.582661
vt 0.879088 0.607616
vt 0.886021 0.602321
vt 0.893567 0.629287
vt 0.901468 0.625439
vt 0.903541 0.653365
vt 0.912108 0.651126
vt 0.908625 0.678927
vt 0.917532 0.678395
vt 0.908625 0.704989
vt 0.917532 0.706199
vt 0.903541 0.730551
vt 0.912108 0.733468
vt 0.893567 0.754629
vt 0.901468 0.759155
vt 0.879087 0.776299
vt 0.886021 0.782273
vt 0.860659 0.794728
vt 0.220160 0.554180
vt 0.099658 0.565221
vt 0.106630 0.529090
vt 0.350668 0.928398
vt 0.385663 0.912082
vt 0.324962 0.928398
vt 0.289967 0.912082
vt 0.195810 0.797276
vt 0.179790 0.888336
vt 0.385917 0.944176
vt 0.290221 0.912862
vt 0.385927 0.913230
vt 0.290231 0.913230
vt 0.385758 0.913230
vt 0.325057 0.929546
vt 0.290063 0.913230
vt 0.324552 0.928233
vt 0.289557 0.911916
vt 0.385253 0.911917
vt 0.077776 0.797520
vt 0.106569 0.717018
vt 0.110477 0.795900
vt 0.419094 0.836013
vt 0.401429 0.734902
vt 0.419347 0.836793
vt 0.401683 0.735682
vt 0.419357 0.891019
vt 0.401693 0.736050
vt 0.419189 0.837161
vt 0.401525 0.798059
vt 0.392977 0.835848
vt 0.418684 0.889706
vt 0.392977 0.889706
vt 0.375313 0.734737
vt 0.401019 0.796746
vt 0.375313 0.796746
vt 0.069997 0.559498
vt 0.076970 0.523366
vt 0.367023 0.626002
vt 0.081512 0.599051
vt 0.082293 0.665881
vt 0.100494 0.693560
vt 0.101305 0.709930
vt 0.122145 0.800926
vt 0.309125 0.731655
vt 0.325226 0.660871
vt 0.050395 0.666254
vt 0.049614 0.599424
vt 0.068604 0.711550
vt 0.379166 0.815377
vt 0.366359 0.730342
vt 0.751085 0.239037
vt 0.018437 0.803502
vt 0.308861 0.625222
vt 0.206923 0.791121
vt 0.207553 0.704666
vt 0.299907 0.734902
vt 0.327029 0.927365
vt 0.309116 0.626002
vt 0.282497 0.836793
vt 0.300171 0.736050
vt 0.308957 0.626370
vt 0.300002 0.736050
vt 0.308451 0.625057
vt 0.299497 0.734737
vt 0.052560 0.952734
vt 0.557964 0.533595
vt 0.021310 0.937407
vt 0.488059 0.063579
vt 0.851024 0.190838
vt 0.036221 0.882920
vt 0.494599 0.276734
vt 0.220160 0.653917
vt 0.350668 0.887463
vt 0.296055 0.802674
vt 0.282243 0.836013
vt 0.296309 0.803453
vt 0.300161 0.735682
vt 0.296319 0.803821
vt 0.282507 0.837160
vt 0.296150 0.803821
vt 0.282338 0.837161
vt 0.295645 0.802508
vt 0.281833 0.835848
vt 0.759651 0.190838
vt 0.759651 0.053126
vt 0.289967 0.943396
vt 0.202446 0.931211
vt 0.290221 0.944176
vt 0.290231 0.944544
vt 0.290063 0.944544
vt 0.289557 0.943231
vt 0.073868 0.718638
vt 0.419094 0.889871
vt 0.401429 0.796911
vt 0.419347 0.890651
vt 0.401683 0.797691
vt 0.419357 0.837161
vt 0.401693 0.798059
vt 0.419189 0.891019
vt 0.401525 0.736050
vt 0.418684 0.835848
vt 0.401019 0.734737
vt 0.309125 0.626370
vt 0.067793 0.695180
vt 0.232807 0.594563
vt 0.240762 0.603562
vt 0.232461 0.601632
vt 0.198973 0.580562
vt 0.209438 0.566528
vt 0.210555 0.575731
vt 0.197826 0.612659
vt 0.207263 0.627403
vt 0.191235 0.619333
vt 0.217574 0.576043
vt 0.210243 0.566457
vt 0.219474 0.566967
vt 0.057949 0.714444
vt 0.046703 0.646475
vt 0.058043 0.646457
vt 0.029269 0.714404
vt 0.040703 0.646467
vt 0.040609 0.714454
vt 0.018631 0.714308
vt 0.029363 0.646417
vt 0.068587 0.714377
vt 0.068682 0.646391
vt 0.096047 0.714255
vt 0.102141 0.646276
vt 0.102047 0.714263
vt 0.084706 0.714272
vt 0.074163 0.646352
vt 0.084801 0.646286
vt 0.013150 0.714255
vt 0.018725 0.646321
vt 0.113481 0.646325
vt 0.113387 0.714312
vt 0.096141 0.646268
vt 0.074068 0.714339
vt 0.046609 0.714462
vt 0.124119 0.646422
vt 0.124025 0.714408
vt 0.228709 0.581829
vt 0.241256 0.593453
vt 0.235398 0.575242
vt 0.227141 0.613906
vt 0.216500 0.627796
vt 0.215494 0.618578
vt 0.185140 0.601200
vt 0.193564 0.599979
vt 0.193817 0.592905
vt 0.185502 0.591086
vt 0.192875 0.573434
vt 0.209034 0.618303
vt 0.233155 0.621113
vt 0.211118 0.575686
vt 0.013244 0.646268
vt 0.210617 0.819606
vt 0.118606 0.996451
vt 0.118606 0.819606
vt 0.316598 0.638264
vt 0.295815 0.658845
vt 0.291751 0.641371
vt 0.062210 0.819606
vt 0.006945 0.996451
vt 0.006945 0.819605
vt 0.267978 0.641369
vt 0.273802 0.643137
vt 0.315475 0.638254
vt 0.285919 0.643221
vt 0.291742 0.641452
vt 0.243029 0.638456
vt 0.243338 0.586724
vt 0.249404 0.606719
vt 0.523274 0.996451
vt 0.495075 0.819605
vt 0.523274 0.819605
vt 0.495075 0.996451
vt 0.466877 0.819605
vt 0.090408 0.996451
vt 0.062210 0.996451
vt 0.090408 0.819606
vt 0.323961 0.819606
vt 0.261522 0.996451
vt 0.261522 0.819606
vt 0.244234 0.638171
vt 0.244241 0.586658
vt 0.249416 0.606634
vt 0.250272 0.652759
vt 0.262611 0.638499
vt 0.264856 0.658808
vt 0.254048 0.629934
vt 0.257908 0.634638
vt 0.349414 0.996451
vt 0.323961 0.996451
vt 0.349414 0.819605
vt 0.374867 0.996451
vt 0.236070 0.996451
vt 0.210617 0.996451
vt 0.236069 0.819606
vt 0.466877 0.996451
vt 0.294873 0.658884
vt 0.267968 0.641461
vt 0.273800 0.643230
vt 0.309443 0.652836
vt 0.262585 0.638580
vt 0.263919 0.658955
vt 0.249275 0.653010
vt 0.253970 0.629908
vt 0.257859 0.634689
vt 0.248790 0.573597
vt 0.267994 0.584120
vt 0.262630 0.586983
vt 0.257926 0.590834
vt 0.310013 0.573608
vt 0.308528 0.600913
vt 0.305660 0.595550
vt 0.316413 0.586632
vt 0.310337 0.618753
vt 0.310925 0.612692
vt 0.291735 0.584013
vt 0.310960 0.573486
vt 0.297807 0.568042
vt 0.262615 0.586884
vt 0.249695 0.573494
vt 0.262859 0.568042
vt 0.273803 0.582250
vt 0.267981 0.584016
vt 0.257911 0.590744
vt 0.297127 0.638494
vt 0.301533 0.634870
vt 0.310444 0.652850
vt 0.285921 0.643141
vt 0.279861 0.643735
vt 0.297106 0.638584
vt 0.301808 0.634724
vt 0.250949 0.624158
vt 0.251132 0.624484
vt 0.254062 0.595528
vt 0.251184 0.600892
vt 0.249389 0.618838
vt 0.248796 0.612795
vt 0.251180 0.624567
vt 0.254051 0.595447
vt 0.251183 0.600812
vt 0.249414 0.618744
vt 0.248819 0.612689
vt 0.374867 0.819605
vt 0.279861 0.643821
vt 0.261929 0.568160
vt 0.273814 0.582357
vt 0.296856 0.568160
vt 0.315465 0.586765
vt 0.305666 0.630021
vt 0.308532 0.624657
vt 0.279865 0.581764
vt 0.310296 0.618837
vt 0.310891 0.612784
vt 0.285917 0.582360
vt 0.291737 0.584125
vt 0.310294 0.606732
vt 0.297100 0.586992
vt 0.301801 0.590850
vt 0.297102 0.586875
vt 0.301886 0.634594
vt 0.305612 0.630063
vt 0.301807 0.590729
vt 0.305671 0.595429
vt 0.308548 0.624621
vt 0.308545 0.600796
vt 0.310320 0.606625
vt 0.285913 0.582248
vt 0.279858 0.581653
vt 0.228492 0.766132
vt 0.243272 0.773513
vt 0.228492 0.773513
vt 0.956618 0.068427
vt 0.956618 0.083729
vt 0.956618 0.099030
vt 0.956618 0.114331
vt 0.956618 0.129633
vt 0.956618 0.144934
vt 0.956618 0.160235
vt 0.956618 0.175537
vt 0.956618 0.190838
vt 0.956618 0.206139
vt 0.956618 0.221440
vt 0.956618 0.236742
vt 0.956618 0.053126
vt 0.256616 0.587695
vt 0.249486 0.570483
vt 0.260306 0.581303
vt 0.262738 0.562833
vt 0.266698 0.577613
vt 0.278039 0.562833
vt 0.274079 0.577613
vt 0.280471 0.581303
vt 0.291290 0.570483
vt 0.298941 0.583735
vt 0.284161 0.587695
vt 0.284161 0.595076
vt 0.298941 0.599036
vt 0.291290 0.612287
vt 0.280471 0.601468
vt 0.274079 0.605158
vt 0.278039 0.619938
vt 0.262738 0.619938
vt 0.266698 0.605158
vt 0.249486 0.612287
vt 0.260306 0.601468
vt 0.241836 0.599036
vt 0.256616 0.595076
vt 0.241836 0.583735
vt 0.150003 0.911632
vt 0.173858 0.918024
vt 0.156395 0.935487
vt 0.228492 0.788274
vt 0.243272 0.795655
vt 0.228492 0.795655
vt 0.228492 0.736609
vt 0.243272 0.743989
vt 0.228492 0.743989
vt 0.228492 0.721847
vt 0.243272 0.729228
vt 0.228492 0.729228
vt 0.228492 0.758751
vt 0.243272 0.766132
vt 0.243272 0.780893
vt 0.243272 0.788274
vt 0.243272 0.736609
vt 0.228492 0.803036
vt 0.243272 0.810416
vt 0.228492 0.810416
vt 0.228492 0.751370
vt 0.243272 0.758751
vt 0.228492 0.780893
vt 0.243272 0.803036
vt 0.243272 0.751370
vt 0.709475 0.020228
vt 0.751086 0.000337
vt 0.751086 0.020228
vt 0.709475 0.239037
vt 0.709475 0.219145
vt 0.751085 0.199254
vt 0.709475 0.199253
vt 0.751085 0.179362
vt 0.709475 0.159470
vt 0.751085 0.159470
vt 0.751085 0.139578
vt 0.709475 0.139578
vt 0.751085 0.119687
vt 0.709475 0.119687
vt 0.751085 0.099795
vt 0.709475 0.099795
vt 0.751085 0.079903
vt 0.709475 0.079903
vt 0.751085 0.060012
vt 0.662410 0.266209
vt 0.645184 0.201918
vt 0.709475 0.060012
vt 0.751085 0.040120
vt 0.709475 0.040120
vt 0.938390 0.053126
vt 0.150003 0.931796
vt 0.146312 0.925404
vt 0.146312 0.918024
vt 0.156395 0.907941
vt 0.163775 0.907941
vt 0.170167 0.911632
vt 0.173858 0.925404
vt 0.170167 0.931796
vt 0.163775 0.935487
vt 0.243272 0.721847
vt 0.709475 0.000336
vt 0.709475 0.179362
vt 0.699529 0.256264
vt 0.682302 0.266209
vt 0.645184 0.256264
vt 0.635238 0.239037
vt 0.635238 0.219145
vt 0.662410 0.191973
vt 0.682302 0.191973
vt 0.699529 0.201918
vt 0.049333 0.393103
vt 0.056719 0.367919
vt 0.057243 0.393467
vt 0.049014 0.367742
vt 0.058216 0.341468
vt 0.050214 0.341489
vt 0.056363 0.315434
vt 0.048549 0.315527
vt 0.056812 0.288256
vt 0.048704 0.288517
vt 0.053956 0.261559
vt 0.046032 0.261886
vt 0.053463 0.233539
vt 0.045241 0.234071
vt 0.049528 0.206077
vt 0.041484 0.206725
vt 0.047846 0.177070
vt 0.039481 0.178037
vt 0.042244 0.148682
vt 0.034042 0.149940
vt 0.038224 0.118329
vt 0.029619 0.120286
vt 0.028899 0.088586
vt 0.020130 0.091446
vt 0.018582 0.057989
vt 0.180339 0.484432
vt 0.200389 0.463003
vt 0.186607 0.488547
vt 0.199605 0.432092
vt 0.192339 0.459952
vt 0.206428 0.405494
vt 0.207244 0.434157
vt 0.209195 0.377809
vt 0.214289 0.406953
vt 0.213208 0.351192
vt 0.216807 0.378743
vt 0.214126 0.323709
vt 0.221057 0.351885
vt 0.216784 0.297118
vt 0.221776 0.324113
vt 0.216582 0.269747
vt 0.224696 0.297386
vt 0.218218 0.243158
vt 0.224315 0.269797
vt 0.216997 0.215890
vt 0.226228 0.243098
vt 0.217544 0.189326
vt 0.224825 0.215629
vt 0.215034 0.162241
vt 0.225652 0.188924
vt 0.213874 0.135800
vt 0.222937 0.161574
vt 0.208829 0.109207
vt 0.222050 0.134794
vt 0.203469 0.083531
vt 0.216702 0.107579
vt 0.191969 0.059762
vt 0.211380 0.080836
vt 0.038478 0.467473
vt 0.033685 0.493445
vt 0.026911 0.489005
vt 0.051199 0.444065
vt 0.046291 0.470494
vt 0.044019 0.442955
vt 0.053886 0.419402
vt 0.046359 0.418638
vt 0.167973 0.137966
vt 0.160215 0.105757
vt 0.169987 0.106548
vt 0.340828 0.188084
vt 0.330506 0.216454
vt 0.331876 0.187947
vt 0.169529 0.167784
vt 0.158204 0.137724
vt 0.339704 0.216743
vt 0.331817 0.245671
vt 0.168727 0.198273
vt 0.160191 0.167626
vt 0.340723 0.245998
vt 0.329767 0.274029
vt 0.170397 0.227292
vt 0.159283 0.198221
vt 0.338930 0.274543
vt 0.330324 0.303213
vt 0.169276 0.256968
vt 0.161321 0.227102
vt 0.339206 0.303762
vt 0.327577 0.331501
vt 0.165183 0.423701
vt 0.158650 0.395956
vt 0.167011 0.396460
vt 0.170358 0.285248
vt 0.160090 0.256773
vt 0.336719 0.332214
vt 0.327561 0.360707
vt 0.167260 0.449749
vt 0.156610 0.423578
vt 0.168619 0.314106
vt 0.161530 0.284878
vt 0.333693 0.389740
vt 0.336426 0.361379
vt 0.172467 0.476584
vt 0.158775 0.450670
vt 0.169061 0.341645
vt 0.159683 0.313716
vt 0.333784 0.418815
vt 0.324539 0.389054
vt 0.179868 0.501131
vt 0.164290 0.478478
vt 0.166835 0.369685
vt 0.160476 0.341108
vt 0.332774 0.447174
vt 0.324877 0.418477
vt 0.345704 0.039273
vt 0.332481 0.068820
vt 0.335382 0.037141
vt 0.158135 0.369184
vt 0.337202 0.475910
vt 0.323464 0.447492
vt 0.342453 0.069975
vt 0.329673 0.099297
vt 0.345704 0.502226
vt 0.328339 0.477886
vt 0.339303 0.099868
vt 0.331184 0.129587
vt 0.171549 0.075379
vt 0.169558 0.040345
vt 0.179868 0.044214
vt 0.340279 0.129776
vt 0.329987 0.158530
vt 0.160811 0.073588
vt 0.339275 0.158705
vt 0.122208 0.205692
vt 0.123136 0.223048
vt 0.124394 0.319278
vt 0.124473 0.335667
vt 0.094039 0.345321
vt 0.091575 0.336125
vt 0.124016 0.263348
vt 0.124518 0.280135
vt 0.090791 0.373249
vt 0.063041 0.365019
vt 0.093187 0.364097
vt 0.063050 0.344329
vt 0.025431 0.058675
vt 0.034882 0.082805
vt 0.124579 0.492912
vt 0.085944 0.477883
vt 0.120880 0.479912
vt 0.153167 0.366055
vt 0.153654 0.344209
vt 0.284971 0.491514
vt 0.338011 0.505703
vt 0.287163 0.521942
vt 0.116481 0.077424
vt 0.117514 0.099246
vt 0.119269 0.145264
vt 0.120497 0.163674
vt 0.093423 0.310040
vt 0.121824 0.309192
vt 0.080586 0.488869
vt 0.051830 0.469042
vt 0.288529 0.380899
vt 0.289873 0.363722
vt 0.284891 0.441480
vt 0.286154 0.422659
vt 0.091310 0.319398
vt 0.062713 0.312212
vt 0.044384 0.120545
vt 0.048767 0.144216
vt 0.293958 0.267009
vt 0.294468 0.250204
vt 0.291912 0.323620
vt 0.292899 0.306779
vt 0.122046 0.446629
vt 0.088026 0.455485
vt 0.086741 0.445265
vt 0.154532 0.310599
vt 0.154589 0.288215
vt 0.091636 0.235013
vt 0.088395 0.225482
vt 0.056788 0.448240
vt 0.127463 0.519765
vt 0.290543 0.092519
vt 0.289969 0.072326
vt 0.293109 0.153048
vt 0.292641 0.135540
vt 0.294368 0.210380
vt 0.294372 0.193449
vt 0.123454 0.374054
vt 0.123234 0.390341
vt 0.058784 0.236201
vt 0.121990 0.429225
vt 0.053480 0.179609
vt 0.056025 0.202191
vt 0.250092 0.064169
vt 0.286956 0.059755
vt 0.154724 0.253691
vt 0.154260 0.230697
vt 0.087978 0.427577
vt 0.088710 0.197639
vt 0.119002 0.195084
vt 0.249599 0.076052
vt 0.215524 0.076103
vt 0.090475 0.389861
vt 0.260283 0.193386
vt 0.260363 0.210602
vt 0.257423 0.136875
vt 0.258379 0.154564
vt 0.252556 0.095964
vt 0.073669 0.514976
vt 0.087042 0.207742
vt 0.060377 0.258030
vt 0.290913 0.015179
vt 0.242449 0.037870
vt 0.233582 0.024876
vt 0.153709 0.195132
vt 0.152942 0.171416
vt 0.151679 0.420572
vt 0.206209 0.055415
vt 0.198494 0.055508
vt 0.151994 0.398978
vt 0.120788 0.400249
vt 0.061882 0.291009
vt 0.259016 0.304525
vt 0.257893 0.321723
vt 0.260625 0.248994
vt 0.260078 0.266126
vt 0.259234 0.126821
vt 0.289845 0.124798
vt 0.152470 0.134410
vt 0.152454 0.109459
vt 0.226673 0.131285
vt 0.249583 0.418440
vt 0.246670 0.437584
vt 0.255515 0.360497
vt 0.253752 0.378056
vt 0.156992 0.476279
vt 0.256458 0.106076
vt 0.154813 0.069077
vt 0.160326 0.042484
vt 0.084004 0.167127
vt 0.081912 0.148324
vt 0.076492 0.104098
vt 0.072573 0.082226
vt 0.228403 0.513091
vt 0.237048 0.485294
vt 0.154006 0.454103
vt 0.119490 0.457566
vt 0.223724 0.109676
vt 0.325461 0.064592
vt 0.262623 0.183804
vt 0.291940 0.183036
vt 0.320481 0.475142
vt 0.318195 0.450976
vt 0.328964 0.039509
vt 0.286007 0.032051
vt 0.230527 0.185808
vt 0.324007 0.126238
vt 0.261221 0.164157
vt 0.319072 0.391933
vt 0.090849 0.281573
vt 0.090055 0.264429
vt 0.324113 0.102592
vt 0.288101 0.104167
vt 0.229639 0.164336
vt 0.122432 0.290433
vt 0.121263 0.233731
vt 0.121125 0.253054
vt 0.118734 0.174918
vt 0.115433 0.111831
vt 0.115812 0.133974
vt 0.114624 0.033729
vt 0.113107 0.063815
vt 0.281567 0.453098
vt 0.281768 0.477292
vt 0.284511 0.411384
vt 0.285166 0.391303
vt 0.322123 0.334359
vt 0.288321 0.353069
vt 0.288744 0.333824
vt 0.324378 0.277004
vt 0.291124 0.296305
vt 0.291055 0.277240
vt 0.325185 0.219577
vt 0.292381 0.239804
vt 0.291744 0.220726
vt 0.324675 0.161791
vt 0.290718 0.163688
vt 0.119608 0.418936
vt 0.122168 0.345666
vt 0.121138 0.364064
vt 0.061812 0.396549
vt 0.090939 0.418227
vt 0.060365 0.416966
vt 0.092547 0.399152
vt 0.262736 0.220137
vt 0.231244 0.240199
vt 0.231384 0.218722
vt 0.263338 0.239578
vt 0.262125 0.275717
vt 0.229832 0.294663
vt 0.230768 0.273137
vt 0.262067 0.295184
vt 0.259650 0.331438
vt 0.226341 0.349346
vt 0.228128 0.327705
vt 0.258942 0.351124
vt 0.255193 0.388103
vt 0.219866 0.404702
vt 0.223033 0.382717
vt 0.253669 0.408668
vt 0.213167 0.439072
vt 0.243700 0.473532
vt 0.206531 0.461756
vt 0.247497 0.448884
vt 0.072950 0.069125
vt 0.066559 0.039417
vt 0.083272 0.137458
vt 0.081278 0.114892
vt 0.087754 0.177017
vt 0.091945 0.254751
vt 0.093689 0.290894
vt 0.056664 0.025195
vt 0.119881 0.015179
vt 0.317968 0.414800
vt 0.320769 0.356954
vt 0.323472 0.299592
vt 0.324868 0.242232
vt 0.324821 0.184658
vt 0.009813 0.061933
vt 0.172648 0.504207
s 1
usemtl SpacialRoverExploreralumWhite
f 109/1/1 111/2/1 37/3/1
f 26/4/2 122/5/2 124/6/2
f 35/7/2 36/8/2 119/9/2
f 34/10/3 37/11/4 29/12/4
f 30/13/5 197/14/6 196/15/5
f 32/16/6 38/17/7 197/14/6
f 38/17/8 29/12/4 37/11/4
f 157/18/9 35/19/10 33/20/9
f 41/21/10 36/22/11 35/19/10
f 40/23/12 34/10/3 36/22/12
f 26/24/13 152/25/14 28/26/13
f 144/27/15 153/28/16 146/29/16
f 28/26/1 201/30/1 150/31/1
f 27/32/17 143/33/18 25/34/17
f 25/35/2 200/36/2 147/37/2
f 150/38/18 145/39/19 143/33/18
f 151/40/20 144/27/15 145/39/20
f 153/28/16 148/41/21 146/29/16
f 154/42/22 147/37/14 148/41/22
f 125/43/2 29/44/2 31/45/2
f 31/45/2 32/46/2 125/43/2
f 30/13/2 125/43/2 32/46/2
f 34/47/2 125/43/2 121/48/2
f 119/9/2 33/49/2 35/7/2
f 119/9/2 36/8/2 34/47/2
f 37/3/1 115/50/1 38/51/1
f 38/51/1 115/50/1 197/52/1
f 194/53/1 39/54/1 40/55/1
f 41/56/1 157/57/1 194/53/1
f 40/55/1 41/56/1 194/53/1
f 115/50/1 196/15/1 197/52/1
f 147/37/2 200/36/2 148/58/2
f 148/58/2 200/36/2 146/59/2
f 146/59/2 200/36/2 144/60/2
f 145/61/2 200/36/2 143/62/2
f 144/60/2 200/36/2 145/61/2
f 150/31/1 201/30/1 151/63/1
f 153/64/1 201/30/1 154/65/1
f 154/65/1 201/30/1 152/25/1
f 151/63/1 201/30/1 149/66/1
f 149/66/1 201/30/1 153/64/1
f 25/67/23 130/68/24 27/69/23
f 26/4/2 129/70/2 25/71/2
f 129/70/24 196/15/5 130/68/24
f 33/72/9 28/26/25 157/73/9
f 28/74/1 112/75/1 110/76/1
f 130/68/1 28/74/1 27/77/1
f 220/78/1 222/79/1 214/80/1
f 203/81/2 233/82/2 235/83/2
f 212/84/2 213/85/2 230/86/2
f 211/87/3 214/88/4 206/89/4
f 207/90/5 260/91/6 259/92/5
f 209/93/6 215/94/7 260/91/6
f 215/94/8 206/89/4 214/88/4
f 256/95/9 212/96/10 210/97/9
f 218/98/10 213/99/11 212/96/10
f 217/100/12 211/87/3 213/99/12
f 203/101/13 251/102/14 205/103/13
f 243/104/15 252/105/16 245/106/16
f 205/103/1 264/107/1 249/108/1
f 204/109/17 242/110/18 202/111/17
f 202/112/2 263/113/2 246/114/2
f 249/115/18 244/116/19 242/110/18
f 250/117/20 243/104/15 244/116/20
f 252/105/16 247/118/21 245/106/16
f 253/119/22 246/114/14 247/118/22
f 236/120/2 206/121/2 208/122/2
f 208/122/2 209/123/2 236/120/2
f 207/90/2 236/120/2 209/123/2
f 211/124/2 236/120/2 232/125/2
f 230/86/2 210/126/2 212/84/2
f 230/86/2 213/85/2 211/124/2
f 214/80/1 226/127/1 215/128/1
f 215/128/1 226/127/1 260/129/1
f 257/130/1 216/131/1 217/132/1
f 218/133/1 256/134/1 257/130/1
f 217/132/1 218/133/1 257/130/1
f 226/127/1 259/92/1 260/129/1
f 246/114/2 263/113/2 247/135/2
f 247/135/2 263/113/2 245/136/2
f 245/136/2 263/113/2 243/137/2
f 244/138/2 263/113/2 242/139/2
f 243/137/2 263/113/2 244/138/2
f 249/108/1 264/107/1 250/140/1
f 252/141/1 264/107/1 253/142/1
f 253/142/1 264/107/1 251/102/1
f 250/140/1 264/107/1 248/143/1
f 248/143/1 264/107/1 252/141/1
f 202/144/23 241/145/24 204/146/23
f 203/81/2 240/147/2 202/148/2
f 240/147/24 259/92/5 241/145/24
f 210/149/9 205/103/25 256/150/9
f 205/151/1 223/152/1 221/153/1
f 241/145/1 205/151/1 204/154/1
f 275/155/26 288/156/27 274/157/27
f 268/158/28 283/159/29 282/160/30
f 268/158/28 269/161/31 283/159/29
f 275/155/26 276/162/32 289/163/33
f 269/161/31 284/164/34 283/159/29
f 276/162/32 290/165/35 289/163/33
f 269/161/31 285/166/36 284/164/34
f 276/162/32 277/167/37 290/165/35
f 277/167/37 291/168/38 290/165/35
f 271/169/39 285/166/36 270/170/40
f 277/167/37 278/171/41 291/168/38
f 265/172/15 281/173/42 280/174/15
f 271/169/39 272/175/43 286/176/44
f 265/172/15 266/177/45 281/173/42
f 278/171/41 292/178/46 291/168/38
f 272/175/43 287/179/47 286/176/44
f 272/175/43 273/180/48 287/179/47
f 267/181/49 281/173/42 266/177/45
f 265/172/15 292/182/46 279/183/50
f 274/157/27 287/179/47 273/180/48
f 267/181/49 268/158/28 282/160/30
f 281/184/1 285/185/1 289/186/1
f 275/187/2 271/188/2 267/189/2
f 37/3/1 39/54/1 194/53/1
f 37/3/1 194/53/1 109/1/1
f 111/2/1 115/50/1 37/3/1
f 126/190/2 125/43/2 30/13/2
f 33/49/2 119/9/2 116/191/2
f 33/49/2 116/191/2 117/192/2
f 127/193/2 126/190/2 30/13/2
f 127/193/2 30/13/2 129/70/2
f 26/4/2 33/49/2 117/192/2
f 26/4/2 117/192/2 118/194/2
f 127/193/2 129/70/2 26/4/2
f 128/195/2 127/193/2 26/4/2
f 26/4/2 118/194/2 123/196/2
f 26/4/2 123/196/2 122/5/2
f 124/6/2 128/195/2 26/4/2
f 34/10/3 39/197/3 37/11/4
f 30/13/5 32/16/6 197/14/6
f 32/16/6 31/198/7 38/17/7
f 38/17/8 31/198/8 29/12/4
f 157/18/9 41/21/10 35/19/10
f 41/21/10 40/23/11 36/22/11
f 40/23/12 39/197/3 34/10/3
f 26/24/13 147/37/14 152/25/14
f 144/27/15 149/199/15 153/28/16
f 150/31/1 27/200/1 28/26/1
f 28/26/1 152/25/1 201/30/1
f 27/32/17 150/38/18 143/33/18
f 147/37/2 26/24/2 25/35/2
f 25/35/2 143/62/2 200/36/2
f 150/38/18 151/40/19 145/39/19
f 151/40/20 149/199/15 144/27/15
f 153/28/16 154/42/21 148/41/21
f 154/42/22 152/25/14 147/37/14
f 120/201/2 119/9/2 34/47/2
f 34/47/2 29/44/2 125/43/2
f 121/48/2 120/201/2 34/47/2
f 25/67/23 129/70/24 130/68/24
f 129/70/24 30/13/5 196/15/5
f 33/72/9 26/24/25 28/26/25
f 156/202/1 194/53/1 157/57/1
f 196/15/1 115/50/1 113/203/1
f 196/15/1 113/203/1 199/204/1
f 198/205/1 156/202/1 157/57/1
f 108/206/1 198/205/1 157/57/1
f 130/68/1 196/15/1 199/204/1
f 130/68/1 199/204/1 114/207/1
f 108/206/1 157/57/1 28/74/1
f 155/208/1 108/206/1 28/74/1
f 28/74/1 130/68/1 114/207/1
f 28/74/1 114/207/1 195/209/1
f 110/76/1 155/208/1 28/74/1
f 28/74/1 195/209/1 112/75/1
f 214/80/1 216/131/1 257/130/1
f 214/80/1 257/130/1 220/78/1
f 222/79/1 226/127/1 214/80/1
f 237/210/2 236/120/2 207/90/2
f 210/126/2 230/86/2 227/211/2
f 210/126/2 227/211/2 228/212/2
f 238/213/2 237/210/2 207/90/2
f 238/213/2 207/90/2 240/147/2
f 203/81/2 210/126/2 228/212/2
f 203/81/2 228/212/2 229/214/2
f 238/213/2 240/147/2 203/81/2
f 239/215/2 238/213/2 203/81/2
f 203/81/2 229/214/2 234/216/2
f 203/81/2 234/216/2 233/82/2
f 235/83/2 239/215/2 203/81/2
f 211/87/3 216/217/3 214/88/4
f 207/90/5 209/93/6 260/91/6
f 209/93/6 208/218/7 215/94/7
f 215/94/8 208/218/8 206/89/4
f 256/95/9 218/98/10 212/96/10
f 218/98/10 217/100/11 213/99/11
f 217/100/12 216/217/3 211/87/3
f 203/101/13 246/114/14 251/102/14
f 243/104/15 248/219/15 252/105/16
f 249/108/1 204/220/1 205/103/1
f 205/103/1 251/102/1 264/107/1
f 204/109/17 249/115/18 242/110/18
f 246/114/2 203/101/2 202/112/2
f 202/112/2 242/139/2 263/113/2
f 249/115/18 250/117/19 244/116/19
f 250/117/20 248/219/15 243/104/15
f 252/105/16 253/119/21 247/118/21
f 253/119/22 251/102/14 246/114/14
f 231/221/2 230/86/2 211/124/2
f 211/124/2 206/121/2 236/120/2
f 232/125/2 231/221/2 211/124/2
f 202/144/23 240/147/24 241/145/24
f 240/147/24 207/90/5 259/92/5
f 210/149/9 203/101/25 205/103/25
f 255/222/1 257/130/1 256/134/1
f 259/92/1 226/127/1 224/223/1
f 259/92/1 224/223/1 262/224/1
f 261/225/1 255/222/1 256/134/1
f 219/226/1 261/225/1 256/134/1
f 241/145/1 259/92/1 262/224/1
f 241/145/1 262/224/1 225/227/1
f 219/226/1 256/134/1 205/151/1
f 254/228/1 219/226/1 205/151/1
f 205/151/1 241/145/1 225/227/1
f 205/151/1 225/227/1 258/229/1
f 221/153/1 254/228/1 205/151/1
f 205/151/1 258/229/1 223/152/1
f 275/155/26 289/163/33 288/156/27
f 269/161/31 270/170/40 285/166/36
f 271/169/39 286/176/44 285/166/36
f 278/171/41 279/230/50 292/178/46
f 267/181/49 282/160/30 281/173/42
f 265/172/15 280/174/15 292/182/46
f 274/157/27 288/156/27 287/179/47
f 292/231/1 280/232/1 281/184/1
f 281/184/1 282/233/1 283/234/1
f 283/234/1 284/235/1 285/185/1
f 285/185/1 286/236/1 287/237/1
f 287/237/1 288/238/1 289/186/1
f 289/186/1 290/239/1 291/240/1
f 291/240/1 292/231/1 281/184/1
f 281/184/1 283/234/1 285/185/1
f 285/185/1 287/237/1 289/186/1
f 289/186/1 291/240/1 281/184/1
f 266/241/2 265/242/2 279/243/2
f 279/243/2 278/244/2 277/245/2
f 277/245/2 276/246/2 275/187/2
f 275/187/2 274/247/2 273/248/2
f 273/248/2 272/249/2 271/188/2
f 271/188/2 270/250/2 269/251/2
f 269/251/2 268/252/2 267/189/2
f 267/189/2 266/241/2 279/243/2
f 279/243/2 277/245/2 275/187/2
f 275/187/2 273/248/2 271/188/2
f 271/188/2 269/251/2 267/189/2
f 267/189/2 279/243/2 275/187/2
usemtl SpacialRoverExploreralumGray
f 10/253/51 140/254/52 139/255/53
f 2/256/54 137/257/55 131/258/56
f 3/259/57 134/260/58 137/257/59
f 5/261/60 135/262/61 140/254/52
f 6/263/62 132/264/63 135/262/64
f 138/265/65 9/266/66 133/267/67
f 133/267/68 7/268/69 141/269/70
f 136/270/71 12/271/72 142/272/73
f 142/272/74 10/253/51 139/255/53
f 4/273/75 131/258/56 132/264/63
f 11/274/76 141/269/70 7/268/69
f 8/275/77 134/260/58 1/276/78
f 10/253/51 5/261/60 140/254/52
f 2/256/54 3/259/79 137/257/55
f 3/259/57 1/276/78 134/260/58
f 5/261/60 6/263/80 135/262/61
f 6/263/62 4/273/75 132/264/63
f 138/265/81 8/275/77 9/266/82
f 133/267/68 9/266/83 7/268/69
f 136/270/84 11/277/76 12/271/85
f 142/272/74 12/271/86 10/253/51
f 4/273/75 2/256/54 131/258/56
f 11/274/76 136/278/84 141/269/70
f 8/275/77 138/265/81 134/260/58
f 351/279/87 317/280/87 350/281/88
f 317/280/87 351/279/87 352/282/89
f 317/280/87 316/283/88 350/281/88
f 352/282/89 318/284/89 317/280/87
f 316/283/88 349/285/34 350/281/88
f 352/282/89 353/286/90 318/284/89
f 316/283/88 315/287/34 349/285/34
f 353/286/90 319/288/90 318/284/89
f 353/286/90 354/289/91 319/288/90
f 354/289/91 320/290/91 319/288/90
f 315/287/34 348/291/92 349/285/34
f 348/291/92 315/287/34 314/292/92
f 354/289/91 355/293/93 320/290/91
f 355/293/93 321/294/93 320/290/91
f 348/291/92 314/292/92 347/295/40
f 314/292/92 313/296/40 347/295/40
f 313/296/40 346/297/94 347/295/40
f 355/293/93 356/298/45 321/294/93
f 313/296/40 312/299/94 346/297/94
f 356/298/45 322/300/45 321/294/93
f 356/298/45 357/301/95 322/300/45
f 346/297/94 312/299/94 345/302/96
f 312/299/94 311/303/96 345/302/96
f 322/300/45 357/301/95 323/304/95
f 311/303/96 344/305/97 345/302/96
f 323/304/95 357/301/95 324/306/15
f 311/303/96 310/307/97 344/305/97
f 324/306/15 357/301/95 358/308/15
f 310/307/97 343/309/98 344/305/97
f 343/309/98 310/307/97 309/310/98
f 324/306/15 358/308/15 327/311/99
f 327/311/99 293/312/99 324/306/15
f 327/311/99 328/313/50 293/312/99
f 343/309/98 309/310/98 342/314/100
f 342/314/100 309/310/98 308/315/100
f 293/312/99 328/313/50 294/316/50
f 294/316/50 328/313/50 329/317/101
f 294/316/50 329/317/101 295/318/101
f 342/314/100 308/315/100 341/319/48
f 308/320/100 307/321/48 341/322/48
f 307/321/48 340/323/102 341/322/48
f 295/318/101 329/317/101 330/324/103
f 307/321/48 306/325/102 340/323/102
f 295/318/101 330/324/103 296/326/103
f 340/323/102 306/325/102 339/327/27
f 296/326/103 330/324/103 331/328/104
f 296/326/103 331/328/104 297/329/104
f 339/327/27 306/325/102 305/330/27
f 297/329/104 331/328/104 332/331/105
f 339/327/27 305/330/27 338/332/106
f 297/329/104 332/331/105 298/333/105
f 338/332/106 305/330/27 304/334/106
f 298/333/105 332/331/105 333/335/107
f 338/332/106 304/334/106 337/336/26
f 298/333/105 333/335/107 299/337/107
f 337/336/26 304/334/106 303/338/26
f 299/337/107 333/335/107 334/339/108
f 337/336/26 303/338/26 336/340/109
f 336/340/109 303/338/26 302/341/109
f 299/337/107 334/339/108 300/342/108
f 336/340/109 302/341/109 335/343/110
f 300/342/108 334/339/108 335/343/110
f 335/343/110 302/341/109 301/344/110
f 300/342/108 335/343/110 301/344/110
f 793/345/111 816/346/112 817/347/111
f 799/348/113 824/349/114 800/350/114
f 790/351/115 803/352/116 814/353/115
f 796/354/117 821/355/118 797/356/118
f 793/345/111 818/357/119 794/358/119
f 789/359/116 824/349/114 803/352/116
f 790/360/115 815/361/120 791/362/120
f 797/356/118 822/363/121 798/364/121
f 795/365/122 818/357/119 819/366/122
f 791/367/120 816/346/112 792/368/112
f 798/364/121 823/369/113 799/348/113
f 795/365/122 820/370/117 796/354/117
f 463/371/123 441/372/124 464/373/123
f 459/374/125 462/375/126 460/376/125
f 455/377/127 458/378/128 456/379/127
f 459/380/129 919/381/130 457/382/129
f 451/383/131 454/384/132 452/385/131
f 447/386/133 450/387/134 448/388/133
f 443/389/135 446/390/136 444/391/135
f 485/392/27 488/393/137 486/394/137
f 481/395/138 484/396/139 482/397/139
f 477/398/140 480/399/141 478/400/141
f 474/401/142 475/402/93 476/403/142
f 469/404/143 472/405/144 470/406/144
f 465/407/145 467/408/146 468/409/145
f 783/410/147 476/411/142 786/412/147
f 767/413/148 484/414/139 770/415/148
f 461/416/149 908/417/150 911/418/150
f 915/419/151 484/414/151 483/420/151
f 455/421/152 927/422/153 453/423/152
f 447/424/154 901/425/155 445/426/154
f 452/427/156 782/428/157 787/429/157
f 458/430/158 771/431/159 460/432/158
f 904/433/151 470/434/151 755/435/151
f 891/436/160 741/437/160 742/438/160
f 890/439/160 742/438/160 743/440/160
f 897/441/161 469/404/162 904/442/161
f 892/443/163 467/408/164 466/444/164
f 441/445/165 747/446/166 444/447/165
f 743/440/167 745/448/168 748/449/167
f 897/441/169 472/450/169 471/451/169
f 898/452/169 752/453/169 897/454/169
f 903/455/151 755/435/151 756/456/151
f 905/457/170 485/392/171 910/458/170
f 899/459/172 903/460/173 902/461/172
f 755/435/174 472/450/144 752/453/174
f 448/462/175 754/463/176 749/464/176
f 750/465/177 756/456/178 751/466/178
f 910/467/40 486/468/40 763/469/40
f 911/470/40 761/471/40 762/472/40
f 908/473/104 758/474/104 907/475/104
f 906/476/104 760/477/104 905/478/104
f 912/479/179 906/480/180 909/481/180
f 763/469/181 488/482/137 760/477/181
f 462/483/182 757/484/183 464/485/182
f 761/471/184 759/486/185 758/474/184
f 913/487/186 917/488/187 920/489/186
f 765/490/188 769/491/189 772/492/188
f 916/493/151 770/415/151 915/494/151
f 915/419/190 481/395/191 918/495/190
f 921/496/192 477/398/193 926/497/192
f 917/498/169 767/413/169 768/499/169
f 926/500/194 478/501/194 779/502/194
f 925/503/194 779/502/194 780/504/194
f 921/496/160 480/505/160 479/506/160
f 922/507/160 776/508/160 921/509/160
f 923/510/195 925/511/196 928/512/195
f 779/502/197 480/505/141 776/508/197
f 456/513/198 778/514/199 773/515/199
f 774/516/200 780/504/201 775/517/202
f 932/518/104 474/519/104 783/410/104
f 931/520/104 783/410/104 784/521/104
f 781/522/203 785/523/204 788/524/203
f 932/525/205 475/402/206 473/526/206
f 451/527/207 929/528/208 449/529/209
f 930/530/210 936/531/211 931/532/211
f 600/533/212 442/534/124 463/371/123
f 599/535/212 577/536/110 600/537/212
f 598/538/213 463/371/123 461/539/126
f 597/540/213 600/537/212 598/541/213
f 596/542/214 461/539/126 459/374/125
f 587/543/143 606/544/143 588/545/143
f 594/546/215 459/374/125 457/547/128
f 593/548/215 596/549/214 594/550/215
f 592/551/216 457/547/128 455/377/127
f 591/552/216 594/550/215 592/553/216
f 590/554/217 455/377/127 453/555/132
f 589/556/217 592/553/216 590/557/217
f 588/558/218 453/555/132 451/383/131
f 581/559/2 601/560/2 579/561/2
f 449/562/134 588/558/218 451/383/131
f 586/563/219 587/564/218 588/565/218
f 584/566/99 449/562/134 447/386/133
f 584/567/99 585/568/219 586/563/219
f 582/569/220 447/386/133 445/570/136
f 581/571/220 584/567/99 582/572/220
f 580/573/221 445/570/136 443/389/135
f 598/574/146 611/575/146 597/576/146
f 577/577/110 443/578/135 442/534/124
f 578/579/110 580/580/221 577/577/110
f 609/581/160 612/582/160 610/583/160
f 605/584/169 608/585/169 606/586/169
f 601/560/104 604/587/104 602/588/104
f 598/574/1 610/589/1 612/590/1
f 582/591/93 603/592/93 581/593/93
f 595/594/2 611/595/2 609/581/2
f 590/596/1 606/544/1 608/597/1
f 595/594/140 610/589/140 596/598/140
f 590/596/138 607/599/138 589/600/138
f 589/600/2 605/584/2 587/601/2
f 579/561/27 602/602/27 580/603/27
f 580/603/1 604/604/1 582/591/1
f 889/605/160 743/440/160 744/606/160
f 899/459/169 751/466/169 898/607/169
f 900/608/169 750/465/169 899/609/169
f 902/610/151 756/456/151 753/611/151
f 901/612/151 753/611/151 754/613/151
f 907/614/104 759/486/104 906/480/104
f 912/615/40 764/616/40 761/471/40
f 909/617/40 763/469/40 764/616/40
f 920/618/169 768/499/169 765/490/169
f 919/619/169 765/490/169 766/620/169
f 913/487/151 769/491/151 916/621/151
f 914/622/151 772/492/151 913/623/151
f 923/510/160 775/517/160 922/624/160
f 924/625/160 774/516/160 923/626/160
f 928/627/194 780/504/194 777/628/194
f 927/629/194 777/628/194 778/514/194
f 930/630/104 784/521/104 781/522/104
f 929/631/104 781/522/104 782/428/104
f 743/440/167 747/446/166 744/606/166
f 746/632/222 742/438/168 741/437/222
f 750/465/177 754/613/176 753/611/177
f 752/453/174 756/456/178 755/435/174
f 758/474/184 762/472/183 761/471/184
f 760/477/181 764/616/185 763/469/181
f 772/492/188 766/620/159 765/490/188
f 770/415/148 768/499/189 767/413/148
f 774/516/200 778/514/199 777/628/200
f 779/502/197 775/517/202 780/504/201
f 788/524/203 782/428/157 781/522/203
f 786/412/147 784/521/204 783/410/147
f 741/437/222 468/633/145 746/632/222
f 800/634/212 578/579/110 599/635/212
f 799/636/223 599/635/212 597/637/213
f 798/638/98 597/637/213 595/639/214
f 797/640/215 595/639/214 593/641/215
f 796/642/216 593/641/215 591/643/216
f 795/644/87 591/643/216 589/645/217
f 794/646/224 589/645/217 587/647/218
f 585/648/219 794/646/224 587/647/218
f 792/649/99 585/648/219 583/650/99
f 791/362/225 583/650/99 581/651/220
f 790/360/226 581/651/220 579/652/221
f 789/653/110 579/654/221 578/579/110
f 301/655/1 827/656/1 856/657/1
f 315/658/1 855/659/1 314/660/1
f 300/661/1 856/657/1 854/662/1
f 314/660/1 853/663/1 313/664/1
f 299/665/1 854/662/1 852/666/1
f 313/664/1 851/667/1 312/668/1
f 298/669/1 852/666/1 850/670/1
f 311/671/1 851/667/1 849/672/1
f 324/673/1 837/674/1 848/675/1
f 297/676/1 850/670/1 847/677/1
f 311/671/1 846/678/1 310/679/1
f 323/680/1 848/675/1 845/681/1
f 296/682/1 847/677/1 844/683/1
f 310/679/1 843/684/1 309/685/1
f 323/680/1 842/686/1 322/687/1
f 295/688/1 844/683/1 841/689/1
f 309/685/1 840/690/1 308/691/1
f 322/687/1 839/692/1 321/693/1
f 294/694/1 841/689/1 838/695/1
f 308/691/1 836/696/1 307/697/1
f 321/693/1 835/698/1 320/699/1
f 294/694/1 837/674/1 293/700/1
f 306/701/1 836/696/1 834/702/1
f 320/699/1 833/703/1 319/704/1
f 305/705/1 834/702/1 832/706/1
f 319/704/1 831/707/1 318/708/1
f 304/709/1 832/706/1 830/710/1
f 318/708/1 829/711/1 317/712/1
f 303/713/1 830/710/1 828/714/1
f 317/712/1 826/715/1 316/716/1
f 302/717/1 828/714/1 827/656/1
f 316/716/1 825/718/1 315/658/1
f 328/719/2 888/720/2 857/721/2
f 329/722/2 857/721/2 858/723/2
f 329/722/2 859/724/2 330/725/2
f 330/725/2 860/726/2 331/727/2
f 331/727/2 861/728/2 332/729/2
f 332/729/2 862/730/2 333/731/2
f 333/731/2 863/732/2 334/733/2
f 334/733/2 864/734/2 335/735/2
f 335/735/2 865/736/2 336/737/2
f 336/737/2 866/738/2 337/739/2
f 337/739/2 867/740/2 338/741/2
f 338/741/2 868/742/2 339/743/2
f 339/743/2 869/744/2 340/745/2
f 340/745/2 870/746/2 341/747/2
f 341/747/2 871/748/2 342/749/2
f 342/749/2 872/750/2 343/751/2
f 343/751/2 873/752/2 344/753/2
f 344/753/2 874/754/2 345/755/2
f 345/755/2 875/756/2 346/757/2
f 347/758/2 875/756/2 876/759/2
f 348/760/2 876/759/2 877/761/2
f 349/762/2 877/761/2 878/763/2
f 350/764/2 878/763/2 879/765/2
f 351/766/2 879/765/2 880/767/2
f 352/768/2 880/767/2 881/769/2
f 353/770/2 881/769/2 882/771/2
f 354/772/2 882/771/2 883/773/2
f 355/774/2 883/773/2 884/775/2
f 356/776/2 884/775/2 885/777/2
f 357/778/2 885/777/2 886/779/2
f 358/780/2 886/779/2 887/781/2
f 327/782/2 887/781/2 888/720/2
f 889/605/160 441/445/160 442/783/160
f 444/447/194 894/784/194 443/785/194
f 448/786/169 900/787/169 447/424/169
f 446/788/151 901/789/151 754/613/151
f 892/790/160 465/791/160 741/437/160
f 464/485/104 908/417/104 463/792/104
f 462/483/40 911/793/40 762/472/40
f 460/432/151 914/794/151 459/380/151
f 458/430/169 919/795/169 766/620/169
f 456/513/160 924/796/160 455/421/160
f 454/797/194 927/798/194 778/514/194
f 450/799/104 929/800/104 782/428/104
f 452/427/40 934/801/40 451/527/40
f 892/802/163 896/803/227 895/804/163
f 902/805/172 900/608/155 899/609/172
f 904/806/161 898/452/173 897/454/161
f 912/807/179 908/473/150 907/475/179
f 910/808/170 906/476/180 905/478/170
f 913/623/186 919/809/130 914/622/130
f 918/810/190 916/493/187 915/494/190
f 928/811/195 924/625/153 923/626/195
f 921/509/192 925/812/196 922/507/196
f 933/813/210 929/814/208 934/815/208
f 935/816/205 931/817/211 936/818/211
f 443/785/228 889/819/229 442/820/228
f 905/457/104 488/482/104 487/821/104
f 894/822/194 748/449/194 893/823/194
f 893/824/194 745/448/194 896/825/194
f 896/803/194 746/632/194 895/804/194
f 895/826/194 468/633/194 467/408/194
f 918/827/169 482/828/169 767/413/169
f 894/822/229 890/829/230 889/830/229
f 891/831/227 893/824/230 896/825/227
f 934/815/40 788/524/40 933/813/40
f 933/832/40 785/523/40 936/531/40
f 936/818/40 786/412/40 935/816/40
f 935/833/40 476/411/40 475/402/40
f 793/345/111 792/368/112 816/346/112
f 799/348/113 823/369/113 824/349/114
f 790/351/115 789/359/116 803/352/116
f 796/354/117 820/370/117 821/355/118
f 793/345/111 817/347/111 818/357/119
f 789/359/116 800/350/114 824/349/114
f 790/360/115 814/834/115 815/361/120
f 797/356/118 821/355/118 822/363/121
f 795/365/122 794/358/119 818/357/119
f 791/367/120 815/835/120 816/346/112
f 798/364/121 822/363/121 823/369/113
f 795/365/122 819/366/122 820/370/117
f 463/371/123 442/534/124 441/372/124
f 459/374/125 461/539/126 462/375/126
f 455/377/127 457/547/128 458/378/128
f 459/380/129 914/794/130 919/381/130
f 451/383/131 453/555/132 454/384/132
f 447/386/133 449/562/134 450/387/134
f 443/389/135 445/570/136 446/390/136
f 485/392/27 487/821/27 488/393/137
f 481/395/138 483/420/138 484/396/139
f 477/398/140 479/506/140 480/399/141
f 474/401/142 473/526/93 475/402/93
f 469/404/143 471/451/143 472/405/144
f 465/407/145 466/444/146 467/408/146
f 783/410/147 474/519/142 476/411/142
f 767/413/148 482/828/139 484/414/139
f 461/416/149 463/792/231 908/417/150
f 915/419/151 770/415/151 484/414/151
f 455/421/152 924/796/153 927/422/153
f 447/424/154 900/787/155 901/425/155
f 452/427/156 450/799/156 782/428/157
f 458/430/158 766/620/159 771/431/159
f 904/433/151 469/836/151 470/434/151
f 891/436/160 892/837/160 741/437/160
f 890/439/160 891/838/160 742/438/160
f 897/441/161 471/451/162 469/404/162
f 892/443/163 895/826/163 467/408/164
f 441/445/165 744/606/166 747/446/166
f 743/440/167 742/438/168 745/448/168
f 897/441/169 752/453/169 472/450/169
f 898/452/169 751/466/169 752/453/169
f 903/455/151 904/839/151 755/435/151
f 905/457/170 487/821/171 485/392/171
f 899/459/172 898/607/173 903/460/173
f 755/435/174 470/434/144 472/450/144
f 448/462/175 446/840/175 754/463/176
f 750/465/177 753/611/177 756/456/178
f 910/467/40 485/841/40 486/468/40
f 911/470/40 912/842/40 761/471/40
f 908/473/104 757/484/104 758/474/104
f 906/476/104 759/486/104 760/477/104
f 912/479/179 907/614/179 906/480/180
f 763/469/181 486/468/137 488/482/137
f 462/483/182 762/472/183 757/484/183
f 761/471/184 764/616/185 759/486/185
f 913/487/186 916/621/187 917/488/187
f 765/490/188 768/499/189 769/491/189
f 916/493/151 769/491/151 770/415/151
f 915/419/190 483/420/191 481/395/191
f 921/496/192 479/506/193 477/398/193
f 917/498/169 918/843/169 767/413/169
f 926/500/194 477/844/194 478/501/194
f 925/503/194 926/845/194 779/502/194
f 921/496/160 776/508/160 480/505/160
f 922/507/160 775/517/160 776/508/160
f 923/510/195 922/624/196 925/511/196
f 779/502/197 478/501/141 480/505/141
f 456/513/198 454/797/198 778/514/199
f 774/516/200 777/628/200 780/504/201
f 932/518/104 473/846/104 474/519/104
f 931/520/104 932/847/104 783/410/104
f 781/522/203 784/521/204 785/523/204
f 932/525/205 935/833/205 475/402/206
f 451/527/207 934/801/208 929/528/208
f 930/530/210 933/832/210 936/531/211
f 600/533/212 577/577/110 442/534/124
f 599/535/212 578/848/110 577/536/110
f 598/538/213 600/533/212 463/371/123
f 597/540/213 599/535/212 600/537/212
f 596/542/214 598/538/213 461/539/126
f 587/543/143 605/849/143 606/544/143
f 594/546/215 596/542/214 459/374/125
f 593/548/215 595/850/214 596/549/214
f 592/551/216 594/546/215 457/547/128
f 591/552/216 593/548/215 594/550/215
f 590/554/217 592/551/216 455/377/127
f 589/556/217 591/552/216 592/553/216
f 588/558/218 590/554/217 453/555/132
f 581/559/2 603/851/2 601/560/2
f 449/562/134 586/852/219 588/558/218
f 586/563/219 585/568/219 587/564/218
f 584/566/99 586/852/219 449/562/134
f 584/567/99 583/853/99 585/568/219
f 582/569/220 584/566/99 447/386/133
f 581/571/220 583/853/99 584/567/99
f 580/573/221 582/569/220 445/570/136
f 598/574/146 612/590/146 611/575/146
f 577/577/110 580/580/221 443/578/135
f 578/579/110 579/654/221 580/580/221
f 609/581/160 611/595/160 612/582/160
f 605/584/169 607/599/169 608/585/169
f 601/560/104 603/851/104 604/587/104
f 598/574/1 596/598/1 610/589/1
f 582/591/93 604/604/93 603/592/93
f 595/594/2 597/854/2 611/595/2
f 590/596/1 588/545/1 606/544/1
f 595/594/140 609/581/140 610/589/140
f 590/596/138 608/597/138 607/599/138
f 589/600/2 607/599/2 605/584/2
f 579/561/27 601/560/27 602/602/27
f 580/603/1 602/602/1 604/604/1
f 889/605/160 890/855/160 743/440/160
f 899/459/169 750/465/169 751/466/169
f 900/608/169 749/856/169 750/465/169
f 902/610/151 903/857/151 756/456/151
f 901/612/151 902/858/151 753/611/151
f 907/614/104 758/474/104 759/486/104
f 912/615/40 909/859/40 764/616/40
f 909/617/40 910/860/40 763/469/40
f 920/618/169 917/861/169 768/499/169
f 919/619/169 920/862/169 765/490/169
f 913/487/151 772/492/151 769/491/151
f 914/622/151 771/431/151 772/492/151
f 923/510/160 774/516/160 775/517/160
f 924/625/160 773/515/160 774/516/160
f 928/627/194 925/863/194 780/504/194
f 927/629/194 928/864/194 777/628/194
f 930/630/104 931/865/104 784/521/104
f 929/631/104 930/866/104 781/522/104
f 743/440/167 748/449/167 747/446/166
f 746/632/222 745/448/168 742/438/168
f 750/465/177 749/856/176 754/613/176
f 752/453/174 751/466/178 756/456/178
f 758/474/184 757/484/183 762/472/183
f 760/477/181 759/486/185 764/616/185
f 772/492/188 771/431/159 766/620/159
f 770/415/148 769/491/189 768/499/189
f 774/516/200 773/515/199 778/514/199
f 779/502/197 776/508/197 775/517/202
f 788/524/203 787/429/157 782/428/157
f 786/412/147 785/523/204 784/521/204
f 741/437/222 465/791/145 468/633/145
f 800/634/212 789/653/110 578/579/110
f 799/636/223 800/634/212 599/635/212
f 798/638/98 799/636/223 597/637/213
f 797/640/215 798/638/98 595/639/214
f 796/642/216 797/640/215 593/641/215
f 795/644/87 796/642/216 591/643/216
f 794/646/224 795/644/87 589/645/217
f 585/648/219 793/867/219 794/646/224
f 792/649/99 793/867/219 585/648/219
f 791/362/225 792/649/99 583/650/99
f 790/360/226 791/362/225 581/651/220
f 789/653/110 790/868/226 579/654/221
f 301/655/1 302/717/1 827/656/1
f 315/658/1 825/718/1 855/659/1
f 300/661/1 301/655/1 856/657/1
f 314/660/1 855/659/1 853/663/1
f 299/665/1 300/661/1 854/662/1
f 313/664/1 853/663/1 851/667/1
f 298/669/1 299/665/1 852/666/1
f 311/671/1 312/668/1 851/667/1
f 324/673/1 293/700/1 837/674/1
f 297/676/1 298/669/1 850/670/1
f 311/671/1 849/672/1 846/678/1
f 323/680/1 324/673/1 848/675/1
f 296/682/1 297/676/1 847/677/1
f 310/679/1 846/678/1 843/684/1
f 323/680/1 845/681/1 842/686/1
f 295/688/1 296/682/1 844/683/1
f 309/685/1 843/684/1 840/690/1
f 322/687/1 842/686/1 839/692/1
f 294/694/1 295/688/1 841/689/1
f 308/691/1 840/690/1 836/696/1
f 321/693/1 839/692/1 835/698/1
f 294/694/1 838/695/1 837/674/1
f 306/701/1 307/697/1 836/696/1
f 320/699/1 835/698/1 833/703/1
f 305/705/1 306/701/1 834/702/1
f 319/704/1 833/703/1 831/707/1
f 304/709/1 305/705/1 832/706/1
f 318/708/1 831/707/1 829/711/1
f 303/713/1 304/709/1 830/710/1
f 317/712/1 829/711/1 826/715/1
f 302/717/1 303/713/1 828/714/1
f 316/716/1 826/715/1 825/718/1
f 328/719/2 327/782/2 888/720/2
f 329/722/2 328/719/2 857/721/2
f 329/722/2 858/723/2 859/724/2
f 330/725/2 859/724/2 860/726/2
f 331/727/2 860/726/2 861/728/2
f 332/729/2 861/728/2 862/730/2
f 333/731/2 862/730/2 863/732/2
f 334/733/2 863/732/2 864/734/2
f 335/735/2 864/734/2 865/736/2
f 336/737/2 865/736/2 866/738/2
f 337/739/2 866/738/2 867/740/2
f 338/741/2 867/740/2 868/742/2
f 339/743/2 868/742/2 869/744/2
f 340/745/2 869/744/2 870/746/2
f 341/747/2 870/746/2 871/748/2
f 342/749/2 871/748/2 872/750/2
f 343/751/2 872/750/2 873/752/2
f 344/753/2 873/752/2 874/754/2
f 345/755/2 874/754/2 875/756/2
f 347/758/2 346/757/2 875/756/2
f 348/760/2 347/758/2 876/759/2
f 349/762/2 348/760/2 877/761/2
f 350/764/2 349/762/2 878/763/2
f 351/766/2 350/764/2 879/765/2
f 352/768/2 351/766/2 880/767/2
f 353/770/2 352/768/2 881/769/2
f 354/772/2 353/770/2 882/771/2
f 355/774/2 354/772/2 883/773/2
f 356/776/2 355/774/2 884/775/2
f 357/778/2 356/776/2 885/777/2
f 358/780/2 357/778/2 886/779/2
f 327/782/2 358/780/2 887/781/2
f 889/605/160 744/606/160 441/445/160
f 444/447/194 747/446/194 894/784/194
f 448/786/169 749/856/169 900/787/169
f 446/788/151 445/869/151 901/789/151
f 892/790/160 466/870/160 465/791/160
f 464/485/104 757/484/104 908/417/104
f 462/483/40 461/871/40 911/793/40
f 460/432/151 771/431/151 914/794/151
f 458/430/169 457/872/169 919/795/169
f 456/513/160 773/515/160 924/796/160
f 454/797/194 453/873/194 927/798/194
f 450/799/104 449/874/104 929/800/104
f 452/427/40 787/429/40 934/801/40
f 892/802/163 891/875/227 896/803/227
f 902/805/172 901/876/155 900/608/155
f 904/806/161 903/877/173 898/452/173
f 912/807/179 911/878/150 908/473/150
f 910/808/170 909/879/180 906/476/180
f 913/623/186 920/880/186 919/809/130
f 918/810/190 917/881/187 916/493/187
f 928/811/195 927/882/153 924/625/153
f 921/509/192 926/883/192 925/812/196
f 933/813/210 930/884/210 929/814/208
f 935/816/205 932/885/205 931/817/211
f 443/785/228 894/784/229 889/819/229
f 905/457/104 760/477/104 488/482/104
f 894/822/194 747/446/194 748/449/194
f 893/824/194 748/449/194 745/448/194
f 896/803/194 745/448/194 746/632/194
f 895/826/194 746/632/194 468/633/194
f 918/827/169 481/886/169 482/828/169
f 894/822/229 893/823/230 890/829/230
f 891/831/227 890/887/230 893/824/230
f 934/815/40 787/429/40 788/524/40
f 933/832/40 788/524/40 785/523/40
f 936/818/40 785/523/40 786/412/40
f 935/833/40 786/412/40 476/411/40
usemtl SpacialRoverExploreralumBlack
f 138/888/232 162/889/233 134/890/234
f 142/891/235 170/892/236 136/893/237
f 135/894/238 173/895/239 160/896/240
f 141/897/241 170/898/236 166/899/242
f 163/900/243 177/901/244 159/902/245
f 165/903/246 178/904/247 164/905/248
f 166/906/249 176/907/250 165/903/250
f 172/908/251 159/902/252 158/909/253
f 161/910/254 181/911/255 175/912/256
f 160/913/257 167/914/258 179/915/257
f 170/916/259 174/917/260 166/906/261
f 175/912/262 169/918/263 171/919/263
f 161/910/254 179/915/264 180/920/265
f 173/921/266 158/909/253 167/914/258
f 164/905/248 177/901/244 162/922/267
f 171/919/268 168/923/269 170/924/259
f 133/925/270 164/926/271 138/888/232
f 133/925/270 166/899/242 165/927/272
f 137/928/273 172/929/274 131/930/275
f 135/894/238 161/931/276 140/932/277
f 139/933/278 161/931/276 175/934/279
f 142/891/235 175/934/279 171/935/280
f 131/930/275 173/895/239 132/936/281
f 137/928/273 162/889/233 163/937/282
f 138/888/232 164/926/271 162/889/233
f 142/891/235 171/935/280 170/892/236
f 135/894/238 132/936/281 173/895/239
f 141/897/241 136/938/237 170/898/236
f 163/900/243 162/922/267 177/901/244
f 165/903/246 176/907/283 178/904/247
f 166/906/261 174/917/260 176/907/250
f 172/908/251 163/900/252 159/902/252
f 161/910/254 180/920/265 181/911/255
f 160/913/257 173/921/266 167/914/258
f 170/916/259 168/939/269 174/917/260
f 175/912/256 181/911/255 169/918/263
f 161/910/254 160/913/264 179/915/264
f 173/921/266 172/908/251 158/909/253
f 164/905/248 178/904/247 177/901/244
f 171/919/268 169/918/268 168/923/269
f 133/925/270 165/927/272 164/926/271
f 133/925/270 141/897/241 166/899/242
f 137/928/273 163/937/282 172/929/274
f 135/894/238 160/896/240 161/931/276
f 139/933/278 140/932/277 161/931/276
f 142/891/235 139/933/278 175/934/279
f 131/930/275 172/929/274 173/895/239
f 137/928/273 134/890/234 162/889/233
usemtl SpacialRoverExploreralumGrayDeep
f 192/940/45 20/941/91 22/942/91
f 22/943/1 23/944/1 73/945/1
f 23/946/92 14/947/94 16/948/94
f 23/944/1 68/949/1 67/950/1
f 13/951/2 93/952/2 107/953/2
f 20/954/2 188/955/2 78/956/2
f 14/957/94 18/958/96 16/959/94
f 15/960/48 17/961/102 18/958/48
f 23/946/92 21/962/34 19/963/92
f 24/964/90 20/941/91 21/962/90
f 186/965/105 189/966/103 191/967/103
f 17/968/1 185/969/1 60/970/1
f 18/971/1 64/972/1 16/973/1
f 18/971/1 63/974/1 65/975/1
f 186/965/105 184/976/107 182/977/105
f 187/978/26 183/979/106 184/976/26
f 192/940/45 190/980/95 188/981/45
f 193/982/101 189/966/103 190/980/101
f 183/979/106 17/961/102 13/983/102
f 14/984/2 95/985/2 97/986/2
f 14/984/2 93/952/2 15/987/2
f 96/988/2 19/989/2 21/990/2
f 20/954/2 98/991/2 99/992/2
f 190/993/2 106/994/2 105/995/2
f 190/993/2 102/996/2 188/955/2
f 184/997/2 84/998/2 86/999/2
f 192/1000/1 51/1001/1 50/1002/1
f 192/1000/1 47/1003/1 193/1004/1
f 47/1003/1 191/1005/1 193/1004/1
f 71/1006/1 187/1007/1 186/1008/1
f 191/1005/1 43/1009/1 42/1010/284
f 70/1011/1 187/1007/1 71/1006/1
f 192/940/45 188/981/45 20/941/91
f 74/1012/1 56/1013/1 22/943/1
f 22/943/1 24/1014/1 23/944/1
f 23/944/1 72/1015/1 73/945/1
f 73/945/1 74/1012/1 22/943/1
f 23/946/92 19/963/92 14/947/94
f 66/1016/1 72/1015/1 23/944/1
f 23/944/1 16/973/1 64/972/1
f 23/944/1 64/972/1 68/949/1
f 67/950/1 66/1016/1 23/944/1
f 104/1017/2 103/1018/2 13/951/2
f 13/951/2 15/987/2 93/952/2
f 107/953/2 104/1017/2 13/951/2
f 76/1019/2 75/1020/2 20/954/2
f 188/955/2 102/996/2 101/1021/2
f 188/955/2 101/1021/2 100/1022/2
f 79/1023/2 76/1019/2 20/954/2
f 77/1024/2 79/1023/2 20/954/2
f 188/955/2 100/1022/2 78/956/2
f 78/956/2 77/1024/2 20/954/2
f 14/957/94 15/960/96 18/958/96
f 15/960/48 13/983/102 17/961/102
f 23/946/92 24/964/34 21/962/34
f 24/964/90 22/942/91 20/941/91
f 186/965/105 182/977/105 189/966/103
f 61/1025/1 63/974/1 17/968/1
f 185/969/1 70/1011/1 69/1026/1
f 185/969/1 69/1026/1 62/1027/1
f 59/1028/1 61/1025/1 17/968/1
f 58/1029/1 59/1028/1 17/968/1
f 185/969/1 62/1027/1 60/970/1
f 60/970/1 58/1029/1 17/968/1
f 65/975/1 64/972/1 18/971/1
f 18/971/1 17/968/1 63/974/1
f 186/965/105 187/978/107 184/976/107
f 187/978/26 185/1030/106 183/979/106
f 192/940/45 193/982/95 190/980/95
f 193/982/101 191/967/103 189/966/103
f 183/979/106 185/1030/106 17/961/102
f 94/1031/2 93/952/2 14/984/2
f 14/984/2 19/989/2 96/988/2
f 14/984/2 96/988/2 95/985/2
f 97/986/2 94/1031/2 14/984/2
f 96/988/2 21/990/2 20/954/2
f 20/954/2 75/1020/2 98/991/2
f 99/992/2 96/988/2 20/954/2
f 105/995/2 102/996/2 190/993/2
f 190/993/2 189/1032/2 106/994/2
f 91/1033/2 106/994/2 189/1032/2
f 189/1032/2 182/1034/2 184/997/2
f 184/997/2 183/1035/2 13/951/2
f 13/951/2 103/1018/2 85/1036/2
f 13/951/2 85/1036/2 83/1037/2
f 91/1033/2 189/1032/2 184/997/2
f 90/1038/2 91/1033/2 184/997/2
f 13/951/2 83/1037/2 81/1039/2
f 13/951/2 81/1039/2 80/1040/2
f 92/1041/2 90/1038/2 184/997/2
f 88/1042/2 92/1041/2 184/997/2
f 184/997/2 13/951/2 80/1040/2
f 184/997/2 80/1040/2 82/1043/285
f 89/1044/2 88/1042/2 184/997/2
f 87/1045/2 89/1044/2 184/997/2
f 184/997/2 82/1043/285 84/998/2
f 86/999/2 87/1045/2 184/997/2
f 46/1046/1 47/1003/1 192/1000/1
f 22/943/1 56/1013/1 53/1047/1
f 22/943/1 53/1047/1 48/1048/1
f 57/1049/1 46/1046/1 192/1000/1
f 49/1050/1 57/1049/1 192/1000/1
f 22/943/1 48/1048/1 54/1051/1
f 22/943/1 54/1051/1 51/1001/1
f 55/1052/1 49/1050/1 192/1000/1
f 52/1053/1 55/1052/1 192/1000/1
f 192/1000/1 22/943/1 51/1001/1
f 50/1002/1 52/1053/1 192/1000/1
f 71/1006/1 186/1008/1 191/1005/1
f 191/1005/1 47/1003/1 45/1054/1
f 191/1005/1 45/1054/1 44/1055/1
f 42/1010/284 71/1006/1 191/1005/1
f 191/1005/1 44/1055/1 43/1009/1
f 70/1011/1 185/969/1 187/1007/1
f 436/1056/226 507/1057/110 435/1058/110
f 464/373/123 489/1059/110 500/1060/212
f 499/1061/223 464/373/123 500/1060/212
f 460/376/125 499/1061/223 498/1062/98
f 458/378/128 498/1062/98 497/1063/215
f 456/379/127 497/1063/215 496/1064/216
f 454/384/132 496/1064/216 495/1065/87
f 452/385/131 495/1065/87 494/1066/224
f 493/1067/219 452/385/131 494/1066/224
f 492/1068/99 450/387/134 493/1067/219
f 446/390/136 492/1068/99 491/1069/225
f 444/391/135 491/1069/225 490/1070/226
f 441/372/124 490/1071/226 489/1059/110
f 429/1072/1 490/1073/1 430/1074/1
f 430/1074/1 491/1075/1 431/1076/1
f 431/1076/1 492/1077/1 432/1078/1
f 433/1079/1 492/1077/1 493/1080/1
f 433/1079/1 494/1081/1 434/1082/1
f 435/1083/1 494/1081/1 495/1084/1
f 435/1083/1 496/1085/1 436/1086/1
f 437/1087/1 496/1085/1 497/1088/1
f 437/1087/1 498/1089/1 438/1090/1
f 438/1090/1 499/1091/1 439/1092/1
f 439/1092/1 500/1093/1 440/1094/1
f 429/1072/1 500/1093/1 489/1095/1
f 504/1096/1 508/1097/1 512/1098/1
f 433/1099/223 504/1100/98 432/1101/98
f 440/1102/224 511/1103/219 439/1104/219
f 430/1105/216 501/1106/87 429/1107/87
f 437/1108/225 508/1109/226 436/1056/226
f 433/1099/223 506/1110/212 505/1111/223
f 429/1107/87 512/1112/224 440/1102/224
f 431/1113/215 502/1114/216 430/1115/216
f 438/1116/99 509/1117/225 437/1108/225
f 435/1058/110 506/1110/212 434/1118/212
f 432/1101/98 503/1119/215 431/1113/215
f 439/1104/219 510/1120/99 438/1116/99
f 802/1121/110 814/1122/226 803/1123/110
f 801/1124/226 815/361/225 814/834/226
f 804/1125/225 816/1126/99 815/361/225
f 805/1127/99 817/1128/219 816/1126/99
f 817/1128/219 807/1129/224 818/1130/224
f 807/1129/224 819/1131/87 818/1130/224
f 808/1132/87 820/1133/216 819/1131/87
f 809/1134/216 821/1135/215 820/1133/216
f 810/1136/215 822/1137/98 821/1135/215
f 811/1138/98 823/1139/223 822/1137/98
f 812/1140/2 808/1141/2 804/1125/2
f 812/1142/223 824/1143/212 823/1139/223
f 813/1144/212 803/1123/110 824/1143/212
f 436/1056/226 508/1109/226 507/1057/110
f 464/373/123 441/372/124 489/1059/110
f 499/1061/223 462/375/126 464/373/123
f 460/376/125 462/375/126 499/1061/223
f 458/378/128 460/376/125 498/1062/98
f 456/379/127 458/378/128 497/1063/215
f 454/384/132 456/379/127 496/1064/216
f 452/385/131 454/384/132 495/1065/87
f 493/1067/219 450/387/134 452/385/131
f 492/1068/99 448/388/133 450/387/134
f 446/390/136 448/388/133 492/1068/99
f 444/391/135 446/390/136 491/1069/225
f 441/372/124 444/1145/135 490/1071/226
f 429/1072/1 489/1095/1 490/1073/1
f 430/1074/1 490/1073/1 491/1075/1
f 431/1076/1 491/1075/1 492/1077/1
f 433/1079/1 432/1078/1 492/1077/1
f 433/1079/1 493/1080/1 494/1081/1
f 435/1083/1 434/1082/1 494/1081/1
f 435/1083/1 495/1084/1 496/1085/1
f 437/1087/1 436/1086/1 496/1085/1
f 437/1087/1 497/1088/1 498/1089/1
f 438/1090/1 498/1089/1 499/1091/1
f 439/1092/1 499/1091/1 500/1093/1
f 429/1072/1 440/1094/1 500/1093/1
f 512/1098/1 501/1146/1 502/1147/1
f 502/1147/1 503/1148/1 504/1096/1
f 504/1096/1 505/1149/1 506/1150/1
f 506/1150/1 507/1151/1 508/1097/1
f 508/1097/1 509/1152/1 510/1153/1
f 510/1153/1 511/1154/1 512/1098/1
f 512/1098/1 502/1147/1 504/1096/1
f 504/1096/1 506/1150/1 508/1097/1
f 508/1097/1 510/1153/1 512/1098/1
f 433/1099/223 505/1111/223 504/1100/98
f 440/1102/224 512/1112/224 511/1103/219
f 430/1105/216 502/1155/216 501/1106/87
f 437/1108/225 509/1117/225 508/1109/226
f 433/1099/223 434/1118/212 506/1110/212
f 429/1107/87 501/1106/87 512/1112/224
f 431/1113/215 503/1119/215 502/1114/216
f 438/1116/99 510/1120/99 509/1117/225
f 435/1058/110 507/1057/110 506/1110/212
f 432/1101/98 504/1100/98 503/1119/215
f 439/1104/219 511/1103/219 510/1120/99
f 802/1121/110 801/1156/226 814/1122/226
f 801/1124/226 804/1125/225 815/361/225
f 804/1125/225 805/1127/99 816/1126/99
f 805/1127/99 806/1157/219 817/1128/219
f 817/1128/219 806/1157/219 807/1129/224
f 807/1129/224 808/1132/87 819/1131/87
f 808/1132/87 809/1134/216 820/1133/216
f 809/1134/216 810/1136/215 821/1135/215
f 810/1136/215 811/1138/98 822/1137/98
f 811/1138/98 812/1142/223 823/1139/223
f 804/1125/2 801/1124/2 802/1158/2
f 802/1158/2 813/1159/2 812/1140/2
f 812/1140/2 811/1160/2 810/1161/2
f 810/1161/2 809/1162/2 808/1141/2
f 808/1141/2 807/1163/2 806/1164/2
f 806/1164/2 805/1165/2 804/1125/2
f 804/1125/2 802/1158/2 812/1140/2
f 812/1140/2 810/1161/2 808/1141/2
f 808/1141/2 806/1164/2 804/1125/2
f 812/1142/223 813/1144/212 824/1143/212
f 813/1144/212 802/1121/110 803/1123/110
usemtl SpacialRoverExplorerwheels
f 888/1166/2 396/1167/286 366/1168/287
f 887/1169/2 395/1170/288 396/1167/286
f 886/1171/2 394/1172/289 395/1170/288
f 885/1173/2 393/1174/290 394/1172/289
f 884/1175/2 392/1176/291 393/1174/290
f 883/1177/2 391/1178/292 392/1176/291
f 882/1179/2 390/1180/293 391/1178/292
f 881/1181/2 389/1182/293 390/1180/293
f 880/1183/2 388/1184/294 389/1182/293
f 879/1185/2 387/1186/295 388/1184/294
f 878/1187/2 386/1188/296 387/1186/295
f 877/1189/2 385/1190/297 386/1188/296
f 876/1191/2 384/1192/298 385/1193/297
f 874/1194/2 384/1192/298 875/1195/2
f 873/1196/2 383/1197/298 874/1194/2
f 872/1198/2 382/1199/299 873/1196/2
f 871/1200/2 381/1201/299 872/1198/2
f 870/1202/2 380/1203/300 871/1200/2
f 869/1204/2 379/1205/300 870/1202/2
f 868/1206/2 378/1207/301 869/1204/2
f 867/1208/2 377/1209/301 868/1206/2
f 866/1210/2 376/1211/302 867/1208/2
f 865/1212/2 375/1213/303 866/1210/2
f 864/1214/2 374/1215/304 865/1212/2
f 863/1216/2 373/1217/305 864/1214/2
f 862/1218/2 372/1219/306 863/1216/2
f 861/1220/2 371/1221/307 862/1218/2
f 860/1222/2 370/1223/308 861/1220/2
f 859/1224/2 369/1225/308 860/1226/2
f 859/1224/2 367/1227/309 368/1228/310
f 858/1229/2 365/1230/287 367/1227/309
f 857/1231/2 366/1168/287 365/1230/287
f 826/1232/1 419/1233/311 825/1234/1
f 827/1235/1 407/1236/312 406/1237/313
f 829/1238/1 420/1239/311 826/1232/1
f 828/1240/1 408/1241/314 407/1236/312
f 831/1242/1 421/1243/315 829/1238/1
f 830/1244/1 409/1245/316 408/1241/314
f 833/1246/1 422/1247/315 831/1242/1
f 832/1248/1 410/1249/317 409/1245/316
f 835/1250/1 423/1251/318 833/1246/1
f 834/1252/1 411/1253/319 410/1249/317
f 838/1254/1 397/1255/320 837/1256/1
f 839/1257/1 424/1258/321 835/1250/1
f 836/1259/1 412/1260/319 411/1253/319
f 841/1261/1 398/1262/320 838/1254/1
f 842/1263/1 425/1264/322 839/1257/1
f 843/1265/1 412/1260/319 840/1266/1
f 844/1267/1 399/1268/323 841/1261/1
f 845/1269/1 426/1270/324 842/1263/1
f 846/1271/1 413/1272/325 843/1265/1
f 847/1273/1 400/1274/323 844/1267/1
f 848/1275/1 427/1276/326 845/1269/1
f 849/1277/1 414/1278/327 846/1271/1
f 847/1279/1 402/1280/328 401/1281/328
f 837/1256/1 428/1282/329 848/1275/1
f 851/1283/1 415/1284/330 849/1277/1
f 850/1285/1 403/1286/331 402/1280/328
f 853/1287/1 416/1288/330 851/1283/1
f 852/1289/1 404/1290/332 403/1286/331
f 855/1291/1 417/1292/333 853/1293/1
f 854/1294/1 405/1295/334 404/1290/332
f 825/1234/1 418/1296/333 855/1291/1
f 856/1297/1 406/1237/313 405/1295/334
f 514/1298/335 423/1251/336 516/1299/337
f 518/1300/338 427/1276/339 520/1301/340
f 520/1301/341 712/1302/342 519/1303/343
f 524/1304/344 425/1264/345 522/1305/346
f 571/1306/347 614/1307/348 738/1308/349
f 519/1303/343 613/1309/350 395/1170/351
f 386/1188/296 623/1310/352 624/1311/353
f 570/1312/354 737/1313/355 705/1314/354
f 427/1276/326 675/1315/356 676/1316/356
f 538/1317/357 417/1318/358 532/1319/359
f 534/1320/360 419/1233/361 528/1321/362
f 530/1322/363 421/1243/364 526/1323/365
f 518/1300/366 711/1324/367 679/1325/368
f 569/1326/355 642/1327/369 737/1313/355
f 412/1260/370 540/1328/371 546/1329/372
f 414/1278/373 536/1330/374 542/1331/375
f 517/1332/376 616/1333/377 711/1324/367
f 388/1184/294 621/1334/378 622/1335/378
f 408/1241/379 548/1336/380 554/1337/381
f 410/1249/382 544/1338/383 550/1339/384
f 568/1340/385 736/1341/386 567/1342/387
f 425/1264/322 673/1343/388 674/1344/388
f 516/1299/389 710/1345/390 515/1346/391
f 567/1342/387 641/1347/392 367/1227/392
f 400/1274/393 564/1348/394 570/1312/395
f 402/1280/396 560/1349/397 566/1350/398
f 404/1290/399 556/1351/400 562/1352/401
f 406/1237/402 552/1353/403 558/1354/404
f 572/1355/405 397/1255/406 574/1356/407
f 515/1346/391 617/1357/408 391/1178/409
f 576/1358/410 399/1268/411 568/1340/412
f 390/1180/293 619/1359/413 620/1360/413
f 566/1350/414 735/1361/415 703/1362/416
f 423/1251/318 671/1363/417 672/1364/417
f 365/1230/418 567/1342/419 367/1227/418
f 575/1365/420 568/1340/412 567/1342/419
f 514/1298/421 709/1366/422 677/1367/423
f 565/1368/424 640/1369/425 735/1361/415
f 396/1167/426 573/1370/427 366/1168/426
f 571/1306/428 574/1356/407 573/1370/427
f 557/1371/429 375/1213/430 374/1215/430
f 558/1354/404 551/1372/431 557/1371/429
f 561/1373/432 373/1217/433 372/1219/433
f 562/1352/401 555/1374/434 561/1373/432
f 565/1368/435 371/1221/436 370/1223/436
f 566/1350/398 559/1375/437 565/1368/435
f 569/1326/438 369/1225/439 368/1228/439
f 570/1312/395 563/1376/440 569/1326/438
f 513/1377/441 620/1360/442 709/1366/422
f 392/1176/291 617/1357/443 618/1378/443
f 564/1379/444 734/1380/445 563/1381/446
f 421/1243/315 669/1382/447 670/1383/447
f 576/1358/448 645/1384/449 398/1262/450
f 563/1381/446 639/1385/451 369/1386/452
f 574/1356/453 646/1387/454 707/1388/453
f 394/1172/289 615/1389/455 616/1333/455
f 549/1390/456 379/1205/457 378/1207/457
f 550/1339/384 543/1391/458 549/1390/456
f 553/1392/459 377/1209/460 376/1211/460
f 554/1337/381 547/1393/461 553/1392/459
f 562/1352/462 733/1394/463 701/1395/462
f 419/1233/311 667/1396/464 668/1397/464
f 572/1355/465 675/1315/466 428/1282/467
f 561/1373/468 638/1398/469 733/1394/463
f 541/1399/470 383/1197/471 382/1199/471
f 542/1331/375 535/1400/472 541/1399/470
f 545/1401/473 381/1201/474 380/1203/474
f 546/1329/372 539/1402/475 545/1401/473
f 570/1312/354 647/1403/476 400/1274/476
f 396/1167/286 613/1309/477 614/1307/477
f 560/1349/478 732/1404/479 559/1375/480
f 417/1292/333 665/1405/481 666/1406/481
f 388/1184/482 525/1407/483 389/1182/482
f 529/1408/484 526/1323/365 525/1407/483
f 386/1188/485 527/1409/486 387/1186/487
f 533/1410/488 528/1321/362 527/1409/486
f 384/1192/489 531/1411/490 385/1193/489
f 537/1412/491 532/1319/359 531/1411/490
f 568/1340/385 648/1413/492 704/1414/385
f 559/1375/480 637/1415/493 371/1221/494
f 566/1350/414 649/1416/495 402/1280/496
f 558/1354/497 731/1417/498 699/1418/499
f 415/1284/330 663/1419/500 664/1420/500
f 564/1379/444 650/1421/501 702/1422/444
f 557/1371/502 636/1423/503 731/1417/498
f 562/1352/462 651/1424/504 404/1290/505
f 556/1351/506 730/1425/507 555/1374/508
f 414/1278/327 662/1426/509 413/1272/325
f 392/1176/510 521/1427/511 393/1174/510
f 523/1428/512 522/1305/346 521/1427/511
f 560/1349/478 652/1429/513 700/1430/478
f 555/1374/508 635/1431/514 373/1217/515
f 394/1172/516 519/1303/517 395/1170/516
f 517/1332/518 520/1301/340 519/1303/517
f 390/1180/519 515/1346/520 391/1178/519
f 513/1377/521 516/1299/337 515/1346/520
f 681/1432/522 673/1343/523 679/1325/524
f 678/1433/525 671/1363/526 682/1434/527
f 683/1435/528 669/1382/529 677/1367/530
f 684/1436/531 667/1396/532 685/1437/533
f 686/1438/534 665/1405/535 687/1439/536
f 688/1440/537 663/1419/538 689/1441/537
f 662/1426/539 691/1442/540 690/1443/541
f 660/1444/542 693/1445/543 692/1446/544
f 658/1447/545 695/1448/546 694/1449/547
f 656/1450/548 697/1451/549 696/1452/550
f 654/1453/551 699/1418/552 698/1454/553
f 652/1429/554 701/1395/555 700/1430/556
f 650/1421/557 703/1362/558 702/1422/559
f 648/1413/560 705/1314/561 704/1414/561
f 707/1388/562 645/1384/563 708/1455/564
f 680/1456/565 675/1315/566 706/1457/567
f 613/1309/568 738/1308/569 614/1307/568
f 712/1302/570 706/1457/567 738/1308/569
f 643/1458/571 740/1459/572 644/1460/571
f 739/1461/573 708/1455/564 740/1459/572
f 736/1341/574 642/1327/575 641/1347/575
f 704/1414/561 737/1313/574 736/1341/574
f 734/1380/576 640/1369/577 639/1385/577
f 702/1422/559 735/1361/578 734/1380/576
f 732/1404/579 638/1398/580 637/1415/580
f 700/1430/556 733/1394/581 732/1404/579
f 730/1425/582 636/1423/583 635/1431/583
f 698/1454/553 731/1417/584 730/1425/582
f 728/1462/585 634/1463/586 633/1464/587
f 696/1452/550 729/1465/588 728/1462/585
f 726/1466/589 632/1467/590 631/1468/590
f 694/1449/547 727/1469/591 726/1466/589
f 724/1470/592 630/1471/593 629/1472/593
f 692/1446/544 725/1473/594 724/1470/592
f 722/1474/595 628/1475/596 627/1476/596
f 690/1443/541 723/1477/597 722/1474/595
f 625/1478/598 721/1479/599 626/1480/598
f 688/1440/537 721/1479/599 720/1481/599
f 623/1310/600 719/1482/601 624/1311/600
f 718/1483/602 687/1439/536 719/1482/601
f 621/1334/603 717/1484/604 622/1335/603
f 716/1485/605 685/1437/533 717/1484/604
f 619/1359/606 709/1366/607 620/1360/606
f 715/1486/608 677/1367/530 709/1366/607
f 617/1357/609 714/1487/610 618/1378/609
f 710/1345/611 682/1434/527 714/1487/610
f 615/1389/612 711/1324/613 616/1333/612
f 713/1488/614 679/1325/524 711/1324/613
f 572/1355/465 738/1308/349 706/1457/465
f 383/1197/298 626/1480/615 384/1192/298
f 521/1427/616 615/1389/617 393/1174/618
f 573/1370/619 643/1458/620 366/1168/621
f 522/1305/622 713/1488/623 521/1427/616
f 574/1356/453 739/1461/624 573/1370/619
f 381/1201/299 628/1475/625 382/1199/299
f 523/1428/626 618/1378/627 714/1487/628
f 575/1365/629 644/1460/630 740/1459/631
f 524/1304/632 714/1487/628 682/1434/632
f 576/1358/448 740/1459/631 708/1455/448
f 379/1205/300 630/1471/633 380/1203/300
f 525/1407/634 619/1359/635 389/1182/636
f 526/1323/637 715/1486/638 525/1407/634
f 377/1209/301 632/1467/639 378/1207/301
f 527/1409/640 621/1334/641 387/1186/642
f 528/1321/643 716/1485/644 527/1409/640
f 375/1213/303 634/1463/645 376/1211/302
f 529/1408/646 622/1335/647 717/1484/648
f 530/1322/649 717/1484/648 685/1437/649
f 373/1217/305 636/1423/650 374/1215/304
f 531/1489/651 623/1310/652 385/1190/653
f 532/1490/654 718/1483/655 531/1489/651
f 514/1298/421 669/1382/656 422/1247/657
f 371/1221/307 638/1398/658 372/1219/306
f 533/1410/659 624/1311/660 719/1482/661
f 516/1299/389 672/1364/662 678/1433/663
f 534/1320/664 719/1482/661 687/1439/665
f 518/1300/366 673/1343/666 426/1270/667
f 369/1386/308 640/1369/668 370/1223/308
f 535/1400/669 625/1478/670 383/1197/671
f 520/1301/341 676/1316/672 680/1456/673
f 536/1330/674 720/1481/669 535/1400/669
f 522/1305/622 674/1344/675 681/1432/676
f 368/1228/310 641/1347/677 642/1327/678
f 537/1412/679 626/1480/680 721/1479/679
f 524/1304/632 671/1363/681 424/1258/682
f 538/1317/683 721/1479/679 689/1441/683
f 526/1323/637 670/1383/684 683/1435/637
f 365/1230/287 643/1458/685 644/1460/685
f 539/1402/686 627/1476/687 381/1201/688
f 528/1321/643 668/1397/689 684/1436/690
f 397/1255/320 645/1384/691 646/1387/692
f 540/1328/693 722/1474/694 539/1402/686
f 530/1322/649 667/1396/695 420/1239/696
f 541/1399/697 628/1475/698 723/1477/699
f 532/1490/654 666/1406/700 686/1438/654
f 400/1274/323 648/1413/701 399/1268/323
f 542/1331/702 723/1477/699 691/1442/703
f 534/1320/664 665/1405/704 418/1296/705
f 543/1391/706 629/1472/707 379/1205/708
f 536/1330/674 664/1420/709 688/1440/710
f 402/1280/328 650/1421/711 401/1281/328
f 544/1338/712 724/1470/713 543/1391/706
f 538/1317/683 663/1419/714 416/1288/715
f 545/1401/716 630/1471/717 725/1473/718
f 540/1328/693 662/1426/719 690/1443/693
f 404/1290/332 652/1429/720 403/1286/331
f 546/1329/721 725/1473/718 693/1445/721
f 542/1331/702 661/1491/722 414/1278/723
f 547/1393/724 631/1468/725 377/1209/726
f 544/1338/712 660/1444/727 692/1446/712
f 406/1237/313 654/1453/728 405/1295/334
f 548/1336/729 726/1466/730 547/1393/724
f 546/1329/721 659/1492/731 412/1260/732
f 549/1390/733 632/1467/734 727/1469/735
f 548/1336/729 658/1447/736 694/1449/737
f 408/1241/314 656/1450/738 407/1236/312
f 550/1339/739 727/1469/735 695/1448/740
f 550/1339/739 657/1493/741 410/1249/742
f 551/1372/743 633/1464/744 375/1213/745
f 552/1353/746 656/1450/747 696/1452/748
f 410/1249/317 658/1447/749 409/1245/316
f 552/1353/746 728/1462/750 551/1372/743
f 554/1337/751 655/1494/752 408/1241/753
f 553/1392/754 634/1463/755 729/1465/756
f 556/1351/506 654/1453/757 698/1454/506
f 412/1260/319 660/1444/758 411/1253/319
f 554/1337/751 729/1465/756 697/1451/759
f 558/1354/497 653/1495/760 406/1237/761
f 888/1166/2 887/1169/2 396/1167/286
f 887/1169/2 886/1171/2 395/1170/288
f 886/1171/2 885/1173/2 394/1172/289
f 885/1173/2 884/1175/2 393/1174/290
f 884/1175/2 883/1177/2 392/1176/291
f 883/1177/2 882/1179/2 391/1178/292
f 882/1179/2 881/1181/2 390/1180/293
f 881/1181/2 880/1183/2 389/1182/293
f 880/1183/2 879/1185/2 388/1184/294
f 879/1185/2 878/1187/2 387/1186/295
f 878/1187/2 877/1189/2 386/1188/296
f 877/1189/2 876/1496/2 385/1190/297
f 876/1191/2 875/1195/2 384/1192/298
f 874/1194/2 383/1197/298 384/1192/298
f 873/1196/2 382/1199/299 383/1197/298
f 872/1198/2 381/1201/299 382/1199/299
f 871/1200/2 380/1203/300 381/1201/299
f 870/1202/2 379/1205/300 380/1203/300
f 869/1204/2 378/1207/301 379/1205/300
f 868/1206/2 377/1209/301 378/1207/301
f 867/1208/2 376/1211/302 377/1209/301
f 866/1210/2 375/1213/303 376/1211/302
f 865/1212/2 374/1215/304 375/1213/303
f 864/1214/2 373/1217/305 374/1215/304
f 863/1216/2 372/1219/306 373/1217/305
f 862/1218/2 371/1221/307 372/1219/306
f 861/1220/2 370/1223/308 371/1221/307
f 860/1222/2 369/1386/308 370/1223/308
f 859/1224/2 368/1228/310 369/1225/308
f 859/1224/2 858/1229/2 367/1227/309
f 858/1229/2 857/1231/2 365/1230/287
f 857/1231/2 888/1166/2 366/1168/287
f 826/1232/1 420/1239/311 419/1233/311
f 827/1235/1 828/1240/1 407/1236/312
f 829/1238/1 421/1243/315 420/1239/311
f 828/1240/1 830/1244/1 408/1241/314
f 831/1242/1 422/1247/315 421/1243/315
f 830/1244/1 832/1248/1 409/1245/316
f 833/1246/1 423/1251/318 422/1247/315
f 832/1248/1 834/1252/1 410/1249/317
f 835/1250/1 424/1258/321 423/1251/318
f 834/1252/1 836/1259/1 411/1253/319
f 838/1254/1 398/1262/320 397/1255/320
f 839/1257/1 425/1264/322 424/1258/321
f 836/1259/1 840/1266/1 412/1260/319
f 841/1261/1 399/1268/323 398/1262/320
f 842/1263/1 426/1270/324 425/1264/322
f 843/1265/1 413/1272/325 412/1260/319
f 844/1267/1 400/1274/323 399/1268/323
f 845/1269/1 427/1276/326 426/1270/324
f 846/1271/1 414/1278/327 413/1272/325
f 847/1273/1 401/1497/328 400/1274/323
f 848/1275/1 428/1282/329 427/1276/326
f 849/1277/1 415/1284/330 414/1278/327
f 847/1279/1 850/1285/1 402/1280/328
f 837/1256/1 397/1255/320 428/1282/329
f 851/1283/1 416/1288/330 415/1284/330
f 850/1285/1 852/1289/1 403/1286/331
f 853/1287/1 417/1318/333 416/1288/330
f 852/1289/1 854/1294/1 404/1290/332
f 855/1291/1 418/1296/333 417/1292/333
f 854/1294/1 856/1297/1 405/1295/334
f 825/1234/1 419/1233/311 418/1296/333
f 856/1297/1 827/1235/1 406/1237/313
f 514/1298/335 422/1247/336 423/1251/336
f 518/1300/338 426/1270/339 427/1276/339
f 520/1301/341 680/1456/673 712/1302/342
f 524/1304/344 424/1258/345 425/1264/345
f 571/1306/347 396/1167/762 614/1307/348
f 519/1303/343 712/1302/342 613/1309/350
f 386/1188/296 385/1190/297 623/1310/352
f 570/1312/354 569/1326/355 737/1313/355
f 427/1276/326 428/1282/329 675/1315/356
f 538/1317/357 416/1288/358 417/1318/358
f 534/1320/360 418/1296/361 419/1233/361
f 530/1322/363 420/1239/364 421/1243/364
f 518/1300/366 517/1332/376 711/1324/367
f 569/1326/355 368/1228/763 642/1327/369
f 412/1260/370 413/1272/370 540/1328/371
f 414/1278/373 415/1284/373 536/1330/374
f 517/1332/376 394/1172/764 616/1333/377
f 388/1184/294 387/1186/295 621/1334/378
f 408/1241/379 409/1245/379 548/1336/380
f 410/1249/382 411/1253/382 544/1338/383
f 568/1340/385 704/1414/385 736/1341/386
f 425/1264/322 426/1270/324 673/1343/388
f 516/1299/389 678/1433/663 710/1345/390
f 567/1342/387 736/1341/386 641/1347/392
f 400/1274/393 401/1497/393 564/1348/394
f 402/1280/396 403/1286/396 560/1349/397
f 404/1290/399 405/1295/399 556/1351/400
f 406/1237/402 407/1236/402 552/1353/403
f 572/1355/405 428/1282/406 397/1255/406
f 515/1346/391 710/1345/390 617/1357/408
f 576/1358/410 398/1262/411 399/1268/411
f 390/1180/293 389/1182/293 619/1359/413
f 566/1350/414 565/1368/424 735/1361/415
f 423/1251/318 424/1258/321 671/1363/417
f 365/1230/418 575/1365/420 567/1342/419
f 575/1365/420 576/1358/410 568/1340/412
f 514/1298/421 513/1377/441 709/1366/422
f 565/1368/424 370/1223/765 640/1369/425
f 396/1167/426 571/1306/428 573/1370/427
f 571/1306/428 572/1355/405 574/1356/407
f 557/1371/429 551/1372/431 375/1213/430
f 558/1354/404 552/1353/403 551/1372/431
f 561/1373/432 555/1374/434 373/1217/433
f 562/1352/401 556/1351/400 555/1374/434
f 565/1368/435 559/1375/437 371/1221/436
f 566/1350/398 560/1349/397 559/1375/437
f 569/1326/438 563/1376/440 369/1225/439
f 570/1312/395 564/1348/394 563/1376/440
f 513/1377/441 390/1180/766 620/1360/442
f 392/1176/291 391/1178/292 617/1357/443
f 564/1379/444 702/1422/444 734/1380/445
f 421/1243/315 422/1247/315 669/1382/447
f 576/1358/448 708/1455/448 645/1384/449
f 563/1381/446 734/1380/445 639/1385/451
f 574/1356/453 397/1255/767 646/1387/454
f 394/1172/289 393/1174/290 615/1389/455
f 549/1390/456 543/1391/458 379/1205/457
f 550/1339/384 544/1338/383 543/1391/458
f 553/1392/459 547/1393/461 377/1209/460
f 554/1337/381 548/1336/380 547/1393/461
f 562/1352/462 561/1373/468 733/1394/463
f 419/1233/311 420/1239/311 667/1396/464
f 572/1355/465 706/1457/465 675/1315/466
f 561/1373/468 372/1219/768 638/1398/469
f 541/1399/470 535/1400/472 383/1197/471
f 542/1331/375 536/1330/374 535/1400/472
f 545/1401/473 539/1402/475 381/1201/474
f 546/1329/372 540/1328/371 539/1402/475
f 570/1312/354 705/1314/354 647/1403/476
f 396/1167/286 395/1170/288 613/1309/477
f 560/1349/478 700/1430/478 732/1404/479
f 417/1292/333 418/1296/333 665/1405/481
f 388/1184/482 529/1408/484 525/1407/483
f 529/1408/484 530/1322/363 526/1323/365
f 386/1188/485 533/1410/488 527/1409/486
f 533/1410/488 534/1320/360 528/1321/362
f 384/1192/489 537/1412/491 531/1411/490
f 537/1412/491 538/1317/357 532/1319/359
f 568/1340/385 399/1268/492 648/1413/492
f 559/1375/480 732/1404/479 637/1415/493
f 566/1350/414 703/1362/416 649/1416/495
f 558/1354/497 557/1371/502 731/1417/498
f 415/1284/330 416/1288/330 663/1419/500
f 564/1379/444 401/1281/769 650/1421/501
f 557/1371/502 374/1215/770 636/1423/503
f 562/1352/462 701/1395/462 651/1424/504
f 556/1351/506 698/1454/506 730/1425/507
f 414/1278/327 661/1491/509 662/1426/509
f 392/1176/510 523/1428/512 521/1427/511
f 523/1428/512 524/1304/344 522/1305/346
f 560/1349/478 403/1286/771 652/1429/513
f 555/1374/508 730/1425/507 635/1431/514
f 394/1172/516 517/1332/518 519/1303/517
f 517/1332/518 518/1300/338 520/1301/340
f 390/1180/519 513/1377/521 515/1346/520
f 513/1377/521 514/1298/335 516/1299/337
f 681/1432/522 674/1344/523 673/1343/523
f 678/1433/525 672/1364/526 671/1363/526
f 683/1435/528 670/1383/529 669/1382/529
f 684/1436/531 668/1397/532 667/1396/532
f 686/1438/534 666/1406/535 665/1405/535
f 688/1440/537 664/1420/538 663/1419/538
f 662/1426/539 661/1491/539 691/1442/540
f 660/1444/542 659/1492/542 693/1445/543
f 658/1447/545 657/1493/545 695/1448/546
f 656/1450/548 655/1494/548 697/1451/549
f 654/1453/551 653/1495/551 699/1418/552
f 652/1429/554 651/1424/554 701/1395/555
f 650/1421/557 649/1416/557 703/1362/558
f 648/1413/560 647/1403/560 705/1314/561
f 707/1388/562 646/1387/563 645/1384/563
f 680/1456/565 676/1316/566 675/1315/566
f 613/1309/568 712/1302/570 738/1308/569
f 712/1302/570 680/1456/565 706/1457/567
f 643/1458/571 739/1461/573 740/1459/572
f 739/1461/573 707/1388/562 708/1455/564
f 736/1341/574 737/1313/574 642/1327/575
f 704/1414/561 705/1314/561 737/1313/574
f 734/1380/576 735/1361/578 640/1369/577
f 702/1422/559 703/1362/558 735/1361/578
f 732/1404/579 733/1394/581 638/1398/580
f 700/1430/556 701/1395/555 733/1394/581
f 730/1425/582 731/1417/584 636/1423/583
f 698/1454/553 699/1418/552 731/1417/584
f 728/1462/585 729/1465/588 634/1463/586
f 696/1452/550 697/1451/549 729/1465/588
f 726/1466/589 727/1469/591 632/1467/590
f 694/1449/547 695/1448/546 727/1469/591
f 724/1470/592 725/1473/594 630/1471/593
f 692/1446/544 693/1445/543 725/1473/594
f 722/1474/595 723/1477/597 628/1475/596
f 690/1443/541 691/1442/540 723/1477/597
f 625/1478/598 720/1481/599 721/1479/599
f 688/1440/537 689/1441/537 721/1479/599
f 623/1310/600 718/1483/602 719/1482/601
f 718/1483/602 686/1438/534 687/1439/536
f 621/1334/603 716/1485/605 717/1484/604
f 716/1485/605 684/1436/531 685/1437/533
f 619/1359/606 715/1486/608 709/1366/607
f 715/1486/608 683/1435/528 677/1367/530
f 617/1357/609 710/1345/611 714/1487/610
f 710/1345/611 678/1433/525 682/1434/527
f 615/1389/612 713/1488/614 711/1324/613
f 713/1488/614 681/1432/522 679/1325/524
f 572/1355/465 571/1306/347 738/1308/349
f 383/1197/298 625/1478/772 626/1480/615
f 521/1427/616 713/1488/623 615/1389/617
f 573/1370/619 739/1461/624 643/1458/620
f 522/1305/622 681/1432/676 713/1488/623
f 574/1356/453 707/1388/453 739/1461/624
f 381/1201/299 627/1476/625 628/1475/625
f 523/1428/626 392/1176/773 618/1378/627
f 575/1365/629 365/1230/774 644/1460/630
f 524/1304/632 523/1428/626 714/1487/628
f 576/1358/448 575/1365/629 740/1459/631
f 379/1205/300 629/1472/633 630/1471/633
f 525/1407/634 715/1486/638 619/1359/635
f 526/1323/637 683/1435/637 715/1486/638
f 377/1209/301 631/1468/639 632/1467/639
f 527/1409/640 716/1485/644 621/1334/641
f 528/1321/643 684/1436/690 716/1485/644
f 375/1213/303 633/1464/645 634/1463/645
f 529/1408/646 388/1184/775 622/1335/647
f 530/1322/649 529/1408/646 717/1484/648
f 373/1217/305 635/1431/650 636/1423/650
f 531/1489/651 718/1483/655 623/1310/652
f 532/1490/654 686/1438/654 718/1483/655
f 514/1298/421 677/1367/423 669/1382/656
f 371/1221/307 637/1415/658 638/1398/658
f 533/1410/659 386/1188/776 624/1311/660
f 516/1299/389 423/1251/777 672/1364/662
f 534/1320/664 533/1410/659 719/1482/661
f 518/1300/366 679/1325/368 673/1343/666
f 369/1386/308 639/1385/668 640/1369/668
f 535/1400/669 720/1481/669 625/1478/670
f 520/1301/341 427/1276/778 676/1316/672
f 536/1330/674 688/1440/710 720/1481/669
f 522/1305/622 425/1264/779 674/1344/675
f 368/1228/310 367/1227/309 641/1347/677
f 537/1412/679 384/1192/680 626/1480/680
f 524/1304/632 682/1434/632 671/1363/681
f 538/1317/683 537/1412/679 721/1479/679
f 526/1323/637 421/1243/780 670/1383/684
f 365/1230/287 366/1168/287 643/1458/685
f 539/1402/686 722/1474/694 627/1476/687
f 528/1321/643 419/1233/781 668/1397/689
f 397/1255/320 398/1262/320 645/1384/691
f 540/1328/693 690/1443/693 722/1474/694
f 530/1322/649 685/1437/649 667/1396/695
f 541/1399/697 382/1199/782 628/1475/698
f 532/1490/654 417/1292/783 666/1406/700
f 400/1274/323 647/1403/701 648/1413/701
f 542/1331/702 541/1399/697 723/1477/699
f 534/1320/664 687/1439/665 665/1405/704
f 543/1391/706 724/1470/713 629/1472/707
f 536/1330/674 415/1284/709 664/1420/709
f 402/1280/328 649/1416/711 650/1421/711
f 544/1338/712 692/1446/712 724/1470/713
f 538/1317/683 689/1441/683 663/1419/714
f 545/1401/716 380/1203/784 630/1471/717
f 540/1328/693 413/1272/785 662/1426/719
f 404/1290/332 651/1424/720 652/1429/720
f 546/1329/721 545/1401/716 725/1473/718
f 542/1331/702 691/1442/703 661/1491/722
f 547/1393/724 726/1466/730 631/1468/725
f 544/1338/712 411/1253/786 660/1444/727
f 406/1237/313 653/1495/728 654/1453/728
f 548/1336/729 694/1449/737 726/1466/730
f 546/1329/721 693/1445/721 659/1492/731
f 549/1390/733 378/1207/787 632/1467/734
f 548/1336/729 409/1245/788 658/1447/736
f 408/1241/314 655/1494/738 656/1450/738
f 550/1339/739 549/1390/733 727/1469/735
f 550/1339/739 695/1448/740 657/1493/741
f 551/1372/743 728/1462/750 633/1464/744
f 552/1353/746 407/1236/789 656/1450/747
f 410/1249/317 657/1493/790 658/1447/749
f 552/1353/746 696/1452/748 728/1462/750
f 554/1337/751 697/1451/759 655/1494/752
f 553/1392/754 376/1211/791 634/1463/755
f 556/1351/506 405/1295/792 654/1453/757
f 412/1260/319 659/1492/793 660/1444/758
f 554/1337/751 553/1392/754 729/1465/756
f 558/1354/497 699/1418/499 653/1495/760
l 359 361
l 362 325
l 326 363
l 364 360
