# Blender 5.2.0 LTS
# www.blender.org
mtllib rueda_del_izq.mtl
o RoverModificado.002
v 4.403535 2.928483 -2.623425
v 4.403535 2.333483 -2.623425
v 4.403535 2.928483 -3.523425
v 4.203534 2.928483 -3.723425
v 4.344956 2.928483 -3.664846
v 4.203534 2.333483 -3.723425
v 4.403535 2.333483 -3.523425
v 4.344956 2.333483 -3.664846
v 3.953534 2.333483 -3.723425
v 3.812113 2.333483 -3.664846
v 3.953534 2.928483 -3.723425
v 3.812113 2.928483 -3.664846
v 3.753534 3.128484 -2.623425
v 4.403535 3.128484 -2.623425
v 4.344956 3.128484 -3.664846
v 4.403535 3.128484 -3.523425
v 4.203534 3.128484 -3.723425
v 3.812113 3.128484 -3.664846
v 3.953534 3.128484 -3.723425
v 3.753534 3.128484 -3.523425
v 3.753534 2.928483 -2.623425
v 3.753534 2.333483 -2.623425
v 3.753534 2.333483 -3.523425
v 3.753534 2.928483 -3.523425
v 3.753534 2.551965 -3.043425
v 3.753534 2.453484 -3.141905
v 3.753534 2.482327 -3.072269
v 3.753534 2.808484 -3.141905
v 3.753534 2.710001 -3.043425
v 3.753534 2.779639 -3.072269
v 3.753534 2.453484 -3.304944
v 3.753534 2.551965 -3.403425
v 3.753534 2.482327 -3.374581
v 3.753534 2.710001 -3.403425
v 3.753534 2.808484 -3.304944
v 3.753534 2.779639 -3.374581
v 2.853534 2.710001 -3.043425
v 2.853534 2.808484 -3.141905
v 2.853534 2.779639 -3.072269
v 2.853534 2.453484 -3.141905
v 2.853534 2.551965 -3.043425
v 2.853534 2.482327 -3.072269
v 2.853534 2.551965 -3.403425
v 2.853534 2.453484 -3.304944
v 2.853534 2.482327 -3.374581
v 2.853534 2.808484 -3.304944
v 2.853534 2.710001 -3.403425
v 2.853534 2.779639 -3.374581
v 3.753534 2.033484 -2.623425
v 7.267058 2.456141 -3.484631
v 7.290965 2.517663 -3.456514
v 7.300867 2.543147 -3.388631
v 7.290965 2.517663 -3.320749
v 7.267058 2.456141 -3.292631
v 7.243151 2.394619 -3.320749
v 7.233248 2.369135 -3.388631
v 7.243151 2.394619 -3.456514
v 7.339977 2.404006 -3.503832
v 7.339978 2.507687 -3.470090
v 7.295673 2.530009 -3.470090
v 7.339978 2.550632 -3.388631
v 7.307556 2.560589 -3.388631
v 7.339978 2.507687 -3.307172
v 7.295673 2.530009 -3.307172
v 7.339977 2.404006 -3.273431
v 7.266985 2.456182 -3.273431
v 7.339978 2.300325 -3.307172
v 7.238297 2.382354 -3.307172
v 7.339978 2.257380 -3.388631
v 7.226413 2.351775 -3.388631
v 7.339978 2.300325 -3.470090
v 7.238297 2.382354 -3.470090
v 7.266985 2.456182 -3.503832
v 7.563751 2.118829 -3.727985
v 7.563751 2.316267 -3.627122
v 7.651439 2.118829 -3.716440
v 7.625334 2.316267 -3.619014
v 7.733151 2.118829 -3.682594
v 7.682720 2.316267 -3.595244
v 7.803319 2.118829 -3.628753
v 7.731998 2.316267 -3.557432
v 7.857162 2.118829 -3.558585
v 7.769811 2.316267 -3.508153
v 7.891007 2.118829 -3.476872
v 7.793581 2.316267 -3.450767
v 7.902551 2.118829 -3.389184
v 7.801688 2.316267 -3.389184
v 7.891007 2.118829 -3.301497
v 7.793581 2.316267 -3.327602
v 7.857162 2.118829 -3.219785
v 7.769811 2.316267 -3.270216
v 7.803319 2.118829 -3.149617
v 7.731998 2.316267 -3.220938
v 7.733151 2.118829 -3.095775
v 7.682720 2.316267 -3.183125
v 7.651439 2.118829 -3.061929
v 7.625334 2.316267 -3.159355
v 7.563751 2.118829 -3.050385
v 7.563751 2.316267 -3.151247
v 7.476063 2.118829 -3.061929
v 7.502169 2.316267 -3.159355
v 7.394352 2.118829 -3.095775
v 7.444783 2.316267 -3.183125
v 7.324184 2.118829 -3.149617
v 7.395505 2.316267 -3.220938
v 7.270342 2.118829 -3.219785
v 7.337837 2.316267 -3.246422
v 7.236496 2.118829 -3.301497
v 7.337837 2.316267 -3.315285
v 7.224952 2.118829 -3.389185
v 7.337837 2.316267 -3.389185
v 7.236496 2.118829 -3.476872
v 7.337837 2.316267 -3.463084
v 7.270342 2.118829 -3.558585
v 7.337837 2.316267 -3.531947
v 7.324184 2.118829 -3.628752
v 7.395505 2.316267 -3.557432
v 7.394351 2.118829 -3.682594
v 7.444783 2.316267 -3.595244
v 7.476063 2.118829 -3.716441
v 7.502169 2.316267 -3.619014
v 7.563752 2.028830 -3.626345
v 7.625134 2.028830 -3.618264
v 7.682332 2.028830 -3.594572
v 7.731449 2.028830 -3.556882
v 7.769138 2.028830 -3.507765
v 7.792831 2.028830 -3.450566
v 7.800912 2.028830 -3.389185
v 7.792831 2.028830 -3.327803
v 7.769138 2.028830 -3.270605
v 7.731449 2.028830 -3.221487
v 7.682332 2.028830 -3.183798
v 7.625134 2.028830 -3.160106
v 7.563752 2.028830 -3.152025
v 7.502370 2.028830 -3.160106
v 7.445172 2.028830 -3.183798
v 7.396054 2.028830 -3.221487
v 7.358365 2.028830 -3.270605
v 7.334673 2.028830 -3.327803
v 7.326592 2.028830 -3.389185
v 7.334673 2.028830 -3.450566
v 7.358365 2.028830 -3.507765
v 7.396054 2.028830 -3.556882
v 7.445172 2.028830 -3.594572
v 7.502370 2.028830 -3.618264
v 7.651439 2.316267 -3.716440
v 7.563751 2.316267 -3.727985
v 7.733151 2.316267 -3.682594
v 7.803319 2.316267 -3.628753
v 7.857162 2.316267 -3.558585
v 7.891007 2.316267 -3.476872
v 7.902551 2.316267 -3.389184
v 7.891007 2.316267 -3.301497
v 7.857162 2.316267 -3.219785
v 7.803319 2.316267 -3.149617
v 7.733151 2.316267 -3.095775
v 7.651439 2.316267 -3.061929
v 7.563751 2.316267 -3.050385
v 7.476063 2.316267 -3.061929
v 7.394352 2.316267 -3.095775
v 7.324184 2.316267 -3.149617
v 7.270342 2.316267 -3.219785
v 7.236496 2.316267 -3.301497
v 7.224952 2.316267 -3.389185
v 7.236496 2.316267 -3.476872
v 7.270342 2.316267 -3.558585
v 7.324184 2.316267 -3.628752
v 7.394351 2.316267 -3.682594
v 7.476063 2.316267 -3.716441
v 7.608091 2.646266 -3.554662
v 7.563751 2.646266 -3.560500
v 7.649409 2.646266 -3.537548
v 7.684890 2.646266 -3.510323
v 7.712115 2.646266 -3.474842
v 7.729229 2.646266 -3.433524
v 7.735066 2.646266 -3.389185
v 7.729229 2.646266 -3.344845
v 7.712115 2.646266 -3.303527
v 7.684890 2.646266 -3.268047
v 7.649409 2.646266 -3.240822
v 7.608091 2.646266 -3.223707
v 7.563751 2.646266 -3.217870
v 7.519412 2.646266 -3.223707
v 7.478094 2.646266 -3.240822
v 7.442615 2.646266 -3.268047
v 7.341093 2.646266 -3.286396
v 7.341093 2.646266 -3.335977
v 7.341093 2.646266 -3.389185
v 7.341093 2.646266 -3.442392
v 7.341093 2.646266 -3.491973
v 7.442615 2.646266 -3.510323
v 7.478094 2.646266 -3.537548
v 7.519412 2.646266 -3.554662
v 7.563751 2.516268 -3.727985
v 7.563751 2.516268 -3.050385
v 7.476063 2.516268 -3.061929
v 7.394352 2.516268 -3.095775
v 7.476063 2.516268 -3.716441
v 7.394351 2.516268 -3.682594
v 7.563751 2.516268 -3.627122
v 7.563751 2.516268 -3.151247
v 7.502169 2.516268 -3.159355
v 7.444783 2.516268 -3.183125
v 7.502169 2.516268 -3.619014
v 7.444783 2.516268 -3.595244
v 4.448549 3.216267 -3.095775
v 4.448549 3.616267 -3.095775
v 4.448549 3.216265 -3.595244
v 4.448549 3.216265 -3.682594
v 4.448549 3.616266 -3.595244
v 4.448549 3.616266 -3.682594
v 6.022363 2.796268 -3.682594
v 6.022363 2.996268 -3.682594
v 6.022363 2.796268 -3.595244
v 6.022363 2.996268 -3.595244
v 6.022363 2.799268 -3.183125
v 6.022363 2.999268 -3.183125
v 6.022363 2.999268 -3.095775
v 6.022363 2.799268 -3.095775
v 6.022523 2.706268 -3.183125
v 6.022523 3.056267 -3.095775
v 6.022523 3.056267 -3.183125
v 6.022523 2.706268 -3.095775
v 6.022523 2.706268 -3.682594
v 6.022523 2.706268 -3.595244
v 6.022523 3.056267 -3.682594
v 6.022523 3.056267 -3.595244
v 4.847195 3.347014 -3.484631
v 4.866543 3.410803 -3.456514
v 4.874557 3.437225 -3.388631
v 4.866543 3.410803 -3.320749
v 4.847195 3.347014 -3.292631
v 4.827848 3.283225 -3.320749
v 4.819834 3.256803 -3.388631
v 4.827848 3.283225 -3.456514
v 4.396829 3.649500 -3.493170
v 4.367034 3.551265 -3.536471
v 4.927222 3.312969 -3.536471
v 4.409171 3.690191 -3.388631
v 4.396829 3.649500 -3.284093
v 4.367034 3.551265 -3.240791
v 4.337239 3.453031 -3.284093
v 4.324897 3.412341 -3.388631
v 4.337239 3.453030 -3.493170
v 4.957018 3.411206 -3.493170
v 4.969360 3.451896 -3.388631
v 4.957018 3.411206 -3.284093
v 4.927222 3.312971 -3.240791
v 4.897427 3.214738 -3.284093
v 4.885086 3.174048 -3.388631
v 4.897427 3.214738 -3.493170
v 4.448549 3.616267 -3.183125
v 4.448549 3.216267 -3.183125
v 4.684645 3.139767 -3.095775
v 4.684645 3.532267 -3.183125
v 4.684644 3.532267 -3.095775
v 4.684644 3.139767 -3.183125
v 4.684644 3.139766 -3.682594
v 4.684644 3.139766 -3.595244
v 4.684645 3.532265 -3.682594
v 4.684645 3.532265 -3.595244
v 4.450909 3.213646 -2.978411
v 4.450909 3.620206 -2.978411
v 4.450909 3.620205 -3.799957
v 4.450909 3.213643 -3.799957
v 4.682284 3.135888 -3.799957
v 4.682284 3.534828 -2.978411
v 4.682284 3.135891 -2.978411
v 4.682284 3.534827 -3.799957
v 4.450909 3.587902 -3.799957
v 4.448549 3.584041 -3.682594
v 4.448549 3.248041 -3.682594
v 4.450909 3.246392 -3.799957
v 4.448549 3.584043 -3.095775
v 4.450909 3.587905 -2.978411
v 4.450909 3.246394 -2.978411
v 4.448549 3.248043 -3.095775
v 3.948569 3.584041 -3.682594
v 3.848549 3.483989 -3.682594
v 3.877844 3.554736 -3.682594
v 3.848549 3.348051 -3.682594
v 3.948569 3.248041 -3.682594
v 3.877844 3.277334 -3.682594
v 3.850909 3.487849 -3.799957
v 3.950930 3.587902 -3.799957
v 3.880205 3.558597 -3.799957
v 3.950930 3.246392 -3.799957
v 3.850909 3.346401 -3.799957
v 3.880205 3.275686 -3.799957
v 3.848549 3.483989 -3.095775
v 3.948569 3.584043 -3.095775
v 3.877844 3.554738 -3.095775
v 3.948569 3.248043 -3.095775
v 3.848549 3.348054 -3.095775
v 3.877844 3.277336 -3.095775
v 3.950930 3.587905 -2.978411
v 3.850909 3.487850 -2.978411
v 3.880205 3.558600 -2.978411
v 3.850909 3.346403 -2.978411
v 3.950930 3.246394 -2.978411
v 3.880205 3.275687 -2.978411
v 3.948569 3.416043 -3.682594
v 3.950930 3.417147 -3.799957
v 7.442615 2.646266 -3.389185
v 4.413752 3.571535 -3.183125
v 3.833281 3.571535 -3.183125
v 4.411061 3.571533 -3.595133
v 3.830590 3.571533 -3.595133
v 3.833281 3.320999 -3.183125
v 4.313752 3.320999 -3.183125
v 3.830590 3.320997 -3.595133
v 4.311061 3.320997 -3.595133
v 4.106245 3.320999 -3.278206
v 4.176245 3.320999 -3.348206
v 3.956647 3.320999 -3.348206
v 4.026647 3.320999 -3.278206
v 4.176245 3.320999 -3.418044
v 4.106245 3.320998 -3.488044
v 4.026647 3.320998 -3.488044
v 3.956647 3.320999 -3.418044
v 4.026647 2.921000 -3.278206
v 3.956647 2.921000 -3.348206
v 4.176245 2.921000 -3.348206
v 4.106245 2.921000 -3.278206
v 3.956647 2.921000 -3.418044
v 4.026647 2.921000 -3.488044
v 4.106245 2.921000 -3.488044
v 4.176245 2.921000 -3.418044
v 4.448549 3.216267 -3.095775
v 4.448549 3.616267 -3.095775
v 4.448549 3.216265 -3.595244
v 4.448549 3.216265 -3.682594
v 4.448549 3.616266 -3.595244
v 4.448549 3.616266 -3.682594
v 4.448549 3.616267 -3.183125
v 4.448549 3.216267 -3.183125
v 3.748549 3.276267 -3.095775
v 3.808549 3.216267 -3.095775
v 3.766123 3.233842 -3.095775
v 3.808549 3.616267 -3.095775
v 3.748549 3.556267 -3.095775
v 3.766123 3.598696 -3.095775
v 3.748549 3.276265 -3.595244
v 3.808549 3.216265 -3.595244
v 3.766123 3.233841 -3.595244
v 3.808549 3.216265 -3.682594
v 3.748549 3.276265 -3.682594
v 3.766123 3.233841 -3.682594
v 3.808549 3.616266 -3.595244
v 3.748549 3.556267 -3.595244
v 3.766123 3.598695 -3.595244
v 3.748549 3.556267 -3.682594
v 3.808549 3.616266 -3.682594
v 3.766123 3.598695 -3.682594
v 3.748549 3.556267 -3.183125
v 3.808549 3.616267 -3.183125
v 3.766123 3.598696 -3.183125
v 3.808549 3.216267 -3.183125
v 3.748549 3.276267 -3.183125
v 3.766123 3.233842 -3.183125
v 3.808549 3.416268 -3.183125
v 3.808549 3.416268 -3.095775
v 3.808549 3.416267 -3.595244
v 3.808549 3.416267 -3.682594
v 7.669149 0.484442 -2.521363
v 7.803933 0.484432 -2.521363
v 7.719018 0.460974 -2.521363
v 7.768353 0.460970 -2.521363
v 7.456290 0.740869 -2.521363
v 7.495328 0.612660 -2.521363
v 7.443998 0.700231 -2.521363
v 7.458286 0.653304 -2.521363
v 7.803933 0.484432 -2.713363
v 7.669149 0.484442 -2.713363
v 7.768353 0.460970 -2.713363
v 7.719018 0.460974 -2.713363
v 7.495328 0.612660 -2.713363
v 7.456290 0.740869 -2.713363
v 7.458286 0.653304 -2.713363
v 7.443998 0.700231 -2.713363
v 7.449794 2.320666 -2.436989
v 7.546703 2.380050 -2.436989
v 7.657219 2.353518 -2.436989
v 7.716605 2.256609 -2.436989
v 7.690072 2.146094 -2.436989
v 7.593164 2.086708 -2.436989
v 7.482647 2.113240 -2.436989
v 7.423261 2.210149 -2.436989
v 8.071032 1.579725 -2.521363
v 8.071032 1.579725 -2.713363
v 8.418674 1.323287 -2.713363
v 8.418674 1.323287 -2.521363
v 8.349012 1.958702 -2.521363
v 8.349012 1.958702 -2.713363
v 7.672495 2.453238 -2.521363
v 7.470895 2.452291 -2.521363
v 7.334863 2.266838 -2.521363
v 7.394514 2.074262 -2.521363
v 7.316876 2.205621 -2.521363
v 7.338710 2.135134 -2.521363
v 7.470895 2.452291 -2.713363
v 7.672495 2.453238 -2.713363
v 7.394514 2.074262 -2.713363
v 7.334863 2.266838 -2.713363
v 7.338710 2.135134 -2.713363
v 7.316876 2.205621 -2.713363
v 8.479378 1.862536 -2.713363
v 8.578363 1.540994 -2.713363
v 8.572168 1.760794 -2.713363
v 8.608400 1.643101 -2.713363
v 8.578363 1.540994 -2.521363
v 8.479378 1.862536 -2.521363
v 8.608400 1.643101 -2.521363
v 8.572168 1.760794 -2.521363
v 7.449794 2.320666 -2.877788
v 7.546703 2.380050 -2.877788
v 7.657219 2.353518 -2.877788
v 7.716605 2.256609 -2.877788
v 7.690072 2.146094 -2.877788
v 7.593164 2.086708 -2.877788
v 7.482647 2.113240 -2.877788
v 7.423261 2.210149 -2.877788
v 7.563753 2.145344 -3.813285
v 7.563753 2.319760 -3.813285
v 7.673363 2.145344 -3.798854
v 7.673363 2.319760 -3.798854
v 7.775503 2.145344 -3.756546
v 7.775503 2.319760 -3.756546
v 7.863214 2.145344 -3.689245
v 7.863214 2.319760 -3.689245
v 7.930515 2.145344 -3.601535
v 7.930515 2.319760 -3.601535
v 7.972822 2.145344 -3.499395
v 7.972822 2.319760 -3.499395
v 7.987253 2.145344 -3.389785
v 7.987253 2.319760 -3.389785
v 7.972822 2.145344 -3.280175
v 7.972822 2.319760 -3.280175
v 7.930515 2.145344 -3.178035
v 7.930515 2.319760 -3.178035
v 7.863214 2.145344 -3.090325
v 7.863214 2.319760 -3.090325
v 7.775503 2.145344 -3.023023
v 7.775503 2.319760 -3.023023
v 7.673363 2.145344 -2.980715
v 7.673363 2.319760 -2.980715
v 7.563753 2.145344 -2.966285
v 7.563753 2.319760 -2.966285
v 7.454144 2.145344 -2.980715
v 7.454144 2.319760 -2.980715
v 7.352003 2.145344 -3.023023
v 7.352003 2.319760 -3.023023
v 7.264293 2.145344 -3.090325
v 7.264293 2.319760 -3.090325
v 7.196991 2.145344 -3.178035
v 7.196991 2.319760 -3.178035
v 7.154684 2.145344 -3.280175
v 7.154684 2.319760 -3.280175
v 7.140253 2.145344 -3.389785
v 7.140253 2.319760 -3.389785
v 7.154684 2.145344 -3.499395
v 7.154684 2.319760 -3.499395
v 7.196991 2.145344 -3.601535
v 7.196991 2.319760 -3.601535
v 7.264293 2.145344 -3.689244
v 7.264293 2.319760 -3.689244
v 7.352003 2.145344 -3.756546
v 7.352003 2.319760 -3.756546
v 7.454144 2.145344 -3.798854
v 7.454144 2.319760 -3.798854
v 7.236498 2.319760 -3.477473
v 7.324186 2.319760 -3.629353
v 7.270344 2.319760 -3.559185
v 7.476065 2.319760 -3.717041
v 7.394353 2.319760 -3.683194
v 7.651442 2.319760 -3.717041
v 7.563753 2.319760 -3.728585
v 7.236498 2.319760 -3.302097
v 7.324186 2.319760 -3.150217
v 7.270344 2.319760 -3.220385
v 7.476065 2.319760 -3.062529
v 7.651442 2.319760 -3.062529
v 7.563753 2.319760 -3.050985
v 7.394353 2.319760 -3.096376
v 7.803321 2.319760 -3.629353
v 7.803321 2.319760 -3.150217
v 7.902554 2.319760 -3.389785
v 7.891009 2.319760 -3.477473
v 7.857163 2.319760 -3.220385
v 7.891009 2.319760 -3.302097
v 7.857163 2.319760 -3.559185
v 7.224953 2.319760 -3.389785
v 7.733154 2.319760 -3.096376
v 7.733154 2.319760 -3.683195
v 7.563753 2.145344 -3.728585
v 7.733154 2.145344 -3.683195
v 7.651442 2.145344 -3.717041
v 7.891009 2.145344 -3.477473
v 7.857163 2.145344 -3.559185
v 7.902554 2.145344 -3.389785
v 7.803321 2.145344 -3.629353
v 7.394353 2.145344 -3.096376
v 7.563753 2.145344 -3.050985
v 7.476065 2.145344 -3.062529
v 7.733154 2.145344 -3.096376
v 7.651442 2.145344 -3.062529
v 7.857163 2.145344 -3.220385
v 7.803321 2.145344 -3.150217
v 7.224953 2.145344 -3.389785
v 7.236498 2.145344 -3.302097
v 7.236498 2.145344 -3.477473
v 7.394353 2.145344 -3.683194
v 7.324186 2.145344 -3.629353
v 7.270344 2.145344 -3.220385
v 7.270344 2.145344 -3.559185
v 7.324186 2.145344 -3.150217
v 7.891009 2.145344 -3.302097
v 7.476065 2.145344 -3.717041
v 7.673363 2.145344 -2.875905
v 7.673363 2.319760 -2.875905
v 7.563753 2.145344 -2.875905
v 7.563753 2.319760 -2.875905
v 7.454144 2.145344 -2.875905
v 7.454144 2.319760 -2.875905
v 7.833534 0.570282 -2.713363
v 7.906739 0.643487 -2.713363
v 7.933534 0.743487 -2.713363
v 7.906739 0.843488 -2.713363
v 7.533534 0.743487 -2.713363
v 7.560329 0.843488 -2.713363
v 7.633534 0.916692 -2.713363
v 7.560329 0.643487 -2.713363
v 7.633534 0.570282 -2.713363
v 7.833534 0.916692 -2.713363
v 7.777699 0.555321 -2.713363
v 7.733534 0.943488 -2.713363
v 7.733534 0.543487 -2.713363
v 7.906739 0.643487 -2.521363
v 7.560329 0.843488 -2.521363
v 7.733534 0.943488 -2.521363
v 7.633534 0.916692 -2.521363
v 7.733534 0.543487 -2.521363
v 7.833534 0.570282 -2.521363
v 7.749371 0.547730 -2.521363
v 7.933534 0.743487 -2.521363
v 7.533534 0.743487 -2.521363
v 7.833534 0.916692 -2.521363
v 7.560329 0.643487 -2.521363
v 7.633534 0.570282 -2.521363
v 7.649370 0.566039 -2.521363
v 7.906739 0.843488 -2.521363
v 7.533505 2.263751 -2.521363
v 7.533505 2.263751 -2.713363
v 6.834020 0.743484 -3.913428
v 6.851304 0.567997 -3.913428
v 6.902492 0.399253 -3.913428
v 6.985615 0.243740 -3.913428
v 7.097482 0.107430 -3.913428
v 7.233792 -0.004436 -3.913428
v 7.389306 -0.087560 -3.913428
v 7.558049 -0.138749 -3.913428
v 7.733536 -0.156033 -3.913428
v 7.909023 -0.138749 -3.913428
v 8.077766 -0.087560 -3.913428
v 8.233280 -0.004436 -3.913428
v 8.369589 0.107430 -3.913428
v 8.481457 0.243740 -3.913428
v 8.564581 0.399253 -3.913428
v 8.615768 0.567997 -3.913428
v 8.633052 0.743484 -3.913428
v 8.615768 0.918971 -3.913428
v 8.564581 1.087713 -3.913428
v 8.481457 1.243228 -3.913428
v 8.369589 1.379538 -3.913428
v 8.233280 1.491404 -3.913428
v 8.077766 1.574528 -3.913428
v 7.909023 1.625715 -3.913428
v 7.733536 1.643001 -3.913428
v 7.558049 1.625715 -3.913428
v 7.389306 1.574528 -3.913428
v 7.233792 1.491405 -3.913428
v 7.097482 1.379538 -3.913428
v 6.985616 1.243228 -3.913428
v 6.902492 1.087713 -3.913428
v 6.851304 0.918971 -3.913428
v 6.834020 0.743484 -2.873428
v 6.851304 0.567997 -2.873428
v 6.902492 0.399253 -2.873428
v 6.985615 0.243740 -2.873428
v 7.097482 0.107430 -2.873428
v 7.233792 -0.004436 -2.873428
v 7.389306 -0.087560 -2.873428
v 7.558049 -0.138749 -2.873428
v 7.733536 -0.156033 -2.873428
v 7.909023 -0.138749 -2.873428
v 8.077766 -0.087560 -2.873428
v 8.233280 -0.004436 -2.873428
v 8.369589 0.107430 -2.873428
v 8.481457 0.243740 -2.873428
v 8.564581 0.399253 -2.873428
v 8.615768 0.567997 -2.873428
v 8.633052 0.743484 -2.873428
v 8.615768 0.918971 -2.873428
v 8.564581 1.087713 -2.873428
v 8.481457 1.243228 -2.873428
v 8.369589 1.379538 -2.873428
v 8.233280 1.491404 -2.873428
v 8.077766 1.574528 -2.873428
v 7.909023 1.625715 -2.873428
v 7.733536 1.642999 -2.873428
v 7.558049 1.625715 -2.873428
v 7.389306 1.574528 -2.873428
v 7.233792 1.491405 -2.873428
v 7.097482 1.379538 -2.873428
v 6.985615 1.243228 -2.873428
v 6.902492 1.087713 -2.873428
v 6.851304 0.918971 -2.873428
v 6.729290 0.542341 -2.873428
v 6.709696 0.741277 -2.873428
v 6.787317 0.351050 -2.873428
v 6.881548 0.174756 -2.873428
v 7.008362 0.020232 -2.873428
v 7.162885 -0.106581 -2.873428
v 7.339180 -0.200813 -2.873428
v 7.530470 -0.258840 -2.873428
v 7.729406 -0.278433 -2.873428
v 7.928341 -0.258840 -2.873428
v 8.119631 -0.200813 -2.873428
v 8.295926 -0.106581 -2.873428
v 8.450449 0.020232 -2.873428
v 8.577263 0.174757 -2.873428
v 8.671494 0.351050 -2.873428
v 8.729522 0.542341 -2.873428
v 8.749115 0.741277 -2.873428
v 8.729522 0.940212 -2.873428
v 8.671494 1.131502 -2.873428
v 8.577263 1.307796 -2.873428
v 8.450450 1.462320 -2.873428
v 8.295926 1.589134 -2.873428
v 8.119631 1.683366 -2.873428
v 7.928341 1.741393 -2.873428
v 7.729406 1.760986 -2.873428
v 7.530470 1.741393 -2.873428
v 7.339180 1.683366 -2.873428
v 7.162885 1.589134 -2.873428
v 7.008363 1.462320 -2.873428
v 6.881548 1.307796 -2.873428
v 6.787317 1.131502 -2.873428
v 6.729290 0.940212 -2.873428
v 6.704984 0.743484 -3.913428
v 6.724747 0.542824 -3.913428
v 6.783278 0.349874 -3.913428
v 6.878326 0.172051 -3.913428
v 7.006240 0.016189 -3.913428
v 7.162103 -0.111727 -3.913428
v 7.339926 -0.206774 -3.913428
v 7.532875 -0.265305 -3.913428
v 7.733536 -0.285068 -3.913428
v 7.934196 -0.265305 -3.913428
v 8.127145 -0.206775 -3.913428
v 8.304968 -0.111727 -3.913428
v 8.460831 0.016186 -3.913428
v 8.588745 0.172051 -3.913428
v 8.683794 0.349874 -3.913428
v 8.742324 0.542824 -3.913428
v 8.762087 0.743484 -3.913428
v 8.742324 0.944144 -3.913428
v 8.683794 1.137094 -3.913428
v 8.588745 1.314917 -3.913428
v 8.460831 1.470779 -3.913428
v 8.304968 1.598694 -3.913428
v 8.127145 1.693742 -3.913428
v 7.934196 1.752273 -3.913428
v 7.733536 1.772036 -3.913428
v 7.532875 1.752273 -3.913428
v 7.339926 1.693742 -3.913428
v 7.162103 1.598694 -3.913428
v 7.006240 1.470779 -3.913428
v 6.878327 1.314917 -3.913428
v 6.783278 1.137094 -3.913428
v 6.724747 0.944144 -3.913428
v 7.733536 0.839957 -3.853426
v 7.781772 0.827032 -3.853426
v 7.817084 0.791719 -3.853426
v 7.830009 0.743484 -3.853426
v 7.817084 0.695248 -3.853426
v 7.781772 0.659936 -3.853426
v 7.733536 0.647012 -3.853426
v 7.685300 0.659936 -3.853426
v 7.649989 0.695248 -3.853426
v 7.637064 0.743484 -3.853426
v 7.649989 0.791719 -3.853426
v 7.685300 0.827032 -3.853426
v 7.733536 0.943483 -3.730093
v 7.733536 0.943483 -3.576759
v 7.833536 0.916688 -3.576760
v 7.833536 0.916688 -3.730093
v 7.906741 0.843483 -3.576760
v 7.906741 0.843483 -3.730093
v 7.933537 0.743484 -3.576760
v 7.933537 0.743484 -3.730093
v 7.906741 0.643484 -3.576760
v 7.906741 0.643484 -3.730093
v 7.833536 0.570279 -3.576760
v 7.833536 0.570279 -3.730093
v 7.733536 0.543483 -3.576760
v 7.733536 0.543483 -3.730093
v 7.633536 0.570279 -3.576760
v 7.633536 0.570279 -3.730093
v 7.560331 0.643484 -3.576760
v 7.560331 0.643484 -3.730093
v 7.533536 0.743484 -3.576760
v 7.533536 0.743484 -3.730093
v 7.560331 0.843483 -3.576760
v 7.560331 0.843483 -3.730093
v 7.633536 0.916688 -3.576760
v 7.633536 0.916688 -3.730093
v 7.914709 1.619632 -3.230093
v 7.914709 1.619632 -2.976759
v 8.014709 1.592836 -2.976759
v 8.014709 1.592836 -3.230093
v 8.582890 1.024657 -2.976759
v 8.582890 1.024657 -3.230093
v 8.609684 0.924657 -2.976759
v 8.609684 0.924657 -3.230093
v 8.401716 0.148509 -2.976760
v 8.401716 0.148509 -3.230093
v 8.328511 0.075304 -2.976760
v 8.328511 0.075304 -3.230093
v 7.552363 -0.132664 -2.976760
v 7.552363 -0.132664 -3.230093
v 7.452363 -0.105870 -2.976760
v 7.452363 -0.105870 -3.230093
v 6.884183 0.462311 -2.976759
v 6.884183 0.462311 -3.230093
v 6.857388 0.562310 -2.976759
v 6.857388 0.562310 -3.230093
v 7.065356 1.338459 -2.976759
v 7.065356 1.338459 -3.230093
v 7.138561 1.411664 -2.976759
v 7.138561 1.411664 -3.230093
v 7.733536 0.943483 -3.853426
v 7.833536 0.916688 -3.853426
v 7.906741 0.843483 -3.853426
v 7.933537 0.743484 -3.853426
v 7.906741 0.643484 -3.853426
v 7.833536 0.570279 -3.853426
v 7.733536 0.543483 -3.853426
v 7.633536 0.570279 -3.853426
v 7.560331 0.643484 -3.853426
v 7.533536 0.743484 -3.853426
v 7.560331 0.843483 -3.853426
v 7.633536 0.916688 -3.853426
v 7.733536 0.839957 -3.753426
v 7.781772 0.827032 -3.753426
v 7.817084 0.791719 -3.753426
v 7.830009 0.743484 -3.753426
v 7.817084 0.695248 -3.753426
v 7.781772 0.659936 -3.753426
v 7.733536 0.647012 -3.753426
v 7.685300 0.659936 -3.753426
v 7.649989 0.695248 -3.753426
v 7.637064 0.743484 -3.753426
v 7.649989 0.791719 -3.753426
v 7.685300 0.827032 -3.753426
v 7.511252 1.845283 -3.202761
v 7.512135 1.849272 -3.584095
v 7.300224 1.781269 -3.202761
v 7.300498 1.785073 -3.584095
v 6.795375 1.366949 -3.202761
v 6.794194 1.369560 -3.584095
v 6.691422 1.172465 -3.202761
v 6.689940 1.174515 -3.584095
v 6.935273 1.537416 -3.202761
v 6.934495 1.540518 -3.584095
v 7.105741 1.677315 -3.202761
v 7.105453 1.680820 -3.584095
v 7.730714 1.866898 -3.202761
v 7.732228 1.870950 -3.584095
v 8.161203 1.781269 -3.202761
v 8.163959 1.785073 -3.584095
v 7.950175 1.845283 -3.202761
v 7.952322 1.849272 -3.584095
v 8.526155 1.537416 -3.202762
v 8.529962 1.540518 -3.584095
v 8.355687 1.677315 -3.202761
v 8.359003 1.680820 -3.584095
v 8.770007 1.172465 -3.202762
v 8.774517 1.174515 -3.584095
v 8.666052 1.366949 -3.202761
v 8.670262 1.369560 -3.584095
v 8.855636 0.741976 -3.202761
v 8.860393 0.742785 -3.584095
v 8.834022 0.961437 -3.202761
v 8.838716 0.962878 -3.584095
v 8.770007 0.311486 -3.202762
v 8.774516 0.311054 -3.584095
v 8.834022 0.522513 -3.202761
v 8.838716 0.522691 -3.584095
v 8.526155 -0.053464 -3.202761
v 8.529960 -0.054950 -3.584095
v 8.666052 0.117002 -3.202761
v 8.670263 0.116009 -3.584095
v 8.161203 -0.297318 -3.202761
v 8.163959 -0.299505 -3.584095
v 8.355687 -0.193363 -3.202761
v 8.359003 -0.195251 -3.584095
v 7.730714 -0.382947 -3.202761
v 7.732228 -0.385380 -3.584095
v 7.950175 -0.361332 -3.202761
v 7.952322 -0.363703 -3.584095
v 7.300224 -0.297318 -3.202761
v 7.300498 -0.299505 -3.584095
v 7.511252 -0.361332 -3.202761
v 7.512135 -0.363703 -3.584095
v 6.935273 -0.053464 -3.202761
v 6.934495 -0.054950 -3.584095
v 7.105741 -0.193363 -3.202761
v 7.105453 -0.195250 -3.584095
v 6.691422 0.311486 -3.202761
v 6.689940 0.311054 -3.584095
v 6.795375 0.117002 -3.202761
v 6.794193 0.116009 -3.584095
v 6.627406 0.961437 -3.202761
v 6.625741 0.962878 -3.584095
v 6.605791 0.741976 -3.202761
v 6.604063 0.742785 -3.584095
v 6.627406 0.522513 -3.202761
v 6.625741 0.522691 -3.584095
v 7.733536 0.943483 -3.138982
v 7.733536 0.943483 -3.041204
v 7.833536 0.916688 -3.041204
v 7.833536 0.916688 -3.138982
v 7.906741 0.843483 -3.041204
v 7.906741 0.843483 -3.138982
v 7.933537 0.743484 -3.041204
v 7.933537 0.743484 -3.138982
v 7.906741 0.643484 -3.041204
v 7.906741 0.643484 -3.138982
v 7.833536 0.570279 -3.041204
v 7.833536 0.570279 -3.138982
v 7.733536 0.543483 -3.041204
v 7.733536 0.543483 -3.138982
v 7.633536 0.570279 -3.041204
v 7.633536 0.570279 -3.138982
v 7.560331 0.643484 -3.041204
v 7.560331 0.643484 -3.138982
v 7.533536 0.743484 -3.041204
v 7.533536 0.743484 -3.138982
v 7.560331 0.843483 -3.041204
v 7.560331 0.843483 -3.138982
v 7.633536 0.916688 -3.041204
v 7.633536 0.916688 -3.138982
v 8.328511 1.411664 -3.041204
v 8.328511 1.411664 -3.138982
v 8.401716 1.338459 -3.041204
v 8.401716 1.338459 -3.138982
v 8.014710 -0.105870 -3.041204
v 8.014710 -0.105870 -3.138982
v 7.914710 -0.132664 -3.041204
v 7.914710 -0.132664 -3.138982
v 6.857388 0.924657 -3.041204
v 6.857388 0.924657 -3.138982
v 6.884183 1.024657 -3.041204
v 6.884183 1.024657 -3.138982
v 6.744830 1.149013 -2.878628
v 6.684192 0.949113 -2.878628
v 6.975823 1.494718 -2.878628
v 6.843302 1.333240 -2.878628
v 7.321527 1.725709 -2.878628
v 7.137300 1.627238 -2.878628
v 7.729313 1.806823 -2.878628
v 7.521425 1.786347 -2.878628
v 8.137099 1.725709 -2.878628
v 7.937201 1.786347 -2.878628
v 8.482803 1.494716 -2.878628
v 8.321327 1.627238 -2.878628
v 8.713795 1.149013 -2.878628
v 8.615324 1.333240 -2.878628
v 8.794909 0.741227 -2.878628
v 8.774434 0.949113 -2.878628
v 8.713795 0.333441 -2.878628
v 8.774434 0.533340 -2.878628
v 8.482803 -0.012264 -2.878628
v 8.615324 0.149214 -2.878628
v 8.137099 -0.243256 -2.878628
v 8.321326 -0.144784 -2.878628
v 7.729313 -0.324369 -2.878628
v 7.937201 -0.303895 -2.878628
v 7.321527 -0.243256 -2.878628
v 7.521425 -0.303895 -2.878628
v 6.975823 -0.012264 -2.878628
v 7.137300 -0.144784 -2.878628
v 6.744830 0.333441 -2.878628
v 6.843302 0.149214 -2.878628
v 6.663717 0.741227 -2.878628
v 6.684192 0.533340 -2.878628
v 6.679446 0.533844 -3.908228
v 6.658793 0.743534 -3.908228
v 6.839936 0.146387 -3.908228
v 6.740610 0.332211 -3.908228
v 7.136482 -0.150159 -3.908228
v 6.973605 -0.016490 -3.908228
v 7.523939 -0.310649 -3.908228
v 7.322308 -0.249485 -3.908228
v 7.943319 -0.310649 -3.908228
v 7.733629 -0.331303 -3.908228
v 8.330776 -0.150162 -3.908228
v 8.144951 -0.249485 -3.908228
v 8.627323 0.146387 -3.908229
v 8.493653 -0.016490 -3.908228
v 8.787812 0.533844 -3.908228
v 8.726648 0.332211 -3.908229
v 8.787812 0.953223 -3.908228
v 8.808465 0.743534 -3.908229
v 8.627322 1.340681 -3.908228
v 8.726648 1.154855 -3.908229
v 8.330776 1.637227 -3.908228
v 8.493653 1.503557 -3.908229
v 7.943319 1.797717 -3.908228
v 8.144951 1.736552 -3.908228
v 7.523939 1.797717 -3.908228
v 7.733629 1.818369 -3.908228
v 7.136482 1.637228 -3.908228
v 7.322308 1.736552 -3.908229
v 6.839936 1.340681 -3.908228
v 6.973605 1.503557 -3.908228
v 6.679446 0.953223 -3.908228
v 6.740610 1.154855 -3.908228
v 7.490200 1.959960 -3.582189
v 7.257401 1.889342 -3.582189
v 6.700466 1.432277 -3.582188
v 6.585787 1.217729 -3.582188
v 6.854798 1.620332 -3.582189
v 7.042852 1.774663 -3.582188
v 7.732305 1.983807 -3.582188
v 8.207205 1.889342 -3.582189
v 7.974407 1.959960 -3.582189
v 8.609810 1.620332 -3.582189
v 8.421757 1.774662 -3.582188
v 8.878821 1.217729 -3.582189
v 8.764142 1.432277 -3.582188
v 8.973283 0.742826 -3.582189
v 8.949440 0.984929 -3.582189
v 8.878820 0.267922 -3.582189
v 8.949440 0.500721 -3.582189
v 8.609810 -0.134681 -3.582189
v 8.764142 0.053373 -3.582189
v 8.207205 -0.403693 -3.582188
v 8.421755 -0.289012 -3.582188
v 7.732305 -0.498156 -3.582188
v 7.974407 -0.474310 -3.582188
v 7.257401 -0.403693 -3.582188
v 7.490200 -0.474310 -3.582188
v 6.854798 -0.134681 -3.582188
v 7.042852 -0.289012 -3.582188
v 6.585787 0.267922 -3.582188
v 6.700466 0.053373 -3.582188
v 6.515168 0.984929 -3.582188
v 6.491323 0.742826 -3.582188
v 6.515168 0.500721 -3.582188
v 7.489230 1.955573 -3.204668
v 7.257100 1.885156 -3.204668
v 6.701766 1.429405 -3.204668
v 6.587416 1.215472 -3.204668
v 6.855654 1.616920 -3.204668
v 7.043167 1.770808 -3.204668
v 7.730639 1.979350 -3.204668
v 8.204177 1.885156 -3.204668
v 7.972046 1.955573 -3.204668
v 8.605622 1.616920 -3.204668
v 8.418109 1.770808 -3.204668
v 8.873860 1.215472 -3.204668
v 8.759511 1.429405 -3.204668
v 8.968053 0.741935 -3.204668
v 8.944276 0.983343 -3.204668
v 8.873860 0.268396 -3.204668
v 8.944276 0.500527 -3.204668
v 8.605622 -0.133049 -3.204668
v 8.759511 0.054464 -3.204668
v 8.204176 -0.401288 -3.204668
v 8.418109 -0.286937 -3.204668
v 7.730639 -0.495480 -3.204668
v 7.972046 -0.471704 -3.204668
v 7.257100 -0.401288 -3.204668
v 7.489230 -0.471704 -3.204668
v 6.855654 -0.133049 -3.204668
v 7.043167 -0.286937 -3.204668
v 6.587416 0.268396 -3.204668
v 6.701766 0.054464 -3.204668
v 6.517000 0.983343 -3.204668
v 6.493223 0.741935 -3.204668
v 6.517000 0.500527 -3.204668
v 7.864059 1.430603 -3.549444
v 7.836829 1.328979 -3.688012
v 7.811416 1.234137 -3.772173
v 7.772755 1.089851 -3.795034
v 7.936830 1.302185 -3.688012
v 7.964059 1.403807 -3.549444
v 7.872755 1.063056 -3.795035
v 7.911416 1.207341 -3.772173
v 8.079905 0.782702 -3.795035
v 8.224188 0.821363 -3.772173
v 8.319031 0.846776 -3.688012
v 8.420655 0.874007 -3.549444
v 8.197394 0.921363 -3.772173
v 8.053109 0.882702 -3.795035
v 8.393860 0.974007 -3.549444
v 8.292236 0.946776 -3.688012
v 7.526387 1.023838 -3.795035
v 7.420764 1.129462 -3.772173
v 7.351335 1.198890 -3.688012
v 7.276940 1.273284 -3.549444
v 7.347558 1.056257 -3.772173
v 7.453182 0.950633 -3.795035
v 7.203735 1.200079 -3.549444
v 7.278130 1.125685 -3.688012
v 7.269678 0.565603 -3.772173
v 7.413964 0.604264 -3.795035
v 7.073212 0.512960 -3.549444
v 7.174836 0.540190 -3.688012
v 7.148041 0.640191 -3.688012
v 7.046417 0.612960 -3.549444
v 7.387169 0.704265 -3.795035
v 7.242883 0.665604 -3.772173
v 7.594317 0.423912 -3.795035
v 7.555656 0.279625 -3.772173
v 7.530243 0.184783 -3.688012
v 7.503013 0.083159 -3.549444
v 7.655656 0.252831 -3.772173
v 7.694317 0.397117 -3.795035
v 7.603013 0.056365 -3.549444
v 7.630243 0.157989 -3.688012
v 8.119514 0.430712 -3.772173
v 8.013890 0.536335 -3.795035
v 8.263337 0.286888 -3.549444
v 8.188944 0.361281 -3.688012
v 8.115739 0.288076 -3.688012
v 8.190132 0.213683 -3.549444
v 7.940685 0.463130 -3.795035
v 8.046309 0.357505 -3.772173
v 7.733536 0.943483 -2.520759
v 7.833536 0.916688 -2.520759
v 7.906741 0.843483 -2.520759
v 7.933537 0.743484 -2.520759
v 7.906741 0.643484 -2.520759
v 7.833536 0.570279 -2.520760
v 7.733536 0.543483 -2.520760
v 7.633536 0.570279 -2.520760
v 7.560331 0.643484 -2.520759
v 7.533536 0.743484 -2.520759
v 7.560331 0.843483 -2.520759
v 7.633536 0.916688 -2.520759
v 7.863536 0.968650 -2.239180
v 7.733536 1.003484 -2.239180
v 7.733536 1.003484 -2.520713
v 7.958703 0.873484 -2.239180
v 7.993536 0.743484 -2.239180
v 7.958703 0.613483 -2.239180
v 7.863536 0.518317 -2.239180
v 7.733536 0.483484 -2.239180
v 7.603536 0.518317 -2.239180
v 7.508370 0.613483 -2.239180
v 7.473536 0.743484 -2.239180
v 7.508370 0.873484 -2.239180
v 7.603536 0.968650 -2.239180
v 7.863536 0.968650 -2.520713
v 7.958703 0.873484 -2.520713
v 7.993536 0.743484 -2.520713
v 7.958703 0.613483 -2.520713
v 7.863536 0.518317 -2.520714
v 7.733536 0.483484 -2.520714
v 7.603536 0.518317 -2.520714
v 7.508370 0.613483 -2.520713
v 7.473536 0.743484 -2.520713
v 7.508370 0.873484 -2.520713
v 7.603536 0.968650 -2.520713
v 8.102456 1.634135 -3.913428
v 7.921610 1.688994 -3.913428
v 7.921610 -0.202026 -3.913428
v 8.102456 -0.147167 -3.913428
v 7.733536 1.707517 -3.913428
v 8.269125 -0.058082 -3.913428
v 7.545462 1.688994 -3.913428
v 8.415209 0.061809 -3.913428
v 7.364616 1.634135 -3.913428
v 8.535101 0.207896 -3.913428
v 7.197948 1.545048 -3.913428
v 8.624187 0.374563 -3.913428
v 6.769502 0.743484 -3.913428
v 6.788026 0.555410 -3.913428
v 7.051861 1.425159 -3.913428
v 8.679046 0.555410 -3.913428
v 6.842885 0.374565 -3.913428
v 6.931972 1.279073 -3.913428
v 8.697569 0.743484 -3.913428
v 6.931972 0.207896 -3.913428
v 6.842885 1.112403 -3.913428
v 8.679046 0.931558 -3.913428
v 7.051861 0.061809 -3.913428
v 6.788026 0.931558 -3.913428
v 8.624187 1.112403 -3.913428
v 7.197948 -0.058082 -3.913428
v 8.535101 1.279073 -3.913428
v 7.364616 -0.147167 -3.913428
v 8.415209 1.425159 -3.913428
v 7.545462 -0.202026 -3.913428
v 8.269125 1.545048 -3.913428
v 7.733536 -0.220551 -3.913428
v 6.790298 0.555170 -2.873428
v 6.844904 0.375153 -2.873428
v 6.933582 0.209248 -2.873428
v 7.052922 0.063831 -2.873428
v 7.198339 -0.055509 -2.873428
v 7.364244 -0.144186 -2.873428
v 7.544260 -0.198793 -2.873428
v 7.731471 -0.217232 -2.873428
v 7.918682 -0.198793 -2.873428
v 8.098698 -0.144186 -2.873428
v 8.264603 -0.055509 -2.873428
v 8.410020 0.063831 -2.873428
v 8.529359 0.209248 -2.873428
v 8.618038 0.375153 -2.873428
v 8.672646 0.555170 -2.873428
v 8.691084 0.742381 -2.873428
v 8.672646 0.929592 -2.873428
v 8.618038 1.109607 -2.873428
v 8.529359 1.275512 -2.873428
v 8.410020 1.420928 -2.873428
v 8.264603 1.540268 -2.873428
v 8.098700 1.628947 -2.873428
v 7.918682 1.683554 -2.873428
v 7.731471 1.701993 -2.873428
v 7.544260 1.683554 -2.873428
v 7.364244 1.628947 -2.873428
v 7.198339 1.540270 -2.873428
v 7.052922 1.420928 -2.873428
v 6.933582 1.275512 -2.873428
v 6.844904 1.109608 -2.873428
v 6.790298 0.929592 -2.873428
v 6.771858 0.742381 -2.873428
v 7.763538 1.055450 -3.626438
v 7.819031 1.262553 -3.593623
v 7.829215 1.300561 -3.559895
v 7.868300 1.446430 -3.360998
v 7.919031 1.235759 -3.593623
v 7.863538 1.028656 -3.626438
v 7.968300 1.419636 -3.360998
v 7.929215 1.273767 -3.559895
v 8.436483 0.878247 -3.360998
v 8.290614 0.839162 -3.559895
v 8.252606 0.828979 -3.593623
v 8.045502 0.773486 -3.626438
v 8.018708 0.873485 -3.626438
v 8.225811 0.928978 -3.593623
v 8.263819 0.939162 -3.559895
v 8.409688 0.978248 -3.360998
v 7.265354 1.284872 -3.360998
v 7.372137 1.178088 -3.559895
v 7.399961 1.150265 -3.593623
v 7.551571 0.998653 -3.626438
v 7.298932 1.104883 -3.559895
v 7.192149 1.211667 -3.360998
v 7.478366 0.925448 -3.626438
v 7.326756 1.077059 -3.593623
v 7.214466 0.657990 -3.593623
v 7.421570 0.713482 -3.626438
v 7.030590 0.608719 -3.360998
v 7.176458 0.647804 -3.559895
v 7.203253 0.547804 -3.559895
v 7.057385 0.508719 -3.360998
v 7.448365 0.613482 -3.626438
v 7.241261 0.557990 -3.593623
v 7.498772 0.067333 -3.360998
v 7.537857 0.213201 -3.559896
v 7.548042 0.251209 -3.593624
v 7.603535 0.458313 -3.626438
v 7.637857 0.186406 -3.559896
v 7.598772 0.040537 -3.360998
v 7.703535 0.431518 -3.626438
v 7.648041 0.224413 -3.593624
v 7.988707 0.561519 -3.626438
v 8.140317 0.409909 -3.593623
v 8.168140 0.382084 -3.559895
v 8.274924 0.275301 -3.360998
v 8.067112 0.336704 -3.593624
v 7.915501 0.488314 -3.626438
v 8.201719 0.202096 -3.360998
v 8.094935 0.308879 -3.559896
vn -0.0000 -0.0000 -1.0000
vn -0.0000 -1.0000 -0.0000
vn 0.9239 -0.0000 -0.3827
vn 0.3827 -0.0000 -0.9239
vn -0.3827 -0.0000 -0.9239
vn -0.9239 -0.0000 -0.3827
vn 1.0000 -0.0000 -0.0000
vn -0.0000 1.0000 -0.0000
vn -0.0000 -0.0000 1.0000
vn -1.0000 -0.0000 -0.0000
vn -0.4804 0.1605 0.8622
vn -0.2029 0.1582 0.9663
vn -0.4016 0.1140 0.9087
vn 0.1716 -0.7487 -0.6404
vn -0.0000 -0.7487 -0.6629
vn -0.0000 -0.7487 0.6629
vn -0.1716 -0.7487 0.6403
vn -0.6629 -0.7487 -0.0000
vn -0.6403 -0.7487 0.1716
vn -0.1716 -0.7487 -0.6403
vn -0.3315 -0.7487 -0.5741
vn 0.6404 -0.7487 -0.1716
vn 0.6629 -0.7487 -0.0000
vn 0.3315 -0.7487 0.5741
vn 0.1716 -0.7487 0.6403
vn -0.5741 -0.7487 0.3315
vn -0.4688 -0.7487 0.4688
vn -0.4688 -0.7487 -0.4688
vn -0.5741 -0.7487 -0.3315
vn 0.5741 -0.7487 -0.3315
vn 0.4688 -0.7487 -0.4688
vn 0.4688 -0.7487 0.4688
vn 0.5741 -0.7487 0.3315
vn -0.3315 -0.7487 0.5741
vn -0.6403 -0.7487 -0.1716
vn -0.1716 -0.7487 -0.6404
vn 0.3315 -0.7487 -0.5741
vn 0.1716 -0.7487 -0.6403
vn 0.6403 -0.7487 0.1716
vn -0.2588 -0.0000 -0.9659
vn -0.1305 -0.0000 -0.9914
vn -0.0438 -0.0000 -0.9990
vn -0.2588 -0.0000 0.9659
vn -0.1761 -0.0000 0.9844
vn -0.3723 -0.0000 0.9281
vn 0.1305 -0.0000 0.9914
vn 0.2588 -0.0000 0.9659
vn 0.8489 0.1979 0.4901
vn 0.6931 0.1979 0.6931
vn -0.2537 0.1979 -0.9468
vn -0.0000 0.1979 -0.9802
vn 0.4901 0.1979 -0.8489
vn 0.2537 0.1979 -0.9468
vn -1.0000 0.0099 -0.0000
vn 0.4901 0.1979 0.8489
vn 0.6931 0.1979 -0.6931
vn 0.2537 0.1979 0.9468
vn 0.8489 0.1979 -0.4901
vn -0.0000 0.1979 0.9802
vn 0.9468 0.1979 -0.2537
vn -0.2537 0.1979 0.9468
vn 0.9802 0.1979 -0.0000
vn -0.4804 0.1605 -0.8622
vn -0.2030 0.1582 -0.9663
vn -0.4069 0.1858 -0.8944
vn -0.4901 0.1979 0.8489
vn 0.9468 0.1979 0.2537
vn -0.4901 0.1979 -0.8489
vn -0.4069 0.1858 0.8944
vn 0.1246 0.9896 0.0720
vn 0.1239 0.9897 -0.0715
vn 0.1886 0.9764 -0.1056
vn 0.2588 -0.0000 -0.9659
vn 0.1305 -0.0000 -0.9914
vn 0.2177 -0.0000 -0.9760
vn -0.0438 -0.0000 0.9990
vn 0.1767 -0.0000 0.9843
vn 0.2176 -0.0000 0.9760
vn -0.3722 -0.0000 -0.9282
vn 0.9998 -0.0000 0.0201
vn -0.3082 -0.9513 -0.0000
vn -0.3082 -0.9513 0.0075
vn -0.3107 -0.9505 0.0104
vn 0.3352 0.9421 -0.0000
vn 0.3391 0.9406 0.0157
vn 0.3391 0.9406 -0.0157
vn 0.3382 0.9409 -0.0206
vn 0.3352 0.9421 -0.0046
vn -0.3082 -0.9513 -0.0075
vn 0.3298 0.9440 -0.0076
vn -0.3150 -0.9326 0.1763
vn -0.3298 -0.9440 0.0071
vn -0.3302 -0.9439 -0.0000
vn -0.1762 -0.0000 -0.9844
vn 0.1897 0.9761 0.1062
vn 0.3317 0.9434 0.0071
vn 0.3321 0.9433 -0.0000
vn -0.3167 -0.9318 -0.1772
vn -0.3317 -0.9434 -0.0076
vn -0.3161 -0.9310 -0.1825
vn 0.1767 -0.0000 -0.9843
vn -0.3107 -0.9505 -0.0104
vn 0.3382 0.9409 0.0206
vn 0.3459 0.9375 0.0384
vn -0.3111 -0.9501 0.0214
vn -0.3183 -0.9472 0.0377
vn 0.9998 -0.0000 -0.0201
vn -0.3111 -0.9502 -0.0214
vn -0.9998 -0.0000 0.0201
vn -0.9998 -0.0000 -0.0201
vn -0.0000 0.9995 -0.0329
vn -0.1919 0.9810 -0.0284
vn -0.0000 0.9995 0.0329
vn -0.1919 0.9810 0.0284
vn -0.1983 0.9797 0.0282
vn -0.0000 -0.9999 0.0140
vn -0.1923 -0.9813 0.0099
vn -0.0000 -0.9999 -0.0140
vn -0.1923 -0.9813 -0.0099
vn -0.1978 -0.9802 -0.0098
vn -0.9802 -0.1972 0.0169
vn -0.9816 0.1906 0.0135
vn -0.9811 -0.1929 0.0170
vn -0.9816 0.1906 -0.0135
vn -0.9802 -0.1972 -0.0169
vn -0.9811 -0.1929 -0.0170
vn -0.3827 0.9236 0.0227
vn -0.9239 0.3826 -0.0060
vn -0.9798 0.1994 -0.0131
vn -0.9238 -0.3827 -0.0132
vn -0.3827 -0.9239 0.0053
vn -0.1978 -0.9802 0.0098
vn -0.9798 0.1994 0.0131
vn -0.9239 0.3826 0.0060
vn -0.3827 0.9236 -0.0227
vn -0.1983 0.9797 -0.0282
vn -0.3826 -0.9239 -0.0053
vn -0.3827 -0.9239 -0.0053
vn -0.9238 -0.3827 0.0132
vn -0.4016 0.1140 -0.9087
vn -0.1305 -0.0000 0.9914
vn 0.3352 0.9421 0.0046
vn 0.3459 0.9375 -0.0384
vn 0.1760 -0.0000 0.9844
vn 0.1890 0.9763 -0.1053
vn 0.3302 0.9439 -0.0000
vn 0.3298 0.9440 -0.0071
vn -0.3144 -0.9318 0.1815
vn -0.3168 -0.9319 -0.1768
vn -0.3321 -0.9433 -0.0000
vn -0.3317 -0.9434 -0.0071
vn -0.1756 -0.0000 0.9845
vn -0.3183 -0.9472 -0.0377
vn -0.0000 0.9239 0.3827
vn -0.0000 0.3827 0.9239
vn -0.0000 -0.9239 0.3827
vn -0.0000 -0.3827 0.9239
vn -0.0000 -0.3827 -0.9239
vn -0.0000 -0.9239 -0.3827
vn -0.0000 0.9239 -0.3827
vn -0.0000 0.3827 -0.9239
vn -0.1345 -0.3653 -0.9211
vn -0.1353 -0.3678 -0.9200
vn -0.1353 -0.3679 -0.9200
vn -0.3199 -0.8696 -0.3762
vn -0.3202 -0.8706 -0.3736
vn -0.3202 -0.8706 -0.3735
vn -0.3202 -0.8706 0.3736
vn -0.3199 -0.8696 0.3762
vn -0.3202 -0.8706 0.3735
vn -0.1353 -0.3678 0.9200
vn -0.1345 -0.3653 0.9211
vn -0.1353 -0.3679 0.9200
vn 0.1354 0.3678 0.9200
vn 0.1346 0.3653 0.9211
vn 0.3207 0.8704 0.3736
vn 0.3204 0.8694 0.3762
vn 0.3207 0.8704 0.3735
vn 0.3204 0.8694 -0.3762
vn 0.3207 0.8704 -0.3736
vn 0.3207 0.8704 -0.3735
vn 0.1346 0.3653 -0.9211
vn 0.1354 0.3678 -0.9200
vn -1.0000 -0.0000 0.0065
vn 0.9287 -0.3707 -0.0061
vn -0.7071 -0.0000 -0.7071
vn -0.7071 -0.0000 0.7071
vn 0.7071 -0.0000 0.7071
vn 0.7071 -0.0000 -0.7071
vn -0.9239 -0.3827 -0.0000
vn -0.3827 -0.9239 -0.0000
vn -0.9239 0.3827 -0.0000
vn -0.3827 0.9239 -0.0000
vn -0.1345 -0.3652 -0.9211
vn -0.3199 -0.8695 -0.3762
vn -0.3199 -0.8695 0.3762
vn 0.1345 0.3652 0.9211
vn 0.1345 0.3652 -0.9211
vn 0.5000 -0.0000 -0.8660
vn 0.8660 -0.0000 -0.5000
vn 0.9659 -0.0000 -0.2588
vn 0.9659 -0.0000 0.2588
vn 0.8660 -0.0000 0.5000
vn 0.5000 -0.0000 0.8660
vn 0.3827 -0.0000 0.9239
vn -0.3827 -0.0000 0.9239
vn -0.5000 -0.0000 0.8660
vn -0.8660 -0.0000 0.5000
vn -0.9659 -0.0000 0.2588
vn -0.9659 -0.0000 -0.2588
vn -0.8660 -0.0000 -0.5000
vn -0.5000 -0.0000 -0.8660
vn -0.0000 1.0000 0.0039
vn 0.0001 0.9998 0.0223
vn -0.0000 0.9997 -0.0238
vn 0.0005 -1.0000 -0.0000
vn -0.0005 -1.0000 -0.0057
vn -0.1951 -0.9808 -0.0000
vn 0.1951 -0.9808 -0.0000
vn 0.3827 -0.9239 -0.0000
vn 0.5556 -0.8315 -0.0000
vn -0.5556 -0.8315 -0.0000
vn 0.7071 -0.7071 -0.0000
vn -0.7071 -0.7071 -0.0000
vn -0.8315 -0.5556 -0.0000
vn 0.8315 -0.5556 -0.0000
vn 0.9239 -0.3827 -0.0000
vn -0.9808 -0.1951 -0.0000
vn 0.9808 -0.1951 -0.0000
vn 0.9808 0.1951 -0.0000
vn -0.9808 0.1951 -0.0000
vn 0.9239 0.3827 -0.0000
vn -0.8315 0.5556 -0.0000
vn 0.8315 0.5556 -0.0000
vn -0.7071 0.7071 -0.0000
vn 0.7071 0.7071 -0.0000
vn 0.5556 0.8315 -0.0000
vn -0.5556 0.8315 -0.0000
vn 0.3827 0.9239 -0.0000
vn 0.1951 0.9808 -0.0000
vn -0.1951 0.9808 -0.0000
vn 0.0007 -0.0004 -1.0000
vn 0.0008 -0.0000 -1.0000
vn -0.0007 0.0004 -1.0000
vn -0.0004 0.0007 -1.0000
vn 0.0004 0.0007 -1.0000
vn -0.0000 0.0008 -1.0000
vn -0.0004 -0.0007 -1.0000
vn -0.0007 -0.0004 -1.0000
vn 0.0004 -0.0007 -1.0000
vn 0.0007 0.0004 -1.0000
vn -0.0008 -0.0000 -1.0000
vn -0.0000 -0.0008 -1.0000
vn -0.4210 0.9071 -0.0000
vn -0.0890 0.9960 -0.0000
vn -0.9960 0.0890 -0.0000
vn -0.9071 0.4210 -0.0000
vn -0.5751 -0.8181 -0.0000
vn -0.8181 -0.5751 -0.0000
vn -0.3805 -0.1020 0.9191
vn -0.1219 -0.0327 0.9920
vn 0.4210 -0.9071 -0.0000
vn 0.0890 -0.9960 -0.0000
vn 0.9960 -0.0890 -0.0000
vn 0.9071 -0.4210 -0.0000
vn 0.5751 0.8181 -0.0000
vn 0.8181 0.5751 -0.0000
vn -0.6806 0.6806 -0.2714
vn -0.9659 -0.2588 -0.0000
vn -0.9297 -0.2491 -0.2714
vn -0.2588 -0.9659 -0.0000
vn -0.2491 -0.9297 -0.2714
vn 0.6806 -0.6806 -0.2714
vn 0.9659 0.2588 -0.0000
vn 0.9297 0.2491 -0.2714
vn 0.2491 0.9297 -0.2714
vn 0.2588 0.9659 -0.0000
vn 0.5838 -0.5838 -0.5643
vn -0.7974 -0.2137 -0.5643
vn -0.2785 0.2785 0.9191
vn -0.0892 0.0892 0.9920
vn -0.2588 0.9659 -0.0000
vn -0.1020 -0.3805 0.9191
vn -0.0327 -0.1219 0.9920
vn 0.3805 0.1020 0.9191
vn 0.1219 0.0327 0.9920
vn -0.2785 0.2785 -0.9191
vn -0.0892 0.0892 -0.9920
vn 0.3805 0.1020 -0.9191
vn 0.1219 0.0327 -0.9920
vn -0.9659 0.2588 -0.0000
vn -0.8270 -0.2216 0.5167
vn -0.8753 -0.2345 0.4229
vn -0.2216 -0.8270 0.5167
vn -0.2345 -0.8753 0.4229
vn -0.1020 -0.3805 -0.9191
vn -0.0327 -0.1219 -0.9920
vn 0.1080 0.4029 -0.9089
vn 0.1883 0.7029 -0.6859
vn 0.2588 -0.9659 -0.0000
vn 0.6054 -0.6054 0.5167
vn 0.6408 -0.6408 0.4229
vn -0.4029 -0.1080 0.9089
vn -0.7029 -0.1884 0.6859
vn 0.7974 0.2137 -0.5643
vn -0.3805 -0.1020 -0.9191
vn -0.1219 -0.0327 -0.9920
vn 0.4029 0.1079 -0.9089
vn 0.7029 0.1884 -0.6859
vn 0.2949 -0.2949 0.9089
vn 0.5146 -0.5146 0.6859
vn -0.5838 0.5838 -0.5643
vn 0.2785 -0.2785 -0.9191
vn 0.0892 -0.0892 -0.9920
vn -0.2949 0.2949 -0.9089
vn -0.5146 0.5146 -0.6859
vn 0.4029 0.1080 0.9089
vn 0.7029 0.1884 0.6859
vn -0.4029 -0.1080 -0.9089
vn -0.7029 -0.1884 -0.6859
vn -0.4029 -0.1079 -0.9089
vn 0.8270 0.2216 0.5167
vn 0.8753 0.2345 0.4229
vn 0.2216 0.8270 0.5167
vn 0.2345 0.8753 0.4229
vn 0.9659 -0.2588 -0.0000
vn 0.1080 0.4029 0.9089
vn 0.1884 0.7029 0.6859
vn -0.2137 -0.7974 -0.5643
vn 0.1020 0.3805 -0.9191
vn 0.0327 0.1219 -0.9920
vn -0.1080 -0.4029 -0.9089
vn -0.1884 -0.7029 -0.6859
vn 0.2949 -0.2949 -0.9089
vn 0.5146 -0.5146 -0.6859
vn -0.6054 0.6054 0.5167
vn -0.6408 0.6408 0.4229
vn 0.2785 -0.2785 0.9191
vn 0.0892 -0.0892 0.9920
vn -0.2949 0.2949 0.9089
vn -0.5146 0.5146 0.6859
vn -0.5000 0.8660 -0.0000
vn -0.8181 0.5751 -0.0000
vn -0.9960 -0.0890 -0.0000
vn -0.8660 -0.5000 -0.0000
vn -0.5000 -0.8660 -0.0000
vn -0.0890 -0.9960 -0.0000
vn 0.5751 -0.8181 -0.0000
vn 0.8660 -0.5000 -0.0000
vn 0.9071 0.4210 -0.0000
vn 0.4210 0.9071 -0.0000
vn 0.2137 0.7974 -0.5643
vn -0.8660 0.5000 -0.0000
vn 0.5000 -0.8660 -0.0000
vn 0.8660 0.5000 -0.0000
vn 0.5000 0.8660 -0.0000
vn -0.1884 -0.7029 0.6859
vn 0.1020 0.3805 0.9191
vn 0.0327 0.1219 0.9920
vn -0.1080 -0.4029 0.9089
vn 0.5860 0.1714 0.7920
vn 0.3346 -0.4632 0.8207
vn 0.1436 -0.9279 0.3442
vn 0.1436 -0.9278 -0.3442
vn 0.3346 -0.4632 -0.8207
vn -0.9309 0.3651 0.0030
vn -0.9305 0.3663 -0.0000
vn -0.9321 0.3622 -0.0043
vn -0.9310 0.3651 -0.0030
vn -0.9332 0.3592 -0.0031
vn -0.9337 0.3581 -0.0000
vn -0.9321 0.3622 0.0043
vn -0.9332 0.3593 0.0031
vn -0.9310 0.3651 0.0030
vn -0.9309 0.3651 -0.0030
vn -0.9332 0.3593 -0.0031
vn -0.9332 0.3592 0.0031
vn -0.2382 -0.3139 -0.9191
vn -0.2389 -0.3113 -0.9198
vn -0.2422 -0.3003 -0.9226
vn -0.5885 -0.7215 -0.3648
vn -0.5903 -0.7174 -0.3699
vn -0.5924 -0.7127 -0.3757
vn -0.5903 -0.7174 0.3700
vn -0.5885 -0.7215 0.3648
vn -0.5924 -0.7127 0.3757
vn -0.2389 -0.3113 0.9198
vn -0.2382 -0.3139 0.9191
vn -0.2422 -0.3002 0.9226
vn 0.1945 0.3296 0.9239
vn 0.2043 0.3172 0.9261
vn 0.2160 0.3021 0.9285
vn 0.3158 0.8647 0.3906
vn 0.3775 0.8279 0.4149
vn 0.4071 0.8080 0.4260
vn 0.3775 0.8279 -0.4149
vn 0.3154 0.8649 -0.3905
vn 0.4071 0.8080 -0.4260
vn 0.2043 0.3172 -0.9261
vn 0.1945 0.3296 -0.9239
vn 0.2160 0.3022 -0.9285
vn 0.1529 0.3594 -0.9206
vn 0.3629 0.8531 -0.3749
vn 0.3629 0.8531 0.3749
vn 0.1529 0.3594 0.9206
vn -0.1529 -0.3594 0.9206
vn -0.3629 -0.8531 0.3749
vn -0.3629 -0.8531 -0.3749
vn -0.1529 -0.3594 -0.9206
vn 0.7449 0.5873 0.3165
vn 0.7449 0.5873 -0.3165
vn 0.5860 0.1714 -0.7920
vn 0.1436 -0.9278 0.3442
vn 0.1436 -0.9279 -0.3442
vn -0.2341 -0.3274 -0.9154
vn -0.5862 -0.7266 -0.3583
vn -0.5903 -0.7174 0.3699
vn -0.5862 -0.7266 0.3583
vn -0.2341 -0.3274 0.9154
vn 0.1770 0.3514 0.9193
vn 0.3154 0.8649 0.3905
vn 0.2724 0.8870 0.3727
vn 0.3772 0.8281 0.4147
vn 0.2724 0.8870 -0.3727
vn 0.1770 0.3514 -0.9193
vn -0.8947 0.4467 -0.0000
vn -0.8066 0.5911 -0.0000
vn -0.6696 -0.7427 -0.0000
vn -0.5122 -0.8589 -0.0000
vn 0.6894 -0.7244 -0.0000
vn 0.5505 -0.8348 -0.0000
vn -0.0001 -1.0000 -0.0000
vn -0.2182 -0.9759 -0.0000
vn -0.9572 0.2895 -0.0000
vn -0.9566 -0.2913 -0.0000
vn -0.8691 -0.4946 -0.0000
vn -0.5225 0.8526 -0.0000
vn 0.2334 0.9724 -0.0000
vn 0.8526 0.5225 -0.0000
vn 0.9724 -0.2334 -0.0000
vn 0.9724 -0.2335 -0.0000
vn 0.5225 -0.8526 -0.0000
vn -0.2334 -0.9724 -0.0000
vn -0.8526 -0.5225 -0.0000
vn -0.9724 0.2334 -0.0000
vn -0.5901 -0.8073 -0.0000
vn -0.6669 -0.7452 -0.0000
vn 0.8065 -0.5913 -0.0000
vn 0.6694 0.7429 -0.0000
vn 0.5919 0.8060 -0.0000
vn 0.5901 0.8073 -0.0000
vn -0.8964 0.4433 -0.0000
vn -0.8063 0.5915 -0.0000
vn -0.8672 -0.4979 -0.0000
vn -0.9552 -0.2959 -0.0000
vn -0.9594 0.2819 -0.0000
vn 0.8683 0.4960 -0.0000
vn 0.6695 0.7429 -0.0000
vn 0.9557 0.2942 -0.0000
vn 0.9594 -0.2822 -0.0000
vn 0.8963 -0.4435 -0.0000
vn -0.0047 1.0000 -0.0000
vn -0.0392 0.0119 0.9992
vn -0.0407 -0.0040 0.9992
vn -0.0391 0.0119 0.9992
vn -0.0317 0.0260 0.9992
vn -0.0316 0.0259 0.9992
vn -0.0193 0.0362 0.9992
vn -0.0193 0.0361 0.9992
vn -0.0040 0.0408 0.9992
vn 0.0119 0.0393 0.9992
vn 0.0261 0.0318 0.9992
vn 0.0260 0.0317 0.9992
vn 0.0362 0.0194 0.9992
vn 0.0409 0.0040 0.9992
vn 0.0393 -0.0119 0.9992
vn 0.0317 -0.0260 0.9992
vn 0.0193 -0.0361 0.9992
vn 0.0193 -0.0362 0.9992
vn 0.0040 -0.0407 0.9992
vn 0.0040 -0.0408 0.9992
vn -0.0119 -0.0391 0.9992
vn -0.0119 -0.0392 0.9992
vn -0.0259 -0.0316 0.9992
vn -0.0360 -0.0193 0.9992
vn 0.0118 0.0388 -0.9992
vn 0.0191 -0.0358 -0.9992
vn 0.0040 -0.0405 -0.9992
vn 0.0192 -0.0359 -0.9992
vn -0.0040 0.0404 -0.9992
vn 0.0313 -0.0257 -0.9992
vn 0.0314 -0.0258 -0.9992
vn -0.0192 0.0359 -0.9992
vn 0.0388 -0.0118 -0.9992
vn -0.0405 -0.0040 -0.9992
vn -0.0191 0.0358 -0.9992
vn -0.0315 0.0258 -0.9992
vn -0.0359 -0.0192 -0.9992
vn -0.0314 0.0258 -0.9992
vn 0.0403 0.0040 -0.9992
vn -0.0390 0.0118 -0.9992
vn 0.0404 0.0040 -0.9992
vn -0.0258 -0.0315 -0.9992
vn -0.0389 0.0118 -0.9992
vn 0.0357 0.0191 -0.9992
vn -0.0118 -0.0389 -0.9992
vn -0.0118 -0.0390 -0.9992
vn 0.0257 0.0313 -0.9992
vn 0.0040 -0.0404 -0.9992
vn -0.2874 0.9476 -0.1397
vn -0.2780 0.9165 -0.2875
vn -0.2875 0.9477 -0.1389
vn -0.8729 0.4666 -0.1429
vn -0.8439 0.4511 -0.2904
vn -0.8730 0.4666 -0.1422
vn 0.3832 0.9236 0.0039
vn 0.3822 0.9241 0.0037
vn 0.3820 0.9241 0.0037
vn -0.6280 0.7652 -0.1414
vn -0.6073 0.7400 -0.2890
vn -0.6281 0.7653 -0.1406
vn -0.1945 -0.9809 -0.0031
vn -0.1934 -0.9811 -0.0034
vn -0.1947 -0.9809 -0.0030
vn 0.3808 0.9246 0.0042
vn 0.3806 0.9247 0.0042
vn 0.0719 0.0876 0.9936
vn 0.5556 -0.8314 0.0005
vn 0.5555 -0.8315 0.0005
vn -0.1075 0.0326 -0.9937
vn 0.7658 0.6285 -0.1360
vn 0.7411 0.6082 -0.2844
vn 0.7658 0.6285 -0.1359
vn 0.4670 0.8736 -0.1368
vn 0.4519 0.8454 -0.2849
vn 0.4670 0.8737 -0.1364
vn 0.0971 0.9856 -0.1381
vn 0.0939 0.9536 -0.2860
vn 0.0971 0.9857 -0.1374
vn -0.5561 -0.8311 -0.0044
vn -0.5551 -0.8318 -0.0042
vn -0.5562 -0.8310 -0.0044
vn 0.5553 -0.8316 0.0005
vn 0.9539 -0.0940 -0.2849
vn 0.9858 -0.0971 -0.1368
vn 0.9859 -0.0971 -0.1364
vn 0.9174 0.2783 -0.2844
vn 0.9480 0.2876 -0.1360
vn 0.9481 0.2876 -0.1359
vn -0.5549 -0.8319 -0.0043
vn -0.5536 -0.8327 -0.0047
vn 0.0329 0.1084 0.9936
vn 0.6076 -0.7404 -0.2875
vn 0.6282 -0.7654 -0.1397
vn 0.6282 -0.7655 -0.1389
vn 0.8451 -0.4517 -0.2860
vn 0.8735 -0.4669 -0.1381
vn 0.8736 -0.4669 -0.1374
vn -0.3826 0.9239 0.0005
vn -0.3827 0.9239 0.0005
vn -0.3828 0.9238 0.0005
vn -0.0868 0.0712 -0.9937
vn 0.9242 0.3820 0.0050
vn 0.9236 0.3833 0.0048
vn 0.9235 0.3835 0.0048
vn -0.3829 0.9238 0.0005
vn -0.7393 -0.6067 -0.2921
vn -0.7649 -0.6277 -0.1444
vn -0.7649 -0.6278 -0.1443
vn -0.4509 -0.8436 -0.2915
vn -0.4665 -0.8727 -0.1439
vn -0.4665 -0.8728 -0.1435
vn -0.0938 -0.9523 -0.2904
vn -0.0970 -0.9850 -0.1429
vn -0.0970 -0.9851 -0.1422
vn 0.2779 -0.9161 -0.2890
vn 0.2874 -0.9473 -0.1414
vn 0.2874 -0.9474 -0.1406
vn -0.9848 0.0970 -0.1439
vn -0.9520 0.0938 -0.2915
vn -0.9849 0.0970 -0.1435
vn 0.9229 0.3851 0.0054
vn 0.9228 0.3854 0.0054
vn -0.9469 -0.2872 -0.1444
vn -0.9152 -0.2776 -0.2921
vn -0.9469 -0.2872 -0.1443
vn -0.0111 0.1127 0.9936
vn 0.8317 -0.5553 0.0024
vn 0.8313 -0.5558 0.0023
vn 0.8317 -0.5552 0.0024
vn -0.0529 0.0989 -0.9937
vn -0.9131 -0.2770 0.2992
vn -0.9458 -0.2869 0.1519
vn -0.9459 -0.2869 0.1518
vn -0.9809 -0.1944 -0.0048
vn -0.9807 -0.1957 -0.0046
vn -0.9809 -0.1943 -0.0048
vn 0.8312 -0.5559 0.0023
vn 0.8308 -0.5566 0.0025
vn -0.9494 0.0935 0.2997
vn -0.9835 0.0969 0.1527
vn -0.9836 0.0969 0.1523
vn 0.2868 -0.9453 0.1556
vn 0.2767 -0.9122 0.3022
vn 0.2868 -0.9454 0.1548
vn -0.0968 -0.9833 0.1540
vn -0.0935 -0.9491 0.3008
vn -0.0969 -0.9834 0.1533
vn -0.4659 -0.8716 0.1527
vn -0.4497 -0.8414 0.2997
vn -0.4659 -0.8716 0.1523
vn -0.7640 -0.6270 0.1519
vn -0.7376 -0.6053 0.2992
vn -0.7641 -0.6270 0.1518
vn -0.9806 -0.1960 -0.0046
vn -0.9803 -0.1976 -0.0052
vn -0.0533 0.0998 0.9936
vn -0.7073 0.7069 -0.0014
vn -0.7070 0.7072 -0.0014
vn -0.7069 0.7073 -0.0014
vn -0.0110 0.1115 -0.9937
vn 0.1949 -0.9808 -0.0014
vn 0.1944 -0.9809 -0.0015
vn 0.1943 -0.9809 -0.0016
vn -0.7066 0.7076 -0.0016
vn -0.7065 0.7077 -0.0016
vn 0.0004 1.0000 0.0024
vn 0.0012 1.0000 0.0025
vn -0.0874 0.0717 0.9936
vn 0.8707 -0.4654 0.1587
vn 0.8399 -0.4489 0.3052
vn 0.8708 -0.4655 0.1580
vn 0.6265 -0.7634 0.1573
vn 0.6044 -0.7365 0.3037
vn 0.6266 -0.7635 0.1564
vn 0.9809 -0.1945 0.0039
vn 0.9807 -0.1956 0.0037
vn 0.9809 -0.1944 0.0039
vn 0.0325 0.1072 -0.9937
vn -0.1956 -0.9807 -0.0032
vn -0.1967 -0.9805 -0.0034
vn -0.1969 -0.9804 -0.0034
vn 0.9806 -0.1958 0.0037
vn 0.9804 -0.1971 0.0042
vn 0.9446 0.2865 0.1603
vn 0.9108 0.2763 0.3068
vn 0.9446 0.2865 0.1601
vn 0.9824 -0.0968 0.1598
vn 0.9474 -0.0933 0.3062
vn 0.9825 -0.0968 0.1593
vn 0.5558 -0.8313 0.0005
vn -0.1081 0.0328 0.9936
vn -0.9241 0.3822 -0.0032
vn -0.9237 0.3831 -0.0030
vn -0.9237 0.3832 -0.0031
vn 0.0710 0.0865 -0.9937
vn 0.0933 0.9477 0.3052
vn 0.0968 0.9826 0.1587
vn 0.0968 0.9827 0.1580
vn 0.4488 0.8396 0.3062
vn 0.4653 0.8706 0.1598
vn 0.4487 0.8396 0.3062
vn 0.4654 0.8707 0.1593
vn 0.7357 0.6038 0.3068
vn 0.7630 0.6262 0.1603
vn 0.7630 0.6262 0.1601
vn -0.3825 0.9240 0.0005
vn -0.9232 0.3842 -0.0034
vn -0.9232 0.3844 -0.0034
vn 0.8321 -0.5546 0.0025
vn 0.8322 -0.5544 0.0025
vn 0.9806 0.1958 0.0048
vn 0.9809 0.1945 0.0046
vn 0.9806 0.1959 0.0048
vn 0.0987 0.0528 -0.9937
vn -0.7076 0.7066 -0.0015
vn -0.7073 0.7069 -0.0015
vn 0.9809 0.1942 0.0046
vn 0.9813 0.1926 0.0051
vn 0.9812 -0.1931 0.0041
vn 0.9812 -0.1929 0.0042
vn -1.0000 -0.0007 -0.0044
vn -1.0000 0.0006 -0.0042
vn -1.0000 0.0008 -0.0043
vn 0.1114 0.0110 -0.9937
vn -0.6047 0.7369 0.3022
vn -0.6267 0.7636 0.1556
vn -0.6267 0.7637 0.1548
vn -0.9245 0.3812 -0.0034
vn -1.0000 0.0023 -0.0047
vn -1.0000 0.0026 -0.0048
vn -0.8411 0.4496 0.3008
vn -0.8714 0.4658 0.1540
vn -0.8715 0.4658 0.1533
vn -0.2766 0.9117 0.3037
vn -0.2867 0.9450 0.1573
vn -0.2867 0.9452 0.1564
vn -0.7529 0.6179 -0.2269
vn -0.6889 0.5654 -0.4535
vn -0.7531 0.6180 -0.2256
vn -0.4593 0.8592 -0.2253
vn -0.4204 0.7866 -0.4523
vn -0.4594 0.8595 -0.2239
vn -0.0955 0.9700 -0.2236
vn -0.0875 0.8882 -0.4510
vn -0.0956 0.9703 -0.2223
vn 0.2830 0.9330 -0.2221
vn 0.2592 0.8546 -0.4500
vn 0.2831 0.9333 -0.2211
vn 0.6187 0.7539 -0.2209
vn 0.5668 0.6906 -0.4493
vn 0.6188 0.7540 -0.2204
vn 0.8602 0.4598 -0.2204
vn 0.7880 0.4212 -0.4490
vn 0.8891 0.0876 -0.4493
vn 0.9706 0.0956 -0.2209
vn 0.9707 0.0956 -0.2204
vn 0.8546 -0.2592 -0.4500
vn 0.9330 -0.2830 -0.2221
vn 0.9333 -0.2831 -0.2211
vn 0.6899 -0.5662 -0.4510
vn 0.7534 -0.6183 -0.2236
vn 0.7537 -0.6185 -0.2223
vn 0.4204 -0.7866 -0.4523
vn 0.4593 -0.8592 -0.2253
vn 0.4594 -0.8595 -0.2239
vn 0.0874 -0.8869 -0.4535
vn 0.0955 -0.9692 -0.2269
vn 0.0955 -0.9695 -0.2256
vn -0.2586 -0.8523 -0.4546
vn -0.2826 -0.9317 -0.2281
vn -0.2827 -0.9319 -0.2271
vn -0.5648 -0.6882 -0.4553
vn -0.6176 -0.7525 -0.2288
vn -0.6176 -0.7526 -0.2282
vn -0.7851 -0.4196 -0.4556
vn -0.8585 -0.4589 -0.2288
vn -0.9688 -0.0954 -0.2288
vn -0.8860 -0.0873 -0.4553
vn -0.9689 -0.0954 -0.2282
vn -0.9317 0.2826 -0.2281
vn -0.8523 0.2586 -0.4546
vn -0.9319 0.2827 -0.2271
vn -0.8486 0.2574 0.4622
vn -0.9295 0.2820 0.2377
vn -0.9297 0.2820 0.2367
vn -0.8829 -0.0870 0.4615
vn -0.9669 -0.0952 0.2366
vn -0.9671 -0.0952 0.2361
vn -0.8570 -0.4581 0.2360
vn -0.7825 -0.4183 0.4612
vn -0.6164 -0.7511 0.2366
vn -0.5628 -0.6858 0.4615
vn -0.6165 -0.7512 0.2361
vn -0.2820 -0.9295 0.2377
vn -0.2574 -0.8486 0.4622
vn -0.2820 -0.9297 0.2367
vn 0.0952 -0.9663 0.2392
vn 0.0869 -0.8820 0.4632
vn 0.0952 -0.9666 0.2380
vn 0.4575 -0.8560 0.2409
vn 0.4175 -0.7810 0.4645
vn 0.4577 -0.8562 0.2395
vn 0.7499 -0.6155 0.2424
vn 0.6841 -0.5614 0.4657
vn 0.7502 -0.6157 0.2412
vn 0.9281 -0.2815 0.2436
vn 0.8463 -0.2567 0.4667
vn 0.9283 -0.2816 0.2427
vn 0.9650 0.0950 0.2443
vn 0.8798 0.0867 0.4674
vn 0.9652 0.0951 0.2438
vn 0.7795 0.4167 0.4676
vn 0.8552 0.4571 0.2444
vn 0.5608 0.6834 0.4674
vn 0.6152 0.7496 0.2443
vn 0.6152 0.7497 0.2438
vn 0.2567 0.8463 0.4667
vn 0.2815 0.9281 0.2436
vn 0.2816 0.9283 0.2427
vn -0.0867 0.8807 0.4657
vn -0.0951 0.9655 0.2424
vn -0.0951 0.9658 0.2412
vn -0.4175 0.7810 0.4645
vn -0.4575 0.8560 0.2409
vn -0.4577 0.8563 0.2395
vn -0.6851 0.5622 0.4632
vn -0.7506 0.6160 0.2392
vn -0.7508 0.6162 0.2380
vn 0.1000 0.0535 0.9935
vn 0.7065 0.7077 0.0046
vn 0.7053 0.7089 0.0051
vn 0.7051 0.7091 0.0052
vn -0.0004 1.0000 0.0023
vn -0.0012 1.0000 0.0025
vn -0.0014 1.0000 0.0026
vn 0.7076 0.7066 0.0048
vn 0.7067 0.7075 0.0046
vn -0.0003 1.0000 0.0023
vn 0.1128 0.0111 0.9936
vn -0.8309 -0.5563 -0.0048
vn -0.8300 -0.5577 -0.0053
vn -0.8311 -0.5561 -0.0048
vn 0.1953 -0.9807 -0.0014
vn 0.1958 -0.9806 -0.0016
vn -0.8319 -0.5549 -0.0050
vn 0.1948 -0.9808 -0.0015
vn 0.1084 -0.0329 0.9936
vn 1.0000 0.0008 0.0043
vn 1.0000 0.0023 0.0048
vn 1.0000 0.0026 0.0048
vn 1.0000 -0.0007 0.0044
vn 1.0000 0.0006 0.0042
vn 0.0875 -0.0718 0.9936
vn 0.9241 -0.3821 0.0031
vn 0.9245 -0.3811 0.0034
vn 0.9246 -0.3810 0.0035
vn 0.9237 -0.3831 0.0032
vn 0.9240 -0.3823 0.0030
vn 0.0533 -0.0998 0.9936
vn -0.9809 0.1944 -0.0037
vn -0.9812 0.1931 -0.0042
vn -0.9809 0.1946 -0.0037
vn -0.9807 0.1957 -0.0039
vn 0.0111 -0.1125 0.9936
vn 0.7073 -0.7069 0.0014
vn 0.7077 -0.7066 0.0016
vn 0.7077 -0.7065 0.0016
vn 0.7069 -0.7073 0.0014
vn 0.7072 -0.7070 0.0014
vn -0.9813 -0.1926 -0.0051
vn -0.9813 -0.1924 -0.0051
vn -0.0328 -0.1081 0.9936
vn -0.8317 0.5552 -0.0023
vn -0.8321 0.5546 -0.0025
vn -0.8316 0.5553 -0.0023
vn 0.9249 0.3803 0.0053
vn 0.9242 0.3819 0.0050
vn -0.8313 0.5559 -0.0024
vn -0.8312 0.5559 -0.0024
vn -0.5575 -0.8302 -0.0047
vn -0.5577 -0.8300 -0.0047
vn -0.0716 -0.0873 0.9936
vn 0.3826 -0.9239 -0.0005
vn 0.3824 -0.9240 -0.0005
vn 0.3845 0.9231 0.0041
vn 0.3833 0.9236 0.0039
vn 0.3828 -0.9238 -0.0005
vn 0.7089 0.7053 0.0051
vn 0.7077 0.7065 0.0048
vn -0.0996 -0.0532 0.9936
vn -0.5556 0.8314 -0.0005
vn -0.5558 0.8313 -0.0005
vn -0.8329 -0.5534 -0.0053
vn -0.8331 -0.5532 -0.0054
vn -0.5555 0.8315 -0.0005
vn 1.0000 -0.0023 0.0047
vn 1.0000 -0.0008 0.0044
vn -0.1124 -0.0111 0.9936
vn -0.0004 -1.0000 -0.0023
vn -0.0012 -1.0000 -0.0025
vn -0.0014 -1.0000 -0.0026
vn 0.9232 -0.3842 0.0034
vn 0.9237 -0.3832 0.0032
vn -0.1119 -0.0110 -0.9937
vn 0.0004 -1.0000 -0.0024
vn -0.0003 -1.0000 -0.0023
vn -0.9804 0.1970 -0.0041
vn -0.9803 0.1973 -0.0041
vn -0.1948 0.9808 0.0014
vn -0.1943 0.9809 0.0016
vn -0.1949 0.9808 0.0014
vn 0.7066 -0.7076 0.0015
vn 0.7069 -0.7073 0.0015
vn -0.0992 -0.0530 -0.9937
vn -0.1953 0.9807 0.0014
vn -0.1953 0.9807 0.0015
vn -0.8308 0.5566 -0.0025
vn -0.8307 0.5567 -0.0025
vn -0.3833 -0.9236 -0.0037
vn -0.3846 -0.9231 -0.0042
vn -0.3848 -0.9230 -0.0042
vn 0.3829 -0.9238 -0.0005
vn -0.0713 -0.0869 -0.9937
vn -0.3821 -0.9241 -0.0039
vn -0.3831 -0.9237 -0.0037
vn -0.5554 0.8316 -0.0005
vn -0.5553 0.8316 -0.0005
vn 0.1957 0.9807 0.0031
vn 0.1967 0.9805 0.0034
vn 0.1955 0.9807 0.0030
vn 0.0012 -1.0000 -0.0025
vn -0.0326 -0.1075 -0.9937
vn 0.1946 0.9809 0.0032
vn -0.1958 0.9806 0.0015
vn -0.1959 0.9806 0.0016
vn -0.7077 -0.7065 -0.0046
vn -0.7089 -0.7053 -0.0052
vn -0.7091 -0.7051 -0.0052
vn -0.3808 -0.9246 -0.0041
vn 0.0110 -0.1117 -0.9937
vn -0.7066 -0.7076 -0.0048
vn -0.7076 -0.7066 -0.0046
vn 0.1935 0.9811 0.0034
vn 0.1933 0.9811 0.0034
vn 0.5562 0.8310 0.0043
vn 0.5575 0.8302 0.0047
vn 0.5560 0.8311 0.0042
vn -0.7053 -0.7089 -0.0051
vn -0.7065 -0.7077 -0.0048
vn 0.0529 -0.0989 -0.9937
vn 0.5550 0.8318 0.0044
vn 0.5549 0.8319 0.0044
vn 0.5537 0.8327 0.0047
vn 0.5534 0.8329 0.0047
vn -0.9242 -0.3818 -0.0048
vn -0.9249 -0.3803 -0.0054
vn -0.9250 -0.3800 -0.0054
vn -0.9236 -0.3834 -0.0050
vn -0.9229 -0.3851 -0.0053
vn 0.0866 -0.0711 -0.9937
vn -0.9241 -0.3821 -0.0048
vn 0.8310 0.5562 0.0050
vn 0.8300 0.5577 0.0053
vn 0.8299 0.5579 0.0053
vn 0.8320 0.5548 0.0048
vn 0.8329 0.5534 0.0054
vn 0.8318 0.5550 0.0048
vn -1.0000 -0.0023 -0.0047
vn -1.0000 -0.0008 -0.0044
vn 0.1072 -0.0325 -0.9937
vn 0.8310 0.5563 0.0050
vn 0.9803 0.1975 0.0051
vn 0.9802 0.1978 0.0052
vn -0.1933 -0.9811 -0.0034
vn -0.5534 -0.8329 -0.0048
vn 0.8307 -0.5567 0.0026
vn -0.9802 -0.1978 -0.0052
vn 0.0014 1.0000 0.0025
vn 0.9803 -0.1973 0.0042
vn -0.3824 0.9240 0.0005
vn -0.7077 0.7065 -0.0016
vn 0.9813 0.1923 0.0052
vn -0.9246 0.3810 -0.0034
vn -0.8523 0.2585 -0.4546
vn -0.8299 -0.5579 -0.0054
vn 0.1959 -0.9806 -0.0016
vn -0.9812 0.1929 -0.0042
vn -0.8322 0.5544 -0.0026
vn 0.9250 0.3800 0.0054
vn 0.3847 0.9230 0.0042
vn 0.7090 0.7051 0.0051
vn 1.0000 -0.0025 0.0047
vn 0.9232 -0.3844 0.0034
vn -0.1942 0.9810 0.0016
vn 0.7065 -0.7077 0.0016
vn 0.1969 0.9804 0.0034
vn 0.0014 -1.0000 -0.0025
vn -0.3806 -0.9247 -0.0042
vn 0.5577 0.8300 0.0048
vn -0.7051 -0.7091 -0.0052
vn -0.9227 -0.3854 -0.0054
vn 0.8331 0.5531 0.0054
vn -1.0000 -0.0025 -0.0047
vt 0.723619 0.653605
vt 0.736877 0.642999
vt 0.736877 0.653605
vt 0.745612 0.716520
vt 0.742506 0.695763
vt 0.753112 0.685157
vt 0.723619 0.685157
vt 0.736877 0.685157
vt 0.744994 0.653605
vt 0.753112 0.653605
vt 0.744994 0.685157
vt 0.715502 0.653605
vt 0.715502 0.685157
vt 0.707385 0.653605
vt 0.800838 0.685157
vt 0.800838 0.653605
vt 0.772599 0.339192
vt 0.775533 0.358797
vt 0.765516 0.368814
vt 0.744994 0.642999
vt 0.710421 0.336258
vt 0.720438 0.368814
vt 0.710421 0.368814
vt 0.715502 0.642999
vt 0.753112 0.642999
vt 0.659658 0.653605
vt 0.707385 0.642999
vt 0.723619 0.642999
vt 0.800838 0.642999
vt 0.659658 0.685157
vt 0.800838 0.719626
vt 0.753112 0.719626
vt 0.742506 0.709020
vt 0.745612 0.688263
vt 0.707385 0.685157
vt 0.720438 0.336258
vt 0.765516 0.336258
vt 0.775533 0.346275
vt 0.772599 0.365880
vt 0.659658 0.642999
vt 0.158491 0.932821
vt 0.236822 0.926542
vt 0.164577 0.949018
vt 0.141144 0.497956
vt 0.170140 0.518034
vt 0.139172 0.518034
vt 0.272475 0.481245
vt 0.260245 0.574143
vt 0.185908 0.517102
vt 0.314867 0.591543
vt 0.282148 0.578375
vt 0.293126 0.569490
vt 0.202555 0.613260
vt 0.228006 0.588844
vt 0.221839 0.619191
vt 0.141144 0.538112
vt 0.175607 0.545607
vt 0.146983 0.557424
vt 0.184794 0.432376
vt 0.214508 0.451376
vt 0.202075 0.458074
vt 0.281333 0.422434
vt 0.282148 0.457693
vt 0.269652 0.451114
vt 0.241907 0.621258
vt 0.256115 0.588977
vt 0.261994 0.619382
vt 0.156467 0.575230
vt 0.191182 0.569006
vt 0.169233 0.590852
vt 0.169233 0.445217
vt 0.182246 0.477997
vt 0.156467 0.460838
vt 0.261994 0.416686
vt 0.242054 0.445777
vt 0.241907 0.414810
vt 0.281333 0.613634
vt 0.299185 0.604235
vt 0.184794 0.603692
vt 0.214508 0.584692
vt 0.171520 0.532089
vt 0.175607 0.490462
vt 0.171520 0.503980
vt 0.202555 0.422808
vt 0.228006 0.447224
vt 0.299184 0.431833
vt 0.293126 0.466578
vt 0.242054 0.590291
vt 0.182246 0.558071
vt 0.191182 0.467062
vt 0.256115 0.447091
vt 0.269652 0.584954
vt 0.202075 0.577995
vt 0.146983 0.478645
vt 0.221839 0.416877
vt 0.355951 0.674789
vt 0.331741 0.729534
vt 0.331741 0.674789
vt 0.292802 0.853465
vt 0.265293 0.845822
vt 0.281298 0.833540
vt 0.272936 0.873331
vt 0.281561 0.862091
vt 0.267514 0.886421
vt 0.253011 0.861828
vt 0.265665 0.900469
vt 0.245291 0.880467
vt 0.245290 0.920471
vt 0.242657 0.900469
vt 0.272936 0.927606
vt 0.267514 0.914516
vt 0.265293 0.955115
vt 0.253011 0.939110
vt 0.281561 0.938847
vt 0.281298 0.967397
vt 0.356133 0.729666
vt 0.380343 0.674921
vt 0.380343 0.729666
vt 0.303026 0.871163
vt 0.283061 0.895406
vt 0.287456 0.870483
vt 0.322059 0.870992
vt 0.305232 0.896374
vt 0.346583 0.881324
vt 0.326898 0.891571
vt 0.331314 0.859962
vt 0.362945 0.866331
vt 0.351179 0.836287
vt 0.341247 0.848124
vt 0.360434 0.825257
vt 0.374868 0.847615
vt 0.382510 0.804279
vt 0.381542 0.826450
vt 0.353925 0.791268
vt 0.357298 0.806484
vt 0.304133 0.674789
vt 0.287130 0.729534
vt 0.287130 0.674789
vt 0.137404 0.836450
vt 0.214768 0.843977
vt 0.138260 0.850593
vt 0.162255 0.712532
vt 0.228028 0.753951
vt 0.156678 0.725557
vt 0.147576 0.752382
vt 0.224503 0.763524
vt 0.221476 0.773266
vt 0.169701 0.961063
vt 0.240512 0.935215
vt 0.215908 0.854115
vt 0.139844 0.864672
vt 0.144077 0.766112
vt 0.218956 0.783151
vt 0.175200 0.973990
vt 0.244471 0.944522
vt 0.217571 0.864180
vt 0.142154 0.878651
vt 0.141291 0.780004
vt 0.216950 0.793154
vt 0.248430 0.953829
vt 0.180699 0.986916
vt 0.219752 0.874145
vt 0.145183 0.892492
vt 0.139226 0.794021
vt 0.215464 0.803246
vt 0.252120 0.962501
vt 0.185823 0.998961
vt 0.148922 0.906158
vt 0.222444 0.883985
vt 0.214500 0.813402
vt 0.137888 0.808126
vt 0.175388 0.687433
vt 0.252120 0.704389
vt 0.241500 0.726502
vt 0.153362 0.919613
vt 0.225641 0.893672
vt 0.214062 0.823594
vt 0.137280 0.822282
vt 0.236539 0.735416
vt 0.168497 0.699813
vt 0.229334 0.903182
vt 0.214152 0.833795
vt 0.232044 0.744574
vt 0.151780 0.738852
vt 0.296054 0.819148
vt 0.237437 0.785305
vt 0.256976 0.751463
vt 0.352529 0.647548
vt 0.331923 0.674921
vt 0.335527 0.647548
vt 0.368952 0.643148
vt 0.356133 0.674921
vt 0.368770 0.761307
vt 0.355951 0.729534
vt 0.379336 0.735800
vt 0.335345 0.756907
vt 0.352347 0.756907
vt 0.287312 0.729666
vt 0.304315 0.674921
vt 0.304315 0.729666
vt 0.270310 0.729666
vt 0.287312 0.674921
vt 0.331923 0.729666
vt 0.270128 0.729534
vt 0.270128 0.674789
vt 0.380161 0.674789
vt 0.304133 0.729534
vt 0.956039 0.781802
vt 0.893884 0.852332
vt 0.932111 0.769751
vt 0.890865 0.898939
vt 0.857526 0.982512
vt 0.833885 0.894386
vt 0.319939 0.846194
vt 0.299937 0.825820
vt 0.319939 0.823187
vt 0.305892 0.848043
vt 0.292802 0.947472
vt 0.305892 0.952894
vt 0.319939 0.954743
vt 0.299937 0.975117
vt 0.319939 0.977751
vt 0.933060 0.769976
vt 0.879378 0.743141
vt 0.935547 0.750207
vt 0.895048 0.851037
vt 0.836230 0.865353
vt 0.838153 0.845521
vt 0.835472 0.874525
vt 0.892452 0.879077
vt 0.937430 0.723339
vt 0.878987 0.736985
vt 0.881155 0.717178
vt 0.876891 0.762910
vt 0.027237 0.272773
vt 0.355043 0.316332
vt 0.012606 0.315985
vt 0.038157 0.252523
vt 0.369674 0.273121
vt 0.023486 0.336257
vt 0.355043 0.336257
vt 0.038551 0.379319
vt 0.370109 0.379319
vt 0.039338 0.273096
vt 0.371101 0.252831
vt 0.371122 0.272756
vt 0.024232 0.316144
vt 0.356037 0.335729
vt 0.013381 0.336432
vt 0.356017 0.315804
vt 0.028138 0.379600
vt 0.370794 0.378897
vt 0.324265 0.104617
vt 0.404101 0.124543
vt 0.324265 0.124542
vt 0.404102 0.106439
vt 0.324265 0.126364
vt 0.324265 0.106439
vt 0.030359 0.208893
vt 0.000348 0.124541
vt 0.030359 0.020265
vt 0.351027 0.029399
vt 0.351594 0.009483
vt 0.030927 0.000348
vt 0.000348 0.104616
vt 0.030359 0.022088
vt 0.351026 0.031221
vt 0.000348 0.106440
vt 0.351594 0.221499
vt 0.030359 0.210717
vt 0.351027 0.201582
vt 0.000348 0.126365
vt 0.835720 0.899164
vt 0.889841 0.897450
vt 0.912984 0.985458
vt 0.589710 0.208842
vt 0.475662 0.169892
vt 0.475662 0.130942
vt 0.833846 0.892038
vt 0.883411 0.716663
vt 0.938656 0.723597
vt 0.938656 0.977793
vt 0.915886 0.891205
vt 0.935261 0.743146
vt 0.876765 0.763676
vt 0.830450 0.847439
vt 0.837807 0.847835
vt 0.826533 0.891137
vt 0.876003 0.715704
vt 0.869336 0.762890
vt 0.873627 0.770455
vt 0.588812 0.132482
vt 0.475302 0.105696
vt 0.589350 0.105696
vt 0.589171 0.104156
vt 0.475123 0.104156
vt 0.589171 0.027512
vt 0.475662 0.000739
vt 0.589710 0.000738
vt 0.588811 0.001021
vt 0.475302 0.027795
vt 0.474763 0.001022
vt 0.440380 0.027718
vt 0.408834 0.001132
vt 0.439841 0.000945
vt 0.458631 0.202443
vt 0.451948 0.155304
vt 0.474764 0.132481
vt 0.459169 0.099011
vt 0.452487 0.050608
vt 0.409194 0.027402
vt 0.440740 0.000816
vt 0.440201 0.027590
vt 0.374265 0.027129
vt 0.391010 0.000424
vt 0.391728 0.027205
vt 0.408476 0.000620
vt 0.457662 0.027580
vt 0.458200 0.000806
vt 0.475123 0.027512
vt 0.408116 0.027914
vt 0.391369 0.001329
vt 0.390650 0.028110
vt 0.373906 0.001405
vt 0.457840 0.027728
vt 0.457302 0.000954
vt 0.475123 0.065834
vt 0.458990 0.034194
vt 0.452308 0.081333
vt 0.458990 0.097471
vt 0.452308 0.050325
vt 0.459529 0.137626
vt 0.452846 0.153764
vt 0.459529 0.202160
vt 0.475662 0.208842
vt 0.452846 0.186029
vt 0.304147 0.812937
vt 0.327305 0.795419
vt 0.327305 0.804844
vt 0.327305 0.785305
vt 0.304147 0.785305
vt 0.327305 0.775191
vt 0.304147 0.757673
vt 0.327305 0.765766
vt 0.189563 0.503461
vt 0.196624 0.491231
vt 0.206610 0.481245
vt 0.218840 0.474184
vt 0.232481 0.470528
vt 0.246604 0.470528
vt 0.260245 0.474183
vt 0.282461 0.491230
vt 0.289522 0.503461
vt 0.293177 0.517102
vt 0.293177 0.531224
vt 0.289522 0.544865
vt 0.282461 0.557095
vt 0.272475 0.567081
vt 0.246604 0.577798
vt 0.232482 0.577798
vt 0.218841 0.574143
vt 0.206610 0.567081
vt 0.196624 0.557095
vt 0.189563 0.544865
vt 0.185908 0.531224
vt 0.314867 0.444525
vt 0.377707 0.782613
vt 0.183637 0.672223
vt 0.266401 0.747559
vt 0.276515 0.746227
vt 0.286629 0.747559
vt 0.296054 0.751463
vt 0.286629 0.823051
vt 0.276515 0.824383
vt 0.266401 0.823051
vt 0.256976 0.819147
vt 0.248883 0.812937
vt 0.242673 0.804844
vt 0.238769 0.795419
vt 0.238769 0.775191
vt 0.242673 0.765766
vt 0.248883 0.757673
vt 0.379518 0.668655
vt 0.270310 0.674921
vt 0.380161 0.729534
vt 0.918428 0.863051
vt 0.914063 0.985413
vt 0.893125 0.870869
vt 0.369714 0.253196
vt 0.028445 0.252831
vt 0.404101 0.104618
vt 0.404102 0.126364
vt 0.351026 0.199760
vt 0.030927 0.230633
vt 0.857431 0.981727
vt 0.855531 0.974503
vt 0.589710 0.130942
vt 0.828132 0.874130
vt 0.828935 0.864453
vt 0.872190 0.742210
vt 0.871778 0.736223
vt 0.840903 0.841148
vt 0.589350 0.027795
vt 0.588811 0.209125
vt 0.474764 0.209125
vt 0.451948 0.186312
vt 0.458631 0.139166
vt 0.452487 0.082873
vt 0.459169 0.034477
vt 0.373547 0.000348
vt 0.373188 0.028186
vt 0.779634 0.944371
vt 0.712017 0.932122
vt 0.779634 0.932122
vt 0.685346 0.978896
vt 0.704618 0.971497
vt 0.712017 0.978896
vt 0.779634 0.920796
vt 0.712017 0.908923
vt 0.779634 0.908923
vt 0.779634 0.991145
vt 0.779634 0.978896
vt 0.779634 0.967570
vt 0.712017 0.955697
vt 0.779634 0.955697
vt 0.779634 0.973233
vt 0.712017 0.973233
vt 0.712017 0.950034
vt 0.712017 0.944371
vt 0.779634 0.950034
vt 0.712017 0.926459
vt 0.712017 0.920796
vt 0.779634 0.926459
vt 0.779634 0.897597
vt 0.712017 0.903260
vt 0.712017 0.897597
vt 0.779634 0.903260
vt 0.685346 0.991145
vt 0.687513 0.973664
vt 0.692745 0.971497
vt 0.709850 0.973664
vt 0.712017 0.991145
vt 0.709850 0.996377
vt 0.704618 0.998544
vt 0.692745 0.998544
vt 0.687513 0.996377
vt 0.712017 0.967570
vt 0.071802 0.403474
vt 0.085879 0.981510
vt 0.072027 0.979730
vt 0.057838 0.403204
vt 0.058079 0.978995
vt 0.044131 0.979741
vt 0.030281 0.981533
vt 0.043874 0.403485
vt 0.016430 0.983325
vt 0.029923 0.404157
vt 0.113680 0.984027
vt 0.127630 0.404792
vt 0.127630 0.983289
vt 0.099703 0.404793
vt 0.099731 0.983290
vt 0.085753 0.404133
vt 0.984733 0.357220
vt 0.961131 0.475824
vt 0.961131 0.357220
vt 0.616959 0.323785
vt 0.553909 0.274002
vt 0.638455 0.290060
vt 0.735649 0.249787
vt 0.703948 0.185710
vt 0.755537 0.218417
vt 0.684060 0.217080
vt 0.668548 0.356492
vt 0.690044 0.322768
vt 0.828763 0.357220
vt 0.808055 0.475824
vt 0.808055 0.357220
vt 0.704386 0.019305
vt 0.725304 0.082156
vt 0.659530 0.105997
vt 0.931778 0.357220
vt 0.911070 0.475824
vt 0.911070 0.357220
vt 0.881717 0.357220
vt 0.881717 0.475824
vt 0.858115 0.475824
vt 0.828762 0.475824
vt 0.778702 0.357220
vt 0.778702 0.475824
vt 0.858116 0.357220
vt 0.997191 0.332046
vt 0.780315 0.302446
vt 0.997191 0.302446
vt 0.780315 0.234672
vt 0.997191 0.137298
vt 0.780315 0.137298
vt 0.780315 0.069524
vt 0.996757 0.332673
vt 0.779881 0.303073
vt 0.996758 0.303073
vt 0.996758 0.167525
vt 0.779881 0.137925
vt 0.996758 0.137925
vt 0.997191 0.166898
vt 0.654309 0.137298
vt 0.749192 0.166898
vt 0.654309 0.166898
vt 0.653875 0.167525
vt 0.748758 0.137925
vt 0.748758 0.167525
vt 0.764320 0.332673
vt 0.748758 0.303073
vt 0.764320 0.303073
vt 0.749192 0.302446
vt 0.764754 0.332046
vt 0.749192 0.332046
vt 0.764754 0.302446
vt 0.780315 0.332046
vt 0.764320 0.167525
vt 0.764320 0.137925
vt 0.779881 0.167525
vt 0.780315 0.166898
vt 0.764754 0.137298
vt 0.764754 0.166898
vt 0.749192 0.137298
vt 0.779881 0.070151
vt 0.779881 0.332673
vt 0.765504 0.173480
vt 0.779881 0.235299
vt 0.779881 0.002377
vt 0.765504 0.008333
vt 0.765504 0.297118
vt 0.759549 0.282741
vt 0.759549 0.187857
vt 0.759549 0.022710
vt 0.759549 0.117593
vt 0.765504 0.131970
vt 0.780315 0.001750
vt 0.765938 0.007705
vt 0.759983 0.022082
vt 0.765938 0.131343
vt 0.759983 0.116966
vt 0.765938 0.172853
vt 0.759983 0.187230
vt 0.765938 0.296490
vt 0.759983 0.282114
vt 0.740296 0.392630
vt 0.710143 0.414319
vt 0.630014 0.416402
vt 0.578425 0.383695
vt 0.610616 0.382179
vt 0.607502 0.367837
vt 0.613886 0.357912
vt 0.628228 0.354798
vt 0.636936 0.360398
vt 0.619324 0.387780
vt 0.640050 0.374741
vt 0.633666 0.384666
vt 0.997191 0.001750
vt 0.653875 0.137925
vt 0.748758 0.332673
vt 0.996758 0.002377
vt 0.015973 0.404828
vt 0.113666 0.405066
vt 0.984733 0.475824
vt 0.546978 0.310493
vt 0.638612 0.085079
vt 0.638612 0.043146
vt 0.662453 0.019305
vt 0.725304 0.040223
vt 0.701463 0.105997
vt 0.931778 0.475824
vt 0.462786 0.548643
vt 0.504803 0.522010
vt 0.504802 0.548643
vt 0.462786 0.522010
vt 0.504802 0.495378
vt 0.462786 0.495378
vt 0.504803 0.468745
vt 0.462786 0.468745
vt 0.504803 0.442112
vt 0.462786 0.442112
vt 0.504803 0.415480
vt 0.462786 0.415480
vt 0.504803 0.388847
vt 0.462786 0.388847
vt 0.504803 0.362214
vt 0.462786 0.362214
vt 0.504803 0.335581
vt 0.462786 0.335581
vt 0.504803 0.308949
vt 0.462786 0.308949
vt 0.504803 0.282316
vt 0.462786 0.282316
vt 0.504803 0.255684
vt 0.752572 0.761246
vt 0.714721 0.764886
vt 0.735466 0.744140
vt 0.756212 0.723395
vt 0.776049 0.743232
vt 0.462786 0.841603
vt 0.504803 0.814970
vt 0.504803 0.841603
vt 0.462786 0.814970
vt 0.504803 0.788337
vt 0.462786 0.788337
vt 0.504803 0.761704
vt 0.462786 0.761705
vt 0.504803 0.735072
vt 0.462786 0.735072
vt 0.504803 0.708439
vt 0.462786 0.708439
vt 0.504803 0.681806
vt 0.462786 0.681806
vt 0.504803 0.655174
vt 0.462786 0.655174
vt 0.504803 0.628541
vt 0.462786 0.628541
vt 0.504803 0.601908
vt 0.874472 0.666967
vt 0.894344 0.657632
vt 0.909258 0.657632
vt 0.874472 0.535011
vt 0.945275 0.544332
vt 0.909258 0.544346
vt 0.462786 0.601908
vt 0.504803 0.575276
vt 0.462786 0.575276
vt 0.929130 0.666439
vt 0.858327 0.657118
vt 0.894344 0.657104
vt 0.874472 0.534483
vt 0.945275 0.543804
vt 0.909258 0.543818
vt 0.827074 0.686744
vt 0.789223 0.690384
vt 0.809968 0.669638
vt 0.809060 0.710221
vt 0.701547 0.817734
vt 0.734558 0.784723
vt 0.830714 0.648893
vt 0.850551 0.668730
vt 0.462786 0.255683
vt 0.923664 0.653771
vt 0.929130 0.666967
vt 0.911122 0.671792
vt 0.892480 0.671792
vt 0.858327 0.657646
vt 0.867022 0.646314
vt 0.879938 0.653771
vt 0.856476 0.635768
vt 0.845144 0.644463
vt 0.835823 0.628318
vt 0.830998 0.610310
vt 0.830998 0.591667
vt 0.835823 0.573660
vt 0.845144 0.557514
vt 0.858327 0.544332
vt 0.892480 0.530185
vt 0.911122 0.530185
vt 0.929130 0.535011
vt 0.958458 0.557514
vt 0.967779 0.573660
vt 0.972604 0.591667
vt 0.972604 0.610310
vt 0.967779 0.628318
vt 0.958458 0.644463
vt 0.945275 0.657646
vt 0.936580 0.646314
vt 0.947126 0.635768
vt 0.849018 0.622852
vt 0.845158 0.608446
vt 0.954584 0.622852
vt 0.845158 0.593532
vt 0.958444 0.608446
vt 0.958444 0.593532
vt 0.849018 0.579126
vt 0.856476 0.566209
vt 0.954584 0.579126
vt 0.867022 0.555663
vt 0.947126 0.566209
vt 0.936580 0.555663
vt 0.879938 0.548206
vt 0.894344 0.544346
vt 0.923664 0.548206
vt 0.909258 0.657104
vt 0.923664 0.653244
vt 0.911122 0.671264
vt 0.892480 0.671264
vt 0.874472 0.666439
vt 0.867022 0.645787
vt 0.879938 0.653244
vt 0.856476 0.635241
vt 0.845144 0.643935
vt 0.835823 0.627790
vt 0.830998 0.609783
vt 0.830998 0.591140
vt 0.835823 0.573132
vt 0.845144 0.556987
vt 0.858327 0.543804
vt 0.892480 0.529658
vt 0.911122 0.529658
vt 0.929130 0.534483
vt 0.958458 0.556987
vt 0.967779 0.573132
vt 0.972604 0.591140
vt 0.972604 0.609783
vt 0.967779 0.627790
vt 0.958458 0.643935
vt 0.945275 0.657118
vt 0.936580 0.645787
vt 0.947127 0.635241
vt 0.849018 0.622324
vt 0.845158 0.607918
vt 0.954584 0.622324
vt 0.845158 0.593004
vt 0.958444 0.607918
vt 0.958444 0.593004
vt 0.849018 0.578598
vt 0.856476 0.565682
vt 0.954584 0.578598
vt 0.867022 0.555136
vt 0.947126 0.565682
vt 0.936580 0.555136
vt 0.879938 0.547679
vt 0.894344 0.543818
vt 0.923664 0.547679
vt 0.681710 0.797897
vt 0.463198 0.188097
vt 0.370971 0.188097
vt 0.463198 0.172459
vt 0.463198 0.203734
vt 0.370971 0.172460
vt 0.370971 0.203734
vt 0.463198 0.156822
vt 0.463198 0.219372
vt 0.370971 0.156822
vt 0.370971 0.219372
vt 0.463198 0.235009
vt 0.370971 0.235009
vt 0.463198 0.141185
vt 0.370971 0.141185
vt 0.463198 0.250647
vt 0.370971 0.250647
vt 0.463198 0.125547
vt 0.370971 0.125547
vt 0.463198 0.109910
vt 0.463198 0.266284
vt 0.370971 0.109910
vt 0.370971 0.266284
vt 0.463198 0.281921
vt 0.463197 0.094272
vt 0.370971 0.094272
vt 0.370971 0.281921
vt 0.463198 0.078635
vt 0.370971 0.297559
vt 0.370971 0.078635
vt 0.463198 0.297559
vt 0.463197 0.062998
vt 0.370971 0.062998
vt 0.463198 0.313196
vt 0.370971 0.313196
vt 0.463198 0.328834
vt 0.463197 0.047360
vt 0.370971 0.047360
vt 0.370971 0.328834
vt 0.463198 0.344471
vt 0.370971 0.344471
vt 0.463197 0.031723
vt 0.370971 0.547757
vt 0.370971 0.532120
vt 0.463197 0.532120
vt 0.463197 0.516482
vt 0.463198 0.360108
vt 0.370971 0.516482
vt 0.370971 0.360108
vt 0.463197 0.500845
vt 0.463198 0.375746
vt 0.370971 0.375746
vt 0.370971 0.500845
vt 0.463198 0.391383
vt 0.463198 0.485208
vt 0.370971 0.391383
vt 0.370971 0.485208
vt 0.463198 0.407021
vt 0.463198 0.469570
vt 0.370971 0.407021
vt 0.370971 0.469570
vt 0.463198 0.422658
vt 0.463198 0.453933
vt 0.370971 0.453933
vt 0.370971 0.422658
vt 0.463198 0.438295
vt 0.370971 0.438295
vt 0.053261 0.802122
vt 0.035664 0.793556
vt 0.055556 0.793556
vt 0.037959 0.859227
vt 0.018438 0.857847
vt 0.024708 0.851577
vt 0.017057 0.823024
vt 0.008492 0.840620
vt 0.008492 0.820729
vt 0.074163 0.838325
vt 0.072783 0.857847
vt 0.066512 0.851576
vt 0.072783 0.803502
vt 0.066512 0.809773
vt 0.017057 0.838325
vt 0.759651 0.236742
vt 0.751085 0.219145
vt 0.759651 0.221440
vt 0.055556 0.867793
vt 0.053261 0.859227
vt 0.074163 0.823024
vt 0.082729 0.820729
vt 0.024708 0.809773
vt 0.037959 0.802122
vt 0.035664 0.867793
vt 0.082729 0.840620
vt 0.915727 0.083729
vt 0.938390 0.068427
vt 0.938390 0.083729
vt 0.915727 0.114331
vt 0.938390 0.099030
vt 0.938390 0.114331
vt 0.915727 0.144934
vt 0.938390 0.129633
vt 0.938390 0.144934
vt 0.385927 0.944544
vt 0.411633 0.913230
vt 0.411633 0.944544
vt 0.915727 0.175537
vt 0.938390 0.160235
vt 0.938390 0.175537
vt 0.915727 0.206139
vt 0.938390 0.190838
vt 0.938390 0.206139
vt 0.915727 0.236742
vt 0.938390 0.221440
vt 0.938390 0.236742
vt 0.392729 0.626002
vt 0.367023 0.587929
vt 0.392729 0.587929
vt 0.392739 0.626370
vt 0.367033 0.588297
vt 0.392739 0.588297
vt 0.392570 0.626370
vt 0.366864 0.588297
vt 0.392570 0.588297
vt 0.392065 0.586984
vt 0.366359 0.625057
vt 0.366358 0.586984
vt 0.392475 0.625222
vt 0.366769 0.587149
vt 0.392475 0.587149
vt 0.098480 0.984914
vt 0.128781 0.934861
vt 0.131181 0.983294
vt 0.324552 0.774464
vt 0.350258 0.659558
vt 0.350258 0.774464
vt 0.325226 0.775777
vt 0.350932 0.660871
vt 0.350932 0.775777
vt 0.411623 0.944176
vt 0.385917 0.912862
vt 0.411623 0.912862
vt 0.367033 0.731655
vt 0.367033 0.626370
vt 0.385758 0.944544
vt 0.411464 0.913230
vt 0.411464 0.944544
vt 0.385663 0.943396
vt 0.411369 0.912082
vt 0.411369 0.943396
vt 0.350258 0.928233
vt 0.324552 0.887298
vt 0.350258 0.887298
vt 0.325226 0.929546
vt 0.350932 0.888611
vt 0.350932 0.929546
vt 0.308861 0.730507
vt 0.324962 0.659723
vt 0.324962 0.774630
vt 0.203015 0.712239
vt 0.172547 0.742163
vt 0.169824 0.687207
vt 0.206741 0.688296
vt 0.167800 0.646359
vt 0.366769 0.730507
vt 0.392475 0.730507
vt 0.089444 0.802547
vt 0.096080 0.936481
vt 0.173330 0.559910
vt 0.134555 0.601420
vt 0.143669 0.554187
vt 0.137123 0.688827
vt 0.135099 0.647979
vt 0.350668 0.659723
vt 0.366769 0.625222
vt 0.375723 0.796911
vt 0.350668 0.774630
vt 0.375723 0.734902
vt 0.299907 0.796911
vt 0.324962 0.817830
vt 0.367023 0.731287
vt 0.392729 0.731287
vt 0.379575 0.815542
vt 0.405282 0.802674
vt 0.405282 0.815542
vt 0.352735 0.927365
vt 0.327029 0.886430
vt 0.352735 0.886430
vt 0.350668 0.849941
vt 0.350668 0.817830
vt 0.309115 0.731287
vt 0.325216 0.660503
vt 0.325216 0.775409
vt 0.282497 0.890651
vt 0.325216 0.850721
vt 0.325216 0.888243
vt 0.393641 0.890651
vt 0.350922 0.850721
vt 0.393641 0.836793
vt 0.375977 0.797691
vt 0.350922 0.775409
vt 0.375977 0.735682
vt 0.405536 0.816322
vt 0.379829 0.803453
vt 0.405536 0.803453
vt 0.350922 0.660503
vt 0.325216 0.929178
vt 0.350922 0.888243
vt 0.350922 0.929178
vt 0.350922 0.818610
vt 0.379839 0.816690
vt 0.405545 0.803821
vt 0.405545 0.816690
vt 0.325226 0.851088
vt 0.350932 0.818978
vt 0.350932 0.851088
vt 0.375987 0.798059
vt 0.375987 0.736050
vt 0.392739 0.731655
vt 0.366864 0.731655
vt 0.392570 0.731655
vt 0.300171 0.798059
vt 0.325226 0.818978
vt 0.308957 0.731655
vt 0.325057 0.660871
vt 0.325057 0.775777
vt 0.300003 0.798059
vt 0.325057 0.818978
vt 0.350764 0.660871
vt 0.366864 0.626370
vt 0.375818 0.798059
vt 0.350764 0.775777
vt 0.375818 0.736050
vt 0.379671 0.816690
vt 0.405377 0.803821
vt 0.405377 0.816690
vt 0.350764 0.929546
vt 0.325057 0.888611
vt 0.350764 0.888611
vt 0.350764 0.851089
vt 0.350764 0.818978
vt 0.308451 0.730342
vt 0.324552 0.659558
vt 0.299497 0.796746
vt 0.324552 0.817665
vt 0.324552 0.849775
vt 0.350258 0.817665
vt 0.350258 0.849775
vt 0.392065 0.730342
vt 0.392065 0.625057
vt 0.385253 0.943231
vt 0.410959 0.911917
vt 0.410959 0.943231
vt 0.404872 0.815377
vt 0.379166 0.802508
vt 0.404872 0.802508
vt 0.851024 0.083729
vt 0.915727 0.068427
vt 0.052560 0.968036
vt 0.067012 0.952734
vt 0.067012 0.968036
vt 0.851024 0.099030
vt 0.915727 0.099030
vt 0.052560 0.983337
vt 0.067012 0.983337
vt 0.851024 0.114331
vt 0.948007 0.533596
vt 0.557964 0.479113
vt 0.948007 0.479114
vt 0.851024 0.129633
vt 0.915727 0.129633
vt 0.021310 0.952709
vt 0.035762 0.937407
vt 0.035762 0.952709
vt 0.851024 0.144934
vt 0.021310 0.968010
vt 0.035762 0.968010
vt 0.851024 0.160235
vt 0.915727 0.160235
vt 0.021310 0.983311
vt 0.035762 0.983311
vt 0.851024 0.175537
vt 0.488059 0.282086
vt 0.520375 0.063579
vt 0.520375 0.282086
vt 0.915727 0.190838
vt 0.051522 0.897372
vt 0.066823 0.882920
vt 0.066823 0.897372
vt 0.851024 0.206139
vt 0.036221 0.897372
vt 0.051522 0.882920
vt 0.851024 0.221440
vt 0.915727 0.221440
vt 0.020919 0.882920
vt 0.020919 0.897372
vt 0.851024 0.236742
vt 0.589753 0.276734
vt 0.620275 0.058228
vt 0.620275 0.276734
vt 0.851024 0.068427
vt 0.915727 0.053126
vt 0.836572 0.068427
vt 0.851024 0.053126
vt 0.526915 0.058228
vt 0.494599 0.027706
vt 0.526916 0.027706
vt 0.557964 0.309259
vt 0.503482 0.366945
vt 0.503482 0.309259
vt 0.488059 0.033057
vt 0.520375 0.033058
vt 0.557437 0.058228
vt 0.589753 0.058228
vt 0.583213 0.282086
vt 0.613735 0.063579
vt 0.613735 0.282086
vt 0.526915 0.276734
vt 0.494599 0.058228
vt 0.948007 0.421428
vt 0.557964 0.421427
vt 0.557437 0.276734
vt 0.557964 0.366945
vt 0.948007 0.366945
vt 0.948007 0.309259
vt 0.550897 0.063579
vt 0.550897 0.282086
vt 0.583213 0.063579
vt 0.209319 0.591439
vt 0.163364 0.604294
vt 0.379575 0.802674
vt 0.393387 0.889871
vt 0.393387 0.836013
vt 0.296055 0.815542
vt 0.324962 0.849941
vt 0.282243 0.889871
vt 0.324962 0.887463
vt 0.379829 0.816322
vt 0.296309 0.816322
vt 0.325216 0.818610
vt 0.300161 0.797691
vt 0.296319 0.816690
vt 0.282507 0.891019
vt 0.325226 0.888611
vt 0.379839 0.803821
vt 0.393651 0.891019
vt 0.393651 0.837161
vt 0.379671 0.803821
vt 0.393483 0.891019
vt 0.393483 0.837161
vt 0.296150 0.816690
vt 0.325057 0.851089
vt 0.282338 0.891019
vt 0.295645 0.815377
vt 0.281833 0.889706
vt 0.139846 0.743783
vt 0.147088 0.889956
vt 0.759651 0.083729
vt 0.836572 0.083729
vt 0.759651 0.099030
vt 0.836572 0.099030
vt 0.759651 0.114331
vt 0.836572 0.114331
vt 0.759651 0.129633
vt 0.836572 0.129633
vt 0.759651 0.144934
vt 0.836572 0.144934
vt 0.759651 0.160235
vt 0.836572 0.160235
vt 0.759651 0.175536
vt 0.836572 0.175537
vt 0.836572 0.190838
vt 0.759651 0.206139
vt 0.836572 0.206139
vt 0.836572 0.221441
vt 0.836572 0.236742
vt 0.759651 0.068427
vt 0.836573 0.053126
vt 0.904258 0.728522
vt 0.918833 0.703896
vt 0.913384 0.731290
vt 0.674265 0.605589
vt 0.686645 0.579788
vt 0.692694 0.587160
vt 0.894285 0.752601
vt 0.902695 0.757096
vt 0.709869 0.564270
vt 0.714364 0.572680
vt 0.879805 0.774271
vt 0.887177 0.780320
vt 0.735674 0.553581
vt 0.738442 0.562707
vt 0.861377 0.792700
vt 0.867426 0.800071
vt 0.764004 0.557622
vt 0.763069 0.548132
vt 0.714364 0.807179
vt 0.735675 0.826278
vt 0.709869 0.815589
vt 0.839707 0.807179
vt 0.844202 0.815589
vt 0.791001 0.548132
vt 0.790067 0.557622
vt 0.692694 0.792700
vt 0.686645 0.800071
vt 0.815628 0.817153
vt 0.818396 0.826278
vt 0.818396 0.553581
vt 0.815628 0.562706
vt 0.666894 0.780321
vt 0.674265 0.774271
vt 0.790066 0.822237
vt 0.791001 0.831727
vt 0.844202 0.564270
vt 0.839706 0.572680
vt 0.651376 0.757096
vt 0.659786 0.752601
vt 0.764004 0.822237
vt 0.763070 0.831727
vt 0.867426 0.579788
vt 0.861377 0.587160
vt 0.640687 0.731291
vt 0.649812 0.728523
vt 0.738443 0.817153
vt 0.879805 0.605589
vt 0.887177 0.599539
vt 0.635238 0.703896
vt 0.644728 0.702961
vt 0.894285 0.627259
vt 0.902695 0.622764
vt 0.635238 0.675964
vt 0.644728 0.676899
vt 0.904258 0.651337
vt 0.913384 0.648569
vt 0.640687 0.648569
vt 0.649812 0.651337
vt 0.909343 0.676899
vt 0.918833 0.675964
vt 0.651376 0.622764
vt 0.659786 0.627259
vt 0.909343 0.702961
vt 0.666894 0.599539
vt 0.838989 0.809207
vt 0.866361 0.801933
vt 0.843243 0.817380
vt 0.814910 0.819181
vt 0.817556 0.828020
vt 0.790287 0.833444
vt 0.789349 0.824265
vt 0.762483 0.833444
vt 0.763286 0.824265
vt 0.735214 0.828020
vt 0.737725 0.819181
vt 0.709527 0.817380
vt 0.713646 0.809207
vt 0.686409 0.801933
vt 0.691976 0.794728
vt 0.666749 0.782273
vt 0.673547 0.776299
vt 0.651302 0.759155
vt 0.659068 0.754629
vt 0.640662 0.733468
vt 0.649094 0.730550
vt 0.635238 0.706199
vt 0.644010 0.704989
vt 0.635238 0.678395
vt 0.644010 0.678926
vt 0.640662 0.651126
vt 0.649094 0.653365
vt 0.651302 0.625439
vt 0.659068 0.629286
vt 0.666749 0.602321
vt 0.673547 0.607616
vt 0.686409 0.582661
vt 0.691976 0.589188
vt 0.709527 0.567214
vt 0.713646 0.574708
vt 0.735214 0.556574
vt 0.737725 0.564735
vt 0.762483 0.551150
vt 0.763286 0.559650
vt 0.789349 0.559650
vt 0.790287 0.551150
vt 0.814910 0.564735
vt 0.817556 0.556574
vt 0.838989 0.574708
vt 0.843243 0.567214
vt 0.860659 0.589188
vt 0.866361 0.582661
vt 0.879088 0.607616
vt 0.886021 0.602321
vt 0.893567 0.629287
vt 0.901468 0.625439
vt 0.903541 0.653365
vt 0.912108 0.651126
vt 0.908625 0.678927
vt 0.917532 0.678395
vt 0.908625 0.704989
vt 0.917532 0.706199
vt 0.903541 0.730551
vt 0.912108 0.733468
vt 0.893567 0.754629
vt 0.901468 0.759155
vt 0.879087 0.776299
vt 0.886021 0.782273
vt 0.860659 0.794728
vt 0.220160 0.554180
vt 0.099658 0.565221
vt 0.106630 0.529090
vt 0.350668 0.928398
vt 0.385663 0.912082
vt 0.324962 0.928398
vt 0.289967 0.912082
vt 0.195810 0.797276
vt 0.179790 0.888336
vt 0.385917 0.944176
vt 0.290221 0.912862
vt 0.385927 0.913230
vt 0.290231 0.913230
vt 0.385758 0.913230
vt 0.325057 0.929546
vt 0.290063 0.913230
vt 0.324552 0.928233
vt 0.289557 0.911916
vt 0.385253 0.911917
vt 0.077776 0.797520
vt 0.106569 0.717018
vt 0.110477 0.795900
vt 0.419094 0.836013
vt 0.401429 0.734902
vt 0.419347 0.836793
vt 0.401683 0.735682
vt 0.419357 0.891019
vt 0.401693 0.736050
vt 0.419189 0.837161
vt 0.401525 0.798059
vt 0.392977 0.835848
vt 0.418684 0.889706
vt 0.392977 0.889706
vt 0.375313 0.734737
vt 0.401019 0.796746
vt 0.375313 0.796746
vt 0.069997 0.559498
vt 0.076970 0.523366
vt 0.367023 0.626002
vt 0.081512 0.599051
vt 0.082293 0.665881
vt 0.100494 0.693560
vt 0.101305 0.709930
vt 0.122145 0.800926
vt 0.309125 0.731655
vt 0.325226 0.660871
vt 0.050395 0.666254
vt 0.049614 0.599424
vt 0.068604 0.711550
vt 0.379166 0.815377
vt 0.366359 0.730342
vt 0.751085 0.239037
vt 0.018437 0.803502
vt 0.308861 0.625222
vt 0.206923 0.791121
vt 0.207553 0.704666
vt 0.299907 0.734902
vt 0.327029 0.927365
vt 0.309116 0.626002
vt 0.282497 0.836793
vt 0.300171 0.736050
vt 0.308957 0.626370
vt 0.300002 0.736050
vt 0.308451 0.625057
vt 0.299497 0.734737
vt 0.052560 0.952734
vt 0.557964 0.533595
vt 0.021310 0.937407
vt 0.488059 0.063579
vt 0.851024 0.190838
vt 0.036221 0.882920
vt 0.494599 0.276734
vt 0.220160 0.653917
vt 0.350668 0.887463
vt 0.296055 0.802674
vt 0.282243 0.836013
vt 0.296309 0.803453
vt 0.300161 0.735682
vt 0.296319 0.803821
vt 0.282507 0.837160
vt 0.296150 0.803821
vt 0.282338 0.837161
vt 0.295645 0.802508
vt 0.281833 0.835848
vt 0.759651 0.190838
vt 0.759651 0.053126
vt 0.289967 0.943396
vt 0.202446 0.931211
vt 0.290221 0.944176
vt 0.290231 0.944544
vt 0.290063 0.944544
vt 0.289557 0.943231
vt 0.073868 0.718638
vt 0.419094 0.889871
vt 0.401429 0.796911
vt 0.419347 0.890651
vt 0.401683 0.797691
vt 0.419357 0.837161
vt 0.401693 0.798059
vt 0.419189 0.891019
vt 0.401525 0.736050
vt 0.418684 0.835848
vt 0.401019 0.734737
vt 0.309125 0.626370
vt 0.067793 0.695180
vt 0.568572 0.944563
vt 0.537280 0.956369
vt 0.553971 0.936334
vt 0.520480 0.936775
vt 0.543062 0.923611
vt 0.511467 0.912589
vt 0.537210 0.907906
vt 0.537156 0.891146
vt 0.511384 0.886778
vt 0.616123 0.936055
vt 0.649618 0.936193
vt 0.632994 0.955938
vt 0.153748 0.658318
vt 0.140500 0.649839
vt 0.143872 0.648442
vt 0.153748 0.624599
vt 0.140500 0.633079
vt 0.152351 0.621227
vt 0.167715 0.624599
vt 0.180963 0.633078
vt 0.177591 0.634475
vt 0.167715 0.658318
vt 0.180963 0.649839
vt 0.169112 0.661690
vt 0.152351 0.661690
vt 0.143872 0.634475
vt 0.169112 0.621227
vt 0.177591 0.648442
vt 0.294410 0.628061
vt 0.316404 0.638658
vt 0.303163 0.654603
vt 0.278832 0.634244
vt 0.288540 0.664224
vt 0.271053 0.665000
vt 0.250979 0.659843
vt 0.262587 0.638365
vt 0.359108 0.604284
vt 0.366040 0.585149
vt 0.379236 0.599341
vt 0.343253 0.611702
vt 0.352748 0.595358
vt 0.324403 0.613094
vt 0.329650 0.622718
vt 0.309410 0.620584
vt 0.348497 0.964209
vt 0.511384 0.938399
vt 0.511184 0.964209
vt 0.348697 0.938399
vt 0.348697 0.886778
vt 0.820237 0.989670
vt 0.657349 0.963860
vt 0.820037 0.963860
vt 0.657149 0.938050
vt 0.819836 0.938050
vt 0.657066 0.912240
vt 0.819753 0.912240
vt 0.819836 0.886429
vt 0.348296 0.990018
vt 0.510984 0.990018
vt 0.585097 0.947359
vt 0.559766 0.969040
vt 0.610623 0.968811
vt 0.585214 0.973346
vt 0.601597 0.944414
vt 0.626918 0.923233
vt 0.246051 0.641100
vt 0.339204 0.605230
vt 0.348780 0.912589
vt 0.657549 0.989670
vt 0.657149 0.886429
vt 0.994327 0.817174
vt 0.962802 0.831297
vt 0.962802 0.817174
vt 0.994327 0.831297
vt 0.962802 0.845419
vt 0.994327 0.845419
vt 0.962802 0.859541
vt 0.994327 0.859541
vt 0.962802 0.873664
vt 0.994327 0.873664
vt 0.962802 0.887786
vt 0.994327 0.887786
vt 0.962802 0.901908
vt 0.994327 0.901908
vt 0.962802 0.916030
vt 0.994327 0.916030
vt 0.962802 0.930153
vt 0.994327 0.930153
vt 0.962802 0.944275
vt 0.994327 0.944275
vt 0.962802 0.958397
vt 0.994327 0.958397
vt 0.962802 0.972519
vt 0.994327 0.972519
vt 0.962802 0.986642
vt 0.994327 0.647707
vt 0.962802 0.661830
vt 0.962802 0.647707
vt 0.994327 0.661830
vt 0.962802 0.675952
vt 0.994327 0.675952
vt 0.962802 0.690074
vt 0.994327 0.690074
vt 0.962802 0.704196
vt 0.994327 0.704196
vt 0.962802 0.718319
vt 0.994327 0.718319
vt 0.962802 0.732441
vt 0.994327 0.732441
vt 0.962802 0.746563
vt 0.994327 0.746563
vt 0.962802 0.760685
vt 0.994327 0.760685
vt 0.962802 0.774808
vt 0.994327 0.774808
vt 0.962802 0.788930
vt 0.994327 0.788930
vt 0.962802 0.803052
vt 0.994327 0.803052
vt 0.994327 0.986642
vt 0.446808 0.427699
vt 0.410834 0.232841
vt 0.446808 0.232841
vt 0.632238 0.759429
vt 0.645887 0.751305
vt 0.654210 0.752382
vt 0.731374 0.612328
vt 0.675901 0.700636
vt 0.661621 0.693659
vt 0.410834 0.455149
vt 0.446808 0.495619
vt 0.410834 0.495619
vt 0.647416 0.873419
vt 0.641549 0.860400
vt 0.643953 0.860497
vt 0.587853 0.715344
vt 0.639049 0.803549
vt 0.624784 0.807560
vt 0.410834 0.523174
vt 0.446808 0.515189
vt 0.446808 0.523174
vt 0.410834 0.515189
vt 0.446808 0.505945
vt 0.410834 0.505945
vt 0.410834 0.435654
vt 0.410834 0.427699
vt 0.446808 0.435654
vt 0.410834 0.444845
vt 0.446808 0.444845
vt 0.604324 0.568977
vt 0.529992 0.588143
vt 0.529992 0.568977
vt 0.604324 0.607309
vt 0.529992 0.607309
vt 0.604324 0.453982
vt 0.529992 0.473148
vt 0.529992 0.453982
vt 0.604324 0.473148
vt 0.529992 0.492313
vt 0.604324 0.492314
vt 0.529992 0.511479
vt 0.604324 0.530645
vt 0.529992 0.530645
vt 0.581610 0.823235
vt 0.560098 0.875168
vt 0.508165 0.853656
vt 0.529992 0.549811
vt 0.604324 0.549811
vt 0.409193 0.770086
vt 0.445168 0.613073
vt 0.445168 0.770086
vt 0.446808 0.718033
vt 0.511272 0.709819
vt 0.516326 0.724022
vt 0.409193 0.303589
vt 0.445168 0.333941
vt 0.409193 0.333941
vt 0.803258 0.634256
vt 0.810877 0.620505
vt 0.409193 0.490953
vt 0.643705 0.508671
vt 0.675929 0.496407
vt 0.649788 0.519243
vt 0.445168 0.571820
vt 0.409193 0.528727
vt 0.445168 0.528727
vt 0.409193 0.613073
vt 0.445168 0.597601
vt 0.409193 0.597601
vt 0.445168 0.583775
vt 0.409193 0.583775
vt 0.691303 0.620627
vt 0.688667 0.630854
vt 0.659919 0.613819
vt 0.445168 0.277788
vt 0.445168 0.303589
vt 0.409193 0.277788
vt 0.445168 0.254716
vt 0.410834 0.788563
vt 0.446808 0.768621
vt 0.446808 0.788563
vt 0.410834 0.718033
vt 0.531428 0.800321
vt 0.583361 0.821833
vt 0.561849 0.873766
vt 0.445168 0.490953
vt 0.545606 0.663188
vt 0.515499 0.692915
vt 0.527848 0.677830
vt 0.540381 0.753649
vt 0.809447 0.602372
vt 0.799349 0.584717
vt 0.773224 0.660494
vt 0.783655 0.566654
vt 0.688311 0.611999
vt 0.667573 0.586410
vt 0.638721 0.587662
vt 0.681110 0.639941
vt 0.672978 0.467211
vt 0.702069 0.473570
vt 0.647394 0.489562
vt 0.642829 0.497807
vt 0.654682 0.766645
vt 0.647369 0.768129
vt 0.639301 0.765414
vt 0.611302 0.733713
vt 0.622106 0.732277
vt 0.629119 0.745322
vt 0.623592 0.716622
vt 0.608168 0.725816
vt 0.608660 0.718547
vt 0.612460 0.713653
vt 0.664270 0.753134
vt 0.680071 0.741511
vt 0.631744 0.702529
vt 0.686275 0.728331
vt 0.645516 0.694305
vt 0.684831 0.713384
vt 0.446808 0.455149
vt 0.656846 0.858385
vt 0.653952 0.869601
vt 0.640468 0.874677
vt 0.627981 0.858829
vt 0.680651 0.831336
vt 0.683110 0.836855
vt 0.681898 0.843797
vt 0.677140 0.850338
vt 0.658707 0.857833
vt 0.667501 0.846861
vt 0.634156 0.872213
vt 0.614647 0.844878
vt 0.669580 0.831894
vt 0.610803 0.831574
vt 0.664838 0.817303
vt 0.614447 0.817895
vt 0.653698 0.807071
vt 0.604324 0.588143
vt 0.604324 0.511479
vt 0.508165 0.823234
vt 0.529676 0.801723
vt 0.560098 0.801723
vt 0.581610 0.853657
vt 0.529676 0.875168
vt 0.409193 0.571820
vt 0.409193 0.254716
vt 0.410834 0.768621
vt 0.531428 0.873766
vt 0.509916 0.852255
vt 0.509916 0.821833
vt 0.561850 0.800321
vt 0.583361 0.852255
vt 0.228492 0.766132
vt 0.243272 0.773513
vt 0.228492 0.773513
vt 0.956618 0.068427
vt 0.956618 0.083729
vt 0.956618 0.099030
vt 0.956618 0.114331
vt 0.956618 0.129633
vt 0.956618 0.144934
vt 0.956618 0.160235
vt 0.956618 0.175537
vt 0.956618 0.190838
vt 0.956618 0.206139
vt 0.956618 0.221440
vt 0.956618 0.236742
vt 0.956618 0.053126
vt 0.256616 0.587695
vt 0.249486 0.570483
vt 0.260306 0.581303
vt 0.262738 0.562833
vt 0.266698 0.577613
vt 0.278039 0.562833
vt 0.274079 0.577613
vt 0.280471 0.581303
vt 0.291290 0.570483
vt 0.298941 0.583735
vt 0.284161 0.587695
vt 0.284161 0.595076
vt 0.298941 0.599036
vt 0.291290 0.612287
vt 0.280471 0.601468
vt 0.274079 0.605158
vt 0.278039 0.619938
vt 0.262738 0.619938
vt 0.266698 0.605158
vt 0.249486 0.612287
vt 0.260306 0.601468
vt 0.241836 0.599036
vt 0.256616 0.595076
vt 0.241836 0.583735
vt 0.150003 0.911632
vt 0.173858 0.918024
vt 0.156395 0.935487
vt 0.228492 0.788274
vt 0.243272 0.795655
vt 0.228492 0.795655
vt 0.228492 0.736609
vt 0.243272 0.743989
vt 0.228492 0.743989
vt 0.228492 0.721847
vt 0.243272 0.729228
vt 0.228492 0.729228
vt 0.228492 0.758751
vt 0.243272 0.766132
vt 0.243272 0.780893
vt 0.243272 0.788274
vt 0.243272 0.736609
vt 0.228492 0.803036
vt 0.243272 0.810416
vt 0.228492 0.810416
vt 0.228492 0.751370
vt 0.243272 0.758751
vt 0.228492 0.780893
vt 0.243272 0.803036
vt 0.243272 0.751370
vt 0.709475 0.020228
vt 0.751086 0.000337
vt 0.751086 0.020228
vt 0.709475 0.239037
vt 0.709475 0.219145
vt 0.751085 0.199254
vt 0.709475 0.199253
vt 0.751085 0.179362
vt 0.709475 0.159470
vt 0.751085 0.159470
vt 0.751085 0.139578
vt 0.709475 0.139578
vt 0.751085 0.119687
vt 0.709475 0.119687
vt 0.751085 0.099795
vt 0.709475 0.099795
vt 0.751085 0.079903
vt 0.709475 0.079903
vt 0.751085 0.060012
vt 0.662410 0.266209
vt 0.645184 0.201918
vt 0.709475 0.060012
vt 0.751085 0.040120
vt 0.709475 0.040120
vt 0.938390 0.053126
vt 0.150003 0.931796
vt 0.146312 0.925404
vt 0.146312 0.918024
vt 0.156395 0.907941
vt 0.163775 0.907941
vt 0.170167 0.911632
vt 0.173858 0.925404
vt 0.170167 0.931796
vt 0.163775 0.935487
vt 0.243272 0.721847
vt 0.709475 0.000336
vt 0.709475 0.179362
vt 0.699529 0.256264
vt 0.682302 0.266209
vt 0.645184 0.256264
vt 0.635238 0.239037
vt 0.635238 0.219145
vt 0.662410 0.191973
vt 0.682302 0.191973
vt 0.699529 0.201918
vt 0.049333 0.393103
vt 0.056719 0.367919
vt 0.057243 0.393467
vt 0.049014 0.367742
vt 0.058216 0.341468
vt 0.050214 0.341489
vt 0.056363 0.315434
vt 0.048549 0.315527
vt 0.056812 0.288256
vt 0.048704 0.288517
vt 0.053956 0.261559
vt 0.046032 0.261886
vt 0.053463 0.233539
vt 0.045241 0.234071
vt 0.049528 0.206077
vt 0.041484 0.206725
vt 0.047846 0.177070
vt 0.039481 0.178037
vt 0.042244 0.148682
vt 0.034042 0.149940
vt 0.038224 0.118329
vt 0.029619 0.120286
vt 0.028899 0.088586
vt 0.020130 0.091446
vt 0.018582 0.057989
vt 0.180339 0.484432
vt 0.200389 0.463003
vt 0.186607 0.488547
vt 0.199605 0.432092
vt 0.192339 0.459952
vt 0.206428 0.405494
vt 0.207244 0.434157
vt 0.209195 0.377809
vt 0.214289 0.406953
vt 0.213208 0.351192
vt 0.216807 0.378743
vt 0.214126 0.323709
vt 0.221057 0.351885
vt 0.216784 0.297118
vt 0.221776 0.324113
vt 0.216582 0.269747
vt 0.224696 0.297386
vt 0.218218 0.243158
vt 0.224315 0.269797
vt 0.216997 0.215890
vt 0.226228 0.243098
vt 0.217544 0.189326
vt 0.224825 0.215629
vt 0.215034 0.162241
vt 0.225652 0.188924
vt 0.213874 0.135800
vt 0.222937 0.161574
vt 0.208829 0.109207
vt 0.222050 0.134794
vt 0.203469 0.083531
vt 0.216702 0.107579
vt 0.191969 0.059762
vt 0.211380 0.080836
vt 0.038478 0.467473
vt 0.033685 0.493445
vt 0.026911 0.489005
vt 0.051199 0.444065
vt 0.046291 0.470494
vt 0.044019 0.442955
vt 0.053886 0.419402
vt 0.046359 0.418638
vt 0.167973 0.137966
vt 0.160215 0.105757
vt 0.169987 0.106548
vt 0.340828 0.188084
vt 0.330506 0.216454
vt 0.331876 0.187947
vt 0.169529 0.167784
vt 0.158204 0.137724
vt 0.339704 0.216743
vt 0.331817 0.245671
vt 0.168727 0.198273
vt 0.160191 0.167626
vt 0.340723 0.245998
vt 0.329767 0.274029
vt 0.170397 0.227292
vt 0.159283 0.198221
vt 0.338930 0.274543
vt 0.330324 0.303213
vt 0.169276 0.256968
vt 0.161321 0.227102
vt 0.339206 0.303762
vt 0.327577 0.331501
vt 0.165183 0.423701
vt 0.158650 0.395956
vt 0.167011 0.396460
vt 0.170358 0.285248
vt 0.160090 0.256773
vt 0.336719 0.332214
vt 0.327561 0.360707
vt 0.167260 0.449749
vt 0.156610 0.423578
vt 0.168619 0.314106
vt 0.161530 0.284878
vt 0.333693 0.389740
vt 0.336426 0.361379
vt 0.172467 0.476584
vt 0.158775 0.450670
vt 0.169061 0.341645
vt 0.159683 0.313716
vt 0.333784 0.418815
vt 0.324539 0.389054
vt 0.179868 0.501131
vt 0.164290 0.478478
vt 0.166835 0.369685
vt 0.160476 0.341108
vt 0.332774 0.447174
vt 0.324877 0.418477
vt 0.345704 0.039273
vt 0.332481 0.068820
vt 0.335382 0.037141
vt 0.158135 0.369184
vt 0.337202 0.475910
vt 0.323464 0.447492
vt 0.342453 0.069975
vt 0.329673 0.099297
vt 0.345704 0.502226
vt 0.328339 0.477886
vt 0.339303 0.099868
vt 0.331184 0.129587
vt 0.171549 0.075379
vt 0.169558 0.040345
vt 0.179868 0.044214
vt 0.340279 0.129776
vt 0.329987 0.158530
vt 0.160811 0.073588
vt 0.339275 0.158705
vt 0.122208 0.205692
vt 0.123136 0.223048
vt 0.124394 0.319278
vt 0.124473 0.335667
vt 0.094039 0.345321
vt 0.091575 0.336125
vt 0.124016 0.263348
vt 0.124518 0.280135
vt 0.090791 0.373249
vt 0.063041 0.365019
vt 0.093187 0.364097
vt 0.063050 0.344329
vt 0.025431 0.058675
vt 0.034882 0.082805
vt 0.124579 0.492912
vt 0.085944 0.477883
vt 0.120880 0.479912
vt 0.153167 0.366055
vt 0.153654 0.344209
vt 0.284971 0.491514
vt 0.338011 0.505703
vt 0.287163 0.521942
vt 0.116481 0.077424
vt 0.117514 0.099246
vt 0.119269 0.145264
vt 0.120497 0.163674
vt 0.093423 0.310040
vt 0.121824 0.309192
vt 0.080586 0.488869
vt 0.051830 0.469042
vt 0.288529 0.380899
vt 0.289873 0.363722
vt 0.284891 0.441480
vt 0.286154 0.422659
vt 0.091310 0.319398
vt 0.062713 0.312212
vt 0.044384 0.120545
vt 0.048767 0.144216
vt 0.293958 0.267009
vt 0.294468 0.250204
vt 0.291912 0.323620
vt 0.292899 0.306779
vt 0.122046 0.446629
vt 0.088026 0.455485
vt 0.086741 0.445265
vt 0.154532 0.310599
vt 0.154589 0.288215
vt 0.091636 0.235013
vt 0.088395 0.225482
vt 0.056788 0.448240
vt 0.127463 0.519765
vt 0.290543 0.092519
vt 0.289969 0.072326
vt 0.293109 0.153048
vt 0.292641 0.135540
vt 0.294368 0.210380
vt 0.294372 0.193449
vt 0.123454 0.374054
vt 0.123234 0.390341
vt 0.058784 0.236201
vt 0.121990 0.429225
vt 0.053480 0.179609
vt 0.056025 0.202191
vt 0.250092 0.064169
vt 0.286956 0.059755
vt 0.154724 0.253691
vt 0.154260 0.230697
vt 0.087978 0.427577
vt 0.088710 0.197639
vt 0.119002 0.195084
vt 0.249599 0.076052
vt 0.215524 0.076103
vt 0.090475 0.389861
vt 0.260283 0.193386
vt 0.260363 0.210602
vt 0.257423 0.136875
vt 0.258379 0.154564
vt 0.252556 0.095964
vt 0.073669 0.514976
vt 0.087042 0.207742
vt 0.060377 0.258030
vt 0.290913 0.015179
vt 0.242449 0.037870
vt 0.233582 0.024876
vt 0.153709 0.195132
vt 0.152942 0.171416
vt 0.151679 0.420572
vt 0.206209 0.055415
vt 0.198494 0.055508
vt 0.151994 0.398978
vt 0.120788 0.400249
vt 0.061882 0.291009
vt 0.259016 0.304525
vt 0.257893 0.321723
vt 0.260625 0.248994
vt 0.260078 0.266126
vt 0.259234 0.126821
vt 0.289845 0.124798
vt 0.152470 0.134410
vt 0.152454 0.109459
vt 0.226673 0.131285
vt 0.249583 0.418440
vt 0.246670 0.437584
vt 0.255515 0.360497
vt 0.253752 0.378056
vt 0.156992 0.476279
vt 0.256458 0.106076
vt 0.154813 0.069077
vt 0.160326 0.042484
vt 0.084004 0.167127
vt 0.081912 0.148324
vt 0.076492 0.104098
vt 0.072573 0.082226
vt 0.228403 0.513091
vt 0.237048 0.485294
vt 0.154006 0.454103
vt 0.119490 0.457566
vt 0.223724 0.109676
vt 0.325461 0.064592
vt 0.262623 0.183804
vt 0.291940 0.183036
vt 0.320481 0.475142
vt 0.318195 0.450976
vt 0.328964 0.039509
vt 0.286007 0.032051
vt 0.230527 0.185808
vt 0.324007 0.126238
vt 0.261221 0.164157
vt 0.319072 0.391933
vt 0.090849 0.281573
vt 0.090055 0.264429
vt 0.324113 0.102592
vt 0.288101 0.104167
vt 0.229639 0.164336
vt 0.122432 0.290433
vt 0.121263 0.233731
vt 0.121125 0.253054
vt 0.118734 0.174918
vt 0.115433 0.111831
vt 0.115812 0.133974
vt 0.114624 0.033729
vt 0.113107 0.063815
vt 0.281567 0.453098
vt 0.281768 0.477292
vt 0.284511 0.411384
vt 0.285166 0.391303
vt 0.322123 0.334359
vt 0.288321 0.353069
vt 0.288744 0.333824
vt 0.324378 0.277004
vt 0.291124 0.296305
vt 0.291055 0.277240
vt 0.325185 0.219577
vt 0.292381 0.239804
vt 0.291744 0.220726
vt 0.324675 0.161791
vt 0.290718 0.163688
vt 0.119608 0.418936
vt 0.122168 0.345666
vt 0.121138 0.364064
vt 0.061812 0.396549
vt 0.090939 0.418227
vt 0.060365 0.416966
vt 0.092547 0.399152
vt 0.262736 0.220137
vt 0.231244 0.240199
vt 0.231384 0.218722
vt 0.263338 0.239578
vt 0.262125 0.275717
vt 0.229832 0.294663
vt 0.230768 0.273137
vt 0.262067 0.295184
vt 0.259650 0.331438
vt 0.226341 0.349346
vt 0.228128 0.327705
vt 0.258942 0.351124
vt 0.255193 0.388103
vt 0.219866 0.404702
vt 0.223033 0.382717
vt 0.253669 0.408668
vt 0.213167 0.439072
vt 0.243700 0.473532
vt 0.206531 0.461756
vt 0.247497 0.448884
vt 0.072950 0.069125
vt 0.066559 0.039417
vt 0.083272 0.137458
vt 0.081278 0.114892
vt 0.087754 0.177017
vt 0.091945 0.254751
vt 0.093689 0.290894
vt 0.056664 0.025195
vt 0.119881 0.015179
vt 0.317968 0.414800
vt 0.320769 0.356954
vt 0.323472 0.299592
vt 0.324868 0.242232
vt 0.324821 0.184658
vt 0.009813 0.061933
vt 0.172648 0.504207
s 1
usemtl SpacialRoverExploreralumWhite
f 11/1/1 17/2/1 4/3/1
f 10/4/2 6/5/2 7/6/2
f 9/7/1 4/3/1 6/8/1
f 7/6/3 5/9/3 3/10/3
f 8/11/4 4/3/4 5/9/4
f 9/7/5 12/12/5 11/1/5
f 10/13/6 24/14/6 12/12/6
f 2/15/7 3/10/7 1/16/7
f 15/17/8 19/18/8 20/19/8
f 4/3/4 15/20/4 5/9/4
f 1/21/9 13/22/9 21/23/9
f 24/14/6 18/24/6 12/12/6
f 5/9/3 16/25/3 3/10/3
f 21/26/10 20/27/10 24/14/10
f 12/12/5 19/28/5 11/1/5
f 3/10/7 14/29/7 1/16/7
f 24/14/10 22/30/10 21/26/10
f 11/1/1 19/28/1 17/2/1
f 7/6/2 2/15/2 22/31/2
f 22/31/2 23/32/2 10/4/2
f 10/4/2 9/33/2 6/5/2
f 6/5/2 8/34/2 7/6/2
f 7/6/2 22/31/2 10/4/2
f 9/7/1 11/1/1 4/3/1
f 7/6/3 8/11/3 5/9/3
f 8/11/4 6/8/4 4/3/4
f 9/7/5 10/13/5 12/12/5
f 10/13/6 23/35/6 24/14/6
f 2/15/7 7/6/7 3/10/7
f 20/19/8 13/22/8 14/36/8
f 14/36/8 16/37/8 15/17/8
f 15/17/8 17/38/8 19/18/8
f 19/18/8 18/39/8 20/19/8
f 20/19/8 14/36/8 15/17/8
f 4/3/4 17/2/4 15/20/4
f 1/21/9 14/36/9 13/22/9
f 24/14/6 20/27/6 18/24/6
f 5/9/3 15/20/3 16/25/3
f 21/26/10 13/40/10 20/27/10
f 12/12/5 18/24/5 19/28/5
f 3/10/7 16/25/7 14/29/7
f 24/14/10 23/35/10 22/30/10
f 105/41/11 186/42/12 107/43/13
f 76/44/14 122/45/15 74/46/15
f 129/47/2 137/48/2 145/49/2
f 98/50/16 135/51/17 134/52/16
f 110/53/18 139/54/19 108/55/19
f 120/56/20 144/57/21 118/58/21
f 84/59/22 128/60/23 127/61/22
f 94/62/24 133/63/25 132/64/24
f 106/65/26 137/66/27 104/67/27
f 116/68/28 142/69/29 114/70/29
f 82/71/30 125/72/31 80/73/31
f 92/74/32 130/75/33 90/76/33
f 102/77/34 135/51/17 100/78/17
f 112/79/35 140/80/18 110/53/18
f 74/46/15 145/81/36 120/56/20
f 76/44/14 124/82/37 123/83/38
f 86/84/23 129/85/39 128/60/23
f 96/86/25 134/87/16 133/63/25
f 106/65/26 139/54/19 138/88/26
f 116/68/28 144/57/21 143/89/28
f 82/71/30 127/61/22 126/90/30
f 92/74/32 132/64/24 131/91/32
f 102/77/34 137/66/27 136/92/34
f 114/70/29 141/93/35 112/79/35
f 80/73/31 124/82/37 78/94/37
f 88/95/39 130/75/33 129/85/39
f 169/96/40 194/97/41 147/98/42
f 79/99/8 149/100/8 148/101/8
f 83/102/8 149/100/8 81/103/8
f 85/104/8 150/105/8 83/102/8
f 87/106/8 151/107/8 85/104/8
f 87/106/8 153/108/8 152/109/8
f 91/110/8 153/108/8 89/111/8
f 91/110/8 155/112/8 154/113/8
f 93/114/8 156/115/8 155/112/8
f 159/116/43 197/117/44 160/118/45
f 105/119/8 160/120/8 103/121/8
f 107/122/8 161/123/8 105/119/8
f 107/122/8 163/124/8 162/125/8
f 109/126/8 164/127/8 163/124/8
f 113/128/8 164/127/8 111/129/8
f 115/130/8 165/131/8 113/128/8
f 115/130/8 167/132/8 166/133/8
f 119/134/8 167/132/8 117/135/8
f 75/136/46 204/137/47 121/138/47
f 91/139/48 179/140/49 93/141/49
f 121/142/50 171/143/51 75/144/51
f 79/145/52 170/146/53 172/147/52
f 109/148/54 186/42/54 187/149/54
f 93/141/49 180/150/55 95/151/55
f 81/152/56 172/147/52 173/153/56
f 111/154/54 187/149/54 188/155/54
f 95/151/55 181/156/57 97/157/57
f 83/158/58 173/153/56 174/159/58
f 111/154/54 189/160/54 113/161/54
f 97/157/57 182/162/59 99/163/59
f 85/164/60 174/159/58 175/165/60
f 113/161/54 190/166/54 115/167/54
f 101/168/61 182/162/59 183/169/61
f 85/164/60 176/170/62 87/171/62
f 117/172/63 190/173/64 191/174/65
f 103/175/66 183/169/61 184/176/66
f 87/171/62 177/177/67 89/178/67
f 117/172/63 192/179/68 119/180/68
f 105/41/11 184/176/66 185/181/69
f 89/178/67 178/182/48 91/139/48
f 119/180/68 193/183/50 121/142/50
f 77/184/53 171/143/51 170/146/53
f 184/185/8 176/186/8 172/187/8
f 202/188/8 195/189/8 201/190/8
f 203/191/70 196/192/8 202/188/8
f 205/193/71 198/194/8 199/195/72
f 200/196/8 198/194/8 204/197/8
f 101/198/73 201/199/74 99/200/74
f 103/201/75 202/202/73 101/198/73
f 158/203/76 196/192/43 159/116/43
f 121/138/47 205/204/77 119/205/78
f 168/206/79 198/194/40 169/96/40
f 147/98/7 200/207/7 75/136/7
f 254/208/80 267/209/80 268/210/80
f 255/211/1 253/212/1 252/213/1
f 158/203/7 201/199/7 195/189/7
f 75/214/8 146/215/8 147/216/8
f 75/214/8 77/217/8 146/215/8
f 156/115/8 95/218/8 97/219/8
f 77/217/8 79/99/8 148/101/8
f 77/217/8 148/101/8 146/215/8
f 99/220/8 157/221/8 97/219/8
f 158/222/8 157/221/8 99/220/8
f 157/221/8 156/115/8 97/219/8
f 259/223/81 209/224/82 258/225/83
f 261/226/84 211/227/85 210/228/84
f 207/229/86 267/209/87 256/230/88
f 257/231/81 206/232/89 253/233/81
f 261/226/9 208/234/9 259/223/9
f 255/211/84 207/229/86 256/230/88
f 205/235/77 214/236/9 119/237/78
f 199/238/72 215/239/90 205/235/71
f 168/240/91 214/236/92 212/241/93
f 199/242/94 212/241/1 213/243/1
f 197/244/95 217/245/96 218/246/97
f 160/247/98 216/248/99 103/249/100
f 197/244/44 219/250/9 160/247/45
f 203/251/101 216/248/1 217/252/1
f 221/253/7 220/254/7 222/255/7
f 225/256/7 226/257/7 227/258/7
f 222/255/1 257/259/1 255/260/1
f 221/253/9 254/261/9 223/262/9
f 220/263/81 254/261/102 257/264/81
f 221/253/84 255/260/84 256/265/88
f 227/258/9 259/266/9 225/267/9
f 226/257/84 261/268/84 227/258/84
f 225/269/81 258/270/83 224/271/81
f 226/257/1 258/270/1 260/272/1
f 270/273/1 269/274/1 266/275/1
f 273/276/1 303/277/1 285/278/1
f 211/227/85 269/274/103 264/279/104
f 258/225/83 265/280/105 266/281/106
f 258/282/107 269/274/107 260/283/107
f 254/284/102 262/285/108 206/232/89
f 207/229/109 275/286/109 263/287/109
f 270/288/110 211/227/110 264/279/110
f 209/224/110 273/289/110 265/280/110
f 276/290/109 206/232/109 262/285/109
f 276/291/9 268/210/9 267/209/9
f 274/292/111 296/293/112 275/294/111
f 271/295/113 285/278/114 278/296/115
f 272/297/116 287/298/117 273/299/116
f 277/300/118 300/301/119 293/302/120
f 299/303/121 290/304/122 294/305/123
f 295/306/1 290/307/1 291/308/1
f 298/309/9 299/310/9 300/301/9
f 279/311/124 288/312/125 281/313/126
f 278/314/115 286/315/127 280/316/127
f 280/316/128 284/317/129 279/311/124
f 288/312/125 283/318/130 281/313/126
f 289/319/131 282/320/132 283/318/131
f 297/321/133 292/322/134 290/304/122
f 298/323/135 291/324/136 292/322/135
f 293/302/120 301/325/137 295/326/138
f 295/326/139 299/303/121 294/305/123
f 271/295/9 302/327/9 282/320/9
f 282/320/9 302/327/9 283/328/9
f 279/329/9 302/327/9 280/330/9
f 280/330/9 302/327/9 278/296/9
f 283/328/9 302/327/9 281/331/9
f 281/331/9 302/327/9 279/329/9
f 285/278/1 303/277/1 286/332/1
f 286/332/1 303/277/1 284/333/1
f 289/334/1 303/277/1 287/335/1
f 284/333/1 303/277/1 288/336/1
f 288/336/1 303/277/1 289/334/1
f 185/337/8 187/338/8 186/339/8
f 188/340/8 304/341/8 189/342/8
f 189/342/8 191/343/8 190/344/8
f 187/338/8 304/341/8 188/340/8
f 105/41/11 185/181/69 186/42/12
f 76/44/14 123/83/38 122/45/15
f 145/49/2 122/345/2 123/346/2
f 123/346/2 124/347/2 125/348/2
f 125/348/2 126/349/2 127/350/2
f 127/350/2 128/351/2 129/47/2
f 129/47/2 130/352/2 131/353/2
f 131/353/2 132/354/2 133/355/2
f 133/355/2 134/356/2 135/357/2
f 135/357/2 136/358/2 137/48/2
f 137/48/2 138/359/2 139/360/2
f 139/360/2 140/361/2 141/362/2
f 141/362/2 142/363/2 143/364/2
f 143/364/2 144/365/2 145/49/2
f 145/49/2 123/346/2 125/348/2
f 125/348/2 127/350/2 129/47/2
f 129/47/2 131/353/2 133/355/2
f 133/355/2 135/357/2 137/48/2
f 137/48/2 139/360/2 141/362/2
f 141/362/2 143/364/2 145/49/2
f 145/49/2 125/348/2 129/47/2
f 129/47/2 133/355/2 137/48/2
f 137/48/2 141/362/2 145/49/2
f 98/50/16 100/78/17 135/51/17
f 110/53/18 140/80/18 139/54/19
f 120/56/20 145/81/36 144/57/21
f 84/59/22 86/84/23 128/60/23
f 94/62/24 96/86/25 133/63/25
f 106/65/26 138/88/26 137/66/27
f 116/68/28 143/89/28 142/69/29
f 82/71/30 126/90/30 125/72/31
f 92/74/32 131/91/32 130/75/33
f 102/77/34 136/92/34 135/51/17
f 112/79/35 141/93/35 140/80/18
f 74/46/15 122/45/15 145/81/36
f 76/44/14 78/94/37 124/82/37
f 86/84/23 88/95/39 129/85/39
f 96/86/25 98/366/16 134/87/16
f 106/65/26 108/55/19 139/54/19
f 116/68/28 118/58/21 144/57/21
f 82/71/30 84/59/22 127/61/22
f 92/74/32 94/62/24 132/64/24
f 102/77/34 104/67/27 137/66/27
f 114/70/29 142/69/29 141/93/35
f 80/73/31 125/72/31 124/82/37
f 88/95/39 90/76/33 130/75/33
f 169/96/40 198/194/40 194/97/41
f 79/99/8 81/103/8 149/100/8
f 83/102/8 150/105/8 149/100/8
f 85/104/8 151/107/8 150/105/8
f 87/106/8 152/109/8 151/107/8
f 87/106/8 89/111/8 153/108/8
f 91/110/8 154/113/8 153/108/8
f 91/110/8 93/114/8 155/112/8
f 93/114/8 95/218/8 156/115/8
f 159/116/43 196/192/43 197/117/44
f 105/119/8 161/123/8 160/120/8
f 107/122/8 162/125/8 161/123/8
f 107/122/8 109/126/8 163/124/8
f 109/126/8 111/129/8 164/127/8
f 113/128/8 165/131/8 164/127/8
f 115/130/8 166/133/8 165/131/8
f 115/130/8 117/135/8 167/132/8
f 119/134/8 168/367/8 167/132/8
f 75/136/46 200/207/46 204/137/47
f 91/139/48 178/182/48 179/140/49
f 121/142/50 193/183/50 171/143/51
f 79/145/52 77/184/53 170/146/53
f 109/148/54 107/43/54 186/42/54
f 93/141/49 179/140/49 180/150/55
f 81/152/56 79/145/52 172/147/52
f 111/154/54 109/148/54 187/149/54
f 95/151/55 180/150/55 181/156/57
f 83/158/58 81/152/56 173/153/56
f 111/154/54 188/155/54 189/160/54
f 97/157/57 181/156/57 182/162/59
f 85/164/60 83/158/58 174/159/58
f 113/161/54 189/160/54 190/166/54
f 101/168/61 99/163/59 182/162/59
f 85/164/60 175/165/60 176/170/62
f 117/172/63 115/368/140 190/173/64
f 103/175/66 101/168/61 183/169/61
f 87/171/62 176/170/62 177/177/67
f 117/172/63 191/174/65 192/179/68
f 105/41/11 103/175/66 184/176/66
f 89/178/67 177/177/67 178/182/48
f 119/180/68 192/179/68 193/183/50
f 77/184/53 75/144/51 171/143/51
f 172/187/8 170/369/8 171/370/8
f 171/370/8 193/371/8 192/372/8
f 192/372/8 191/343/8 304/341/8
f 304/341/8 185/337/8 184/185/8
f 184/185/8 183/373/8 182/374/8
f 182/374/8 181/375/8 180/376/8
f 180/376/8 179/377/8 178/378/8
f 178/378/8 177/379/8 176/186/8
f 176/186/8 175/380/8 174/381/8
f 174/381/8 173/382/8 172/187/8
f 172/187/8 171/370/8 192/372/8
f 192/372/8 304/341/8 184/185/8
f 184/185/8 182/374/8 180/376/8
f 180/376/8 178/378/8 176/186/8
f 176/186/8 174/381/8 172/187/8
f 172/187/8 192/372/8 184/185/8
f 184/185/8 180/376/8 176/186/8
f 202/188/8 196/192/8 195/189/8
f 203/191/70 197/383/95 196/192/8
f 205/193/71 204/197/8 198/194/8
f 200/196/8 194/97/8 198/194/8
f 101/198/73 202/202/73 201/199/74
f 103/201/75 203/384/101 202/202/73
f 158/203/76 195/189/141 196/192/43
f 121/138/47 204/137/47 205/204/77
f 168/206/79 199/385/94 198/194/40
f 147/98/7 194/97/7 200/207/7
f 254/208/80 256/386/80 267/209/80
f 255/211/1 257/387/1 253/212/1
f 158/203/7 99/200/7 201/199/7
f 259/223/81 208/234/81 209/224/82
f 261/226/84 260/388/142 211/227/85
f 207/229/86 263/287/143 267/209/87
f 257/231/81 254/284/102 206/232/89
f 261/226/9 210/228/9 208/234/9
f 255/211/84 252/213/84 207/229/86
f 205/235/144 215/239/9 214/236/9
f 199/238/145 213/389/146 215/239/147
f 168/240/91 119/237/148 214/236/92
f 199/242/94 168/240/79 212/241/1
f 197/244/95 203/390/70 217/245/96
f 160/247/149 219/250/150 216/248/151
f 197/244/152 218/246/9 219/250/9
f 203/251/101 103/249/75 216/248/1
f 221/253/7 223/391/7 220/254/7
f 225/256/7 224/392/7 226/257/7
f 222/255/1 220/393/1 257/259/1
f 221/253/9 256/265/9 254/261/9
f 220/263/81 223/262/81 254/261/102
f 221/253/84 222/255/84 255/260/84
f 227/258/9 261/268/9 259/266/9
f 226/257/84 260/272/142 261/268/84
f 225/269/81 259/394/81 258/270/83
f 226/257/1 224/271/1 258/270/1
f 266/275/1 265/395/1 273/396/1
f 270/273/1 264/279/1 269/274/1
f 266/275/1 273/396/1 270/273/1
f 285/278/1 270/397/1 273/276/1
f 273/276/1 287/335/1 303/277/1
f 211/227/85 260/388/142 269/274/103
f 258/225/83 209/224/82 265/280/105
f 258/282/107 266/275/107 269/274/107
f 254/284/102 268/210/153 262/285/108
f 207/229/109 274/398/109 275/286/109
f 270/288/110 271/399/110 211/227/110
f 209/224/110 272/400/110 273/289/110
f 276/290/109 277/401/109 206/232/109
f 267/209/9 263/287/9 275/402/9
f 276/291/9 262/285/9 268/210/9
f 267/209/9 275/402/9 276/291/9
f 274/292/111 291/308/136 296/293/112
f 271/295/113 270/397/113 285/278/114
f 272/297/116 282/320/132 287/298/117
f 277/300/118 276/403/118 300/301/119
f 299/303/121 297/321/133 290/304/122
f 291/308/1 274/292/1 277/404/1
f 277/404/1 293/405/1 295/306/1
f 295/306/1 294/406/1 290/307/1
f 290/307/1 292/407/1 291/308/1
f 291/308/1 277/404/1 295/306/1
f 300/301/9 276/403/9 275/294/9
f 275/294/9 296/293/9 298/309/9
f 298/309/9 297/408/9 299/310/9
f 299/310/9 301/409/9 300/301/9
f 300/301/9 275/294/9 298/309/9
f 279/311/124 284/317/129 288/312/125
f 278/314/115 285/410/114 286/315/127
f 280/316/128 286/315/128 284/317/129
f 288/312/125 289/319/130 283/318/130
f 289/319/131 287/298/117 282/320/132
f 297/321/133 298/323/134 292/322/134
f 298/323/135 296/411/112 291/324/136
f 293/302/120 300/301/119 301/325/137
f 295/326/139 301/325/139 299/303/121
f 282/320/9 272/297/9 271/295/9
f 271/295/9 278/296/9 302/327/9
f 185/337/8 304/341/8 187/338/8
f 189/342/8 304/341/8 191/343/8
usemtl SpacialRoverExploreralumGray
f 26/412/2 44/413/2 31/414/2
f 40/415/10 37/416/10 38/417/10
f 32/418/1 47/419/1 34/420/1
f 35/421/8 38/417/8 28/422/8
f 29/423/9 41/424/9 25/425/9
f 38/417/154 30/426/154 28/422/154
f 39/427/155 29/423/155 30/426/155
f 26/412/156 42/428/156 40/429/156
f 27/430/157 41/424/157 42/428/157
f 32/418/158 45/431/158 43/432/158
f 33/433/159 44/413/159 45/431/159
f 35/434/160 48/435/160 46/436/160
f 36/437/161 47/419/161 48/435/161
f 26/412/2 40/429/2 44/413/2
f 44/438/10 40/415/10 38/417/10
f 40/415/10 42/439/10 41/440/10
f 37/416/10 40/415/10 41/440/10
f 37/416/10 39/441/10 38/417/10
f 38/417/10 46/442/10 44/438/10
f 46/442/10 48/443/10 47/444/10
f 44/438/10 46/442/10 43/445/10
f 47/444/10 43/445/10 46/442/10
f 43/445/10 45/446/10 44/438/10
f 32/418/1 43/432/1 47/419/1
f 35/421/8 46/442/8 38/417/8
f 29/423/9 37/447/9 41/424/9
f 38/417/154 39/427/154 30/426/154
f 39/427/155 37/447/155 29/423/155
f 26/412/156 27/430/156 42/428/156
f 27/430/157 25/425/157 41/424/157
f 32/418/158 33/433/158 45/431/158
f 33/433/159 31/414/159 44/413/159
f 35/434/160 36/437/160 48/435/160
f 36/437/161 34/420/161 47/419/161
f 235/448/162 50/449/163 57/450/164
f 234/451/165 57/450/166 56/452/167
f 55/453/168 234/451/169 56/452/170
f 54/454/171 233/455/172 55/453/173
f 53/456/174 232/457/175 54/454/174
f 52/458/176 231/459/177 53/460/178
f 229/461/179 52/458/180 51/462/181
f 228/463/182 51/462/183 50/449/183
f 318/464/1 326/465/1 319/466/1
f 312/467/1 308/468/1 307/469/1
f 306/470/184 311/471/184 309/472/184
f 306/470/8 307/469/8 308/473/8
f 310/474/185 307/469/185 305/475/185
f 314/476/7 328/477/7 317/478/7
f 322/479/2 326/480/2 328/481/2
f 320/482/10 322/483/10 315/484/10
f 326/465/186 320/482/186 319/466/186
f 316/485/187 322/483/187 321/486/187
f 314/476/188 324/487/188 323/488/188
f 318/489/189 328/477/189 327/490/189
f 316/485/9 324/487/9 313/491/9
f 331/492/2 346/493/2 332/494/2
f 332/494/1 346/493/1 364/495/1
f 333/496/9 349/497/9 363/498/9
f 329/499/2 358/500/2 336/501/2
f 335/502/8 340/503/8 330/504/8
f 334/505/8 349/497/8 333/496/8
f 343/506/10 352/507/10 347/508/10
f 359/509/10 341/510/10 355/511/10
f 339/512/190 359/513/190 360/514/190
f 347/515/190 345/516/190 343/517/190
f 348/518/191 344/519/191 345/516/191
f 341/510/192 357/520/192 355/511/192
f 342/521/193 356/522/193 357/520/193
f 353/523/193 351/524/193 349/497/193
f 354/525/192 350/526/192 351/524/192
f 330/504/9 340/503/9 362/527/9
f 338/528/191 360/514/191 358/500/191
f 357/529/1 356/522/1 361/530/1
f 338/531/9 362/527/9 339/532/9
f 361/530/1 335/502/1 336/501/1
f 361/530/1 358/500/1 360/533/1
f 359/534/1 355/535/1 361/530/1
f 360/533/1 359/534/1 361/530/1
f 361/530/1 355/535/1 357/529/1
f 339/532/9 362/527/9 337/536/9
f 341/537/9 362/527/9 342/538/9
f 337/536/9 362/527/9 341/537/9
f 342/538/9 362/527/9 340/503/9
f 344/539/9 363/498/9 345/540/9
f 345/540/9 363/498/9 343/541/9
f 351/542/9 363/498/9 349/497/9
f 343/541/9 363/498/9 350/543/9
f 350/543/9 363/498/9 351/542/9
f 353/523/1 364/495/1 354/544/1
f 354/544/1 364/495/1 352/545/1
f 348/546/1 364/495/1 346/493/1
f 352/545/1 364/495/1 347/547/1
f 347/547/1 364/495/1 348/546/1
f 310/474/9 306/548/9 309/549/9
f 309/550/2 311/551/2 320/552/2
f 320/552/2 311/551/2 319/553/2
f 312/467/2 318/554/2 311/551/2
f 318/554/2 312/467/2 317/555/2
f 317/555/2 312/467/2 310/474/2
f 314/556/2 317/555/2 310/474/2
f 309/550/2 320/552/2 315/557/2
f 313/558/2 314/556/2 310/474/2
f 309/550/2 315/557/2 316/559/2
f 309/550/2 316/559/2 313/558/2
f 309/550/2 313/558/2 310/474/2
f 318/554/2 319/553/2 311/551/2
f 331/492/2 344/519/2 346/493/2
f 353/523/1 334/505/1 364/495/1
f 334/505/1 332/494/1 364/495/1
f 344/539/9 331/560/9 363/498/9
f 331/560/9 333/496/9 363/498/9
f 329/499/2 338/528/2 358/500/2
f 335/502/8 356/522/8 340/503/8
f 334/505/8 353/523/8 349/497/8
f 343/506/10 350/526/10 352/507/10
f 359/509/10 337/561/10 341/510/10
f 339/512/190 337/562/190 359/513/190
f 347/515/190 348/518/190 345/516/190
f 348/518/191 346/493/191 344/519/191
f 341/510/192 342/521/192 357/520/192
f 342/521/193 340/503/193 356/522/193
f 353/523/193 354/525/193 351/524/193
f 354/525/192 352/507/192 350/526/192
f 338/531/9 329/563/9 362/527/9
f 329/563/9 330/504/9 362/527/9
f 338/528/191 339/512/191 360/514/191
f 336/501/1 358/500/1 361/530/1
f 361/530/1 356/522/1 335/502/1
f 235/448/162 228/463/194 50/449/163
f 234/451/165 235/448/195 57/450/166
f 55/453/168 233/455/196 234/451/169
f 54/454/171 232/457/172 233/455/172
f 53/456/174 231/564/197 232/457/175
f 52/458/176 230/565/177 231/459/177
f 229/461/179 230/565/179 52/458/180
f 228/463/182 229/461/198 51/462/183
f 318/464/1 327/566/1 326/465/1
f 312/467/1 311/567/1 308/468/1
f 306/470/184 308/473/184 311/471/184
f 306/470/8 305/475/8 307/469/8
f 310/474/185 312/467/185 307/469/185
f 314/476/7 323/488/7 328/477/7
f 328/481/2 323/568/2 324/569/2
f 324/569/2 321/570/2 322/479/2
f 322/479/2 325/571/2 326/480/2
f 326/480/2 327/572/2 328/481/2
f 328/481/2 324/569/2 322/479/2
f 320/482/10 325/573/10 322/483/10
f 326/465/186 325/573/186 320/482/186
f 316/485/187 315/484/187 322/483/187
f 314/476/188 313/491/188 324/487/188
f 318/489/189 317/478/189 328/477/189
f 316/485/9 321/486/9 324/487/9
f 310/474/9 305/475/9 306/548/9
f 424/574/1 425/575/73 423/576/1
f 426/577/73 427/578/199 425/575/73
f 428/579/199 429/580/189 427/578/199
f 430/581/189 431/582/200 429/580/189
f 432/583/200 433/584/201 431/582/200
f 434/585/201 435/586/7 433/584/201
f 436/587/7 437/588/202 435/586/7
f 438/589/202 439/590/203 437/588/202
f 440/591/203 441/592/188 439/590/203
f 442/593/188 443/594/204 441/592/188
f 444/595/204 445/596/205 443/594/204
f 447/597/2 519/598/2 521/599/2
f 447/597/2 523/600/2 449/601/2
f 450/602/206 451/603/207 449/604/206
f 452/605/207 453/606/187 451/603/207
f 454/607/187 455/608/208 453/606/187
f 456/609/208 457/610/209 455/608/208
f 458/611/209 459/612/10 457/610/209
f 460/613/10 461/614/210 459/612/10
f 462/615/210 463/616/211 461/614/210
f 464/617/211 465/618/186 463/616/211
f 466/619/186 467/620/212 465/618/186
f 430/621/8 491/622/8 488/623/213
f 460/624/8 452/625/8 480/626/8
f 468/627/212 469/628/40 467/620/212
f 470/629/40 423/576/1 469/628/40
f 429/630/2 437/631/2 498/632/2
f 453/633/2 461/634/2 510/635/2
f 448/636/8 524/637/8 522/638/8
f 449/601/10 524/637/10 450/639/10
f 446/640/7 519/598/7 445/641/7
f 448/636/8 520/642/8 446/643/8
f 424/574/1 426/577/73 425/575/73
f 426/577/73 428/579/199 427/578/199
f 428/579/199 430/581/189 429/580/189
f 430/581/189 432/583/200 431/582/200
f 432/583/200 434/585/201 433/584/201
f 434/585/201 436/587/7 435/586/7
f 436/587/7 438/589/202 437/588/202
f 438/589/202 440/591/203 439/590/203
f 440/591/203 442/593/188 441/592/188
f 442/593/188 444/595/204 443/594/204
f 444/595/204 446/644/205 445/596/205
f 447/597/2 445/641/2 519/598/2
f 447/597/2 521/599/2 523/600/2
f 450/602/206 452/605/207 451/603/207
f 452/605/207 454/607/187 453/606/187
f 454/607/187 456/609/208 455/608/208
f 456/609/208 458/611/209 457/610/209
f 458/611/209 460/613/10 459/612/10
f 460/613/10 462/615/210 461/614/210
f 462/615/210 464/617/211 463/616/211
f 464/617/211 466/619/186 465/618/186
f 466/619/186 468/627/212 467/620/212
f 487/645/8 436/646/8 434/647/8
f 434/647/8 432/648/8 430/621/8
f 430/621/8 428/649/8 494/650/8
f 430/621/8 494/650/8 485/651/8
f 487/645/8 434/647/8 430/621/8
f 488/623/213 487/645/8 430/621/8
f 430/621/8 485/651/8 491/622/8
f 476/652/8 494/650/8 428/649/8
f 428/649/8 426/653/8 424/654/8
f 424/654/8 470/655/8 468/656/8
f 468/656/8 466/657/8 464/658/8
f 464/658/8 462/659/8 460/624/8
f 460/624/8 458/660/8 456/661/8
f 456/661/8 454/662/8 452/625/8
f 452/625/8 450/663/8 448/664/8
f 448/664/8 446/665/8 444/666/8
f 444/666/8 442/667/8 440/668/8
f 440/668/8 438/669/8 436/646/8
f 436/646/8 487/645/8 490/670/8
f 436/646/8 490/670/8 489/671/8
f 444/666/8 440/668/8 436/646/8
f 452/625/8 448/664/8 444/666/8
f 460/624/8 456/661/8 452/625/8
f 468/656/8 464/658/8 460/624/8
f 428/649/8 424/654/8 468/656/8
f 477/672/214 476/652/8 428/649/8
f 474/673/8 477/672/214 428/649/8
f 444/666/8 436/646/8 489/671/8
f 444/666/8 489/671/8 486/674/8
f 474/673/8 428/649/8 468/656/8
f 475/675/8 474/673/8 468/656/8
f 444/666/8 486/674/8 493/676/8
f 444/666/8 493/676/8 482/677/8
f 472/678/8 475/675/8 468/656/8
f 473/679/8 472/678/8 468/656/8
f 452/625/8 444/666/8 482/677/8
f 452/625/8 482/677/8 483/680/215
f 473/679/8 468/656/8 460/624/8
f 471/681/8 473/679/8 460/624/8
f 452/625/8 483/680/215 481/682/8
f 452/625/8 481/682/8 484/683/8
f 492/684/8 471/681/8 460/624/8
f 478/685/8 492/684/8 460/624/8
f 452/625/8 484/683/8 479/686/8
f 480/626/8 478/685/8 460/624/8
f 452/625/8 479/686/8 480/626/8
f 468/627/212 470/629/40 469/628/40
f 470/629/40 424/574/1 423/576/1
f 499/687/2 501/688/2 429/630/2
f 429/630/2 431/689/2 433/690/2
f 433/690/2 435/691/2 437/631/2
f 437/631/2 517/692/2 500/693/2
f 498/632/2 499/687/2 429/630/2
f 437/631/2 500/693/2 498/632/2
f 429/630/2 433/690/2 437/631/2
f 507/694/2 517/692/2 437/631/2
f 437/631/2 439/695/2 441/696/2
f 441/696/2 443/697/2 445/698/2
f 445/698/2 447/699/2 449/700/2
f 449/700/2 451/701/2 453/633/2
f 453/633/2 455/702/2 457/703/2
f 457/703/2 459/704/2 461/634/2
f 461/634/2 463/705/2 465/706/2
f 465/706/2 467/707/2 469/708/2
f 469/708/2 423/709/2 425/710/2
f 425/710/2 427/711/2 429/630/2
f 429/630/2 501/688/2 496/712/2
f 429/630/2 496/712/2 497/713/2
f 469/708/2 425/710/2 429/630/2
f 461/634/2 465/706/2 469/708/2
f 453/633/2 457/703/2 461/634/2
f 445/698/2 449/700/2 453/633/2
f 437/631/2 441/696/2 445/698/2
f 508/714/216 507/694/2 437/631/2
f 505/715/2 508/714/216 437/631/2
f 469/708/2 429/630/2 497/713/2
f 469/708/2 497/713/2 495/716/2
f 505/715/2 437/631/2 445/698/2
f 506/717/2 505/715/2 445/698/2
f 469/708/2 495/716/2 518/718/2
f 469/708/2 518/718/2 512/719/2
f 503/720/2 506/717/2 445/698/2
f 504/721/2 503/720/2 445/698/2
f 461/634/2 469/708/2 512/719/2
f 461/634/2 512/719/2 513/722/217
f 504/721/2 445/698/2 453/633/2
f 502/723/2 504/721/2 453/633/2
f 461/634/2 513/722/217 515/724/2
f 461/634/2 515/724/2 511/725/2
f 516/726/2 502/723/2 453/633/2
f 514/727/2 516/726/2 453/633/2
f 461/634/2 511/725/2 509/728/2
f 510/635/2 514/727/2 453/633/2
f 461/634/2 509/728/2 510/635/2
f 448/636/8 450/639/8 524/637/8
f 449/601/10 523/600/10 524/637/10
f 446/640/7 520/729/7 519/598/7
f 448/636/8 522/638/8 520/642/8
f 610/730/2 578/731/2 609/732/218
f 578/731/2 610/730/2 611/733/219
f 578/731/2 577/734/218 609/732/218
f 611/733/219 579/735/219 578/731/2
f 577/734/218 608/736/191 609/732/218
f 611/733/219 612/737/220 579/735/219
f 577/734/218 576/738/191 608/736/191
f 612/737/220 580/739/220 579/735/219
f 612/737/220 613/740/221 580/739/220
f 613/740/221 581/741/221 580/739/220
f 576/738/191 607/742/222 608/736/191
f 607/742/222 576/738/191 575/743/222
f 613/740/221 614/744/223 581/741/221
f 614/744/223 582/745/223 581/741/221
f 607/742/222 575/743/222 606/746/224
f 575/743/222 574/747/224 606/746/224
f 574/747/224 605/748/225 606/746/224
f 614/744/223 615/749/226 582/745/223
f 574/747/224 573/750/225 605/748/225
f 615/749/226 583/751/226 582/745/223
f 615/749/226 616/752/227 583/751/226
f 605/748/225 573/750/225 604/753/190
f 573/750/225 572/754/190 604/753/190
f 583/751/226 616/752/227 584/755/227
f 572/754/190 603/756/228 604/753/190
f 584/755/227 616/752/227 585/757/229
f 572/754/190 571/758/228 603/756/228
f 585/757/229 616/752/227 617/759/229
f 571/758/228 602/760/10 603/756/228
f 602/760/10 571/758/228 570/761/10
f 585/757/229 617/759/229 586/762/7
f 586/762/7 554/763/7 585/757/229
f 586/762/7 587/764/230 554/763/7
f 602/760/10 570/761/10 601/765/231
f 601/765/231 570/761/10 569/766/231
f 554/763/7 587/764/230 555/767/230
f 555/767/230 587/764/230 588/768/232
f 555/767/230 588/768/232 556/769/232
f 601/765/231 569/766/231 600/770/192
f 569/771/231 568/772/192 600/773/192
f 568/772/192 599/774/233 600/773/192
f 556/769/232 588/768/232 589/775/234
f 568/772/192 567/776/233 599/774/233
f 556/769/232 589/775/234 557/777/234
f 599/774/233 567/776/233 598/778/235
f 557/777/234 589/775/234 590/779/236
f 557/777/234 590/779/236 558/780/236
f 598/778/235 567/776/233 566/781/235
f 558/780/236 590/779/236 591/782/237
f 598/778/235 566/781/235 597/783/238
f 558/780/236 591/782/237 559/784/237
f 597/783/238 566/781/235 565/785/238
f 559/784/237 591/782/237 592/786/239
f 597/783/238 565/785/238 596/787/193
f 559/784/237 592/786/239 560/788/239
f 596/787/193 565/785/238 564/789/193
f 560/788/239 592/786/239 593/790/240
f 596/787/193 564/789/193 595/791/241
f 595/791/241 564/789/193 563/792/241
f 560/788/239 593/790/240 561/793/240
f 595/791/241 563/792/241 594/794/8
f 561/793/240 593/790/240 594/794/8
f 594/794/8 563/792/241 562/795/8
f 561/793/240 594/794/8 562/795/8
f 1046/796/242 1069/797/243 1070/798/242
f 1052/799/244 1077/800/245 1053/801/245
f 1043/802/246 1056/803/247 1067/804/246
f 1049/805/248 1074/806/249 1050/807/249
f 1046/796/242 1071/808/250 1047/809/250
f 1042/810/247 1077/800/245 1056/803/247
f 1043/811/246 1068/812/251 1044/813/251
f 1050/807/249 1075/814/252 1051/815/252
f 1048/816/253 1071/808/250 1072/817/253
f 1044/818/251 1069/797/243 1045/819/243
f 1051/815/252 1076/820/244 1052/799/244
f 1048/816/253 1073/821/248 1049/805/248
f 716/822/254 694/823/255 717/824/254
f 712/825/256 715/826/257 713/827/256
f 708/828/258 711/829/259 709/830/258
f 712/831/260 1172/832/261 710/833/260
f 704/834/262 707/835/263 705/836/262
f 700/837/264 703/838/265 701/839/264
f 696/840/266 699/841/267 697/842/266
f 738/843/235 741/844/268 739/845/268
f 734/846/269 737/847/270 735/848/270
f 730/849/271 733/850/272 731/851/272
f 727/852/273 728/853/223 729/854/273
f 722/855/274 725/856/275 723/857/275
f 718/858/276 720/859/277 721/860/276
f 1036/861/278 729/862/273 1039/863/278
f 1020/864/279 737/865/270 1023/866/279
f 714/867/280 1161/868/281 1164/869/281
f 1168/870/282 737/865/282 736/871/282
f 708/872/283 1180/873/284 706/874/283
f 700/875/285 1154/876/286 698/877/285
f 705/878/287 1035/879/288 1040/880/288
f 711/881/289 1024/882/290 713/883/289
f 1157/884/282 723/885/282 1008/886/282
f 1144/887/291 994/888/291 995/889/291
f 1143/890/291 995/889/291 996/891/291
f 1150/892/292 722/855/293 1157/893/292
f 1145/894/294 720/859/295 719/895/295
f 694/896/296 1000/897/297 697/898/296
f 996/891/298 998/899/299 1001/900/298
f 1150/892/300 725/901/300 724/902/300
f 1151/903/300 1005/904/300 1150/905/300
f 1156/906/282 1008/886/282 1009/907/282
f 1158/908/301 738/843/302 1163/909/301
f 1152/910/303 1156/911/304 1155/912/303
f 1008/886/305 725/901/275 1005/904/305
f 701/913/306 1007/914/307 1002/915/307
f 1003/916/308 1009/907/309 1004/917/309
f 1163/918/224 739/919/224 1016/920/224
f 1164/921/224 1014/922/224 1015/923/224
f 1161/924/236 1011/925/236 1160/926/236
f 1159/927/236 1013/928/236 1158/929/236
f 1165/930/310 1159/931/311 1162/932/311
f 1016/920/312 741/933/268 1013/928/312
f 715/934/313 1010/935/314 717/936/313
f 1014/922/315 1012/937/316 1011/925/315
f 1166/938/317 1170/939/318 1173/940/317
f 1018/941/319 1022/942/320 1025/943/321
f 1169/944/282 1023/866/282 1168/945/282
f 1168/870/322 734/846/323 1171/946/322
f 1174/947/324 730/849/325 1179/948/324
f 1170/949/300 1020/864/300 1021/950/300
f 1179/951/326 731/952/326 1032/953/326
f 1178/954/326 1032/953/326 1033/955/326
f 1174/947/291 733/956/291 732/957/291
f 1175/958/291 1029/959/291 1174/960/291
f 1176/961/327 1178/962/328 1181/963/327
f 1032/953/329 733/956/272 1029/959/329
f 709/964/330 1031/965/331 1026/966/331
f 1027/967/332 1033/955/333 1028/968/333
f 1185/969/236 727/970/236 1036/861/236
f 1184/971/236 1036/861/236 1037/972/236
f 1034/973/334 1038/974/335 1041/975/334
f 1185/976/336 728/853/337 726/977/337
f 704/978/338 1182/979/339 702/980/338
f 1183/981/340 1189/982/341 1184/983/341
f 853/984/342 695/985/255 716/822/254
f 852/986/342 830/987/8 853/988/342
f 851/989/343 716/822/254 714/990/257
f 850/991/343 853/988/342 851/992/343
f 849/993/344 714/990/257 712/825/256
f 840/994/274 859/995/274 841/996/274
f 847/997/345 712/825/256 710/998/259
f 846/999/345 849/1000/344 847/1001/345
f 845/1002/346 710/998/259 708/828/258
f 844/1003/346 847/1001/345 845/1004/346
f 843/1005/347 708/828/258 706/1006/263
f 842/1007/347 845/1004/346 843/1008/347
f 841/1009/348 706/1006/263 704/834/262
f 834/1010/9 854/1011/9 832/1012/9
f 702/1013/265 841/1009/348 704/834/262
f 839/1014/349 840/1015/348 841/1016/348
f 837/1017/7 702/1013/265 700/837/264
f 837/1018/7 838/1019/349 839/1014/349
f 835/1020/350 700/837/264 698/1021/267
f 834/1022/350 837/1018/7 835/1023/350
f 833/1024/351 698/1021/267 696/840/266
f 851/1025/277 864/1026/277 850/1027/277
f 830/1028/8 696/1029/266 695/985/255
f 831/1030/8 833/1031/351 830/1028/8
f 862/1032/291 865/1033/291 863/1034/291
f 858/1035/300 861/1036/300 859/1037/300
f 854/1011/236 857/1038/236 855/1039/236
f 851/1025/1 863/1040/1 865/1041/1
f 835/1042/223 856/1043/223 834/1044/223
f 848/1045/9 864/1046/9 862/1032/9
f 843/1047/1 859/995/1 861/1048/1
f 848/1045/271 863/1040/271 849/1049/271
f 843/1047/269 860/1050/269 842/1051/269
f 842/1051/9 858/1035/9 840/1052/9
f 832/1012/235 855/1053/235 833/1054/235
f 833/1054/1 857/1055/1 835/1042/1
f 1142/1056/291 996/891/291 997/1057/291
f 1152/910/300 1004/917/300 1151/1058/300
f 1153/1059/300 1003/916/300 1152/1060/300
f 1155/1061/282 1009/907/282 1006/1062/282
f 1154/1063/282 1006/1062/282 1007/1064/282
f 1160/1065/236 1012/937/236 1159/931/236
f 1165/1066/224 1017/1067/224 1014/922/224
f 1162/1068/224 1016/920/224 1017/1067/224
f 1173/1069/300 1021/950/300 1018/941/300
f 1172/1070/300 1018/941/300 1019/1071/300
f 1166/938/282 1022/942/282 1169/1072/282
f 1167/1073/282 1025/943/282 1166/1074/282
f 1176/961/291 1028/968/291 1175/1075/291
f 1177/1076/291 1027/967/291 1176/1077/291
f 1181/1078/326 1033/955/326 1030/1079/326
f 1180/1080/326 1030/1079/326 1031/965/326
f 1183/1081/236 1037/972/236 1034/973/236
f 1182/1082/236 1034/973/236 1035/879/236
f 996/891/298 1000/897/297 997/1057/297
f 999/1083/352 995/889/299 994/888/352
f 1003/916/308 1007/1064/307 1006/1062/308
f 1005/904/305 1009/907/309 1008/886/305
f 1011/925/315 1015/923/314 1014/922/315
f 1013/928/312 1017/1067/316 1016/920/312
f 1025/943/321 1019/1071/290 1018/941/319
f 1023/866/279 1021/950/320 1020/864/279
f 1027/967/332 1031/965/331 1030/1079/332
f 1032/953/329 1028/968/333 1033/955/333
f 1041/975/334 1035/879/288 1034/973/334
f 1039/863/278 1037/972/335 1036/861/278
f 994/888/352 721/1084/276 999/1083/352
f 1053/1085/342 831/1030/8 852/1086/342
f 1052/1087/353 852/1086/342 850/1088/343
f 1051/1089/10 850/1088/343 848/1090/344
f 1050/1091/345 848/1090/344 846/1092/345
f 1049/1093/346 846/1092/345 844/1094/346
f 1048/1095/2 844/1094/346 842/1096/347
f 1047/1097/354 842/1096/347 840/1098/348
f 838/1099/349 1047/1097/354 840/1098/348
f 1045/1100/7 838/1099/349 836/1101/7
f 1044/813/355 836/1101/7 834/1102/350
f 1043/811/356 834/1102/350 832/1103/351
f 1042/1104/8 832/1105/351 831/1030/8
f 562/1106/1 1080/1107/1 1109/1108/1
f 576/1109/1 1108/1110/1 575/1111/1
f 561/1112/1 1109/1108/1 1107/1113/1
f 575/1111/1 1106/1114/1 574/1115/1
f 560/1116/1 1107/1113/1 1105/1117/1
f 574/1115/1 1104/1118/1 573/1119/1
f 559/1120/1 1105/1117/1 1103/1121/1
f 572/1122/1 1104/1118/1 1102/1123/1
f 585/1124/1 1090/1125/1 1101/1126/1
f 558/1127/1 1103/1121/1 1100/1128/1
f 572/1122/1 1099/1129/1 571/1130/1
f 584/1131/1 1101/1126/1 1098/1132/1
f 557/1133/1 1100/1128/1 1097/1134/1
f 571/1130/1 1096/1135/1 570/1136/1
f 584/1131/1 1095/1137/1 583/1138/1
f 556/1139/1 1097/1134/1 1094/1140/1
f 570/1136/1 1093/1141/1 569/1142/1
f 583/1138/1 1092/1143/1 582/1144/1
f 555/1145/1 1094/1140/1 1091/1146/1
f 569/1142/1 1089/1147/1 568/1148/1
f 582/1144/1 1088/1149/1 581/1150/1
f 555/1145/1 1090/1125/1 554/1151/1
f 567/1152/1 1089/1147/1 1087/1153/1
f 581/1150/1 1086/1154/1 580/1155/1
f 566/1156/1 1087/1153/1 1085/1157/1
f 580/1155/1 1084/1158/1 579/1159/1
f 565/1160/1 1085/1157/1 1083/1161/1
f 579/1159/1 1082/1162/1 578/1163/1
f 564/1164/1 1083/1161/1 1081/1165/1
f 578/1163/1 1079/1166/1 577/1167/1
f 563/1168/1 1081/1165/1 1080/1107/1
f 577/1167/1 1078/1169/1 576/1109/1
f 587/1170/9 1141/1171/9 1110/1172/9
f 588/1173/9 1110/1172/9 1111/1174/9
f 588/1173/9 1112/1175/9 589/1176/9
f 589/1176/9 1113/1177/9 590/1178/9
f 590/1178/9 1114/1179/9 591/1180/9
f 591/1180/9 1115/1181/9 592/1182/9
f 592/1182/9 1116/1183/9 593/1184/9
f 593/1184/9 1117/1185/9 594/1186/9
f 594/1186/9 1118/1187/9 595/1188/9
f 595/1188/9 1119/1189/9 596/1190/9
f 596/1190/9 1120/1191/9 597/1192/9
f 597/1192/9 1121/1193/9 598/1194/9
f 598/1194/9 1122/1195/9 599/1196/9
f 599/1196/9 1123/1197/9 600/1198/9
f 600/1198/9 1124/1199/9 601/1200/9
f 601/1200/9 1125/1201/9 602/1202/9
f 602/1202/9 1126/1203/9 603/1204/9
f 603/1204/9 1127/1205/9 604/1206/9
f 604/1206/9 1128/1207/9 605/1208/9
f 606/1209/9 1128/1207/9 1129/1210/9
f 607/1211/9 1129/1210/9 1130/1212/9
f 608/1213/9 1130/1212/9 1131/1214/9
f 609/1215/9 1131/1214/9 1132/1216/9
f 610/1217/9 1132/1216/9 1133/1218/9
f 611/1219/9 1133/1218/9 1134/1220/9
f 612/1221/9 1134/1220/9 1135/1222/9
f 613/1223/9 1135/1222/9 1136/1224/9
f 614/1225/9 1136/1224/9 1137/1226/9
f 615/1227/9 1137/1226/9 1138/1228/9
f 616/1229/9 1138/1228/9 1139/1230/9
f 617/1231/9 1139/1230/9 1140/1232/9
f 586/1233/9 1140/1232/9 1141/1171/9
f 1142/1056/291 694/896/291 695/1234/291
f 697/898/326 1147/1235/326 696/1236/326
f 701/1237/300 1153/1238/300 700/875/300
f 699/1239/282 1154/1240/282 1007/1064/282
f 1145/1241/291 718/1242/291 994/888/291
f 717/936/236 1161/868/236 716/1243/236
f 715/934/224 1164/1244/224 1015/923/224
f 713/883/282 1167/1245/282 712/831/282
f 711/881/300 1172/1246/300 1019/1071/300
f 709/964/291 1177/1247/291 708/872/291
f 707/1248/326 1180/1249/326 1031/965/326
f 703/1250/236 1182/1251/236 1035/879/236
f 705/878/224 1187/1252/224 704/978/224
f 1145/1253/294 1149/1254/357 1148/1255/294
f 1155/1256/303 1153/1059/286 1152/1060/303
f 1157/1257/292 1151/903/304 1150/905/292
f 1165/1258/310 1161/924/281 1160/926/310
f 1163/1259/301 1159/927/311 1158/929/301
f 1166/1074/317 1172/1260/261 1167/1073/261
f 1171/1261/322 1169/944/318 1168/945/322
f 1181/1262/327 1177/1076/284 1176/1077/327
f 1174/960/324 1178/1263/328 1175/958/328
f 1186/1264/340 1182/1265/339 1187/1266/339
f 1188/1267/336 1184/1268/341 1189/1269/341
f 696/1236/358 1142/1270/359 695/1271/358
f 1158/908/236 741/933/236 740/1272/236
f 1147/1273/326 1001/900/326 1146/1274/326
f 1146/1275/326 998/899/326 1149/1276/326
f 1149/1254/326 999/1083/326 1148/1255/326
f 1148/1277/326 721/1084/326 720/859/326
f 1171/1278/300 735/1279/300 1020/864/300
f 1147/1273/359 1143/1280/360 1142/1281/359
f 1144/1282/357 1146/1275/360 1149/1276/357
f 1187/1266/224 1041/975/224 1186/1264/224
f 1186/1283/224 1038/974/224 1189/982/224
f 1189/1269/224 1039/863/224 1188/1267/224
f 1188/1284/224 729/862/224 728/853/224
f 1046/796/242 1045/819/243 1069/797/243
f 1052/799/244 1076/820/244 1077/800/245
f 1043/802/246 1042/810/247 1056/803/247
f 1049/805/248 1073/821/248 1074/806/249
f 1046/796/242 1070/798/242 1071/808/250
f 1042/810/247 1053/801/245 1077/800/245
f 1043/811/246 1067/1285/246 1068/812/251
f 1050/807/249 1074/806/249 1075/814/252
f 1048/816/253 1047/809/250 1071/808/250
f 1044/818/251 1068/1286/251 1069/797/243
f 1051/815/252 1075/814/252 1076/820/244
f 1048/816/253 1072/817/253 1073/821/248
f 716/822/254 695/985/255 694/823/255
f 712/825/256 714/990/257 715/826/257
f 708/828/258 710/998/259 711/829/259
f 712/831/260 1167/1245/261 1172/832/261
f 704/834/262 706/1006/263 707/835/263
f 700/837/264 702/1013/265 703/838/265
f 696/840/266 698/1021/267 699/841/267
f 738/843/235 740/1272/235 741/844/268
f 734/846/269 736/871/269 737/847/270
f 730/849/271 732/957/271 733/850/272
f 727/852/273 726/977/223 728/853/223
f 722/855/274 724/902/274 725/856/275
f 718/858/276 719/895/277 720/859/277
f 1036/861/278 727/970/273 729/862/273
f 1020/864/279 735/1279/270 737/865/270
f 714/867/280 716/1243/280 1161/868/281
f 1168/870/282 1023/866/282 737/865/282
f 708/872/283 1177/1247/284 1180/873/284
f 700/875/285 1153/1238/286 1154/876/286
f 705/878/287 703/1250/287 1035/879/288
f 711/881/289 1019/1071/290 1024/882/290
f 1157/884/282 722/1287/282 723/885/282
f 1144/887/291 1145/1288/291 994/888/291
f 1143/890/291 1144/1289/291 995/889/291
f 1150/892/292 724/902/293 722/855/293
f 1145/894/294 1148/1277/294 720/859/295
f 694/896/296 997/1057/297 1000/897/297
f 996/891/298 995/889/299 998/899/299
f 1150/892/300 1005/904/300 725/901/300
f 1151/903/300 1004/917/300 1005/904/300
f 1156/906/282 1157/1290/282 1008/886/282
f 1158/908/301 740/1272/302 738/843/302
f 1152/910/303 1151/1058/304 1156/911/304
f 1008/886/305 723/885/275 725/901/275
f 701/913/306 699/1291/306 1007/914/307
f 1003/916/308 1006/1062/308 1009/907/309
f 1163/918/224 738/1292/224 739/919/224
f 1164/921/224 1165/1293/224 1014/922/224
f 1161/924/236 1010/935/236 1011/925/236
f 1159/927/236 1012/937/236 1013/928/236
f 1165/930/310 1160/1065/310 1159/931/311
f 1016/920/312 739/919/268 741/933/268
f 715/934/313 1015/923/314 1010/935/314
f 1014/922/315 1017/1067/316 1012/937/316
f 1166/938/317 1169/1072/318 1170/939/318
f 1018/941/319 1021/950/320 1022/942/320
f 1169/944/282 1022/942/282 1023/866/282
f 1168/870/322 736/871/323 734/846/323
f 1174/947/324 732/957/325 730/849/325
f 1170/949/300 1171/1294/300 1020/864/300
f 1179/951/326 730/1295/326 731/952/326
f 1178/954/326 1179/1296/326 1032/953/326
f 1174/947/291 1029/959/291 733/956/291
f 1175/958/291 1028/968/291 1029/959/291
f 1176/961/327 1175/1075/328 1178/962/328
f 1032/953/329 731/952/272 733/956/272
f 709/964/330 707/1248/330 1031/965/331
f 1027/967/332 1030/1079/332 1033/955/333
f 1185/969/236 726/1297/236 727/970/236
f 1184/971/236 1185/1298/236 1036/861/236
f 1034/973/334 1037/972/335 1038/974/335
f 1185/976/336 1188/1284/336 728/853/337
f 704/978/338 1187/1252/339 1182/979/339
f 1183/981/340 1186/1283/340 1189/982/341
f 853/984/342 830/1028/8 695/985/255
f 852/986/342 831/1299/8 830/987/8
f 851/989/343 853/984/342 716/822/254
f 850/991/343 852/986/342 853/988/342
f 849/993/344 851/989/343 714/990/257
f 840/994/274 858/1300/274 859/995/274
f 847/997/345 849/993/344 712/825/256
f 846/999/345 848/1301/344 849/1000/344
f 845/1002/346 847/997/345 710/998/259
f 844/1003/346 846/999/345 847/1001/345
f 843/1005/347 845/1002/346 708/828/258
f 842/1007/347 844/1003/346 845/1004/346
f 841/1009/348 843/1005/347 706/1006/263
f 834/1010/9 856/1302/9 854/1011/9
f 702/1013/265 839/1303/349 841/1009/348
f 839/1014/349 838/1019/349 840/1015/348
f 837/1017/7 839/1303/349 702/1013/265
f 837/1018/7 836/1304/7 838/1019/349
f 835/1020/350 837/1017/7 700/837/264
f 834/1022/350 836/1304/7 837/1018/7
f 833/1024/351 835/1020/350 698/1021/267
f 851/1025/277 865/1041/277 864/1026/277
f 830/1028/8 833/1031/351 696/1029/266
f 831/1030/8 832/1105/351 833/1031/351
f 862/1032/291 864/1046/291 865/1033/291
f 858/1035/300 860/1050/300 861/1036/300
f 854/1011/236 856/1302/236 857/1038/236
f 851/1025/1 849/1049/1 863/1040/1
f 835/1042/223 857/1055/223 856/1043/223
f 848/1045/9 850/1305/9 864/1046/9
f 843/1047/1 841/996/1 859/995/1
f 848/1045/271 862/1032/271 863/1040/271
f 843/1047/269 861/1048/269 860/1050/269
f 842/1051/9 860/1050/9 858/1035/9
f 832/1012/235 854/1011/235 855/1053/235
f 833/1054/1 855/1053/1 857/1055/1
f 1142/1056/291 1143/1306/291 996/891/291
f 1152/910/300 1003/916/300 1004/917/300
f 1153/1059/300 1002/1307/300 1003/916/300
f 1155/1061/282 1156/1308/282 1009/907/282
f 1154/1063/282 1155/1309/282 1006/1062/282
f 1160/1065/236 1011/925/236 1012/937/236
f 1165/1066/224 1162/1310/224 1017/1067/224
f 1162/1068/224 1163/1311/224 1016/920/224
f 1173/1069/300 1170/1312/300 1021/950/300
f 1172/1070/300 1173/1313/300 1018/941/300
f 1166/938/282 1025/943/282 1022/942/282
f 1167/1073/282 1024/882/282 1025/943/282
f 1176/961/291 1027/967/291 1028/968/291
f 1177/1076/291 1026/966/291 1027/967/291
f 1181/1078/326 1178/1314/326 1033/955/326
f 1180/1080/326 1181/1315/326 1030/1079/326
f 1183/1081/236 1184/1316/236 1037/972/236
f 1182/1082/236 1183/1317/236 1034/973/236
f 996/891/298 1001/900/298 1000/897/297
f 999/1083/352 998/899/299 995/889/299
f 1003/916/308 1002/1307/307 1007/1064/307
f 1005/904/305 1004/917/309 1009/907/309
f 1011/925/315 1010/935/314 1015/923/314
f 1013/928/312 1012/937/316 1017/1067/316
f 1025/943/321 1024/882/290 1019/1071/290
f 1023/866/279 1022/942/320 1021/950/320
f 1027/967/332 1026/966/331 1031/965/331
f 1032/953/329 1029/959/329 1028/968/333
f 1041/975/334 1040/880/288 1035/879/288
f 1039/863/278 1038/974/335 1037/972/335
f 994/888/352 718/1242/276 721/1084/276
f 1053/1085/342 1042/1104/8 831/1030/8
f 1052/1087/353 1053/1085/342 852/1086/342
f 1051/1089/10 1052/1087/353 850/1088/343
f 1050/1091/345 1051/1089/10 848/1090/344
f 1049/1093/346 1050/1091/345 846/1092/345
f 1048/1095/2 1049/1093/346 844/1094/346
f 1047/1097/354 1048/1095/2 842/1096/347
f 838/1099/349 1046/1318/349 1047/1097/354
f 1045/1100/7 1046/1318/349 838/1099/349
f 1044/813/355 1045/1100/7 836/1101/7
f 1043/811/356 1044/813/355 834/1102/350
f 1042/1104/8 1043/1319/356 832/1105/351
f 562/1106/1 563/1168/1 1080/1107/1
f 576/1109/1 1078/1169/1 1108/1110/1
f 561/1112/1 562/1106/1 1109/1108/1
f 575/1111/1 1108/1110/1 1106/1114/1
f 560/1116/1 561/1112/1 1107/1113/1
f 574/1115/1 1106/1114/1 1104/1118/1
f 559/1120/1 560/1116/1 1105/1117/1
f 572/1122/1 573/1119/1 1104/1118/1
f 585/1124/1 554/1151/1 1090/1125/1
f 558/1127/1 559/1120/1 1103/1121/1
f 572/1122/1 1102/1123/1 1099/1129/1
f 584/1131/1 585/1124/1 1101/1126/1
f 557/1133/1 558/1127/1 1100/1128/1
f 571/1130/1 1099/1129/1 1096/1135/1
f 584/1131/1 1098/1132/1 1095/1137/1
f 556/1139/1 557/1133/1 1097/1134/1
f 570/1136/1 1096/1135/1 1093/1141/1
f 583/1138/1 1095/1137/1 1092/1143/1
f 555/1145/1 556/1139/1 1094/1140/1
f 569/1142/1 1093/1141/1 1089/1147/1
f 582/1144/1 1092/1143/1 1088/1149/1
f 555/1145/1 1091/1146/1 1090/1125/1
f 567/1152/1 568/1148/1 1089/1147/1
f 581/1150/1 1088/1149/1 1086/1154/1
f 566/1156/1 567/1152/1 1087/1153/1
f 580/1155/1 1086/1154/1 1084/1158/1
f 565/1160/1 566/1156/1 1085/1157/1
f 579/1159/1 1084/1158/1 1082/1162/1
f 564/1164/1 565/1160/1 1083/1161/1
f 578/1163/1 1082/1162/1 1079/1166/1
f 563/1168/1 564/1164/1 1081/1165/1
f 577/1167/1 1079/1166/1 1078/1169/1
f 587/1170/9 586/1233/9 1141/1171/9
f 588/1173/9 587/1170/9 1110/1172/9
f 588/1173/9 1111/1174/9 1112/1175/9
f 589/1176/9 1112/1175/9 1113/1177/9
f 590/1178/9 1113/1177/9 1114/1179/9
f 591/1180/9 1114/1179/9 1115/1181/9
f 592/1182/9 1115/1181/9 1116/1183/9
f 593/1184/9 1116/1183/9 1117/1185/9
f 594/1186/9 1117/1185/9 1118/1187/9
f 595/1188/9 1118/1187/9 1119/1189/9
f 596/1190/9 1119/1189/9 1120/1191/9
f 597/1192/9 1120/1191/9 1121/1193/9
f 598/1194/9 1121/1193/9 1122/1195/9
f 599/1196/9 1122/1195/9 1123/1197/9
f 600/1198/9 1123/1197/9 1124/1199/9
f 601/1200/9 1124/1199/9 1125/1201/9
f 602/1202/9 1125/1201/9 1126/1203/9
f 603/1204/9 1126/1203/9 1127/1205/9
f 604/1206/9 1127/1205/9 1128/1207/9
f 606/1209/9 605/1208/9 1128/1207/9
f 607/1211/9 606/1209/9 1129/1210/9
f 608/1213/9 607/1211/9 1130/1212/9
f 609/1215/9 608/1213/9 1131/1214/9
f 610/1217/9 609/1215/9 1132/1216/9
f 611/1219/9 610/1217/9 1133/1218/9
f 612/1221/9 611/1219/9 1134/1220/9
f 613/1223/9 612/1221/9 1135/1222/9
f 614/1225/9 613/1223/9 1136/1224/9
f 615/1227/9 614/1225/9 1137/1226/9
f 616/1229/9 615/1227/9 1138/1228/9
f 617/1231/9 616/1229/9 1139/1230/9
f 586/1233/9 617/1231/9 1140/1232/9
f 1142/1056/291 997/1057/291 694/896/291
f 697/898/326 1000/897/326 1147/1235/326
f 701/1237/300 1002/1307/300 1153/1238/300
f 699/1239/282 698/1320/282 1154/1240/282
f 1145/1241/291 719/1321/291 718/1242/291
f 717/936/236 1010/935/236 1161/868/236
f 715/934/224 714/1322/224 1164/1244/224
f 713/883/282 1024/882/282 1167/1245/282
f 711/881/300 710/1323/300 1172/1246/300
f 709/964/291 1026/966/291 1177/1247/291
f 707/1248/326 706/1324/326 1180/1249/326
f 703/1250/236 702/1325/236 1182/1251/236
f 705/878/224 1040/880/224 1187/1252/224
f 1145/1253/294 1144/1326/357 1149/1254/357
f 1155/1256/303 1154/1327/286 1153/1059/286
f 1157/1257/292 1156/1328/304 1151/903/304
f 1165/1258/310 1164/1329/281 1161/924/281
f 1163/1259/301 1162/1330/311 1159/927/311
f 1166/1074/317 1173/1331/317 1172/1260/261
f 1171/1261/322 1170/1332/318 1169/944/318
f 1181/1262/327 1180/1333/284 1177/1076/284
f 1174/960/324 1179/1334/324 1178/1263/328
f 1186/1264/340 1183/1335/340 1182/1265/339
f 1188/1267/336 1185/1336/336 1184/1268/341
f 696/1236/358 1147/1235/359 1142/1270/359
f 1158/908/236 1013/928/236 741/933/236
f 1147/1273/326 1000/897/326 1001/900/326
f 1146/1275/326 1001/900/326 998/899/326
f 1149/1254/326 998/899/326 999/1083/326
f 1148/1277/326 999/1083/326 721/1084/326
f 1171/1278/300 734/1337/300 735/1279/300
f 1147/1273/359 1146/1274/360 1143/1280/360
f 1144/1282/357 1143/1338/360 1146/1275/360
f 1187/1266/224 1040/880/224 1041/975/224
f 1186/1283/224 1041/975/224 1038/974/224
f 1189/1269/224 1038/974/224 1039/863/224
f 1188/1284/224 1039/863/224 729/862/224
usemtl SpacialRoverExploreralumBlack
f 235/1339/361 238/1340/361 228/1341/361
f 228/1341/362 245/1342/362 229/1343/362
f 229/1343/363 246/1344/363 230/1345/363
f 231/1346/364 246/1344/364 247/1347/364
f 232/1348/365 247/1349/365 248/1350/365
f 57/1351/366 70/1352/367 56/1353/367
f 54/1354/368 68/1355/369 66/1356/368
f 53/1357/370 62/1358/371 52/1359/371
f 50/1360/372 60/1361/373 73/1362/372
f 50/1360/372 72/1363/374 57/1351/366
f 55/1364/375 70/1352/367 68/1355/369
f 54/1354/368 64/1365/376 53/1357/370
f 51/1366/377 62/1358/371 60/1361/373
f 72/1367/378 58/1368/379 71/1369/380
f 70/1370/381 71/1369/382 69/1371/383
f 67/1372/384 70/1370/385 69/1371/386
f 65/1373/387 68/1374/388 67/1372/389
f 63/1375/390 66/1376/391 65/1377/392
f 61/1378/393 64/1379/394 63/1375/395
f 60/1380/396 61/1378/397 59/1381/398
f 73/1382/399 59/1381/400 58/1368/401
f 237/1383/402 245/1384/402 238/1385/402
f 236/1386/403 246/1344/403 245/1384/403
f 246/1344/404 240/1387/404 247/1347/404
f 247/1388/405 241/1389/405 248/1390/405
f 248/1390/406 242/1391/406 249/1392/406
f 249/1392/407 243/1393/407 250/1394/407
f 243/1393/408 251/1395/408 250/1394/408
f 244/1396/409 238/1385/409 251/1397/409
f 234/1398/410 251/1399/410 235/1339/410
f 234/1398/411 249/1400/411 250/1401/411
f 233/1402/412 248/1350/412 249/1400/412
f 235/1339/361 251/1399/361 238/1340/361
f 228/1341/362 238/1340/362 245/1342/362
f 229/1343/363 245/1342/413 246/1344/363
f 231/1346/364 230/1345/414 246/1344/364
f 232/1348/365 231/1403/365 247/1349/365
f 57/1351/366 72/1363/374 70/1352/367
f 54/1354/368 55/1364/375 68/1355/369
f 53/1357/370 64/1365/376 62/1358/371
f 50/1360/372 51/1366/377 60/1361/373
f 50/1360/372 73/1362/372 72/1363/374
f 55/1364/375 56/1353/367 70/1352/367
f 54/1354/368 66/1356/368 64/1365/376
f 51/1366/377 52/1359/371 62/1358/371
f 72/1367/378 73/1382/415 58/1368/379
f 70/1370/381 72/1367/416 71/1369/382
f 67/1372/417 68/1374/418 70/1370/385
f 65/1373/387 66/1404/419 68/1374/388
f 63/1375/390 64/1379/420 66/1376/391
f 61/1378/421 62/1405/422 64/1379/423
f 60/1380/396 62/1405/424 61/1378/397
f 73/1382/399 60/1380/425 59/1381/400
f 237/1383/402 236/1386/402 245/1384/402
f 236/1386/403 239/1406/403 246/1344/403
f 246/1344/404 239/1406/404 240/1387/404
f 247/1388/405 240/1407/405 241/1389/405
f 248/1390/406 241/1389/406 242/1391/406
f 249/1392/407 242/1391/407 243/1393/407
f 243/1393/408 244/1408/408 251/1395/408
f 244/1396/409 237/1383/409 238/1385/409
f 234/1398/410 250/1401/410 251/1399/410
f 234/1398/411 233/1402/411 249/1400/411
f 233/1402/412 232/1348/412 248/1350/412
usemtl SpacialRoverExploreralumOrange
f 147/1409/42 76/1410/73 74/1411/1
f 146/1412/73 78/1413/199 76/1410/73
f 148/1414/199 80/1415/189 78/1413/199
f 149/1416/189 82/1417/200 80/1415/189
f 150/1418/200 84/1419/201 82/1417/200
f 151/1420/201 86/1421/7 84/1419/201
f 152/1422/7 88/1423/202 86/1421/7
f 153/1424/202 90/1425/203 88/1423/202
f 154/1426/203 92/1427/188 90/1425/203
f 155/1428/188 94/1429/204 92/1427/188
f 156/1430/204 96/1431/47 94/1429/204
f 157/1432/47 98/1433/9 96/1431/47
f 158/1434/76 100/1435/43 98/1436/9
f 159/1437/43 102/1438/207 100/1435/43
f 160/1439/45 104/1440/187 102/1438/207
f 161/1441/187 106/1442/208 104/1440/187
f 162/1443/208 108/1444/209 106/1442/208
f 163/1445/209 110/1446/10 108/1444/209
f 164/1447/10 112/1448/210 110/1446/10
f 165/1449/210 114/1450/211 112/1448/210
f 166/1451/211 116/1452/186 114/1450/211
f 167/1453/186 118/1454/212 116/1452/186
f 168/1455/79 120/1456/40 118/1454/212
f 169/1457/40 74/1411/1 120/1456/40
f 147/1409/42 146/1412/73 76/1410/73
f 146/1412/73 148/1414/199 78/1413/199
f 148/1414/199 149/1416/189 80/1415/189
f 149/1416/189 150/1418/200 82/1417/200
f 150/1418/200 151/1420/201 84/1419/201
f 151/1420/201 152/1422/7 86/1421/7
f 152/1422/7 153/1424/202 88/1423/202
f 153/1424/202 154/1426/203 90/1425/203
f 154/1426/203 155/1428/188 92/1427/188
f 155/1428/188 156/1430/204 94/1429/204
f 156/1430/204 157/1432/47 96/1431/47
f 157/1432/47 158/1458/76 98/1433/9
f 158/1434/76 159/1437/43 100/1435/43
f 159/1437/43 160/1439/45 102/1438/207
f 160/1439/45 161/1441/187 104/1440/187
f 161/1441/187 162/1443/208 106/1442/208
f 162/1443/208 163/1445/209 108/1444/209
f 163/1445/209 164/1447/10 110/1446/10
f 164/1447/10 165/1449/210 112/1448/210
f 165/1449/210 166/1451/211 114/1450/211
f 166/1451/211 167/1453/186 116/1452/186
f 167/1453/186 168/1455/79 118/1454/212
f 168/1455/79 169/1457/40 120/1456/40
f 169/1457/40 147/1409/42 74/1411/1
usemtl SpacialRoverExploreralumGrayDeep
f 378/1459/426 389/1460/427 390/1461/427
f 374/1462/1 537/1463/1 535/1464/1
f 390/1465/1 534/1466/1 536/1467/1
f 370/1468/428 374/1469/429 365/1470/429
f 367/1471/9 544/1472/9 542/1473/9
f 389/1474/9 540/1475/9 547/1476/9
f 366/1477/430 375/1478/431 373/1479/430
f 368/1480/432 376/1481/433 375/1478/432
f 367/1482/433 374/1469/429 376/1481/433
f 378/1459/426 371/1483/434 369/1484/426
f 380/1485/435 372/1486/436 371/1483/435
f 379/1487/436 370/1468/428 372/1486/436
f 381/1488/437 416/1489/437 415/1490/437
f 416/1489/438 383/1491/438 417/1492/438
f 383/1493/439 418/1494/439 417/1495/439
f 384/1496/440 419/1497/441 418/1494/441
f 385/1498/442 420/1499/442 419/1497/442
f 420/1499/443 387/1500/443 421/1501/443
f 382/1502/9 388/1503/9 386/1504/9
f 387/1500/444 422/1505/444 421/1501/444
f 388/1506/445 415/1490/445 422/1505/445
f 389/1507/446 403/1508/447 390/1509/446
f 391/1510/448 366/1477/430 373/1479/430
f 413/1511/9 389/1474/9 411/1512/9
f 412/1513/449 394/1514/450 393/1515/450
f 408/1516/1 390/1465/1 410/1517/1
f 394/1514/450 395/1518/451 393/1515/450
f 405/1519/1 553/1520/1 403/1521/1
f 404/1522/452 396/1523/453 401/1524/453
f 398/1525/447 405/1526/454 403/1508/447
f 400/1527/454 406/1528/455 405/1526/454
f 399/1529/456 404/1522/452 406/1528/456
f 399/1530/9 400/1531/9 552/1532/9
f 412/1513/449 409/1533/457 407/1534/458
f 414/1535/457 410/1536/459 409/1533/457
f 413/1537/460 408/1538/461 410/1539/460
f 408/1538/461 392/1540/448 391/1510/448
f 417/1541/1 419/1542/1 421/1543/1
f 396/1523/462 402/1544/462 401/1524/462
f 552/1532/9 389/1474/9 393/1545/9
f 414/1546/9 389/1474/9 413/1511/9
f 389/1474/9 414/1546/9 412/1547/9
f 389/1474/9 412/1547/9 393/1545/9
f 411/1512/9 389/1474/9 392/1548/9
f 409/1549/1 390/1465/1 407/1550/1
f 410/1517/1 390/1465/1 409/1549/1
f 390/1465/1 408/1516/1 391/1551/1
f 407/1550/1 390/1465/1 394/1552/1
f 397/1553/9 552/1532/9 396/1554/9
f 396/1554/9 552/1532/9 395/1555/9
f 552/1532/9 397/1553/9 399/1530/9
f 552/1532/9 400/1531/9 398/1556/9
f 553/1520/1 394/1552/1 390/1465/1
f 553/1520/1 401/1557/1 402/1558/1
f 401/1557/1 553/1520/1 404/1559/1
f 404/1559/1 553/1520/1 406/1560/1
f 406/1560/1 553/1520/1 405/1519/1
f 378/1459/426 369/1484/426 389/1460/427
f 535/1464/1 373/1561/1 375/1562/1
f 375/1562/1 376/1563/1 374/1462/1
f 374/1462/1 377/1564/1 532/1565/1
f 374/1462/1 532/1565/1 533/1566/1
f 535/1464/1 375/1562/1 374/1462/1
f 374/1462/1 533/1566/1 537/1463/1
f 529/1567/1 532/1565/1 377/1564/1
f 377/1564/1 379/1568/1 380/1569/1
f 380/1569/1 378/1570/1 390/1465/1
f 373/1561/1 535/1464/1 525/1571/1
f 373/1561/1 525/1571/1 526/1572/1
f 529/1567/1 377/1564/1 380/1569/1
f 530/1573/1 529/1567/1 380/1569/1
f 391/1551/1 373/1561/1 526/1572/1
f 391/1551/1 526/1572/1 527/1574/1
f 530/1573/1 380/1569/1 390/1465/1
f 531/1575/1 530/1573/1 390/1465/1
f 390/1465/1 391/1551/1 527/1574/1
f 390/1465/1 527/1574/1 528/1576/1
f 536/1467/1 531/1575/1 390/1465/1
f 390/1465/1 528/1576/1 534/1466/1
f 370/1468/428 377/1577/428 374/1469/429
f 550/1578/9 365/1579/9 367/1471/9
f 367/1471/9 368/1580/9 544/1472/9
f 542/1473/9 550/1578/9 367/1471/9
f 543/1581/9 544/1472/9 368/1580/9
f 389/1474/9 369/1582/9 371/1583/9
f 371/1583/9 372/1584/9 370/1585/9
f 365/1579/9 550/1578/9 549/1586/9
f 365/1579/9 549/1586/9 548/1587/9
f 371/1583/9 370/1585/9 365/1579/9
f 543/1581/9 368/1580/9 366/1588/9
f 538/1589/9 543/1581/9 366/1588/9
f 371/1583/9 365/1579/9 548/1587/9
f 371/1583/9 548/1587/9 546/1590/9
f 538/1589/9 366/1588/9 392/1548/9
f 545/1591/9 538/1589/9 392/1548/9
f 371/1583/9 546/1590/9 539/1592/9
f 389/1474/9 371/1583/9 539/1592/9
f 545/1591/9 392/1548/9 389/1474/9
f 551/1593/9 545/1591/9 389/1474/9
f 389/1474/9 539/1592/9 541/1594/9
f 389/1474/9 541/1594/9 540/1475/9
f 547/1476/9 551/1593/9 389/1474/9
f 366/1477/430 368/1480/431 375/1478/431
f 368/1480/432 367/1482/433 376/1481/433
f 367/1482/433 365/1470/429 374/1469/429
f 378/1459/426 380/1485/434 371/1483/434
f 380/1485/435 379/1487/436 372/1486/436
f 379/1487/436 377/1577/428 370/1468/428
f 381/1488/437 382/1595/437 416/1489/437
f 416/1489/438 382/1595/438 383/1491/438
f 383/1493/439 384/1496/439 418/1494/439
f 384/1496/440 385/1498/440 419/1497/441
f 385/1498/442 386/1596/442 420/1499/442
f 420/1499/443 386/1596/443 387/1500/443
f 386/1504/9 385/1597/9 384/1598/9
f 384/1598/9 383/1599/9 382/1502/9
f 382/1502/9 381/1600/9 388/1503/9
f 388/1503/9 387/1601/9 386/1504/9
f 386/1504/9 384/1598/9 382/1502/9
f 387/1500/444 388/1506/444 422/1505/444
f 388/1506/445 381/1488/445 415/1490/445
f 389/1507/446 398/1525/447 403/1508/447
f 391/1510/448 392/1540/448 366/1477/430
f 412/1513/449 407/1534/458 394/1514/450
f 394/1514/450 402/1544/451 395/1518/451
f 404/1522/452 397/1602/452 396/1523/453
f 398/1525/447 400/1527/454 405/1526/454
f 400/1527/454 399/1529/455 406/1528/455
f 399/1529/456 397/1602/452 404/1522/452
f 412/1513/449 414/1535/457 409/1533/457
f 414/1535/457 413/1603/459 410/1536/459
f 413/1537/460 411/1604/461 408/1538/461
f 408/1538/461 411/1604/461 392/1540/448
f 421/1543/1 422/1605/1 415/1606/1
f 415/1606/1 416/1607/1 417/1541/1
f 417/1541/1 418/1608/1 419/1542/1
f 419/1542/1 420/1609/1 421/1543/1
f 421/1543/1 415/1606/1 417/1541/1
f 396/1523/462 395/1518/462 402/1544/462
f 393/1545/9 395/1555/9 552/1532/9
f 552/1532/9 398/1556/9 389/1474/9
f 390/1465/1 403/1521/1 553/1520/1
f 553/1520/1 402/1558/1 394/1552/1
f 689/1610/356 760/1611/8 688/1612/8
f 717/824/254 742/1613/8 753/1614/342
f 752/1615/353 717/824/254 753/1614/342
f 713/827/256 752/1615/353 751/1616/10
f 711/829/259 751/1616/10 750/1617/345
f 709/830/258 750/1617/345 749/1618/346
f 707/835/263 749/1618/346 748/1619/2
f 705/836/262 748/1619/2 747/1620/354
f 746/1621/349 705/836/262 747/1620/354
f 745/1622/7 703/838/265 746/1621/349
f 699/841/267 745/1622/7 744/1623/355
f 697/842/266 744/1623/355 743/1624/356
f 694/823/255 743/1625/356 742/1613/8
f 682/1626/1 743/1627/1 683/1628/1
f 683/1628/1 744/1629/1 684/1630/1
f 684/1630/1 745/1631/1 685/1632/1
f 686/1633/1 745/1631/1 746/1634/1
f 686/1633/1 747/1635/1 687/1636/1
f 688/1637/1 747/1635/1 748/1638/1
f 688/1637/1 749/1639/1 689/1640/1
f 690/1641/1 749/1639/1 750/1642/1
f 690/1641/1 751/1643/1 691/1644/1
f 691/1644/1 752/1645/1 692/1646/1
f 692/1646/1 753/1647/1 693/1648/1
f 682/1626/1 753/1647/1 742/1649/1
f 757/1650/1 761/1651/1 765/1652/1
f 686/1653/353 757/1654/10 685/1655/10
f 693/1656/354 764/1657/349 692/1658/349
f 683/1659/346 754/1660/2 682/1661/2
f 690/1662/355 761/1663/356 689/1610/356
f 686/1653/353 759/1664/342 758/1665/353
f 682/1661/2 765/1666/354 693/1656/354
f 684/1667/345 755/1668/346 683/1669/346
f 691/1670/7 762/1671/355 690/1662/355
f 688/1612/8 759/1664/342 687/1672/342
f 685/1655/10 756/1673/345 684/1667/345
f 692/1658/349 763/1674/7 691/1670/7
f 1055/1675/8 1067/1676/356 1056/1677/8
f 1054/1678/356 1068/812/355 1067/1285/356
f 1057/1679/355 1069/1680/7 1068/812/355
f 1058/1681/7 1070/1682/349 1069/1680/7
f 1070/1682/349 1060/1683/354 1071/1684/354
f 1060/1683/354 1072/1685/2 1071/1684/354
f 1061/1686/2 1073/1687/346 1072/1685/2
f 1062/1688/346 1074/1689/345 1073/1687/346
f 1063/1690/345 1075/1691/10 1074/1689/345
f 1064/1692/10 1076/1693/353 1075/1691/10
f 1065/1694/9 1061/1695/9 1057/1679/9
f 1065/1696/353 1077/1697/342 1076/1693/353
f 1066/1698/342 1056/1677/8 1077/1697/342
f 689/1610/356 761/1663/356 760/1611/8
f 717/824/254 694/823/255 742/1613/8
f 752/1615/353 715/826/257 717/824/254
f 713/827/256 715/826/257 752/1615/353
f 711/829/259 713/827/256 751/1616/10
f 709/830/258 711/829/259 750/1617/345
f 707/835/263 709/830/258 749/1618/346
f 705/836/262 707/835/263 748/1619/2
f 746/1621/349 703/838/265 705/836/262
f 745/1622/7 701/839/264 703/838/265
f 699/841/267 701/839/264 745/1622/7
f 697/842/266 699/841/267 744/1623/355
f 694/823/255 697/1699/266 743/1625/356
f 682/1626/1 742/1649/1 743/1627/1
f 683/1628/1 743/1627/1 744/1629/1
f 684/1630/1 744/1629/1 745/1631/1
f 686/1633/1 685/1632/1 745/1631/1
f 686/1633/1 746/1634/1 747/1635/1
f 688/1637/1 687/1636/1 747/1635/1
f 688/1637/1 748/1638/1 749/1639/1
f 690/1641/1 689/1640/1 749/1639/1
f 690/1641/1 750/1642/1 751/1643/1
f 691/1644/1 751/1643/1 752/1645/1
f 692/1646/1 752/1645/1 753/1647/1
f 682/1626/1 693/1648/1 753/1647/1
f 765/1652/1 754/1700/1 755/1701/1
f 755/1701/1 756/1702/1 757/1650/1
f 757/1650/1 758/1703/1 759/1704/1
f 759/1704/1 760/1705/1 761/1651/1
f 761/1651/1 762/1706/1 763/1707/1
f 763/1707/1 764/1708/1 765/1652/1
f 765/1652/1 755/1701/1 757/1650/1
f 757/1650/1 759/1704/1 761/1651/1
f 761/1651/1 763/1707/1 765/1652/1
f 686/1653/353 758/1665/353 757/1654/10
f 693/1656/354 765/1666/354 764/1657/349
f 683/1659/346 755/1709/346 754/1660/2
f 690/1662/355 762/1671/355 761/1663/356
f 686/1653/353 687/1672/342 759/1664/342
f 682/1661/2 754/1660/2 765/1666/354
f 684/1667/345 756/1673/345 755/1668/346
f 691/1670/7 763/1674/7 762/1671/355
f 688/1612/8 760/1611/8 759/1664/342
f 685/1655/10 757/1654/10 756/1673/345
f 692/1658/349 764/1657/349 763/1674/7
f 1055/1675/8 1054/1710/356 1067/1676/356
f 1054/1678/356 1057/1679/355 1068/812/355
f 1057/1679/355 1058/1681/7 1069/1680/7
f 1058/1681/7 1059/1711/349 1070/1682/349
f 1070/1682/349 1059/1711/349 1060/1683/354
f 1060/1683/354 1061/1686/2 1072/1685/2
f 1061/1686/2 1062/1688/346 1073/1687/346
f 1062/1688/346 1063/1690/345 1074/1689/345
f 1063/1690/345 1064/1692/10 1075/1691/10
f 1064/1692/10 1065/1696/353 1076/1693/353
f 1057/1679/9 1054/1678/9 1055/1712/9
f 1055/1712/9 1066/1713/9 1065/1694/9
f 1065/1694/9 1064/1714/9 1063/1715/9
f 1063/1715/9 1062/1716/9 1061/1695/9
f 1061/1695/9 1060/1717/9 1059/1718/9
f 1059/1718/9 1058/1719/9 1057/1679/9
f 1057/1679/9 1055/1712/9 1065/1694/9
f 1065/1694/9 1063/1715/9 1061/1695/9
f 1061/1695/9 1059/1718/9 1057/1679/9
f 1065/1696/353 1066/1698/342 1077/1697/342
f 1066/1698/342 1055/1675/8 1056/1677/8
usemtl SpacialRoverExplorerwheels
f 1141/1720/9 649/1721/463 619/1722/464
f 1140/1723/9 648/1724/465 649/1721/463
f 1139/1725/9 647/1726/466 648/1724/465
f 1138/1727/9 646/1728/467 647/1726/466
f 1137/1729/9 645/1730/468 646/1728/467
f 1136/1731/9 644/1732/469 645/1730/468
f 1135/1733/9 643/1734/470 644/1732/469
f 1134/1735/9 642/1736/470 643/1734/470
f 1133/1737/9 641/1738/471 642/1736/470
f 1132/1739/9 640/1740/471 641/1738/471
f 1131/1741/9 639/1742/472 640/1740/471
f 1130/1743/9 638/1744/473 639/1742/472
f 1129/1745/9 637/1746/474 638/1747/473
f 1127/1748/9 637/1746/474 1128/1749/9
f 1126/1750/9 636/1751/474 1127/1748/9
f 1125/1752/9 635/1753/475 1126/1750/9
f 1124/1754/9 634/1755/475 1125/1752/9
f 1123/1756/9 633/1757/476 1124/1754/9
f 1122/1758/9 632/1759/476 1123/1756/9
f 1121/1760/9 631/1761/477 1122/1758/9
f 1120/1762/9 630/1763/477 1121/1760/9
f 1119/1764/9 629/1765/478 1120/1762/9
f 1118/1766/9 628/1767/479 1119/1764/9
f 1117/1768/9 627/1769/480 1118/1766/9
f 1116/1770/9 626/1771/481 1117/1768/9
f 1115/1772/9 625/1773/482 1116/1770/9
f 1114/1774/9 624/1775/483 1115/1772/9
f 1113/1776/9 623/1777/484 1114/1774/9
f 1112/1778/9 622/1779/484 1113/1780/9
f 1112/1778/9 620/1781/485 621/1782/485
f 1111/1783/9 618/1784/464 620/1781/485
f 1110/1785/9 619/1722/464 618/1784/464
f 1079/1786/1 672/1787/486 1078/1788/1
f 1080/1789/1 660/1790/487 659/1791/488
f 1082/1792/1 673/1793/486 1079/1786/1
f 1081/1794/1 661/1795/489 660/1790/487
f 1084/1796/1 674/1797/490 1082/1792/1
f 1083/1798/1 662/1799/491 661/1795/489
f 1086/1800/1 675/1801/490 1084/1796/1
f 1085/1802/1 663/1803/492 662/1799/491
f 1088/1804/1 676/1805/493 1086/1800/1
f 1087/1806/1 664/1807/494 663/1803/492
f 1091/1808/1 650/1809/495 1090/1810/1
f 1092/1811/1 677/1812/496 1088/1804/1
f 1089/1813/1 665/1814/494 664/1807/494
f 1094/1815/1 651/1816/495 1091/1808/1
f 1095/1817/1 678/1818/497 1092/1811/1
f 1096/1819/1 665/1814/494 1093/1820/1
f 1097/1821/1 652/1822/498 1094/1815/1
f 1098/1823/1 679/1824/499 1095/1817/1
f 1099/1825/1 666/1826/500 1096/1819/1
f 1100/1827/1 653/1828/498 1097/1821/1
f 1101/1829/1 680/1830/501 1098/1823/1
f 1102/1831/1 667/1832/502 1099/1825/1
f 1100/1833/1 655/1834/503 654/1835/503
f 1090/1810/1 681/1836/504 1101/1829/1
f 1104/1837/1 668/1838/505 1102/1831/1
f 1103/1839/1 656/1840/506 655/1834/503
f 1106/1841/1 669/1842/505 1104/1837/1
f 1105/1843/1 657/1844/507 656/1840/506
f 1108/1845/1 670/1846/508 1106/1847/1
f 1107/1848/1 658/1849/509 657/1844/507
f 1078/1788/1 671/1850/508 1108/1845/1
f 1109/1851/1 659/1791/488 658/1849/509
f 767/1852/510 676/1805/511 769/1853/512
f 771/1854/513 680/1830/514 773/1855/515
f 773/1855/516 965/1856/517 772/1857/518
f 777/1858/519 678/1818/520 775/1859/521
f 824/1860/522 867/1861/523 991/1862/524
f 772/1857/518 866/1863/525 648/1724/526
f 639/1742/472 876/1864/527 877/1865/527
f 823/1866/528 990/1867/529 958/1868/528
f 680/1830/501 928/1869/530 929/1870/530
f 791/1871/531 670/1872/532 785/1873/533
f 787/1874/534 672/1787/535 781/1875/536
f 783/1876/537 674/1797/538 779/1877/539
f 771/1854/540 964/1878/541 932/1879/542
f 822/1880/529 895/1881/543 990/1867/529
f 665/1814/544 793/1882/545 799/1883/546
f 667/1832/547 789/1884/548 795/1885/549
f 770/1886/550 869/1887/551 964/1878/541
f 641/1738/471 874/1888/552 875/1889/552
f 661/1795/553 801/1890/554 807/1891/555
f 663/1803/556 797/1892/557 803/1893/558
f 821/1894/559 989/1895/560 820/1896/561
f 678/1818/497 926/1897/562 927/1898/562
f 769/1853/563 963/1899/564 768/1900/565
f 820/1896/561 894/1901/566 620/1781/566
f 653/1828/567 817/1902/568 823/1866/569
f 655/1834/570 813/1903/571 819/1904/572
f 657/1844/573 809/1905/574 815/1906/575
f 659/1791/576 805/1907/577 811/1908/578
f 825/1909/579 650/1809/580 827/1910/581
f 768/1900/565 870/1911/582 644/1732/583
f 829/1912/584 652/1822/585 821/1894/586
f 643/1734/470 872/1913/587 873/1914/587
f 819/1904/588 988/1915/589 956/1916/590
f 676/1805/493 924/1917/591 925/1918/591
f 618/1784/592 820/1896/593 620/1781/592
f 828/1919/594 821/1894/586 820/1896/593
f 767/1852/595 962/1920/596 930/1921/597
f 818/1922/598 893/1923/599 988/1915/589
f 649/1721/600 826/1924/601 619/1722/600
f 824/1860/602 827/1910/581 826/1924/601
f 810/1925/603 628/1767/604 627/1769/604
f 811/1908/578 804/1926/605 810/1925/603
f 814/1927/606 626/1771/607 625/1773/607
f 815/1906/575 808/1928/608 814/1927/606
f 818/1922/609 624/1775/610 623/1777/610
f 819/1904/572 812/1929/611 818/1922/609
f 822/1880/612 622/1779/613 621/1782/613
f 823/1866/569 816/1930/614 822/1880/612
f 766/1931/615 873/1914/616 962/1920/596
f 645/1730/468 870/1911/617 871/1932/617
f 817/1933/618 987/1934/619 816/1935/620
f 674/1797/490 922/1936/621 923/1937/621
f 829/1912/622 898/1938/623 651/1816/624
f 816/1935/620 892/1939/625 622/1940/626
f 827/1910/627 899/1941/628 960/1942/627
f 647/1726/466 868/1943/629 869/1887/629
f 802/1944/630 632/1759/631 631/1761/631
f 803/1893/558 796/1945/632 802/1944/630
f 806/1946/633 630/1763/634 629/1765/634
f 807/1891/555 800/1947/635 806/1946/633
f 815/1906/636 986/1948/637 954/1949/638
f 672/1787/486 920/1950/639 921/1951/639
f 825/1909/640 928/1869/641 681/1836/642
f 814/1927/643 891/1952/644 986/1948/637
f 794/1953/645 636/1751/646 635/1753/646
f 795/1885/549 788/1954/647 794/1953/645
f 798/1955/648 634/1755/649 633/1757/649
f 799/1883/546 792/1956/650 798/1955/648
f 823/1866/528 900/1957/651 653/1828/651
f 649/1721/463 866/1863/652 867/1861/652
f 813/1903/653 985/1958/654 812/1929/655
f 670/1846/508 918/1959/656 919/1960/656
f 641/1738/657 778/1961/658 642/1736/657
f 782/1962/659 779/1877/539 778/1961/658
f 639/1742/660 780/1963/661 640/1740/662
f 786/1964/663 781/1875/536 780/1963/661
f 637/1746/664 784/1965/665 638/1747/664
f 790/1966/666 785/1873/533 784/1965/665
f 821/1894/559 901/1967/667 957/1968/559
f 812/1929/655 890/1969/668 624/1775/669
f 819/1904/588 902/1970/670 655/1834/671
f 811/1908/672 984/1971/673 952/1972/674
f 668/1838/505 916/1973/675 917/1974/675
f 817/1933/618 903/1975/676 955/1976/677
f 810/1925/678 889/1977/679 984/1971/673
f 815/1906/636 904/1978/680 657/1844/681
f 809/1905/682 983/1979/683 808/1928/684
f 667/1832/502 915/1980/685 666/1826/500
f 645/1730/686 774/1981/687 646/1728/686
f 776/1982/688 775/1859/521 774/1981/687
f 813/1903/653 905/1983/689 953/1984/653
f 808/1928/684 888/1985/690 626/1771/691
f 647/1726/692 772/1857/693 648/1724/692
f 770/1886/694 773/1855/515 772/1857/693
f 643/1734/695 768/1900/696 644/1732/695
f 766/1931/697 769/1853/512 768/1900/696
f 934/1986/698 926/1897/699 932/1879/700
f 931/1987/701 924/1917/702 935/1988/703
f 936/1989/704 922/1936/705 930/1921/706
f 937/1990/707 920/1950/708 938/1991/709
f 939/1992/710 918/1959/711 940/1993/712
f 941/1994/713 916/1973/714 942/1995/713
f 915/1980/715 944/1996/716 943/1997/717
f 913/1998/718 946/1999/719 945/2000/720
f 911/2001/721 948/2002/722 947/2003/723
f 909/2004/724 950/2005/725 949/2006/726
f 907/2007/727 952/1972/728 951/2008/729
f 905/1983/730 954/1949/731 953/1984/732
f 903/1975/733 956/1916/734 955/1976/735
f 901/1967/736 958/1868/737 957/1968/737
f 960/1942/738 898/1938/739 961/2009/740
f 933/2010/741 928/1869/742 959/2011/743
f 866/1863/744 991/1862/745 867/1861/744
f 965/1856/746 959/2011/743 991/1862/745
f 896/2012/747 993/2013/748 897/2014/747
f 992/2015/749 961/2009/740 993/2013/748
f 989/1895/750 895/1881/751 894/1901/751
f 957/1968/737 990/1867/750 989/1895/750
f 987/1934/752 893/1923/753 892/1939/753
f 955/1976/735 988/1915/754 987/1934/752
f 985/1958/755 891/1952/756 890/1969/756
f 953/1984/732 986/1948/757 985/1958/755
f 983/1979/758 889/1977/759 888/1985/759
f 951/2008/729 984/1971/760 983/1979/758
f 981/2016/761 887/2017/762 886/2018/762
f 949/2006/726 982/2019/763 981/2016/761
f 979/2020/764 885/2021/765 884/2022/765
f 947/2003/723 980/2023/766 979/2020/764
f 977/2024/767 883/2025/768 882/2026/768
f 945/2000/720 978/2027/769 977/2024/767
f 975/2028/770 881/2029/771 880/2030/771
f 943/1997/717 976/2031/772 975/2028/770
f 878/2032/773 974/2033/774 879/2034/773
f 941/1994/713 974/2033/774 973/2035/774
f 876/1864/775 972/2036/776 877/1865/775
f 971/2037/777 940/1993/712 972/2036/776
f 874/1888/778 970/2038/779 875/1889/778
f 969/2039/780 938/1991/709 970/2038/779
f 872/1913/781 962/1920/782 873/1914/781
f 968/2040/783 930/1921/706 962/1920/782
f 870/1911/784 967/2041/785 871/1932/784
f 963/1899/786 935/1988/703 967/2041/785
f 868/1943/787 964/1878/788 869/1887/787
f 966/2042/789 932/1879/700 964/1878/788
f 825/1909/640 991/1862/524 959/2011/640
f 636/1751/474 879/2034/790 637/1746/474
f 774/1981/791 868/1943/792 646/1728/793
f 826/1924/794 896/2012/795 619/1722/796
f 775/1859/797 966/2042/798 774/1981/791
f 827/1910/627 992/2015/799 826/1924/794
f 634/1755/475 881/2029/800 635/1753/475
f 776/1982/801 871/1932/802 967/2041/803
f 828/1919/804 897/2014/805 993/2013/804
f 777/1858/806 967/2041/803 935/1988/806
f 829/1912/622 993/2013/804 961/2009/807
f 632/1759/476 883/2025/808 633/1757/476
f 778/1961/809 872/1913/810 642/1736/811
f 779/1877/812 968/2040/813 778/1961/809
f 630/1763/477 885/2021/814 631/1761/477
f 780/1963/815 874/1888/816 640/1740/817
f 781/1875/818 969/2039/819 780/1963/815
f 628/1767/479 887/2017/820 629/1765/478
f 782/1962/821 875/1889/822 970/2038/823
f 783/1876/824 970/2038/823 938/1991/824
f 626/1771/481 889/1977/825 627/1769/480
f 784/2043/826 876/1864/827 638/1744/828
f 785/2044/829 971/2037/830 784/2043/826
f 767/1852/595 922/1936/831 675/1801/832
f 624/1775/483 891/1952/833 625/1773/482
f 786/1964/834 877/1865/835 972/2036/836
f 769/1853/563 925/1918/837 931/1987/838
f 787/1874/839 972/2036/836 940/1993/840
f 771/1854/540 926/1897/841 679/1824/842
f 622/1940/484 893/1923/843 623/1777/484
f 788/1954/844 878/2032/845 636/1751/845
f 773/1855/516 929/1870/846 933/2010/847
f 789/1884/848 973/2035/844 788/1954/844
f 775/1859/797 927/1898/849 934/1986/850
f 621/1782/485 894/1901/851 895/1881/851
f 790/1966/852 879/2034/853 974/2033/852
f 777/1858/806 924/1917/854 677/1812/855
f 791/1871/856 974/2033/852 942/1995/856
f 779/1877/812 923/1937/857 936/1989/858
f 618/1784/464 896/2012/859 897/2014/859
f 792/1956/860 880/2030/861 634/1755/862
f 781/1875/818 921/1951/863 937/1990/864
f 650/1809/495 898/1938/865 899/1941/865
f 793/1882/866 975/2028/867 792/1956/860
f 783/1876/824 920/1950/868 673/1793/869
f 794/1953/870 881/2029/871 976/2031/872
f 785/2044/829 919/1960/873 939/1992/874
f 653/1828/498 901/1967/875 652/1822/498
f 795/1885/876 976/2031/872 944/1996/877
f 787/1874/839 918/1959/878 671/1850/879
f 796/1945/880 882/2026/881 632/1759/882
f 789/1884/848 917/1974/883 941/1994/848
f 655/1834/503 903/1975/884 654/1835/503
f 797/1892/885 977/2024/886 796/1945/880
f 791/1871/856 916/1973/887 669/1842/888
f 798/1955/889 883/2025/890 978/2027/891
f 793/1882/866 915/1980/892 943/1997/866
f 657/1844/507 905/1983/893 656/1840/506
f 799/1883/894 978/2027/891 946/1999/894
f 795/1885/876 914/2045/895 667/1832/896
f 800/1947/897 884/2022/898 630/1763/899
f 797/1892/885 913/1998/900 945/2000/885
f 659/1791/488 907/2007/901 658/1849/509
f 801/1890/902 979/2020/903 800/1947/897
f 799/1883/894 912/2046/904 665/1814/905
f 802/1944/906 885/2021/907 980/2023/908
f 801/1890/902 911/2001/909 947/2003/910
f 661/1795/489 909/2004/911 660/1790/487
f 803/1893/912 980/2023/908 948/2002/913
f 803/1893/912 910/2047/914 663/1803/915
f 804/1926/916 886/2018/917 628/1767/918
f 805/1907/919 909/2004/920 949/2006/919
f 663/1803/492 911/2001/921 662/1799/491
f 805/1907/919 981/2016/922 804/1926/916
f 807/1891/923 908/2048/924 661/1795/925
f 806/1946/926 887/2017/927 982/2019/928
f 809/1905/682 907/2007/929 951/2008/930
f 665/1814/494 913/1998/931 664/1807/494
f 807/1891/923 982/2019/928 950/2005/932
f 811/1908/672 906/2049/933 659/1791/934
f 1141/1720/9 1140/1723/9 649/1721/463
f 1140/1723/9 1139/1725/9 648/1724/465
f 1139/1725/9 1138/1727/9 647/1726/466
f 1138/1727/9 1137/1729/9 646/1728/467
f 1137/1729/9 1136/1731/9 645/1730/468
f 1136/1731/9 1135/1733/9 644/1732/469
f 1135/1733/9 1134/1735/9 643/1734/470
f 1134/1735/9 1133/1737/9 642/1736/470
f 1133/1737/9 1132/1739/9 641/1738/471
f 1132/1739/9 1131/1741/9 640/1740/471
f 1131/1741/9 1130/1743/9 639/1742/472
f 1130/1743/9 1129/2050/9 638/1744/473
f 1129/1745/9 1128/1749/9 637/1746/474
f 1127/1748/9 636/1751/474 637/1746/474
f 1126/1750/9 635/1753/475 636/1751/474
f 1125/1752/9 634/1755/475 635/1753/475
f 1124/1754/9 633/1757/476 634/1755/475
f 1123/1756/9 632/1759/476 633/1757/476
f 1122/1758/9 631/1761/477 632/1759/476
f 1121/1760/9 630/1763/477 631/1761/477
f 1120/1762/9 629/1765/478 630/1763/477
f 1119/1764/9 628/1767/479 629/1765/478
f 1118/1766/9 627/1769/480 628/1767/479
f 1117/1768/9 626/1771/481 627/1769/480
f 1116/1770/9 625/1773/482 626/1771/481
f 1115/1772/9 624/1775/483 625/1773/482
f 1114/1774/9 623/1777/484 624/1775/483
f 1113/1776/9 622/1940/484 623/1777/484
f 1112/1778/9 621/1782/485 622/1779/484
f 1112/1778/9 1111/1783/9 620/1781/485
f 1111/1783/9 1110/1785/9 618/1784/464
f 1110/1785/9 1141/1720/9 619/1722/464
f 1079/1786/1 673/1793/486 672/1787/486
f 1080/1789/1 1081/1794/1 660/1790/487
f 1082/1792/1 674/1797/490 673/1793/486
f 1081/1794/1 1083/1798/1 661/1795/489
f 1084/1796/1 675/1801/490 674/1797/490
f 1083/1798/1 1085/1802/1 662/1799/491
f 1086/1800/1 676/1805/493 675/1801/490
f 1085/1802/1 1087/1806/1 663/1803/492
f 1088/1804/1 677/1812/496 676/1805/493
f 1087/1806/1 1089/1813/1 664/1807/494
f 1091/1808/1 651/1816/495 650/1809/495
f 1092/1811/1 678/1818/497 677/1812/496
f 1089/1813/1 1093/1820/1 665/1814/494
f 1094/1815/1 652/1822/498 651/1816/495
f 1095/1817/1 679/1824/499 678/1818/497
f 1096/1819/1 666/1826/500 665/1814/494
f 1097/1821/1 653/1828/498 652/1822/498
f 1098/1823/1 680/1830/501 679/1824/499
f 1099/1825/1 667/1832/502 666/1826/500
f 1100/1827/1 654/2051/503 653/1828/498
f 1101/1829/1 681/1836/504 680/1830/501
f 1102/1831/1 668/1838/505 667/1832/502
f 1100/1833/1 1103/1839/1 655/1834/503
f 1090/1810/1 650/1809/495 681/1836/504
f 1104/1837/1 669/1842/505 668/1838/505
f 1103/1839/1 1105/1843/1 656/1840/506
f 1106/1841/1 670/1872/508 669/1842/505
f 1105/1843/1 1107/1848/1 657/1844/507
f 1108/1845/1 671/1850/508 670/1846/508
f 1107/1848/1 1109/1851/1 658/1849/509
f 1078/1788/1 672/1787/486 671/1850/508
f 1109/1851/1 1080/1789/1 659/1791/488
f 767/1852/510 675/1801/511 676/1805/511
f 771/1854/513 679/1824/514 680/1830/514
f 773/1855/516 933/2010/847 965/1856/517
f 777/1858/519 677/1812/520 678/1818/520
f 824/1860/522 649/1721/935 867/1861/523
f 772/1857/518 965/1856/517 866/1863/525
f 639/1742/472 638/1744/473 876/1864/527
f 823/1866/528 822/1880/529 990/1867/529
f 680/1830/501 681/1836/504 928/1869/530
f 791/1871/531 669/1842/532 670/1872/532
f 787/1874/534 671/1850/535 672/1787/535
f 783/1876/537 673/1793/538 674/1797/538
f 771/1854/540 770/1886/550 964/1878/541
f 822/1880/529 621/1782/543 895/1881/543
f 665/1814/544 666/1826/544 793/1882/545
f 667/1832/547 668/1838/547 789/1884/548
f 770/1886/550 647/1726/936 869/1887/551
f 641/1738/471 640/1740/471 874/1888/552
f 661/1795/553 662/1799/553 801/1890/554
f 663/1803/556 664/1807/556 797/1892/557
f 821/1894/559 957/1968/559 989/1895/560
f 678/1818/497 679/1824/499 926/1897/562
f 769/1853/563 931/1987/838 963/1899/564
f 820/1896/561 989/1895/560 894/1901/566
f 653/1828/567 654/2051/567 817/1902/568
f 655/1834/570 656/1840/570 813/1903/571
f 657/1844/573 658/1849/573 809/1905/574
f 659/1791/576 660/1790/576 805/1907/577
f 825/1909/579 681/1836/580 650/1809/580
f 768/1900/565 963/1899/564 870/1911/582
f 829/1912/584 651/1816/585 652/1822/585
f 643/1734/470 642/1736/470 872/1913/587
f 819/1904/588 818/1922/598 988/1915/589
f 676/1805/493 677/1812/496 924/1917/591
f 618/1784/592 828/1919/594 820/1896/593
f 828/1919/594 829/1912/584 821/1894/586
f 767/1852/595 766/1931/615 962/1920/596
f 818/1922/598 623/1777/937 893/1923/599
f 649/1721/600 824/1860/602 826/1924/601
f 824/1860/602 825/1909/579 827/1910/581
f 810/1925/603 804/1926/605 628/1767/604
f 811/1908/578 805/1907/577 804/1926/605
f 814/1927/606 808/1928/608 626/1771/607
f 815/1906/575 809/1905/574 808/1928/608
f 818/1922/609 812/1929/611 624/1775/610
f 819/1904/572 813/1903/571 812/1929/611
f 822/1880/612 816/1930/614 622/1779/613
f 823/1866/569 817/1902/568 816/1930/614
f 766/1931/615 643/1734/938 873/1914/616
f 645/1730/468 644/1732/469 870/1911/617
f 817/1933/618 955/1976/677 987/1934/619
f 674/1797/490 675/1801/490 922/1936/621
f 829/1912/622 961/2009/807 898/1938/623
f 816/1935/620 987/1934/619 892/1939/625
f 827/1910/627 650/1809/939 899/1941/628
f 647/1726/466 646/1728/467 868/1943/629
f 802/1944/630 796/1945/632 632/1759/631
f 803/1893/558 797/1892/557 796/1945/632
f 806/1946/633 800/1947/635 630/1763/634
f 807/1891/555 801/1890/554 800/1947/635
f 815/1906/636 814/1927/643 986/1948/637
f 672/1787/486 673/1793/486 920/1950/639
f 825/1909/640 959/2011/640 928/1869/641
f 814/1927/643 625/1773/940 891/1952/644
f 794/1953/645 788/1954/647 636/1751/646
f 795/1885/549 789/1884/548 788/1954/647
f 798/1955/648 792/1956/650 634/1755/649
f 799/1883/546 793/1882/545 792/1956/650
f 823/1866/528 958/1868/528 900/1957/651
f 649/1721/463 648/1724/465 866/1863/652
f 813/1903/653 953/1984/653 985/1958/654
f 670/1846/508 671/1850/508 918/1959/656
f 641/1738/657 782/1962/659 778/1961/658
f 782/1962/659 783/1876/537 779/1877/539
f 639/1742/660 786/1964/663 780/1963/661
f 786/1964/663 787/1874/534 781/1875/536
f 637/1746/664 790/1966/666 784/1965/665
f 790/1966/666 791/1871/531 785/1873/533
f 821/1894/559 652/1822/941 901/1967/667
f 812/1929/655 985/1958/654 890/1969/668
f 819/1904/588 956/1916/590 902/1970/670
f 811/1908/672 810/1925/678 984/1971/673
f 668/1838/505 669/1842/505 916/1973/675
f 817/1933/618 654/1835/942 903/1975/676
f 810/1925/678 627/1769/943 889/1977/679
f 815/1906/636 954/1949/638 904/1978/680
f 809/1905/682 951/2008/930 983/1979/683
f 667/1832/502 914/2045/685 915/1980/685
f 645/1730/686 776/1982/688 774/1981/687
f 776/1982/688 777/1858/519 775/1859/521
f 813/1903/653 656/1840/944 905/1983/689
f 808/1928/684 983/1979/683 888/1985/690
f 647/1726/692 770/1886/694 772/1857/693
f 770/1886/694 771/1854/513 773/1855/515
f 643/1734/695 766/1931/697 768/1900/696
f 766/1931/697 767/1852/510 769/1853/512
f 934/1986/698 927/1898/699 926/1897/699
f 931/1987/701 925/1918/702 924/1917/702
f 936/1989/704 923/1937/705 922/1936/705
f 937/1990/707 921/1951/708 920/1950/708
f 939/1992/710 919/1960/711 918/1959/711
f 941/1994/713 917/1974/714 916/1973/714
f 915/1980/715 914/2045/715 944/1996/716
f 913/1998/718 912/2046/718 946/1999/719
f 911/2001/721 910/2047/721 948/2002/722
f 909/2004/724 908/2048/724 950/2005/725
f 907/2007/727 906/2049/727 952/1972/728
f 905/1983/730 904/1978/730 954/1949/731
f 903/1975/733 902/1970/733 956/1916/734
f 901/1967/736 900/1957/736 958/1868/737
f 960/1942/738 899/1941/739 898/1938/739
f 933/2010/741 929/1870/945 928/1869/742
f 866/1863/744 965/1856/746 991/1862/745
f 965/1856/746 933/2010/741 959/2011/743
f 896/2012/747 992/2015/749 993/2013/748
f 992/2015/749 960/1942/738 961/2009/740
f 989/1895/750 990/1867/750 895/1881/751
f 957/1968/737 958/1868/737 990/1867/750
f 987/1934/752 988/1915/754 893/1923/753
f 955/1976/735 956/1916/734 988/1915/754
f 985/1958/755 986/1948/757 891/1952/756
f 953/1984/732 954/1949/731 986/1948/757
f 983/1979/758 984/1971/760 889/1977/759
f 951/2008/729 952/1972/728 984/1971/760
f 981/2016/761 982/2019/763 887/2017/762
f 949/2006/726 950/2005/725 982/2019/763
f 979/2020/764 980/2023/766 885/2021/765
f 947/2003/723 948/2002/722 980/2023/766
f 977/2024/767 978/2027/769 883/2025/768
f 945/2000/720 946/1999/719 978/2027/769
f 975/2028/770 976/2031/772 881/2029/771
f 943/1997/717 944/1996/716 976/2031/772
f 878/2032/773 973/2035/774 974/2033/774
f 941/1994/713 942/1995/713 974/2033/774
f 876/1864/775 971/2037/777 972/2036/776
f 971/2037/777 939/1992/710 940/1993/712
f 874/1888/778 969/2039/780 970/2038/779
f 969/2039/780 937/1990/707 938/1991/709
f 872/1913/781 968/2040/783 962/1920/782
f 968/2040/783 936/1989/704 930/1921/706
f 870/1911/784 963/1899/786 967/2041/785
f 963/1899/786 931/1987/701 935/1988/703
f 868/1943/787 966/2042/789 964/1878/788
f 966/2042/789 934/1986/698 932/1879/700
f 825/1909/640 824/1860/522 991/1862/524
f 636/1751/474 878/2032/790 879/2034/790
f 774/1981/791 966/2042/798 868/1943/792
f 826/1924/794 992/2015/799 896/2012/795
f 775/1859/797 934/1986/850 966/2042/798
f 827/1910/627 960/1942/627 992/2015/799
f 634/1755/475 880/2030/800 881/2029/800
f 776/1982/801 645/1730/946 871/1932/802
f 828/1919/804 618/1784/947 897/2014/805
f 777/1858/806 776/1982/801 967/2041/803
f 829/1912/622 828/1919/804 993/2013/804
f 632/1759/476 882/2026/808 883/2025/808
f 778/1961/809 968/2040/813 872/1913/810
f 779/1877/812 936/1989/858 968/2040/813
f 630/1763/477 884/2022/814 885/2021/814
f 780/1963/815 969/2039/819 874/1888/816
f 781/1875/818 937/1990/864 969/2039/819
f 628/1767/479 886/2018/820 887/2017/820
f 782/1962/821 641/1738/948 875/1889/822
f 783/1876/824 782/1962/821 970/2038/823
f 626/1771/481 888/1985/825 889/1977/825
f 784/2043/826 971/2037/830 876/1864/827
f 785/2044/829 939/1992/874 971/2037/830
f 767/1852/595 930/1921/597 922/1936/831
f 624/1775/483 890/1969/833 891/1952/833
f 786/1964/834 639/1742/949 877/1865/835
f 769/1853/563 676/1805/950 925/1918/837
f 787/1874/839 786/1964/834 972/2036/836
f 771/1854/540 932/1879/542 926/1897/841
f 622/1940/484 892/1939/843 893/1923/843
f 788/1954/844 973/2035/844 878/2032/845
f 773/1855/516 680/1830/951 929/1870/846
f 789/1884/848 941/1994/848 973/2035/844
f 775/1859/797 678/1818/952 927/1898/849
f 621/1782/485 620/1781/485 894/1901/851
f 790/1966/852 637/1746/853 879/2034/853
f 777/1858/806 935/1988/806 924/1917/854
f 791/1871/856 790/1966/852 974/2033/852
f 779/1877/812 674/1797/953 923/1937/857
f 618/1784/464 619/1722/464 896/2012/859
f 792/1956/860 975/2028/867 880/2030/861
f 781/1875/818 672/1787/954 921/1951/863
f 650/1809/495 651/1816/495 898/1938/865
f 793/1882/866 943/1997/866 975/2028/867
f 783/1876/824 938/1991/824 920/1950/868
f 794/1953/870 635/1753/955 881/2029/871
f 785/2044/829 670/1846/956 919/1960/873
f 653/1828/498 900/1957/875 901/1967/875
f 795/1885/876 794/1953/870 976/2031/872
f 787/1874/839 940/1993/840 918/1959/878
f 796/1945/880 977/2024/886 882/2026/881
f 789/1884/848 668/1838/883 917/1974/883
f 655/1834/503 902/1970/884 903/1975/884
f 797/1892/885 945/2000/885 977/2024/886
f 791/1871/856 942/1995/856 916/1973/887
f 798/1955/889 633/1757/957 883/2025/890
f 793/1882/866 666/1826/958 915/1980/892
f 657/1844/507 904/1978/893 905/1983/893
f 799/1883/894 798/1955/889 978/2027/891
f 795/1885/876 944/1996/877 914/2045/895
f 800/1947/897 979/2020/903 884/2022/898
f 797/1892/885 664/1807/959 913/1998/900
f 659/1791/488 906/2049/901 907/2007/901
f 801/1890/902 947/2003/910 979/2020/903
f 799/1883/894 946/1999/894 912/2046/904
f 802/1944/906 631/1761/960 885/2021/907
f 801/1890/902 662/1799/961 911/2001/909
f 661/1795/489 908/2048/911 909/2004/911
f 803/1893/912 802/1944/906 980/2023/908
f 803/1893/912 948/2002/913 910/2047/914
f 804/1926/916 981/2016/922 886/2018/917
f 805/1907/919 660/1790/962 909/2004/920
f 663/1803/492 910/2047/921 911/2001/921
f 805/1907/919 949/2006/919 981/2016/922
f 807/1891/923 950/2005/932 908/2048/924
f 806/1946/926 629/1765/963 887/2017/927
f 809/1905/682 658/1849/964 907/2007/929
f 665/1814/494 912/2046/931 913/1998/931
f 807/1891/923 806/1946/926 982/2019/928
f 811/1908/672 952/1972/674 906/2049/933
l 22 49
