# Blender 5.2.0 LTS
# www.blender.org
mtllib rueda_med_izq.mtl
o RoverModificado.004
v -2.460297 3.720464 -3.360668
v -1.132919 1.744258 -2.994269
v -1.058396 1.822462 -3.102269
v -1.111092 1.767164 -3.070636
v -1.028585 1.853745 -3.102269
v -0.954063 1.931948 -2.994269
v -0.975890 1.909043 -3.070637
v -1.058396 1.822462 -2.843069
v -1.132919 1.744258 -2.951069
v -1.111092 1.767164 -2.874702
v -0.954063 1.931948 -2.951069
v -1.028585 1.853745 -2.843069
v -0.975890 1.909043 -2.874702
v -0.321053 1.609204 -3.452669
v -0.321053 1.326361 -3.452669
v -0.262474 1.467782 -3.452669
v -0.321052 1.326361 -2.492668
v -0.321053 1.609204 -2.492669
v -0.262474 1.467782 -2.492669
v -0.533185 1.114229 -3.452668
v -0.816028 1.114229 -3.452668
v -0.674606 1.055649 -3.452668
v -0.816027 1.114229 -2.492668
v -0.533184 1.114229 -2.492668
v -0.674606 1.055650 -2.492668
v -2.852931 3.118832 -3.368668
v -2.292794 3.690010 -3.368669
v -2.852931 3.118832 -3.176668
v -2.292794 3.690010 -3.176668
v -0.464705 0.984470 -3.368669
v -0.747534 0.981710 -3.368669
v -0.553853 0.931834 -3.368669
v -0.657376 0.930823 -3.368669
v -0.187396 1.552889 -3.368669
v -0.184636 1.270060 -3.368669
v -0.134760 1.463741 -3.368669
v -0.133749 1.360218 -3.368669
v -0.464705 0.984470 -3.176669
v -0.553853 0.931834 -3.176668
v -0.184636 1.270060 -3.176669
v -0.133749 1.360218 -3.176669
v -0.134760 1.463741 -3.176669
v -0.855124 1.817735 -2.492668
v -0.907152 1.789926 -2.492668
v -0.952755 1.752501 -2.492668
v -0.990180 1.706898 -2.492668
v -1.035115 1.598416 -2.492668
v -1.017990 1.654870 -2.492668
v -0.798671 1.244552 -2.492668
v -1.035115 1.480996 -2.492668
v -0.952755 1.326912 -2.492668
v -0.907152 1.289486 -2.492668
v -0.990181 1.372515 -2.492668
v -0.739961 1.238770 -2.492668
v -0.855124 1.261676 -2.492668
v -1.017990 1.424543 -2.492668
v -0.736097 1.239150 -2.492668
v -1.040898 1.539707 -2.492668
v -0.527166 1.752501 -2.492668
v -0.489741 1.706898 -2.492668
v -0.572769 1.789926 -2.492668
v -0.461931 1.654870 -2.492668
v -0.624797 1.817736 -2.492668
v -0.444806 1.598416 -2.492668
v -0.444806 1.480996 -2.492668
v -0.439024 1.539706 -2.492668
v -0.527166 1.326912 -2.492668
v -0.489741 1.372515 -2.492668
v -0.461931 1.424543 -2.492668
v -0.681251 1.834861 -2.492668
v -0.739961 1.840643 -2.492668
v -0.798671 1.834860 -2.492668
v -0.572769 1.289486 -2.492668
v -0.624797 1.261676 -2.492668
v -0.681251 1.244552 -2.492668
v -0.853868 1.261295 -3.452668
v -0.855125 1.261676 -3.452668
v -0.952756 1.326912 -3.452668
v -0.990181 1.372515 -3.452668
v -0.907152 1.289486 -3.452668
v -0.527167 1.752501 -3.452669
v -0.489741 1.706898 -3.452669
v -0.572769 1.789926 -3.452668
v -0.461932 1.654870 -3.452669
v -0.624798 1.817736 -3.452668
v -0.444807 1.598416 -3.452669
v -0.681251 1.834861 -3.452668
v -0.739961 1.840643 -3.452668
v -0.855125 1.817735 -3.452668
v -0.798671 1.834860 -3.452668
v -0.952756 1.752501 -3.452668
v -0.990181 1.706898 -3.452668
v -0.907153 1.789926 -3.452668
v -0.489741 1.372515 -3.452669
v -0.527167 1.326912 -3.452668
v -0.624797 1.261676 -3.452668
v -0.681251 1.244552 -3.452668
v -0.572769 1.289486 -3.452668
v -0.798671 1.244552 -3.452668
v -0.739961 1.238770 -3.452668
v -1.017991 1.424543 -3.452668
v -1.035115 1.480996 -3.452668
v -1.040898 1.539707 -3.452668
v -0.439024 1.539706 -3.452669
v -0.444806 1.480996 -3.452669
v -1.035115 1.598416 -3.452668
v -1.017991 1.654870 -3.452668
v -0.461932 1.424543 -3.452669
v -0.624798 1.817736 -3.176668
v -0.489741 1.372515 -3.176668
v -0.907153 1.789926 -3.176668
v -0.572769 1.289486 -3.176668
v -0.990181 1.706898 -3.176668
v -0.855125 1.261676 -3.176668
v -1.017991 1.424543 -3.176668
v -0.739961 1.238770 -3.176668
v -0.489741 1.706898 -3.368669
v -0.624798 1.817736 -3.368669
v -0.739961 1.840643 -3.368669
v -0.444807 1.598416 -3.368669
v -0.461932 1.424543 -3.368669
v -0.572769 1.289486 -3.368669
v -0.990181 1.706898 -3.368669
v -0.907153 1.789926 -3.368669
v -1.035115 1.598416 -3.368669
v -0.739961 1.238770 -3.368669
v -0.855125 1.261676 -3.368669
v -0.952756 1.326912 -3.368669
v -1.035115 1.480996 -3.368669
v -2.425577 2.697689 -3.368668
v -2.425576 2.697689 -3.176668
v -2.143020 2.916112 -3.102269
v -2.115373 2.944275 -3.102269
v -2.191891 2.866330 -2.874701
v -2.212135 2.845710 -2.994269
v -2.066502 2.994057 -3.070636
v -2.115373 2.944275 -2.843069
v -2.191891 2.866330 -3.070636
v -2.212135 2.845710 -2.951069
v -2.046259 3.014677 -2.951069
v -2.046259 3.014677 -2.994269
v -2.143020 2.916112 -2.843069
v -2.066502 2.994057 -2.874701
v -3.227489 3.118863 -3.368668
v -3.401248 3.292693 -3.368668
v -3.350355 3.169807 -3.368668
v -3.401248 3.536355 -3.368669
v -3.227543 3.705795 -3.368669
v -3.350371 3.657957 -3.368669
v -3.401248 3.292693 -3.176668
v -3.227489 3.118863 -3.176668
v -3.350355 3.169807 -3.176668
v -3.227543 3.705795 -3.176668
v -3.401248 3.536355 -3.176668
v -3.350371 3.657957 -3.176668
v -0.798671 1.834860 -3.176668
v -0.461932 1.654870 -3.176668
v -0.187396 1.552889 -3.176669
v -2.640421 3.401513 -3.157996
v -2.710365 3.330384 -3.112762
v -2.035932 3.017906 -3.112762
v -2.006960 3.047369 -3.003557
v -2.244363 2.805947 -3.003557
v -2.215391 2.835409 -3.112762
v -2.244363 2.805947 -2.941781
v -2.215390 2.835409 -2.832575
v -2.145446 2.906539 -2.787341
v -2.600852 3.441752 -3.157996
v -2.600851 3.441752 -2.787341
v -2.530907 3.512881 -2.832575
v -2.105877 2.946777 -2.787341
v -2.035932 3.017906 -2.832575
v -2.145446 2.906539 -3.157997
v -2.105877 2.946777 -3.157997
v -2.640421 3.401513 -2.787341
v -2.006960 3.047369 -2.941781
v -2.710365 3.330384 -2.832575
v -2.739338 3.300922 -3.003557
v -2.739338 3.300922 -2.941781
v -2.530907 3.512881 -3.112762
v -2.501935 3.542343 -3.003557
v -2.501935 3.542343 -2.941782
v -0.929538 1.962384 -3.452668
v -0.674233 1.962384 -3.452668
v -0.801886 2.015260 -3.452668
v -0.674233 1.962384 -2.492668
v -0.929538 1.962384 -2.492668
v -0.801885 2.015260 -2.492668
v -1.169208 1.467409 -3.452668
v -1.169208 1.722714 -3.452668
v -1.222084 1.595062 -3.452668
v -1.169208 1.722714 -2.492668
v -1.169208 1.467409 -2.492668
v -1.222083 1.595062 -2.492668
v -0.440650 1.556212 -3.176669
v -1.040898 1.539707 -3.176668
v -0.747534 0.981710 -3.176668
v -0.657376 0.930823 -3.176668
v -0.527167 1.752501 -3.176668
v -0.952756 1.326912 -3.176668
v -3.227516 3.412329 -3.368669
v -3.227516 3.412329 -3.176668
v -2.852931 3.118832 -2.768668
v -2.292794 3.690010 -2.768668
v -2.852931 3.118832 -2.576668
v -2.292794 3.690010 -2.576668
v -0.464705 0.984470 -2.768668
v -0.747534 0.981710 -2.768668
v -0.553853 0.931834 -2.768668
v -0.657375 0.930823 -2.768668
v -0.187396 1.552889 -2.768669
v -0.184636 1.270060 -2.768669
v -0.134760 1.463741 -2.768669
v -0.133749 1.360218 -2.768669
v -0.464705 0.984470 -2.576668
v -0.553853 0.931834 -2.576668
v -0.184636 1.270060 -2.576668
v -0.133749 1.360218 -2.576668
v -0.134760 1.463741 -2.576668
v -0.624798 1.817736 -2.576668
v -0.489741 1.372515 -2.576668
v -0.907152 1.789926 -2.576668
v -0.572769 1.289486 -2.576668
v -0.990180 1.706898 -2.576668
v -0.855124 1.261676 -2.576668
v -1.017990 1.424543 -2.576668
v -0.739961 1.238770 -2.576668
v -0.489741 1.706898 -2.768668
v -0.624798 1.817736 -2.768668
v -0.739961 1.840643 -2.768668
v -0.444806 1.598416 -2.768668
v -0.461932 1.424543 -2.768668
v -0.572769 1.289486 -2.768668
v -0.990180 1.706898 -2.768668
v -0.907152 1.789926 -2.768668
v -1.035115 1.598416 -2.768668
v -0.739961 1.238770 -2.768668
v -0.855124 1.261676 -2.768668
v -0.952755 1.326912 -2.768668
v -1.035115 1.480996 -2.768668
v -2.425576 2.697689 -2.768668
v -2.425576 2.697689 -2.576668
v -3.227489 3.118863 -2.768668
v -3.401247 3.292693 -2.768667
v -3.350355 3.169807 -2.768668
v -3.401247 3.536355 -2.768667
v -3.227543 3.705795 -2.768668
v -3.350371 3.657957 -2.768668
v -3.401247 3.292693 -2.576668
v -3.227489 3.118863 -2.576668
v -3.350355 3.169807 -2.576668
v -3.227543 3.705795 -2.576668
v -3.401247 3.536355 -2.576668
v -3.350371 3.657957 -2.576668
v -0.798671 1.834860 -2.576668
v -0.461931 1.654870 -2.576668
v -0.187396 1.552889 -2.576668
v -0.440650 1.556212 -2.576668
v -1.040898 1.539707 -2.576668
v -0.747534 0.981710 -2.576668
v -0.657375 0.930823 -2.576668
v -0.527166 1.752501 -2.576668
v -0.952755 1.326912 -2.576668
v -3.227516 3.412329 -2.768668
v -3.227516 3.412329 -2.576668
v -1.040496 1.480996 -3.664667
v -0.995562 1.372513 -3.664668
v -0.912533 1.289486 -3.664667
v -0.804052 1.244551 -3.664668
v -0.630178 1.261676 -3.664668
v -0.532547 1.326912 -3.664668
v -0.467312 1.424542 -3.664668
v -0.444405 1.539706 -3.664668
v -0.467312 1.654869 -3.664668
v -0.532547 1.752500 -3.664668
v -0.630178 1.817735 -3.664668
v -0.745342 1.840643 -3.664668
v -0.912533 1.789925 -3.664668
v -0.995562 1.706897 -3.664667
v -1.040496 1.598416 -3.664668
v -1.040496 1.480996 -2.408667
v -0.995562 1.372513 -2.408667
v -0.860505 1.261676 -2.408667
v -0.745342 1.238769 -2.408667
v -0.630178 1.261676 -2.408667
v -0.532547 1.326911 -2.408667
v -0.450187 1.480996 -2.408667
v -0.467312 1.654869 -2.408667
v -0.532547 1.752500 -2.408667
v -0.630178 1.817735 -2.408667
v -0.804052 1.834860 -2.408667
v -0.958136 1.752500 -2.408667
v -1.040496 1.598415 -2.408667
v -1.644856 1.539707 -4.643618
v -1.627572 1.364219 -4.643618
v -1.576384 1.195477 -4.643618
v -1.493260 1.039961 -4.643618
v -1.381394 0.903652 -4.643618
v -1.245084 0.791786 -4.643618
v -1.089570 0.708662 -4.643618
v -0.920827 0.657474 -4.643618
v -0.745340 0.640189 -4.643618
v -0.569853 0.657474 -4.643618
v -0.401110 0.708662 -4.643618
v -0.245596 0.791786 -4.643618
v -0.109286 0.903652 -4.643618
v 0.002580 1.039961 -4.643618
v 0.085705 1.195476 -4.643618
v 0.136892 1.364219 -4.643618
v 0.154176 1.539707 -4.643618
v 0.136892 1.715193 -4.643618
v 0.085705 1.883935 -4.643618
v 0.002580 2.039450 -4.643618
v -0.109286 2.175759 -4.643618
v -0.245595 2.287627 -4.643618
v -0.401110 2.370751 -4.643618
v -0.569853 2.421938 -4.643618
v -0.745340 2.439223 -4.643618
v -0.920827 2.421938 -4.643618
v -1.089570 2.370751 -4.643618
v -1.245084 2.287627 -4.643618
v -1.381394 2.175759 -4.643618
v -1.493260 2.039450 -4.643618
v -1.576384 1.883935 -4.643618
v -1.627572 1.715193 -4.643618
v 0.352990 1.993408 -3.503618
v 0.242098 2.200872 -3.503618
v -1.644856 1.539707 -3.603618
v -1.627572 1.364220 -3.603618
v -1.576384 1.195477 -3.603618
v -1.493260 1.039961 -3.603618
v -1.381394 0.903653 -3.603618
v -1.245084 0.791786 -3.603618
v -1.089570 0.708662 -3.603618
v -0.920827 0.657475 -3.603618
v -0.745340 0.640190 -3.603618
v -0.569853 0.657474 -3.603618
v -0.401110 0.708662 -3.603618
v -0.245596 0.791786 -3.603618
v -0.109286 0.903653 -3.603618
v 0.002581 1.039961 -3.603618
v 0.085705 1.195477 -3.603618
v 0.136892 1.364220 -3.603618
v 0.154176 1.539707 -3.603618
v 0.136892 1.715193 -3.603618
v 0.085705 1.883936 -3.603618
v 0.002580 2.039451 -3.603618
v -0.109286 2.175760 -3.603618
v -0.245595 2.287627 -3.603618
v -0.401110 2.370751 -3.603618
v -0.569853 2.421938 -3.603618
v -0.745340 2.439222 -3.603618
v -0.920827 2.421938 -3.603618
v -1.089570 2.370751 -3.603618
v -1.245084 2.287627 -3.603618
v -1.381394 2.175761 -3.603618
v -1.493260 2.039451 -3.603618
v -1.576384 1.883936 -3.603618
v -1.627572 1.715193 -3.603618
v 0.352990 1.993407 -4.703618
v 0.242098 2.200872 -4.703618
v 0.352990 1.993407 -4.703618
v 0.352990 1.993408 -3.503618
v 0.242098 2.200872 -3.503618
v 0.242098 2.200872 -4.703618
v -1.749586 1.338564 -3.603618
v -1.769180 1.537499 -3.603618
v -1.691559 1.147273 -3.603618
v -1.597328 0.970979 -3.603618
v -1.470514 0.816455 -3.603618
v -1.315990 0.689641 -3.603618
v -1.139696 0.595410 -3.603618
v -0.948406 0.537383 -3.603618
v -0.749470 0.517789 -3.603618
v -0.550534 0.537383 -3.603618
v -0.359244 0.595410 -3.603618
v -0.182950 0.689641 -3.603618
v -0.028427 0.816455 -3.603618
v 0.098387 0.970979 -3.603618
v 0.192619 1.147273 -3.603618
v 0.250646 1.338563 -3.603618
v 0.270239 1.537499 -3.603618
v 0.250646 1.736434 -3.603618
v 0.192619 1.927725 -3.603618
v 0.098387 2.104019 -3.603618
v -0.028426 2.258542 -3.603618
v -0.182950 2.385356 -3.603618
v -0.359244 2.479588 -3.603618
v -0.550534 2.537615 -3.603618
v -0.749470 2.557208 -3.603618
v -0.948406 2.537615 -3.603618
v -1.139696 2.479588 -3.603618
v -1.315990 2.385356 -3.603618
v -1.470513 2.258543 -3.603618
v -1.597328 2.104019 -3.603618
v -1.691559 1.927725 -3.603618
v -1.749586 1.736434 -3.603618
v -1.773891 1.539707 -4.643618
v -1.754128 1.339046 -4.643618
v -1.695598 1.146097 -4.643618
v -1.600549 0.968273 -4.643618
v -1.472636 0.812410 -4.643618
v -1.316773 0.684496 -4.643618
v -1.138950 0.589448 -4.643618
v -0.946000 0.530917 -4.643618
v -0.745340 0.511154 -4.643618
v -0.544680 0.530917 -4.643618
v -0.351730 0.589448 -4.643618
v -0.173907 0.684496 -4.643618
v -0.018044 0.812410 -4.643618
v 0.109869 0.968273 -4.643618
v 0.204918 1.146097 -4.643618
v 0.263448 1.339046 -4.643618
v 0.283212 1.539707 -4.643618
v 0.263448 1.740367 -4.643618
v 0.204918 1.933316 -4.643618
v 0.109869 2.111138 -4.643618
v -0.018044 2.267002 -4.643618
v -0.173907 2.394916 -4.643618
v -0.351730 2.489964 -4.643618
v -0.544679 2.548495 -4.643618
v -0.745340 2.568258 -4.643618
v -0.946001 2.548495 -4.643618
v -1.138950 2.489964 -4.643618
v -1.316773 2.394916 -4.643618
v -1.472636 2.267002 -4.643618
v -1.600549 2.111138 -4.643618
v -1.695598 1.933316 -4.643618
v -1.754128 1.740367 -4.643618
v -0.745340 1.636179 -4.583616
v -0.697103 1.623253 -4.583616
v -0.661792 1.587941 -4.583616
v -0.648867 1.539706 -4.583616
v -0.661792 1.491470 -4.583616
v -0.697103 1.456158 -4.583616
v -0.745340 1.443234 -4.583616
v -0.793576 1.456158 -4.583616
v -0.828887 1.491470 -4.583616
v -0.841812 1.539706 -4.583616
v -0.828887 1.587941 -4.583616
v -0.793576 1.623253 -4.583616
v -0.745340 1.739706 -4.460283
v -0.745340 1.739706 -4.306949
v -0.645340 1.712910 -4.306949
v -0.645340 1.712910 -4.460283
v -0.572134 1.639705 -4.306949
v -0.572134 1.639705 -4.460283
v -0.545340 1.539706 -4.306949
v -0.545340 1.539706 -4.460283
v -0.572134 1.439706 -4.306949
v -0.572134 1.439706 -4.460283
v -0.645340 1.366500 -4.306949
v -0.645340 1.366500 -4.460283
v -0.745340 1.339706 -4.306949
v -0.745340 1.339706 -4.460283
v -0.845340 1.366500 -4.306949
v -0.845340 1.366500 -4.460283
v -0.918545 1.439706 -4.306949
v -0.918545 1.439706 -4.460283
v -0.945340 1.539706 -4.306949
v -0.945340 1.539706 -4.460283
v -0.918545 1.639705 -4.306949
v -0.918545 1.639705 -4.460283
v -0.845340 1.712910 -4.306949
v -0.845340 1.712910 -4.460283
v -0.564166 2.415854 -3.960283
v -0.564166 2.415854 -3.706949
v -0.464166 2.389059 -3.706949
v -0.464166 2.389059 -3.960283
v 0.104013 1.820880 -3.706949
v 0.104013 1.820880 -3.960283
v 0.130808 1.720880 -3.706949
v 0.130808 1.720880 -3.960283
v -0.077160 0.944732 -3.706949
v -0.077160 0.944732 -3.960283
v -0.150365 0.871527 -3.706949
v -0.150365 0.871527 -3.960283
v -0.926513 0.663558 -3.706949
v -0.926513 0.663558 -3.960283
v -1.026513 0.690353 -3.706949
v -1.026513 0.690353 -3.960283
v -1.594693 1.258533 -3.706949
v -1.594693 1.258533 -3.960283
v -1.621488 1.358533 -3.706949
v -1.621488 1.358532 -3.960283
v -1.413519 2.134681 -3.706949
v -1.413519 2.134680 -3.960283
v -1.340314 2.207886 -3.706949
v -1.340314 2.207886 -3.960283
v -0.745340 1.739706 -4.583616
v -0.645340 1.712910 -4.583616
v -0.572134 1.639705 -4.583616
v -0.545340 1.539706 -4.583616
v -0.572134 1.439706 -4.583616
v -0.645340 1.366500 -4.583616
v -0.745340 1.339706 -4.583616
v -0.845340 1.366500 -4.583616
v -0.918545 1.439706 -4.583616
v -0.945340 1.539706 -4.583616
v -0.918545 1.639705 -4.583616
v -0.845340 1.712910 -4.583616
v -0.745340 1.636179 -4.483616
v -0.697103 1.623253 -4.483616
v -0.661792 1.587941 -4.483616
v -0.648867 1.539706 -4.483616
v -0.661792 1.491470 -4.483616
v -0.697103 1.456158 -4.483616
v -0.745340 1.443234 -4.483616
v -0.793576 1.456158 -4.483616
v -0.828887 1.491470 -4.483616
v -0.841812 1.539706 -4.483616
v -0.828887 1.587941 -4.483616
v -0.793576 1.623253 -4.483616
v -0.967624 2.641506 -3.932951
v -0.966742 2.645495 -4.314285
v -1.178652 2.577491 -3.932951
v -1.178378 2.581296 -4.314285
v -1.683501 2.163172 -3.932951
v -1.684682 2.165782 -4.314285
v -1.787455 1.968687 -3.932951
v -1.788936 1.970737 -4.314285
v -1.543602 2.333638 -3.932951
v -1.544381 2.336740 -4.314285
v -1.373136 2.473537 -3.932951
v -1.373422 2.477042 -4.314285
v -0.748162 2.663121 -3.932951
v -0.746648 2.667172 -4.314285
v -0.317673 2.577491 -3.932951
v -0.314918 2.581296 -4.314285
v -0.528701 2.641506 -3.932951
v -0.526554 2.645495 -4.314285
v 0.047278 2.333638 -3.932951
v 0.051085 2.336740 -4.314285
v -0.123188 2.473537 -3.932951
v -0.119873 2.477042 -4.314285
v 0.291131 1.968687 -3.932951
v 0.295640 1.970737 -4.314285
v 0.187177 2.163172 -3.932951
v 0.191387 2.165782 -4.314285
v 0.376760 1.538198 -3.932951
v 0.381517 1.539007 -4.314285
v 0.355145 1.757659 -3.932951
v 0.359839 1.759100 -4.314285
v 0.291131 1.107709 -3.932951
v 0.295640 1.107277 -4.314285
v 0.355145 1.318736 -3.932951
v 0.359839 1.318913 -4.314285
v 0.047278 0.742757 -3.932951
v 0.051085 0.741274 -4.314285
v 0.187177 0.913225 -3.932951
v 0.191387 0.912233 -4.314285
v -0.317673 0.498905 -3.932951
v -0.314918 0.496718 -4.314285
v -0.123189 0.602859 -3.932951
v -0.119873 0.600972 -4.314285
v -0.748162 0.413275 -3.932951
v -0.746648 0.410842 -4.314285
v -0.528701 0.434889 -3.932951
v -0.526554 0.432520 -4.314285
v -1.178651 0.498905 -3.932951
v -1.178378 0.496718 -4.314285
v -0.967624 0.434889 -3.932951
v -0.966742 0.432520 -4.314285
v -1.543603 0.742757 -3.932951
v -1.544381 0.741274 -4.314285
v -1.373136 0.602859 -3.932951
v -1.373423 0.600972 -4.314285
v -1.787455 1.107709 -3.932951
v -1.788936 1.107277 -4.314285
v -1.683501 0.913224 -3.932951
v -1.684682 0.912233 -4.314285
v -1.851470 1.757659 -3.932951
v -1.853135 1.759100 -4.314285
v -1.873085 1.538198 -3.932951
v -1.874812 1.539007 -4.314285
v -1.851470 1.318736 -3.932951
v -1.853135 1.318913 -4.314285
v -0.745340 1.739706 -3.869172
v -0.745340 1.739706 -3.771394
v -0.645340 1.712911 -3.771394
v -0.645340 1.712911 -3.869172
v -0.572134 1.639706 -3.771394
v -0.572134 1.639706 -3.869172
v -0.545340 1.539706 -3.771394
v -0.545340 1.539706 -3.869172
v -0.572134 1.439706 -3.771394
v -0.572134 1.439706 -3.869172
v -0.645340 1.366501 -3.771394
v -0.645340 1.366501 -3.869172
v -0.745340 1.339706 -3.771394
v -0.745340 1.339706 -3.869172
v -0.845340 1.366501 -3.771394
v -0.845340 1.366501 -3.869172
v -0.918545 1.439706 -3.771394
v -0.918545 1.439706 -3.869172
v -0.945340 1.539706 -3.771394
v -0.945340 1.539706 -3.869172
v -0.918545 1.639706 -3.771394
v -0.918545 1.639706 -3.869172
v -0.845340 1.712911 -3.771394
v -0.845340 1.712911 -3.869172
v -0.150365 2.207886 -3.771394
v -0.150365 2.207886 -3.869171
v -0.077160 2.134681 -3.771394
v -0.077160 2.134681 -3.869171
v -0.464166 0.690353 -3.771394
v -0.464166 0.690353 -3.869172
v -0.564166 0.663558 -3.771394
v -0.564166 0.663558 -3.869172
v -1.621488 1.720880 -3.771394
v -1.621488 1.720880 -3.869172
v -1.594693 1.820880 -3.771394
v -1.594693 1.820880 -3.869172
v -1.734045 1.945235 -3.608818
v -1.794684 1.745337 -3.608818
v -1.503053 2.290940 -3.608818
v -1.635574 2.129463 -3.608818
v -1.157349 2.521932 -3.608818
v -1.341576 2.423460 -3.608818
v -0.749563 2.603045 -3.608818
v -0.957450 2.582570 -3.608818
v -0.341777 2.521932 -3.608818
v -0.541675 2.582570 -3.608818
v 0.003927 2.290939 -3.608818
v -0.157549 2.423460 -3.608818
v 0.234920 1.945235 -3.608818
v 0.136448 2.129463 -3.608818
v 0.316033 1.537449 -3.608818
v 0.295558 1.745337 -3.608818
v 0.234920 1.129663 -3.608818
v 0.295558 1.329562 -3.608818
v 0.003927 0.783959 -3.608818
v 0.136448 0.945436 -3.608818
v -0.341777 0.552967 -3.608818
v -0.157549 0.651437 -3.608818
v -0.749563 0.471853 -3.608818
v -0.541675 0.492328 -3.608818
v -1.157349 0.552967 -3.608818
v -0.957450 0.492328 -3.608818
v -1.503053 0.783959 -3.608818
v -1.341576 0.651437 -3.608818
v -1.734045 1.129663 -3.608818
v -1.635574 0.945436 -3.608818
v -1.815159 1.537449 -3.608818
v -1.794684 1.329562 -3.608818
v -1.799430 1.330066 -4.638418
v -1.820083 1.539755 -4.638418
v -1.638940 0.942608 -4.638418
v -1.738266 1.128434 -4.638418
v -1.342394 0.646062 -4.638418
v -1.505271 0.779732 -4.638418
v -0.954937 0.485572 -4.638418
v -1.156569 0.546737 -4.638418
v -0.535557 0.485572 -4.638418
v -0.745247 0.464920 -4.638418
v -0.148100 0.646061 -4.638418
v -0.333925 0.546737 -4.638418
v 0.148447 0.942608 -4.638418
v 0.014777 0.779732 -4.638418
v 0.308936 1.330066 -4.638418
v 0.247772 1.128434 -4.638418
v 0.308937 1.749445 -4.638418
v 0.329589 1.539755 -4.638418
v 0.148447 2.136902 -4.638418
v 0.247772 1.951078 -4.638418
v -0.148100 2.433450 -4.638418
v 0.014777 2.299780 -4.638418
v -0.535557 2.593939 -4.638418
v -0.333925 2.532775 -4.638418
v -0.954937 2.593939 -4.638418
v -0.745247 2.614592 -4.638418
v -1.342394 2.433450 -4.638418
v -1.156569 2.532775 -4.638418
v -1.638940 2.136902 -4.638418
v -1.505271 2.299780 -4.638418
v -1.799430 1.749445 -4.638418
v -1.738266 1.951078 -4.638418
v -0.988675 2.756183 -4.312378
v -1.221475 2.685565 -4.312378
v -1.778410 2.228500 -4.312378
v -1.893089 2.013950 -4.312378
v -1.624078 2.416554 -4.312378
v -1.436024 2.570886 -4.312378
v -0.746572 2.780029 -4.312378
v -0.271669 2.685565 -4.312378
v -0.504468 2.756183 -4.312378
v 0.130934 2.416554 -4.312378
v -0.057120 2.570885 -4.312378
v 0.399945 2.013950 -4.312378
v 0.285266 2.228500 -4.312378
v 0.494409 1.539048 -4.312378
v 0.470564 1.781150 -4.312378
v 0.399945 1.064145 -4.312378
v 0.470564 1.296945 -4.312378
v 0.130934 0.661542 -4.312378
v 0.285266 0.849596 -4.312378
v -0.271669 0.392531 -4.312378
v -0.057120 0.507210 -4.312378
v -0.746572 0.298066 -4.312378
v -0.504469 0.321911 -4.312378
v -1.221475 0.392531 -4.312378
v -0.988675 0.321911 -4.312378
v -1.624078 0.661542 -4.312378
v -1.436024 0.507210 -4.312378
v -1.893089 1.064145 -4.312378
v -1.778410 0.849596 -4.312378
v -1.963708 1.781150 -4.312378
v -1.987553 1.539048 -4.312378
v -1.963708 1.296945 -4.312378
v -0.989645 2.751796 -3.934858
v -1.221776 2.681379 -3.934858
v -1.777110 2.225628 -3.934858
v -1.891460 2.011694 -3.934858
v -1.623222 2.413142 -3.934858
v -1.435708 2.567030 -3.934858
v -0.748238 2.775572 -3.934858
v -0.274699 2.681379 -3.934858
v -0.506830 2.751796 -3.934858
v 0.126747 2.413142 -3.934858
v -0.060767 2.567030 -3.934858
v 0.394984 2.011694 -3.934858
v 0.280635 2.225628 -3.934858
v 0.489177 1.538158 -3.934858
v 0.465400 1.779564 -3.934858
v 0.394984 1.064619 -3.934858
v 0.465400 1.296750 -3.934858
v 0.126746 0.663173 -3.934858
v 0.280635 0.850687 -3.934858
v -0.274700 0.394935 -3.934858
v -0.060767 0.509285 -3.934858
v -0.748238 0.300742 -3.934858
v -0.506830 0.324520 -3.934858
v -1.221776 0.394935 -3.934858
v -0.989645 0.324520 -3.934858
v -1.623222 0.663173 -3.934858
v -1.435708 0.509285 -3.934858
v -1.891460 1.064619 -3.934858
v -1.777110 0.850687 -3.934858
v -1.961876 1.779564 -3.934858
v -1.985652 1.538158 -3.934858
v -1.961876 1.296750 -3.934858
v -0.614816 2.226825 -4.279634
v -0.642046 2.125202 -4.418202
v -0.667459 2.030359 -4.502363
v -0.706120 1.886073 -4.525224
v -0.542047 2.098407 -4.418202
v -0.514816 2.200030 -4.279634
v -0.606120 1.859278 -4.525224
v -0.567459 2.003563 -4.502363
v -0.398972 1.578924 -4.525224
v -0.254687 1.617585 -4.502363
v -0.159844 1.642999 -4.418202
v -0.058221 1.670229 -4.279634
v -0.281482 1.717586 -4.502363
v -0.425767 1.678925 -4.525224
v -0.085016 1.770228 -4.279634
v -0.186639 1.742998 -4.418202
v -0.952488 1.820060 -4.525224
v -1.058112 1.925684 -4.502363
v -1.127542 1.995112 -4.418202
v -1.201936 2.069506 -4.279634
v -1.131317 1.852479 -4.502363
v -1.025693 1.746855 -4.525224
v -1.275141 1.996301 -4.279634
v -1.200747 1.921907 -4.418202
v -1.209198 1.361826 -4.502363
v -1.064912 1.400487 -4.525224
v -1.405664 1.309182 -4.279634
v -1.304040 1.336412 -4.418202
v -1.330835 1.436413 -4.418202
v -1.432459 1.409183 -4.279634
v -1.091707 1.500487 -4.525224
v -1.235992 1.461826 -4.502363
v -0.884559 1.220133 -4.525224
v -0.923220 1.075848 -4.502363
v -0.948633 0.981005 -4.418202
v -0.975863 0.879382 -4.279634
v -0.823220 1.049053 -4.502363
v -0.784559 1.193338 -4.525224
v -0.875863 0.852587 -4.279634
v -0.848633 0.954210 -4.418202
v -0.359362 1.226934 -4.502363
v -0.464986 1.332557 -4.525224
v -0.215539 1.083109 -4.279634
v -0.289932 1.157504 -4.418202
v -0.363137 1.084299 -4.418202
v -0.288744 1.009904 -4.279634
v -0.538191 1.259352 -4.525224
v -0.432567 1.153729 -4.502363
v -0.745340 1.739706 -3.250949
v -0.645340 1.712911 -3.250949
v -0.572134 1.639706 -3.250949
v -0.545340 1.539706 -3.250949
v -0.572134 1.439706 -3.250949
v -0.645340 1.366501 -3.250949
v -0.745340 1.339706 -3.250949
v -0.845340 1.366501 -3.250949
v -0.918545 1.439706 -3.250949
v -0.945340 1.539706 -3.250949
v -0.918545 1.639706 -3.250949
v -0.845340 1.712911 -3.250949
v -0.615340 1.764873 -2.969370
v -0.745340 1.799706 -2.969370
v -0.745340 1.799706 -3.250903
v -0.520173 1.669706 -2.969370
v -0.485340 1.539706 -2.969370
v -0.520173 1.409706 -2.969370
v -0.615340 1.314540 -2.969370
v -0.745340 1.279706 -2.969370
v -0.875340 1.314540 -2.969370
v -0.970506 1.409706 -2.969370
v -1.005340 1.539706 -2.969370
v -0.970506 1.669706 -2.969370
v -0.875340 1.764873 -2.969370
v -0.615340 1.764873 -3.250903
v -0.520173 1.669706 -3.250903
v -0.485340 1.539706 -3.250903
v -0.520173 1.409706 -3.250903
v -0.615340 1.314540 -3.250903
v -0.745340 1.279706 -3.250903
v -0.875340 1.314540 -3.250903
v -0.970506 1.409706 -3.250903
v -1.005340 1.539706 -3.250903
v -0.970506 1.669706 -3.250903
v -0.875340 1.764873 -3.250903
v -0.376420 2.430358 -4.643618
v -0.557266 2.485217 -4.643618
v -0.557266 0.594195 -4.643618
v -0.376420 0.649055 -4.643618
v -0.745340 2.503740 -4.643618
v -0.209751 0.738142 -4.643618
v -0.933414 2.485217 -4.643618
v -0.063665 0.858032 -4.643618
v -1.114260 2.430358 -4.643618
v 0.056225 1.004118 -4.643618
v -1.280928 2.341271 -4.643618
v 0.145311 1.170786 -4.643618
v -1.709374 1.539707 -4.643618
v -1.690850 1.351633 -4.643618
v -1.427015 2.221381 -4.643618
v 0.200170 1.351633 -4.643618
v -1.635991 1.170786 -4.643618
v -1.546905 2.075295 -4.643618
v 0.218694 1.539707 -4.643618
v -1.546905 1.004118 -4.643618
v -1.635991 1.908625 -4.643618
v 0.200170 1.727779 -4.643618
v -1.427015 0.858032 -4.643618
v -1.690850 1.727779 -4.643618
v 0.145311 1.908625 -4.643618
v -1.280928 0.738142 -4.643618
v 0.056225 2.075295 -4.643618
v -1.114260 0.649055 -4.643618
v -0.063665 2.221381 -4.643618
v -0.933414 0.594195 -4.643618
v -0.209751 2.341271 -4.643618
v -0.745340 0.575673 -4.643618
v -1.688579 1.351391 -3.603618
v -1.633972 1.171374 -3.603618
v -1.545294 1.005469 -3.603618
v -1.425954 0.860054 -3.603618
v -1.280537 0.740714 -3.603618
v -1.114633 0.652036 -3.603618
v -0.934616 0.597428 -3.603618
v -0.747405 0.578990 -3.603618
v -0.560194 0.597428 -3.603618
v -0.380177 0.652036 -3.603618
v -0.214273 0.740714 -3.603618
v -0.068856 0.860054 -3.603618
v 0.050484 1.005471 -3.603618
v 0.139162 1.171374 -3.603618
v 0.193769 1.351391 -3.603618
v 0.212208 1.538603 -3.603618
v 0.193769 1.725814 -3.603618
v 0.139162 1.905830 -3.603618
v 0.050484 2.071735 -3.603618
v -0.068856 2.217151 -3.603618
v -0.214273 2.336491 -3.603618
v -0.380177 2.425169 -3.603618
v -0.560194 2.479777 -3.603618
v -0.747405 2.498216 -3.603618
v -0.934616 2.479777 -3.603618
v -1.114633 2.425169 -3.603618
v -1.280537 2.336492 -3.603618
v -1.425953 2.217151 -3.603618
v -1.545294 2.071735 -3.603618
v -1.633972 1.905831 -3.603618
v -1.688579 1.725814 -3.603618
v -1.707018 1.538603 -3.603618
v -0.715338 1.851672 -4.356628
v -0.659845 2.058775 -4.323813
v -0.649661 2.096783 -4.290085
v -0.610575 2.242653 -4.091188
v -0.559845 2.031981 -4.323813
v -0.615338 1.824878 -4.356628
v -0.510576 2.215858 -4.091188
v -0.549661 2.069989 -4.290085
v -0.042393 1.674470 -4.091188
v -0.188262 1.635385 -4.290086
v -0.226270 1.625201 -4.323813
v -0.433373 1.569707 -4.356628
v -0.460168 1.669708 -4.356628
v -0.253065 1.725200 -4.323813
v -0.215056 1.735385 -4.290086
v -0.069188 1.774469 -4.091188
v -1.213522 2.081094 -4.091188
v -1.106739 1.974310 -4.290086
v -1.078915 1.946487 -4.323813
v -0.927305 1.794875 -4.356628
v -1.179944 1.901105 -4.290086
v -1.286727 2.007889 -4.091188
v -1.000510 1.721670 -4.356628
v -1.152120 1.873282 -4.323813
v -1.264409 1.454212 -4.323813
v -1.057306 1.509705 -4.356628
v -1.448286 1.404942 -4.091188
v -1.302418 1.444027 -4.290086
v -1.275623 1.344027 -4.290086
v -1.421491 1.304941 -4.091188
v -1.030511 1.409704 -4.356628
v -1.237614 1.354211 -4.323813
v -0.980104 0.863555 -4.091188
v -0.941019 1.009422 -4.290086
v -0.930834 1.047431 -4.323813
v -0.875341 1.254535 -4.356628
v -0.841019 0.982627 -4.290086
v -0.880104 0.836760 -4.091188
v -0.775341 1.227739 -4.356628
v -0.830834 1.020637 -4.323813
v -0.490169 1.357740 -4.356628
v -0.338559 1.206131 -4.323813
v -0.310735 1.178307 -4.290086
v -0.203952 1.071524 -4.091188
v -0.411764 1.132926 -4.323813
v -0.563375 1.284535 -4.356628
v -0.277157 0.998319 -4.091188
v -0.383940 1.105102 -4.290086
vn -0.0000 -0.0000 1.0000
vn -0.0000 -0.0000 -1.0000
vn 0.7993 -0.6010 -0.0000
vn 0.6165 -0.7874 -0.0000
vn -0.6093 -0.7929 -0.0000
vn -0.2494 -0.9684 -0.0000
vn 0.0098 -1.0000 -0.0000
vn 0.5084 -0.8611 -0.0000
vn 0.7927 0.6097 -0.0000
vn 0.9634 0.2682 -0.0000
vn 1.0000 0.0098 -0.0000
vn 0.8709 -0.4915 -0.0000
vn 0.0169 0.9999 -0.0000
vn -0.1763 0.9843 -0.0000
vn -0.9808 -0.1951 -0.0000
vn -0.9804 0.1968 -0.0000
vn -0.0001 -1.0000 -0.0000
vn -0.1953 -0.9807 -0.0000
vn -0.3830 -0.9237 -0.0000
vn -0.9239 -0.3826 -0.0000
vn -0.9225 0.3860 -0.0000
vn -0.3629 0.9318 -0.0000
vn -0.7019 -0.7123 -0.0000
vn -0.7085 -0.7057 -0.0000
vn 0.7124 0.7018 -0.0000
vn 0.3827 0.9239 -0.0000
vn 0.7071 0.7071 -0.0000
vn -0.1482 -0.9889 -0.0067
vn 0.0015 -1.0000 0.0019
vn -0.4262 -0.9046 0.0067
vn 0.3396 -0.9405 -0.0044
vn -0.0461 0.9989 -0.0042
vn 0.3396 0.9406 0.0044
vn 0.3827 -0.9239 -0.0000
vn -0.1951 0.9807 0.0087
vn 0.7390 -0.6737 0.0044
vn -0.5153 0.8570 -0.0063
vn -0.7071 0.7071 0.0091
vn 0.9233 -0.3840 -0.0019
vn 0.7071 -0.7071 -0.0000
vn -0.8323 0.5543 -0.0019
vn -0.8049 -0.5934 0.0044
vn 1.0000 0.0015 -0.0019
vn 0.9807 -0.1951 0.0091
vn -0.8315 -0.5556 -0.0000
vn -0.9707 0.2402 0.0044
vn 0.9406 0.3396 0.0044
vn 0.9239 0.3827 -0.0000
vn -0.5568 -0.8307 -0.0019
vn -0.9808 0.1951 -0.0000
vn 0.0001 -0.0000 -1.0000
vn 0.6911 0.6960 0.1950
vn 0.6926 0.6986 -0.1798
vn 0.6926 0.6986 0.1798
vn -0.1419 -0.1396 -0.9800
vn -0.2926 -0.2901 -0.9112
vn -0.1488 -0.1476 -0.9778
vn -0.6602 -0.6469 -0.3816
vn -0.7019 -0.6889 -0.1808
vn -0.6669 -0.6558 -0.3539
vn 0.6911 0.6960 -0.1950
vn 0.6582 0.6639 -0.3549
vn 0.2717 0.2709 -0.9235
vn 0.1496 0.1504 -0.9772
vn 0.2913 0.2928 -0.9107
vn -0.7018 -0.6888 0.1815
vn -0.6602 -0.6469 0.3816
vn -0.6669 -0.6558 0.3539
vn -0.2926 -0.2901 0.9112
vn -0.1419 -0.1396 0.9800
vn -0.1488 -0.1476 0.9778
vn 0.1502 0.1509 0.9771
vn 0.2717 0.2709 0.9235
vn 0.2913 0.2928 0.9107
vn 0.6582 0.6639 0.3549
vn 0.1360 0.1355 -0.9814
vn 0.1360 0.1356 0.9814
vn -0.7007 -0.6865 0.1942
vn -0.7007 -0.6865 -0.1942
vn -0.2729 -0.2684 -0.9238
vn 0.6516 0.6550 -0.3827
vn -0.7020 -0.6890 0.1801
vn -0.6603 -0.6470 0.3814
vn -0.2729 -0.2684 0.9238
vn 0.1491 0.1499 0.9774
vn 0.2717 0.2709 0.9234
vn 0.6516 0.6550 0.3827
vn -0.0000 -1.0000 -0.0000
vn -0.1951 -0.9808 -0.0000
vn 0.1951 -0.9808 -0.0000
vn -0.3827 -0.9239 -0.0000
vn 0.5556 -0.8315 -0.0000
vn -0.5556 -0.8315 -0.0000
vn -0.7071 -0.7071 -0.0000
vn 0.8315 -0.5556 -0.0000
vn 0.9239 -0.3827 -0.0000
vn -0.9239 -0.3827 -0.0000
vn 0.9808 -0.1951 -0.0000
vn -1.0000 -0.0000 -0.0000
vn 1.0000 -0.0000 -0.0000
vn 0.9808 0.1951 -0.0000
vn -0.9239 0.3827 -0.0000
vn -0.8315 0.5556 -0.0000
vn 0.8315 0.5556 -0.0000
vn -0.7071 0.7071 -0.0000
vn 0.5556 0.8315 -0.0000
vn -0.5556 0.8315 -0.0000
vn -0.3827 0.9239 -0.0000
vn 0.1951 0.9808 -0.0000
vn -0.1951 0.9808 -0.0000
vn -0.0000 1.0000 -0.0000
vn 0.0007 -0.0004 -1.0000
vn 0.0008 -0.0000 -1.0000
vn -0.0007 0.0004 -1.0000
vn -0.0004 0.0007 -1.0000
vn 0.0004 0.0007 -1.0000
vn -0.0000 0.0008 -1.0000
vn -0.0004 -0.0007 -1.0000
vn -0.0007 -0.0004 -1.0000
vn 0.0004 -0.0007 -1.0000
vn 0.0007 0.0004 -1.0000
vn -0.0008 -0.0000 -1.0000
vn -0.0000 -0.0008 -1.0000
vn -0.4210 0.9071 -0.0000
vn -0.0890 0.9960 -0.0000
vn -0.9960 0.0890 -0.0000
vn -0.9071 0.4210 -0.0000
vn -0.5751 -0.8181 -0.0000
vn -0.8181 -0.5751 -0.0000
vn -0.3805 -0.1020 0.9191
vn -0.1219 -0.0327 0.9920
vn 0.4210 -0.9071 -0.0000
vn 0.0890 -0.9960 -0.0000
vn 0.9960 -0.0890 -0.0000
vn 0.9071 -0.4210 -0.0000
vn 0.5751 0.8181 -0.0000
vn 0.8181 0.5751 -0.0000
vn -0.6806 0.6806 -0.2714
vn -0.9659 -0.2588 -0.0000
vn -0.9297 -0.2491 -0.2714
vn -0.2588 -0.9659 -0.0000
vn -0.2491 -0.9297 -0.2714
vn 0.6806 -0.6806 -0.2714
vn 0.9659 0.2588 -0.0000
vn 0.9297 0.2491 -0.2714
vn 0.2491 0.9297 -0.2714
vn 0.2588 0.9659 -0.0000
vn 0.5838 -0.5838 -0.5643
vn -0.7974 -0.2137 -0.5643
vn -0.2785 0.2785 0.9191
vn -0.0892 0.0892 0.9920
vn -0.2588 0.9659 -0.0000
vn -0.1020 -0.3805 0.9191
vn -0.0327 -0.1219 0.9920
vn 0.3805 0.1020 0.9191
vn 0.1219 0.0327 0.9920
vn -0.2785 0.2785 -0.9191
vn -0.0892 0.0892 -0.9920
vn 0.3805 0.1020 -0.9191
vn 0.1219 0.0327 -0.9920
vn -0.9659 0.2588 -0.0000
vn -0.8270 -0.2216 0.5167
vn -0.8753 -0.2345 0.4229
vn -0.2216 -0.8270 0.5167
vn -0.2345 -0.8753 0.4229
vn -0.1020 -0.3805 -0.9191
vn -0.0327 -0.1219 -0.9920
vn 0.1080 0.4029 -0.9089
vn 0.1884 0.7029 -0.6859
vn 0.2588 -0.9659 -0.0000
vn 0.6054 -0.6054 0.5167
vn 0.6408 -0.6408 0.4229
vn -0.4029 -0.1079 0.9089
vn -0.7029 -0.1883 0.6859
vn -0.4029 -0.1080 0.9089
vn 0.7974 0.2137 -0.5643
vn -0.3805 -0.1020 -0.9191
vn -0.1219 -0.0327 -0.9920
vn 0.4029 0.1080 -0.9089
vn 0.7029 0.1884 -0.6859
vn 0.2949 -0.2949 0.9089
vn 0.5146 -0.5146 0.6859
vn -0.5838 0.5838 -0.5643
vn 0.2785 -0.2785 -0.9191
vn 0.0892 -0.0892 -0.9920
vn -0.2949 0.2949 -0.9089
vn -0.5146 0.5146 -0.6859
vn 0.4029 0.1080 0.9089
vn 0.7029 0.1884 0.6859
vn 0.4029 0.1079 0.9089
vn -0.4029 -0.1080 -0.9089
vn -0.7029 -0.1883 -0.6859
vn -0.4029 -0.1079 -0.9089
vn 0.8270 0.2216 0.5167
vn 0.8753 0.2345 0.4229
vn 0.2216 0.8270 0.5167
vn 0.2345 0.8753 0.4229
vn 0.9659 -0.2588 -0.0000
vn 0.1079 0.4029 0.9089
vn 0.1883 0.7029 0.6859
vn -0.2137 -0.7974 -0.5643
vn 0.1019 0.3805 -0.9191
vn 0.0327 0.1219 -0.9920
vn -0.1080 -0.4029 -0.9089
vn -0.1884 -0.7029 -0.6859
vn 0.2949 -0.2949 -0.9089
vn 0.5146 -0.5146 -0.6859
vn -0.6054 0.6054 0.5167
vn -0.6408 0.6408 0.4229
vn 0.2785 -0.2785 0.9191
vn 0.0892 -0.0892 0.9920
vn -0.2949 0.2949 0.9089
vn -0.5146 0.5146 0.6859
vn -0.5000 0.8660 -0.0000
vn -0.8181 0.5751 -0.0000
vn -0.9960 -0.0890 -0.0000
vn -0.8660 -0.5000 -0.0000
vn -0.5000 -0.8660 -0.0000
vn -0.0890 -0.9960 -0.0000
vn 0.5751 -0.8181 -0.0000
vn 0.8660 -0.5000 -0.0000
vn 0.9071 0.4210 -0.0000
vn 0.4210 0.9071 -0.0000
vn 0.2137 0.7974 -0.5643
vn -0.7029 -0.1884 -0.6859
vn -0.8660 0.5000 -0.0000
vn 0.5000 -0.8660 -0.0000
vn 0.8660 0.5000 -0.0000
vn 0.5000 0.8660 -0.0000
vn -0.1884 -0.7029 0.6859
vn 0.1020 0.3805 0.9191
vn 0.0327 0.1219 0.9920
vn -0.1079 -0.4029 0.9089
vn -0.1883 -0.7029 0.6859
vn -0.1080 -0.4029 0.9089
vn -0.2786 0.2785 0.9191
vn 0.7748 -0.6319 -0.0168
vn 0.7749 -0.6319 0.0169
vn 0.7748 -0.6319 0.0168
vn 0.6634 -0.7459 -0.0590
vn 0.6977 -0.7111 -0.0870
vn 0.6970 -0.7118 -0.0868
vn 0.6634 -0.7459 0.0590
vn 0.6977 -0.7111 0.0870
vn 0.6654 -0.7440 0.0617
vn 0.7243 -0.6840 -0.0862
vn 0.7230 -0.6855 -0.0861
vn -0.6614 -0.6614 -0.3539
vn -0.6956 -0.6956 -0.1800
vn -0.6613 -0.6613 -0.3539
vn -0.6613 -0.6614 0.3539
vn -0.6956 -0.6956 0.1800
vn -0.6956 -0.6956 0.1797
vn -0.1506 -0.1506 0.9771
vn -0.2920 -0.2920 0.9107
vn -0.1501 -0.1501 -0.9772
vn -0.2920 -0.2920 -0.9107
vn -0.1486 -0.1486 -0.9777
vn 0.6956 0.6956 -0.1800
vn 0.6956 0.6956 0.1797
vn 0.6956 0.6957 0.1793
vn 0.2920 0.2920 -0.9107
vn 0.1501 0.1501 -0.9772
vn 0.1486 0.1486 0.9777
vn -0.1486 -0.1486 0.9777
vn -0.1496 -0.1496 0.9774
vn 0.6955 0.6955 0.1807
vn 0.6614 0.6614 0.3539
vn 0.6613 0.6614 -0.3539
vn 0.6956 0.6956 -0.1797
vn 0.1486 0.1486 -0.9777
vn -0.6956 -0.6956 -0.1797
vn 0.2920 0.2920 0.9107
vn 0.1501 0.1501 0.9772
vn 0.7558 -0.6523 -0.0573
vn 0.7749 -0.6319 -0.0169
vn 0.7538 -0.6543 -0.0598
vn 0.7558 -0.6523 0.0573
vn 0.7230 -0.6855 0.0861
vn 0.7243 -0.6840 0.0862
vn 0.6420 -0.7665 0.0177
vn 0.6419 -0.7666 0.0178
vn 0.6419 -0.7666 -0.0178
vn 0.6420 -0.7665 -0.0177
vn 0.6654 -0.7440 -0.0617
vn 0.6970 -0.7118 0.0868
vn 0.7538 -0.6543 0.0598
vn -0.6614 -0.6613 0.3539
vn 0.6613 0.6614 0.3539
vn -0.0014 0.0014 1.0000
vn -0.0003 -0.0000 -1.0000
vn -0.0004 -0.0000 -1.0000
vn -0.0001 -0.0001 -1.0000
vn -0.0392 0.0119 0.9992
vn -0.0407 -0.0040 0.9992
vn -0.0391 0.0119 0.9992
vn -0.0317 0.0260 0.9992
vn -0.0316 0.0259 0.9992
vn -0.0193 0.0362 0.9992
vn -0.0193 0.0361 0.9992
vn -0.0040 0.0408 0.9992
vn 0.0119 0.0393 0.9992
vn 0.0261 0.0318 0.9992
vn 0.0260 0.0317 0.9992
vn 0.0362 0.0194 0.9992
vn 0.0408 0.0040 0.9992
vn 0.0409 0.0040 0.9992
vn 0.0392 -0.0119 0.9992
vn 0.0393 -0.0119 0.9992
vn 0.0317 -0.0260 0.9992
vn 0.0193 -0.0361 0.9992
vn 0.0193 -0.0362 0.9992
vn 0.0040 -0.0407 0.9992
vn 0.0040 -0.0408 0.9992
vn -0.0119 -0.0391 0.9992
vn -0.0119 -0.0392 0.9992
vn -0.0259 -0.0316 0.9992
vn -0.0360 -0.0193 0.9992
vn -0.0361 -0.0193 0.9992
vn 0.0118 0.0388 -0.9992
vn 0.0191 -0.0358 -0.9992
vn 0.0040 -0.0405 -0.9992
vn 0.0192 -0.0359 -0.9992
vn -0.0040 0.0404 -0.9992
vn 0.0314 -0.0257 -0.9992
vn 0.0314 -0.0258 -0.9992
vn -0.0192 0.0359 -0.9992
vn 0.0388 -0.0118 -0.9992
vn -0.0405 -0.0040 -0.9992
vn -0.0191 0.0358 -0.9992
vn -0.0315 0.0258 -0.9992
vn -0.0359 -0.0192 -0.9992
vn -0.0314 0.0258 -0.9992
vn 0.0403 0.0040 -0.9992
vn -0.0390 0.0118 -0.9992
vn 0.0404 0.0040 -0.9992
vn -0.0258 -0.0315 -0.9992
vn -0.0389 0.0118 -0.9992
vn 0.0357 0.0191 -0.9992
vn -0.0118 -0.0389 -0.9992
vn -0.0118 -0.0390 -0.9992
vn 0.0257 0.0313 -0.9992
vn 0.0040 -0.0404 -0.9992
vn -0.2874 0.9476 -0.1397
vn -0.2780 0.9165 -0.2875
vn -0.2875 0.9477 -0.1389
vn -0.8729 0.4666 -0.1429
vn -0.8439 0.4511 -0.2904
vn -0.8730 0.4666 -0.1422
vn 0.3832 0.9236 0.0039
vn 0.3822 0.9241 0.0037
vn 0.3820 0.9242 0.0037
vn -0.6280 0.7652 -0.1414
vn -0.6073 0.7400 -0.2890
vn -0.6281 0.7653 -0.1406
vn -0.1945 -0.9809 -0.0031
vn -0.1935 -0.9811 -0.0034
vn -0.1947 -0.9809 -0.0030
vn 0.3808 0.9246 0.0042
vn 0.3806 0.9247 0.0042
vn 0.0719 0.0876 0.9936
vn 0.5556 -0.8314 0.0005
vn 0.5555 -0.8315 0.0005
vn -0.1075 0.0326 -0.9937
vn 0.7658 0.6285 -0.1360
vn 0.7411 0.6082 -0.2844
vn 0.7658 0.6285 -0.1359
vn 0.4670 0.8736 -0.1368
vn 0.4519 0.8454 -0.2849
vn 0.4670 0.8737 -0.1364
vn 0.0971 0.9856 -0.1381
vn 0.0939 0.9536 -0.2860
vn 0.0971 0.9857 -0.1374
vn -0.5561 -0.8311 -0.0044
vn -0.5551 -0.8318 -0.0042
vn -0.5562 -0.8310 -0.0044
vn 0.5554 -0.8316 0.0005
vn 0.9539 -0.0940 -0.2849
vn 0.9858 -0.0971 -0.1368
vn 0.9859 -0.0971 -0.1364
vn 0.9174 0.2783 -0.2844
vn 0.9480 0.2876 -0.1360
vn 0.9481 0.2876 -0.1359
vn -0.5549 -0.8319 -0.0043
vn -0.5537 -0.8327 -0.0047
vn 0.0329 0.1084 0.9936
vn 0.6076 -0.7404 -0.2875
vn 0.6282 -0.7654 -0.1397
vn 0.6282 -0.7655 -0.1389
vn 0.8451 -0.4517 -0.2860
vn 0.8735 -0.4669 -0.1381
vn 0.8736 -0.4669 -0.1374
vn -0.3826 0.9239 0.0005
vn -0.3827 0.9239 0.0005
vn -0.3828 0.9238 0.0005
vn -0.0868 0.0712 -0.9937
vn 0.9242 0.3820 0.0050
vn 0.9236 0.3833 0.0048
vn 0.9235 0.3835 0.0048
vn -0.3829 0.9238 0.0005
vn -0.3830 0.9238 0.0005
vn -0.7393 -0.6067 -0.2921
vn -0.7649 -0.6277 -0.1444
vn -0.7649 -0.6278 -0.1443
vn -0.4509 -0.8436 -0.2915
vn -0.4665 -0.8727 -0.1439
vn -0.4665 -0.8728 -0.1435
vn -0.0938 -0.9523 -0.2904
vn -0.0970 -0.9850 -0.1429
vn -0.0970 -0.9851 -0.1422
vn 0.2779 -0.9161 -0.2890
vn 0.2874 -0.9473 -0.1414
vn 0.2874 -0.9474 -0.1406
vn -0.9848 0.0970 -0.1439
vn -0.9520 0.0938 -0.2915
vn -0.9849 0.0970 -0.1435
vn 0.9229 0.3851 0.0054
vn 0.9228 0.3854 0.0054
vn -0.9469 -0.2872 -0.1444
vn -0.9152 -0.2776 -0.2921
vn -0.9469 -0.2872 -0.1443
vn -0.0111 0.1127 0.9936
vn 0.8317 -0.5553 0.0024
vn 0.8313 -0.5558 0.0023
vn 0.8317 -0.5552 0.0024
vn -0.0529 0.0989 -0.9937
vn -0.9131 -0.2770 0.2992
vn -0.9458 -0.2869 0.1519
vn -0.9459 -0.2869 0.1518
vn -0.9809 -0.1943 -0.0048
vn -0.9807 -0.1957 -0.0046
vn 0.8312 -0.5559 0.0023
vn 0.8308 -0.5566 0.0025
vn -0.9494 0.0935 0.2997
vn -0.9835 0.0969 0.1527
vn -0.9836 0.0969 0.1523
vn 0.2868 -0.9453 0.1556
vn 0.2767 -0.9122 0.3022
vn 0.2868 -0.9454 0.1548
vn -0.0968 -0.9833 0.1540
vn -0.0935 -0.9491 0.3008
vn -0.0969 -0.9834 0.1533
vn -0.4659 -0.8716 0.1527
vn -0.4497 -0.8414 0.2997
vn -0.4659 -0.8716 0.1523
vn -0.7640 -0.6270 0.1519
vn -0.7376 -0.6053 0.2992
vn -0.7641 -0.6270 0.1518
vn -0.9806 -0.1959 -0.0046
vn -0.9803 -0.1975 -0.0051
vn -0.0533 0.0998 0.9936
vn -0.7073 0.7069 -0.0014
vn -0.7070 0.7072 -0.0014
vn -0.7069 0.7073 -0.0014
vn -0.0110 0.1115 -0.9937
vn 0.1949 -0.9808 -0.0015
vn 0.1944 -0.9809 -0.0016
vn 0.1943 -0.9809 -0.0016
vn -0.7066 0.7076 -0.0016
vn -0.7065 0.7077 -0.0016
vn 0.0004 1.0000 0.0024
vn 0.0012 1.0000 0.0025
vn -0.0874 0.0717 0.9936
vn 0.8707 -0.4654 0.1587
vn 0.8399 -0.4489 0.3052
vn 0.8708 -0.4655 0.1580
vn 0.6265 -0.7634 0.1573
vn 0.6044 -0.7365 0.3037
vn 0.6266 -0.7635 0.1564
vn 0.9809 -0.1945 0.0039
vn 0.9807 -0.1956 0.0037
vn 0.9809 -0.1944 0.0039
vn 0.0325 0.1072 -0.9937
vn -0.1956 -0.9807 -0.0032
vn -0.1967 -0.9805 -0.0034
vn -0.1969 -0.9804 -0.0034
vn 0.9806 -0.1958 0.0037
vn 0.9804 -0.1971 0.0041
vn 0.9446 0.2865 0.1603
vn 0.9108 0.2763 0.3068
vn 0.9446 0.2865 0.1601
vn 0.9824 -0.0968 0.1598
vn 0.9474 -0.0933 0.3062
vn 0.9825 -0.0968 0.1593
vn 0.5558 -0.8313 0.0005
vn -0.1081 0.0328 0.9936
vn -0.9241 0.3822 -0.0032
vn -0.9237 0.3831 -0.0030
vn -0.9237 0.3832 -0.0031
vn 0.0710 0.0865 -0.9937
vn 0.0933 0.9477 0.3052
vn 0.0968 0.9826 0.1587
vn 0.0968 0.9827 0.1580
vn 0.4488 0.8396 0.3062
vn 0.4653 0.8706 0.1598
vn 0.4654 0.8707 0.1593
vn 0.7357 0.6038 0.3068
vn 0.7630 0.6262 0.1603
vn 0.7630 0.6262 0.1601
vn -0.3825 0.9240 0.0005
vn -0.9232 0.3842 -0.0034
vn -0.9232 0.3844 -0.0034
vn 0.8321 -0.5546 0.0025
vn 0.8322 -0.5544 0.0025
vn 0.9806 0.1958 0.0048
vn 0.9809 0.1945 0.0046
vn 0.9806 0.1959 0.0048
vn 0.0987 0.0528 -0.9937
vn -0.7076 0.7066 -0.0015
vn -0.7073 0.7069 -0.0015
vn 0.9809 0.1942 0.0046
vn 0.9813 0.1926 0.0051
vn 0.9812 -0.1931 0.0041
vn 0.9812 -0.1929 0.0042
vn -1.0000 -0.0007 -0.0044
vn -1.0000 0.0006 -0.0042
vn -1.0000 0.0008 -0.0043
vn 0.1114 0.0110 -0.9937
vn -0.6047 0.7369 0.3022
vn -0.6267 0.7636 0.1556
vn -0.6268 0.7637 0.1548
vn -0.9245 0.3812 -0.0034
vn -1.0000 0.0023 -0.0047
vn -1.0000 0.0026 -0.0048
vn -0.8411 0.4496 0.3008
vn -0.8714 0.4658 0.1540
vn -0.8715 0.4658 0.1533
vn -0.2766 0.9117 0.3038
vn -0.2867 0.9450 0.1573
vn -0.2867 0.9452 0.1564
vn -0.7529 0.6179 -0.2269
vn -0.6889 0.5654 -0.4535
vn -0.7531 0.6180 -0.2256
vn -0.4593 0.8592 -0.2253
vn -0.4204 0.7866 -0.4523
vn -0.4594 0.8595 -0.2239
vn -0.0955 0.9700 -0.2236
vn -0.0875 0.8882 -0.4510
vn -0.0956 0.9703 -0.2223
vn 0.2830 0.9330 -0.2221
vn 0.2592 0.8546 -0.4500
vn 0.2831 0.9333 -0.2211
vn 0.6187 0.7539 -0.2209
vn 0.5668 0.6906 -0.4493
vn 0.6188 0.7540 -0.2204
vn 0.8602 0.4598 -0.2204
vn 0.7880 0.4212 -0.4490
vn 0.8891 0.0876 -0.4493
vn 0.9706 0.0956 -0.2209
vn 0.9707 0.0956 -0.2204
vn 0.8546 -0.2592 -0.4500
vn 0.9330 -0.2830 -0.2221
vn 0.9333 -0.2831 -0.2211
vn 0.6899 -0.5662 -0.4510
vn 0.7534 -0.6183 -0.2236
vn 0.7537 -0.6185 -0.2223
vn 0.4204 -0.7866 -0.4523
vn 0.4593 -0.8592 -0.2253
vn 0.4594 -0.8595 -0.2239
vn 0.0874 -0.8869 -0.4535
vn 0.0955 -0.9692 -0.2269
vn 0.0955 -0.9695 -0.2256
vn -0.2586 -0.8523 -0.4546
vn -0.2826 -0.9317 -0.2281
vn -0.2827 -0.9319 -0.2271
vn -0.5648 -0.6882 -0.4553
vn -0.6176 -0.7525 -0.2288
vn -0.6176 -0.7526 -0.2282
vn -0.7851 -0.4196 -0.4556
vn -0.8585 -0.4589 -0.2288
vn -0.9688 -0.0954 -0.2288
vn -0.8860 -0.0873 -0.4553
vn -0.9689 -0.0954 -0.2282
vn -0.9317 0.2826 -0.2281
vn -0.8523 0.2586 -0.4546
vn -0.9319 0.2827 -0.2271
vn -0.8486 0.2574 0.4622
vn -0.9295 0.2820 0.2377
vn -0.9297 0.2820 0.2367
vn -0.8829 -0.0870 0.4615
vn -0.9669 -0.0952 0.2366
vn -0.9671 -0.0952 0.2361
vn -0.8570 -0.4581 0.2360
vn -0.7825 -0.4183 0.4612
vn -0.6164 -0.7511 0.2366
vn -0.5628 -0.6858 0.4615
vn -0.6165 -0.7512 0.2361
vn -0.2820 -0.9295 0.2377
vn -0.2574 -0.8486 0.4622
vn -0.2820 -0.9297 0.2367
vn 0.0952 -0.9663 0.2392
vn 0.0869 -0.8820 0.4632
vn 0.0952 -0.9666 0.2380
vn 0.4575 -0.8560 0.2409
vn 0.4175 -0.7810 0.4645
vn 0.4577 -0.8562 0.2395
vn 0.7499 -0.6155 0.2424
vn 0.6841 -0.5614 0.4657
vn 0.7502 -0.6157 0.2412
vn 0.9281 -0.2815 0.2436
vn 0.8463 -0.2567 0.4667
vn 0.9283 -0.2816 0.2427
vn 0.9650 0.0950 0.2443
vn 0.8798 0.0867 0.4674
vn 0.9652 0.0951 0.2438
vn 0.7795 0.4167 0.4676
vn 0.8552 0.4571 0.2444
vn 0.5608 0.6834 0.4674
vn 0.6152 0.7496 0.2443
vn 0.6152 0.7497 0.2438
vn 0.2567 0.8463 0.4667
vn 0.2815 0.9281 0.2436
vn 0.2816 0.9283 0.2427
vn -0.0867 0.8807 0.4657
vn -0.0951 0.9655 0.2424
vn -0.0951 0.9658 0.2412
vn -0.4175 0.7810 0.4644
vn -0.4575 0.8560 0.2409
vn -0.4175 0.7810 0.4645
vn -0.4577 0.8562 0.2395
vn -0.6851 0.5622 0.4632
vn -0.7506 0.6160 0.2392
vn -0.7508 0.6162 0.2380
vn 0.1000 0.0535 0.9936
vn 0.7065 0.7077 0.0046
vn 0.7053 0.7089 0.0051
vn 0.7051 0.7091 0.0052
vn -0.0004 1.0000 0.0023
vn -0.0012 1.0000 0.0025
vn -0.0014 1.0000 0.0026
vn 0.7076 0.7066 0.0048
vn 0.7067 0.7075 0.0046
vn -0.0003 1.0000 0.0023
vn 0.1128 0.0111 0.9936
vn -0.8310 -0.5563 -0.0048
vn -0.8300 -0.5577 -0.0053
vn -0.8311 -0.5561 -0.0048
vn 0.1953 -0.9807 -0.0014
vn 0.1958 -0.9806 -0.0016
vn -0.8319 -0.5549 -0.0050
vn 0.1948 -0.9808 -0.0015
vn 0.1084 -0.0329 0.9936
vn 1.0000 0.0008 0.0043
vn 1.0000 0.0023 0.0048
vn 1.0000 0.0026 0.0048
vn 1.0000 -0.0007 0.0044
vn 1.0000 0.0006 0.0042
vn 0.0875 -0.0718 0.9936
vn 0.9241 -0.3821 0.0031
vn 0.9245 -0.3811 0.0034
vn 0.9246 -0.3810 0.0035
vn 0.9237 -0.3831 0.0032
vn 0.9240 -0.3823 0.0030
vn 0.0533 -0.0998 0.9936
vn -0.9809 0.1944 -0.0037
vn -0.9812 0.1931 -0.0042
vn -0.9809 0.1946 -0.0037
vn -0.9807 0.1957 -0.0039
vn -0.9806 0.1957 -0.0039
vn 0.0111 -0.1125 0.9936
vn 0.7073 -0.7069 0.0014
vn 0.7077 -0.7066 0.0016
vn 0.7077 -0.7065 0.0016
vn 0.7069 -0.7073 0.0014
vn 0.7072 -0.7070 0.0014
vn -0.9813 -0.1926 -0.0051
vn -0.9813 -0.1924 -0.0051
vn -0.0328 -0.1081 0.9936
vn -0.8317 0.5552 -0.0023
vn -0.8322 0.5545 -0.0025
vn -0.8316 0.5553 -0.0023
vn 0.9249 0.3803 0.0053
vn 0.9242 0.3819 0.0050
vn -0.8313 0.5559 -0.0024
vn -0.8312 0.5559 -0.0024
vn -0.5575 -0.8302 -0.0047
vn -0.5577 -0.8300 -0.0047
vn -0.0716 -0.0873 0.9936
vn 0.3826 -0.9239 -0.0005
vn 0.3824 -0.9240 -0.0005
vn 0.3845 0.9231 0.0041
vn 0.3833 0.9236 0.0039
vn 0.3827 -0.9239 -0.0005
vn 0.7089 0.7053 0.0051
vn 0.7077 0.7065 0.0048
vn -0.0995 -0.0532 0.9936
vn -0.0996 -0.0532 0.9936
vn -0.5556 0.8314 -0.0005
vn -0.5558 0.8313 -0.0005
vn -0.8329 -0.5534 -0.0053
vn -0.8331 -0.5532 -0.0053
vn -0.5555 0.8315 -0.0005
vn 1.0000 -0.0023 0.0047
vn -0.1123 -0.0111 0.9936
vn -0.1124 -0.0111 0.9936
vn -0.0004 -1.0000 -0.0023
vn -0.0012 -1.0000 -0.0025
vn -0.0014 -1.0000 -0.0026
vn 0.9232 -0.3842 0.0034
vn 0.9237 -0.3832 0.0032
vn -0.1119 -0.0110 -0.9937
vn 0.0004 -1.0000 -0.0023
vn -0.0003 -1.0000 -0.0023
vn -0.9804 0.1970 -0.0041
vn -0.9803 0.1973 -0.0041
vn -0.1948 0.9808 0.0014
vn -0.1944 0.9809 0.0016
vn -0.1949 0.9808 0.0014
vn 0.7066 -0.7076 0.0015
vn 0.7069 -0.7073 0.0015
vn -0.0992 -0.0530 -0.9937
vn -0.1953 0.9807 0.0014
vn -0.1953 0.9807 0.0015
vn -0.8308 0.5566 -0.0025
vn -0.8307 0.5567 -0.0025
vn -0.3833 -0.9236 -0.0037
vn -0.3846 -0.9231 -0.0042
vn -0.3848 -0.9230 -0.0042
vn 0.3829 -0.9238 -0.0005
vn 0.3828 -0.9238 -0.0005
vn -0.0713 -0.0869 -0.9937
vn -0.3821 -0.9241 -0.0039
vn -0.3832 -0.9237 -0.0037
vn -0.5554 0.8316 -0.0005
vn -0.5553 0.8316 -0.0005
vn 0.1957 0.9807 0.0031
vn 0.1967 0.9805 0.0034
vn 0.1955 0.9807 0.0030
vn 0.0012 -1.0000 -0.0025
vn 0.0004 -1.0000 -0.0024
vn -0.0326 -0.1075 -0.9937
vn 0.1946 0.9809 0.0032
vn -0.1958 0.9806 0.0015
vn -0.1959 0.9806 0.0016
vn -0.7077 -0.7065 -0.0046
vn -0.7089 -0.7053 -0.0051
vn -0.7091 -0.7051 -0.0052
vn -0.3808 -0.9246 -0.0041
vn 0.0110 -0.1117 -0.9937
vn -0.7066 -0.7076 -0.0048
vn -0.7075 -0.7067 -0.0046
vn 0.1935 0.9811 0.0034
vn 0.1933 0.9811 0.0034
vn 0.5562 0.8310 0.0043
vn 0.5575 0.8302 0.0048
vn 0.5561 0.8311 0.0042
vn -0.7053 -0.7088 -0.0051
vn -0.7065 -0.7077 -0.0048
vn 0.0529 -0.0989 -0.9937
vn 0.5550 0.8318 0.0044
vn 0.5549 0.8319 0.0044
vn 0.5537 0.8327 0.0047
vn 0.5535 0.8329 0.0047
vn -0.9242 -0.3818 -0.0048
vn -0.9249 -0.3803 -0.0054
vn -0.9250 -0.3800 -0.0054
vn -0.9236 -0.3834 -0.0050
vn -0.9229 -0.3851 -0.0053
vn -0.9235 -0.3835 -0.0050
vn 0.0867 -0.0711 -0.9937
vn -0.9241 -0.3821 -0.0048
vn 0.8310 0.5562 0.0050
vn 0.8300 0.5577 0.0053
vn 0.8299 0.5579 0.0053
vn 0.8320 0.5548 0.0048
vn 0.8329 0.5534 0.0054
vn 0.8318 0.5550 0.0048
vn -1.0000 -0.0023 -0.0047
vn 0.1072 -0.0325 -0.9937
vn 0.8310 0.5563 0.0050
vn 0.9803 0.1975 0.0051
vn 0.9802 0.1978 0.0051
vn -0.1933 -0.9811 -0.0034
vn 0.5553 -0.8316 0.0005
vn -0.5534 -0.8329 -0.0048
vn 0.8307 -0.5567 0.0025
vn -0.9802 -0.1978 -0.0052
vn 0.0013 1.0000 0.0025
vn 0.9803 -0.1973 0.0042
vn -0.3824 0.9240 0.0005
vn -0.7077 0.7065 -0.0016
vn 0.9813 0.1924 0.0052
vn -0.9246 0.3810 -0.0034
vn 0.1000 0.0535 0.9935
vn -0.8298 -0.5580 -0.0054
vn 0.1959 -0.9806 -0.0016
vn -0.9812 0.1929 -0.0042
vn -0.8322 0.5544 -0.0026
vn 0.9250 0.3800 0.0053
vn 0.3847 0.9230 0.0042
vn 0.7091 0.7051 0.0051
vn 1.0000 -0.0025 0.0047
vn 0.9232 -0.3844 0.0034
vn -0.1943 0.9809 0.0016
vn 0.7065 -0.7077 0.0016
vn -0.0991 -0.0530 -0.9937
vn 0.1969 0.9804 0.0034
vn 0.0013 -1.0000 -0.0025
vn -0.3806 -0.9247 -0.0041
vn 0.5577 0.8300 0.0048
vn -0.7051 -0.7090 -0.0051
vn -0.9228 -0.3853 -0.0054
vn 0.0866 -0.0711 -0.9937
vn 0.8331 0.5531 0.0054
vn -1.0000 -0.0025 -0.0047
vt 0.241622 0.510735
vt 0.262199 0.510897
vt 0.286090 0.562227
vt 0.489608 0.005306
vt 0.412377 0.408469
vt 0.393727 0.416523
vt 0.489280 0.541730
vt 0.476932 0.554704
vt 0.467015 0.487651
vt 0.355586 0.650679
vt 0.322106 0.581599
vt 0.355325 0.581474
vt 0.355122 0.527739
vt 0.321971 0.545776
vt 0.321904 0.527865
vt 0.355189 0.545651
vt 0.322039 0.563688
vt 0.322571 0.704539
vt 0.355721 0.686502
vt 0.355789 0.704413
vt 0.322503 0.686627
vt 0.355654 0.668590
vt 0.322435 0.668716
vt 0.359014 0.718922
vt 0.466215 0.740939
vt 0.359014 0.740939
vt 0.524386 0.718922
vt 0.496445 0.740938
vt 0.496445 0.718922
vt 0.465644 0.774585
vt 0.465073 0.808231
vt 0.597839 0.740938
vt 0.554889 0.718922
vt 0.597839 0.718922
vt 0.422129 0.652351
vt 0.465644 0.685276
vt 0.466215 0.718922
vt 0.554889 0.740938
vt 0.539637 0.718922
vt 0.539637 0.740938
vt 0.481330 0.718922
vt 0.481330 0.740938
vt 0.387036 0.496738
vt 0.390568 0.561476
vt 0.373158 0.557269
vt 0.360184 0.544921
vt 0.459751 0.559766
vt 0.413904 0.510586
vt 0.493487 0.524320
vt 0.289409 0.496661
vt 0.303742 0.557895
vt 0.316852 0.545313
vt 0.213057 0.493957
vt 0.216178 0.560147
vt 0.199008 0.555032
vt 0.186683 0.541999
vt 0.182530 0.524541
vt 0.480205 0.713200
vt 0.485803 0.699160
vt 0.485331 0.671223
vt 0.479258 0.657233
vt 0.465073 0.651630
vt 0.479258 0.802628
vt 0.485803 0.760701
vt 0.480205 0.746661
vt 0.485331 0.788638
vt 0.353162 0.008700
vt 0.320336 0.112629
vt 0.319944 0.008825
vt 0.353554 0.112504
vt 0.351243 0.008725
vt 0.015007 0.718923
vt 0.015007 0.740939
vt 0.182530 0.004687
vt 0.263125 0.406809
vt 0.242722 0.406644
vt 0.322372 0.007743
vt 0.069176 0.510735
vt 0.089753 0.510897
vt 0.113644 0.562227
vt 0.317162 0.005306
vt 0.239931 0.408469
vt 0.221281 0.416523
vt 0.316834 0.541730
vt 0.304486 0.554704
vt 0.294569 0.487651
vt 0.183140 0.650679
vt 0.149661 0.581599
vt 0.182879 0.581474
vt 0.182676 0.527740
vt 0.149525 0.545776
vt 0.149458 0.527865
vt 0.182744 0.545651
vt 0.149593 0.563688
vt 0.150125 0.704539
vt 0.183276 0.686502
vt 0.183343 0.704413
vt 0.150057 0.686627
vt 0.183208 0.668590
vt 0.149990 0.668716
vt 0.358473 0.718923
vt 0.465674 0.740939
vt 0.358473 0.740939
vt 0.523845 0.718922
vt 0.495904 0.740938
vt 0.495904 0.718922
vt 0.465103 0.774585
vt 0.464532 0.808231
vt 0.597298 0.740938
vt 0.554348 0.718922
vt 0.597298 0.718922
vt 0.421588 0.652351
vt 0.465103 0.685276
vt 0.465674 0.718922
vt 0.554348 0.740938
vt 0.539097 0.718922
vt 0.539097 0.740938
vt 0.480789 0.718922
vt 0.480790 0.740939
vt 0.214590 0.496738
vt 0.218122 0.561476
vt 0.200712 0.557269
vt 0.187738 0.544921
vt 0.287305 0.559766
vt 0.241458 0.510587
vt 0.321041 0.524320
vt 0.116963 0.496661
vt 0.131296 0.557895
vt 0.144407 0.545313
vt 0.040612 0.493957
vt 0.043732 0.560147
vt 0.026563 0.555032
vt 0.014238 0.541999
vt 0.010084 0.524541
vt 0.479664 0.713200
vt 0.485262 0.699160
vt 0.484790 0.671223
vt 0.478717 0.657233
vt 0.464532 0.651630
vt 0.478718 0.802628
vt 0.485262 0.760701
vt 0.479664 0.746661
vt 0.484790 0.788638
vt 0.180716 0.008700
vt 0.147890 0.112629
vt 0.147498 0.008825
vt 0.181108 0.112504
vt 0.178797 0.008725
vt 0.014467 0.718923
vt 0.014467 0.740940
vt 0.010084 0.004687
vt 0.090679 0.406809
vt 0.070276 0.406644
vt 0.149926 0.007743
vt 0.041319 0.640085
vt 0.048123 0.567897
vt 0.048068 0.640090
vt 0.091856 0.640067
vt 0.088455 0.567875
vt 0.095205 0.567872
vt 0.081814 0.640078
vt 0.034570 0.640080
vt 0.041374 0.567892
vt 0.081706 0.567885
vt 0.031332 0.567879
vt 0.074957 0.567895
vt 0.024528 0.640068
vt 0.021290 0.567867
vt 0.068316 0.640098
vt 0.075065 0.640088
vt 0.017778 0.640055
vt 0.112104 0.640045
vt 0.105247 0.567862
vt 0.111996 0.567852
vt 0.061567 0.640100
vt 0.064915 0.567905
vt 0.105355 0.640055
vt 0.011247 0.567842
vt 0.054872 0.567902
vt 0.054817 0.640095
vt 0.098605 0.640065
vt 0.118745 0.567842
vt 0.118853 0.640035
vt 0.203386 0.653880
vt 0.252675 0.674297
vt 0.216271 0.718655
vt 0.247843 0.705742
vt 0.199276 0.710525
vt 0.199276 0.657175
vt 0.375498 0.480017
vt 0.474507 0.468769
vt 0.471095 0.438735
vt 0.371238 0.460154
vt 0.459557 0.422014
vt 0.379579 0.431101
vt 0.432689 0.408165
vt 0.322368 0.650804
vt 0.355257 0.563563
vt 0.524386 0.740938
vt 0.422129 0.807510
vt 0.443938 0.507174
vt 0.203707 0.479271
vt 0.301010 0.479645
vt 0.305221 0.459500
vt 0.199888 0.459461
vt 0.204282 0.437423
vt 0.300863 0.438172
vt 0.223782 0.414267
vt 0.289721 0.421211
vt 0.203053 0.480017
vt 0.302061 0.468769
vt 0.298649 0.438735
vt 0.198792 0.460154
vt 0.287111 0.422014
vt 0.207133 0.431101
vt 0.260243 0.408165
vt 0.149922 0.650804
vt 0.182811 0.563562
vt 0.523845 0.740938
vt 0.421588 0.807510
vt 0.271492 0.507174
vt 0.031261 0.479271
vt 0.128564 0.479645
vt 0.132775 0.459500
vt 0.027442 0.459461
vt 0.031836 0.437423
vt 0.128417 0.438171
vt 0.051336 0.414267
vt 0.117276 0.421211
vt 0.011029 0.640034
vt 0.186631 0.674296
vt 0.192978 0.662422
vt 0.223036 0.649972
vt 0.235920 0.653880
vt 0.246328 0.662422
vt 0.252675 0.694331
vt 0.241545 0.710989
vt 0.229670 0.717336
vt 0.197762 0.710989
vt 0.186631 0.694331
vt 0.211151 0.650828
vt 0.224551 0.649509
vt 0.237435 0.653417
vt 0.247843 0.661959
vt 0.254190 0.673833
vt 0.254190 0.693868
vt 0.237435 0.714284
vt 0.224550 0.718192
vt 0.211151 0.716872
vt 0.190735 0.700117
vt 0.186826 0.687233
vt 0.190735 0.667583
vt 0.566835 0.188397
vt 0.972358 0.174418
vt 0.972430 0.185814
vt 0.565584 0.122015
vt 0.971579 0.102075
vt 0.971813 0.122275
vt 0.565029 0.100217
vt 0.971543 0.080541
vt 0.566762 0.177004
vt 0.972183 0.152884
vt 0.566458 0.155205
vt 0.971945 0.132683
vt 0.971603 0.069150
vt 0.565316 0.045226
vt 0.971864 0.047617
vt 0.566100 0.023436
vt 0.972308 0.027420
vt 0.972549 0.227551
vt 0.566808 0.210198
vt 0.972530 0.207349
vt 0.565899 0.133407
vt 0.566533 0.012048
vt 0.564916 0.067024
vt 0.564857 0.078417
vt 0.566527 0.232001
vt 0.972549 0.017014
vt 0.463198 0.188097
vt 0.370971 0.188097
vt 0.463198 0.172459
vt 0.463198 0.203734
vt 0.370971 0.172460
vt 0.370971 0.203734
vt 0.463198 0.156822
vt 0.463198 0.219372
vt 0.370971 0.156822
vt 0.370971 0.219372
vt 0.463198 0.235009
vt 0.370971 0.235009
vt 0.463198 0.141185
vt 0.370971 0.141185
vt 0.463198 0.250647
vt 0.370971 0.250647
vt 0.463198 0.125547
vt 0.370971 0.125547
vt 0.463198 0.109910
vt 0.463198 0.266284
vt 0.370971 0.109910
vt 0.370971 0.266284
vt 0.463198 0.281921
vt 0.463197 0.094272
vt 0.370971 0.094272
vt 0.370971 0.281921
vt 0.463198 0.078635
vt 0.370971 0.297559
vt 0.370971 0.078635
vt 0.463198 0.297559
vt 0.463197 0.062998
vt 0.370971 0.062998
vt 0.463198 0.313196
vt 0.370971 0.313196
vt 0.463198 0.328834
vt 0.463197 0.047360
vt 0.370971 0.047360
vt 0.370971 0.328834
vt 0.463198 0.344471
vt 0.370971 0.344471
vt 0.463197 0.031723
vt 0.370971 0.547757
vt 0.370971 0.532120
vt 0.463197 0.532120
vt 0.463197 0.516482
vt 0.463198 0.360108
vt 0.370971 0.516482
vt 0.370971 0.360108
vt 0.463197 0.500845
vt 0.463198 0.375746
vt 0.370971 0.375746
vt 0.370971 0.500845
vt 0.463198 0.391383
vt 0.463198 0.485208
vt 0.370971 0.391383
vt 0.370971 0.485208
vt 0.463198 0.407021
vt 0.463198 0.469570
vt 0.370971 0.407021
vt 0.370971 0.469570
vt 0.463198 0.422658
vt 0.463198 0.453933
vt 0.370971 0.453933
vt 0.370971 0.422658
vt 0.463198 0.438295
vt 0.370971 0.438295
vt 0.053261 0.802122
vt 0.035664 0.793556
vt 0.055556 0.793556
vt 0.037959 0.859227
vt 0.018438 0.857847
vt 0.024708 0.851577
vt 0.017057 0.823024
vt 0.008492 0.840620
vt 0.008492 0.820729
vt 0.074163 0.838325
vt 0.072783 0.857847
vt 0.066512 0.851576
vt 0.072783 0.803502
vt 0.066512 0.809773
vt 0.017057 0.838325
vt 0.759651 0.236742
vt 0.751085 0.219145
vt 0.759651 0.221440
vt 0.055556 0.867793
vt 0.053261 0.859227
vt 0.074163 0.823024
vt 0.082729 0.820729
vt 0.024708 0.809773
vt 0.037959 0.802122
vt 0.035664 0.867793
vt 0.082729 0.840620
vt 0.915727 0.083729
vt 0.938390 0.068427
vt 0.938390 0.083729
vt 0.915727 0.114331
vt 0.938390 0.099030
vt 0.938390 0.114331
vt 0.915727 0.144934
vt 0.938390 0.129633
vt 0.938390 0.144934
vt 0.385927 0.944544
vt 0.411633 0.913230
vt 0.411633 0.944544
vt 0.915727 0.175537
vt 0.938390 0.160235
vt 0.938390 0.175537
vt 0.915727 0.206139
vt 0.938390 0.190838
vt 0.938390 0.206139
vt 0.915727 0.236742
vt 0.938390 0.221440
vt 0.938390 0.236742
vt 0.392729 0.626002
vt 0.367023 0.587929
vt 0.392729 0.587929
vt 0.392739 0.626370
vt 0.367033 0.588297
vt 0.392739 0.588297
vt 0.392570 0.626370
vt 0.366864 0.588297
vt 0.392570 0.588297
vt 0.392065 0.586984
vt 0.366359 0.625057
vt 0.366358 0.586984
vt 0.392475 0.625222
vt 0.366769 0.587149
vt 0.392475 0.587149
vt 0.098480 0.984914
vt 0.128781 0.934861
vt 0.131181 0.983294
vt 0.324552 0.774464
vt 0.350258 0.659558
vt 0.350258 0.774464
vt 0.325226 0.775777
vt 0.350932 0.660871
vt 0.350932 0.775777
vt 0.411623 0.944176
vt 0.385917 0.912862
vt 0.411623 0.912862
vt 0.367033 0.731655
vt 0.367033 0.626370
vt 0.385758 0.944544
vt 0.411464 0.913230
vt 0.411464 0.944544
vt 0.385663 0.943396
vt 0.411369 0.912082
vt 0.411369 0.943396
vt 0.350258 0.928233
vt 0.324552 0.887298
vt 0.350258 0.887298
vt 0.325226 0.929546
vt 0.350932 0.888611
vt 0.350932 0.929546
vt 0.308861 0.730507
vt 0.324962 0.659723
vt 0.324962 0.774630
vt 0.203015 0.712239
vt 0.172547 0.742163
vt 0.169824 0.687207
vt 0.206741 0.688296
vt 0.167800 0.646359
vt 0.366769 0.730507
vt 0.392475 0.730507
vt 0.089444 0.802547
vt 0.096080 0.936481
vt 0.173330 0.559910
vt 0.134555 0.601420
vt 0.143669 0.554187
vt 0.137123 0.688827
vt 0.135099 0.647979
vt 0.350668 0.659723
vt 0.366769 0.625222
vt 0.375723 0.796911
vt 0.350668 0.774630
vt 0.375723 0.734902
vt 0.299907 0.796911
vt 0.324962 0.817830
vt 0.367023 0.731287
vt 0.392729 0.731287
vt 0.379575 0.815542
vt 0.405282 0.802674
vt 0.405282 0.815542
vt 0.352735 0.927365
vt 0.327029 0.886430
vt 0.352735 0.886430
vt 0.350668 0.849941
vt 0.350668 0.817830
vt 0.309115 0.731287
vt 0.325216 0.660503
vt 0.325216 0.775409
vt 0.282497 0.890651
vt 0.325216 0.850721
vt 0.325216 0.888243
vt 0.393641 0.890651
vt 0.350922 0.850721
vt 0.393641 0.836793
vt 0.375977 0.797691
vt 0.350922 0.775409
vt 0.375977 0.735682
vt 0.405536 0.816322
vt 0.379829 0.803453
vt 0.405536 0.803453
vt 0.350922 0.660503
vt 0.325216 0.929178
vt 0.350922 0.888243
vt 0.350922 0.929178
vt 0.350922 0.818610
vt 0.379839 0.816690
vt 0.405545 0.803821
vt 0.405545 0.816690
vt 0.325226 0.851088
vt 0.350932 0.818978
vt 0.350932 0.851088
vt 0.375987 0.798059
vt 0.375987 0.736050
vt 0.392739 0.731655
vt 0.366864 0.731655
vt 0.392570 0.731655
vt 0.300171 0.798059
vt 0.325226 0.818978
vt 0.308957 0.731655
vt 0.325057 0.660871
vt 0.325057 0.775777
vt 0.300003 0.798059
vt 0.325057 0.818978
vt 0.350764 0.660871
vt 0.366864 0.626370
vt 0.375818 0.798059
vt 0.350764 0.775777
vt 0.375818 0.736050
vt 0.379671 0.816690
vt 0.405377 0.803821
vt 0.405377 0.816690
vt 0.350764 0.929546
vt 0.325057 0.888611
vt 0.350764 0.888611
vt 0.350764 0.851089
vt 0.350764 0.818978
vt 0.308451 0.730342
vt 0.324552 0.659558
vt 0.299497 0.796746
vt 0.324552 0.817665
vt 0.324552 0.849775
vt 0.350258 0.817665
vt 0.350258 0.849775
vt 0.392065 0.730342
vt 0.392065 0.625057
vt 0.385253 0.943231
vt 0.410959 0.911917
vt 0.410959 0.943231
vt 0.404872 0.815377
vt 0.379166 0.802508
vt 0.404872 0.802508
vt 0.851024 0.083729
vt 0.915727 0.068427
vt 0.052560 0.968036
vt 0.067012 0.952734
vt 0.067012 0.968036
vt 0.851024 0.099030
vt 0.915727 0.099030
vt 0.052560 0.983337
vt 0.067012 0.983337
vt 0.851024 0.114331
vt 0.948007 0.533596
vt 0.557964 0.479113
vt 0.948007 0.479114
vt 0.851024 0.129633
vt 0.915727 0.129633
vt 0.021310 0.952709
vt 0.035762 0.937407
vt 0.035762 0.952709
vt 0.851024 0.144934
vt 0.021310 0.968010
vt 0.035762 0.968010
vt 0.851024 0.160235
vt 0.915727 0.160235
vt 0.021310 0.983311
vt 0.035762 0.983311
vt 0.851024 0.175537
vt 0.488059 0.282086
vt 0.520375 0.063579
vt 0.520375 0.282086
vt 0.915727 0.190838
vt 0.051522 0.897372
vt 0.066823 0.882920
vt 0.066823 0.897372
vt 0.851024 0.206139
vt 0.036221 0.897372
vt 0.051522 0.882920
vt 0.851024 0.221440
vt 0.915727 0.221440
vt 0.020919 0.882920
vt 0.020919 0.897372
vt 0.851024 0.236742
vt 0.589753 0.276734
vt 0.620275 0.058228
vt 0.620275 0.276734
vt 0.851024 0.068427
vt 0.915727 0.053126
vt 0.836572 0.068427
vt 0.851024 0.053126
vt 0.526915 0.058228
vt 0.494599 0.027706
vt 0.526916 0.027706
vt 0.557964 0.309259
vt 0.503482 0.366945
vt 0.503482 0.309259
vt 0.488059 0.033057
vt 0.520375 0.033058
vt 0.557437 0.058228
vt 0.589753 0.058228
vt 0.583213 0.282086
vt 0.613735 0.063579
vt 0.613735 0.282086
vt 0.526915 0.276734
vt 0.494599 0.058228
vt 0.948007 0.421428
vt 0.557964 0.421427
vt 0.557437 0.276734
vt 0.557964 0.366945
vt 0.948007 0.366945
vt 0.948007 0.309259
vt 0.550897 0.063579
vt 0.550897 0.282086
vt 0.583213 0.063579
vt 0.209319 0.591439
vt 0.163364 0.604294
vt 0.379575 0.802674
vt 0.393387 0.889871
vt 0.393387 0.836013
vt 0.296055 0.815542
vt 0.324962 0.849941
vt 0.282243 0.889871
vt 0.324962 0.887463
vt 0.379829 0.816322
vt 0.296309 0.816322
vt 0.325216 0.818610
vt 0.300161 0.797691
vt 0.296319 0.816690
vt 0.282507 0.891019
vt 0.325226 0.888611
vt 0.379839 0.803821
vt 0.393651 0.891019
vt 0.393651 0.837161
vt 0.379671 0.803821
vt 0.393483 0.891019
vt 0.393483 0.837161
vt 0.296150 0.816690
vt 0.325057 0.851089
vt 0.282338 0.891019
vt 0.295645 0.815377
vt 0.281833 0.889706
vt 0.139846 0.743783
vt 0.147088 0.889956
vt 0.759651 0.083729
vt 0.836572 0.083729
vt 0.759651 0.099030
vt 0.836572 0.099030
vt 0.759651 0.114331
vt 0.836572 0.114331
vt 0.759651 0.129633
vt 0.836572 0.129633
vt 0.759651 0.144934
vt 0.836572 0.144934
vt 0.759651 0.160235
vt 0.836572 0.160235
vt 0.759651 0.175536
vt 0.836572 0.175537
vt 0.836572 0.190838
vt 0.759651 0.206139
vt 0.836572 0.206139
vt 0.836572 0.221441
vt 0.836572 0.236742
vt 0.759651 0.068427
vt 0.836573 0.053126
vt 0.904258 0.728522
vt 0.918833 0.703896
vt 0.913384 0.731290
vt 0.674265 0.605589
vt 0.686645 0.579788
vt 0.692694 0.587160
vt 0.894285 0.752601
vt 0.902695 0.757096
vt 0.709869 0.564270
vt 0.714364 0.572680
vt 0.879805 0.774271
vt 0.887177 0.780320
vt 0.735674 0.553581
vt 0.738442 0.562707
vt 0.861377 0.792700
vt 0.867426 0.800071
vt 0.764004 0.557622
vt 0.763069 0.548132
vt 0.714364 0.807179
vt 0.735675 0.826278
vt 0.709869 0.815589
vt 0.839707 0.807179
vt 0.844202 0.815589
vt 0.791001 0.548132
vt 0.790067 0.557622
vt 0.692694 0.792700
vt 0.686645 0.800071
vt 0.815628 0.817153
vt 0.818396 0.826278
vt 0.818396 0.553581
vt 0.815628 0.562706
vt 0.666894 0.780321
vt 0.674265 0.774271
vt 0.790066 0.822237
vt 0.791001 0.831727
vt 0.844202 0.564270
vt 0.839706 0.572680
vt 0.651376 0.757096
vt 0.659786 0.752601
vt 0.764004 0.822237
vt 0.763070 0.831727
vt 0.867426 0.579788
vt 0.861377 0.587160
vt 0.640687 0.731291
vt 0.649812 0.728523
vt 0.738443 0.817153
vt 0.879805 0.605589
vt 0.887177 0.599539
vt 0.635238 0.703896
vt 0.644728 0.702961
vt 0.894285 0.627259
vt 0.902695 0.622764
vt 0.635238 0.675964
vt 0.644728 0.676899
vt 0.904258 0.651337
vt 0.913384 0.648569
vt 0.640687 0.648569
vt 0.649812 0.651337
vt 0.909343 0.676899
vt 0.918833 0.675964
vt 0.651376 0.622764
vt 0.659786 0.627259
vt 0.909343 0.702961
vt 0.666894 0.599539
vt 0.838989 0.809207
vt 0.866361 0.801933
vt 0.843243 0.817380
vt 0.814910 0.819181
vt 0.817556 0.828020
vt 0.790287 0.833444
vt 0.789349 0.824265
vt 0.762483 0.833444
vt 0.763286 0.824265
vt 0.735214 0.828020
vt 0.737725 0.819181
vt 0.709527 0.817380
vt 0.713646 0.809207
vt 0.686409 0.801933
vt 0.691976 0.794728
vt 0.666749 0.782273
vt 0.673547 0.776299
vt 0.651302 0.759155
vt 0.659068 0.754629
vt 0.640662 0.733468
vt 0.649094 0.730550
vt 0.635238 0.706199
vt 0.644010 0.704989
vt 0.635238 0.678395
vt 0.644010 0.678926
vt 0.640662 0.651126
vt 0.649094 0.653365
vt 0.651302 0.625439
vt 0.659068 0.629286
vt 0.666749 0.602321
vt 0.673547 0.607616
vt 0.686409 0.582661
vt 0.691976 0.589188
vt 0.709527 0.567214
vt 0.713646 0.574708
vt 0.735214 0.556574
vt 0.737725 0.564735
vt 0.762483 0.551150
vt 0.763286 0.559650
vt 0.789349 0.559650
vt 0.790287 0.551150
vt 0.814910 0.564735
vt 0.817556 0.556574
vt 0.838989 0.574708
vt 0.843243 0.567214
vt 0.860659 0.589188
vt 0.866361 0.582661
vt 0.879088 0.607616
vt 0.886021 0.602321
vt 0.893567 0.629287
vt 0.901468 0.625439
vt 0.903541 0.653365
vt 0.912108 0.651126
vt 0.908625 0.678927
vt 0.917532 0.678395
vt 0.908625 0.704989
vt 0.917532 0.706199
vt 0.903541 0.730551
vt 0.912108 0.733468
vt 0.893567 0.754629
vt 0.901468 0.759155
vt 0.879087 0.776299
vt 0.886021 0.782273
vt 0.860659 0.794728
vt 0.220160 0.554180
vt 0.099658 0.565221
vt 0.106630 0.529090
vt 0.350668 0.928398
vt 0.385663 0.912082
vt 0.324962 0.928398
vt 0.289967 0.912082
vt 0.195810 0.797276
vt 0.179790 0.888336
vt 0.385917 0.944176
vt 0.290221 0.912862
vt 0.385927 0.913230
vt 0.290231 0.913230
vt 0.385758 0.913230
vt 0.325057 0.929546
vt 0.290063 0.913230
vt 0.324552 0.928233
vt 0.289557 0.911916
vt 0.385253 0.911917
vt 0.077776 0.797520
vt 0.106569 0.717018
vt 0.110477 0.795900
vt 0.419094 0.836013
vt 0.401429 0.734902
vt 0.419347 0.836793
vt 0.401683 0.735682
vt 0.419357 0.891019
vt 0.401693 0.736050
vt 0.419189 0.837161
vt 0.401525 0.798059
vt 0.392977 0.835848
vt 0.418684 0.889706
vt 0.392977 0.889706
vt 0.375313 0.734737
vt 0.401019 0.796746
vt 0.375313 0.796746
vt 0.069997 0.559498
vt 0.076970 0.523366
vt 0.367023 0.626002
vt 0.081512 0.599051
vt 0.082293 0.665881
vt 0.100494 0.693560
vt 0.101305 0.709930
vt 0.122145 0.800926
vt 0.309125 0.731655
vt 0.325226 0.660871
vt 0.050395 0.666254
vt 0.049614 0.599424
vt 0.068604 0.711550
vt 0.379166 0.815377
vt 0.366359 0.730342
vt 0.751085 0.239037
vt 0.018437 0.803502
vt 0.308861 0.625222
vt 0.206923 0.791121
vt 0.207553 0.704666
vt 0.299907 0.734902
vt 0.327029 0.927365
vt 0.309116 0.626002
vt 0.282497 0.836793
vt 0.300171 0.736050
vt 0.308957 0.626370
vt 0.300002 0.736050
vt 0.308451 0.625057
vt 0.299497 0.734737
vt 0.052560 0.952734
vt 0.557964 0.533595
vt 0.021310 0.937407
vt 0.488059 0.063579
vt 0.851024 0.190838
vt 0.036221 0.882920
vt 0.494599 0.276734
vt 0.220160 0.653917
vt 0.350668 0.887463
vt 0.296055 0.802674
vt 0.282243 0.836013
vt 0.296309 0.803453
vt 0.300161 0.735682
vt 0.296319 0.803821
vt 0.282507 0.837160
vt 0.296150 0.803821
vt 0.282338 0.837161
vt 0.295645 0.802508
vt 0.281833 0.835848
vt 0.759651 0.190838
vt 0.759651 0.053126
vt 0.289967 0.943396
vt 0.202446 0.931211
vt 0.290221 0.944176
vt 0.290231 0.944544
vt 0.290063 0.944544
vt 0.289557 0.943231
vt 0.073868 0.718638
vt 0.419094 0.889871
vt 0.401429 0.796911
vt 0.419347 0.890651
vt 0.401683 0.797691
vt 0.419357 0.837161
vt 0.401693 0.798059
vt 0.419189 0.891019
vt 0.401525 0.736050
vt 0.418684 0.835848
vt 0.401019 0.734737
vt 0.309125 0.626370
vt 0.067793 0.695180
vt 0.232807 0.594563
vt 0.240762 0.603562
vt 0.232461 0.601632
vt 0.198973 0.580562
vt 0.209438 0.566528
vt 0.210555 0.575731
vt 0.197826 0.612659
vt 0.207263 0.627403
vt 0.191235 0.619333
vt 0.217574 0.576043
vt 0.210243 0.566457
vt 0.219474 0.566967
vt 0.057949 0.714444
vt 0.046703 0.646475
vt 0.058043 0.646457
vt 0.029269 0.714404
vt 0.040703 0.646467
vt 0.040609 0.714454
vt 0.018631 0.714308
vt 0.029363 0.646417
vt 0.068587 0.714377
vt 0.068682 0.646391
vt 0.096047 0.714255
vt 0.102141 0.646276
vt 0.102047 0.714263
vt 0.084706 0.714272
vt 0.074163 0.646352
vt 0.084801 0.646286
vt 0.013150 0.714255
vt 0.018725 0.646321
vt 0.113481 0.646325
vt 0.113387 0.714312
vt 0.096141 0.646268
vt 0.074068 0.714339
vt 0.046609 0.714462
vt 0.124119 0.646422
vt 0.124025 0.714408
vt 0.228709 0.581829
vt 0.241256 0.593453
vt 0.235398 0.575242
vt 0.227141 0.613906
vt 0.216500 0.627796
vt 0.215494 0.618578
vt 0.185140 0.601200
vt 0.193564 0.599979
vt 0.193817 0.592905
vt 0.185502 0.591086
vt 0.192875 0.573434
vt 0.209034 0.618303
vt 0.233155 0.621113
vt 0.211118 0.575686
vt 0.013244 0.646268
vt 0.210617 0.819606
vt 0.118606 0.996451
vt 0.118606 0.819606
vt 0.316598 0.638264
vt 0.295815 0.658845
vt 0.291751 0.641371
vt 0.062210 0.819606
vt 0.006945 0.996451
vt 0.006945 0.819605
vt 0.267978 0.641369
vt 0.273802 0.643137
vt 0.315475 0.638254
vt 0.285919 0.643221
vt 0.291742 0.641452
vt 0.243029 0.638456
vt 0.243338 0.586724
vt 0.249404 0.606719
vt 0.523274 0.996451
vt 0.495075 0.819605
vt 0.523274 0.819605
vt 0.495075 0.996451
vt 0.466877 0.819605
vt 0.090408 0.996451
vt 0.062210 0.996451
vt 0.090408 0.819606
vt 0.323961 0.819606
vt 0.261522 0.996451
vt 0.261522 0.819606
vt 0.244234 0.638171
vt 0.244241 0.586658
vt 0.249416 0.606634
vt 0.250272 0.652759
vt 0.262611 0.638499
vt 0.264856 0.658808
vt 0.254048 0.629934
vt 0.257908 0.634638
vt 0.349414 0.996451
vt 0.323961 0.996451
vt 0.349414 0.819605
vt 0.374867 0.996451
vt 0.236070 0.996451
vt 0.210617 0.996451
vt 0.236069 0.819606
vt 0.466877 0.996451
vt 0.294873 0.658884
vt 0.267968 0.641461
vt 0.273800 0.643230
vt 0.309443 0.652836
vt 0.262585 0.638580
vt 0.263919 0.658955
vt 0.249275 0.653010
vt 0.253970 0.629908
vt 0.257859 0.634689
vt 0.248790 0.573597
vt 0.267994 0.584120
vt 0.262630 0.586983
vt 0.257926 0.590834
vt 0.310013 0.573608
vt 0.308528 0.600913
vt 0.305660 0.595550
vt 0.316413 0.586632
vt 0.310337 0.618753
vt 0.310925 0.612692
vt 0.291735 0.584013
vt 0.310960 0.573486
vt 0.297807 0.568042
vt 0.262615 0.586884
vt 0.249695 0.573494
vt 0.262859 0.568042
vt 0.273803 0.582250
vt 0.267981 0.584016
vt 0.257911 0.590744
vt 0.297127 0.638494
vt 0.301533 0.634870
vt 0.310444 0.652850
vt 0.285921 0.643141
vt 0.279861 0.643735
vt 0.297106 0.638584
vt 0.301808 0.634724
vt 0.250949 0.624158
vt 0.251132 0.624484
vt 0.254062 0.595528
vt 0.251184 0.600892
vt 0.249389 0.618838
vt 0.248796 0.612795
vt 0.251180 0.624567
vt 0.254051 0.595447
vt 0.251183 0.600812
vt 0.249414 0.618744
vt 0.248819 0.612689
vt 0.374867 0.819605
vt 0.279861 0.643821
vt 0.261929 0.568160
vt 0.273814 0.582357
vt 0.296856 0.568160
vt 0.315465 0.586765
vt 0.305666 0.630021
vt 0.308532 0.624657
vt 0.279865 0.581764
vt 0.310296 0.618837
vt 0.310891 0.612784
vt 0.285917 0.582360
vt 0.291737 0.584125
vt 0.310294 0.606732
vt 0.297100 0.586992
vt 0.301801 0.590850
vt 0.297102 0.586875
vt 0.301886 0.634594
vt 0.305612 0.630063
vt 0.301807 0.590729
vt 0.305671 0.595429
vt 0.308548 0.624621
vt 0.308545 0.600796
vt 0.310320 0.606625
vt 0.285913 0.582248
vt 0.279858 0.581653
vt 0.228492 0.766132
vt 0.243272 0.773513
vt 0.228492 0.773513
vt 0.956618 0.068427
vt 0.956618 0.083729
vt 0.956618 0.099030
vt 0.956618 0.114331
vt 0.956618 0.129633
vt 0.956618 0.144934
vt 0.956618 0.160235
vt 0.956618 0.175537
vt 0.956618 0.190838
vt 0.956618 0.206139
vt 0.956618 0.221440
vt 0.956618 0.236742
vt 0.956618 0.053126
vt 0.256616 0.587695
vt 0.249486 0.570483
vt 0.260306 0.581303
vt 0.262738 0.562833
vt 0.266698 0.577613
vt 0.278039 0.562833
vt 0.274079 0.577613
vt 0.280471 0.581303
vt 0.291290 0.570483
vt 0.298941 0.583735
vt 0.284161 0.587695
vt 0.284161 0.595076
vt 0.298941 0.599036
vt 0.291290 0.612287
vt 0.280471 0.601468
vt 0.274079 0.605158
vt 0.278039 0.619938
vt 0.262738 0.619938
vt 0.266698 0.605158
vt 0.249486 0.612287
vt 0.260306 0.601468
vt 0.241836 0.599036
vt 0.256616 0.595076
vt 0.241836 0.583735
vt 0.150003 0.911632
vt 0.173858 0.918024
vt 0.156395 0.935487
vt 0.228492 0.788274
vt 0.243272 0.795655
vt 0.228492 0.795655
vt 0.228492 0.736609
vt 0.243272 0.743989
vt 0.228492 0.743989
vt 0.228492 0.721847
vt 0.243272 0.729228
vt 0.228492 0.729228
vt 0.228492 0.758751
vt 0.243272 0.766132
vt 0.243272 0.780893
vt 0.243272 0.788274
vt 0.243272 0.736609
vt 0.228492 0.803036
vt 0.243272 0.810416
vt 0.228492 0.810416
vt 0.228492 0.751370
vt 0.243272 0.758751
vt 0.228492 0.780893
vt 0.243272 0.803036
vt 0.243272 0.751370
vt 0.709475 0.020228
vt 0.751086 0.000337
vt 0.751086 0.020228
vt 0.709475 0.239037
vt 0.709475 0.219145
vt 0.751085 0.199254
vt 0.709475 0.199253
vt 0.751085 0.179362
vt 0.709475 0.159470
vt 0.751085 0.159470
vt 0.751085 0.139578
vt 0.709475 0.139578
vt 0.751085 0.119687
vt 0.709475 0.119687
vt 0.751085 0.099795
vt 0.709475 0.099795
vt 0.751085 0.079903
vt 0.709475 0.079903
vt 0.751085 0.060012
vt 0.662410 0.266209
vt 0.645184 0.201918
vt 0.709475 0.060012
vt 0.751085 0.040120
vt 0.709475 0.040120
vt 0.938390 0.053126
vt 0.150003 0.931796
vt 0.146312 0.925404
vt 0.146312 0.918024
vt 0.156395 0.907941
vt 0.163775 0.907941
vt 0.170167 0.911632
vt 0.173858 0.925404
vt 0.170167 0.931796
vt 0.163775 0.935487
vt 0.243272 0.721847
vt 0.709475 0.000336
vt 0.709475 0.179362
vt 0.699529 0.256264
vt 0.682302 0.266209
vt 0.645184 0.256264
vt 0.635238 0.239037
vt 0.635238 0.219145
vt 0.662410 0.191973
vt 0.682302 0.191973
vt 0.699529 0.201918
vt 0.049333 0.393103
vt 0.056719 0.367919
vt 0.057243 0.393467
vt 0.049014 0.367742
vt 0.058216 0.341468
vt 0.050214 0.341489
vt 0.056363 0.315434
vt 0.048549 0.315527
vt 0.056812 0.288256
vt 0.048704 0.288517
vt 0.053956 0.261559
vt 0.046032 0.261886
vt 0.053463 0.233539
vt 0.045241 0.234071
vt 0.049528 0.206077
vt 0.041484 0.206725
vt 0.047846 0.177070
vt 0.039481 0.178037
vt 0.042244 0.148682
vt 0.034042 0.149940
vt 0.038224 0.118329
vt 0.029619 0.120286
vt 0.028899 0.088586
vt 0.020130 0.091446
vt 0.018582 0.057989
vt 0.180339 0.484432
vt 0.200389 0.463003
vt 0.186607 0.488547
vt 0.199605 0.432092
vt 0.192339 0.459952
vt 0.206428 0.405494
vt 0.207244 0.434157
vt 0.209195 0.377809
vt 0.214289 0.406953
vt 0.213208 0.351192
vt 0.216807 0.378743
vt 0.214126 0.323709
vt 0.221057 0.351885
vt 0.216784 0.297118
vt 0.221776 0.324113
vt 0.216582 0.269747
vt 0.224696 0.297386
vt 0.218218 0.243158
vt 0.224315 0.269797
vt 0.216997 0.215890
vt 0.226228 0.243098
vt 0.217544 0.189326
vt 0.224825 0.215629
vt 0.215034 0.162241
vt 0.225652 0.188924
vt 0.213874 0.135800
vt 0.222937 0.161574
vt 0.208829 0.109207
vt 0.222050 0.134794
vt 0.203469 0.083531
vt 0.216702 0.107579
vt 0.191969 0.059762
vt 0.211380 0.080836
vt 0.038478 0.467473
vt 0.033685 0.493445
vt 0.026911 0.489005
vt 0.051199 0.444065
vt 0.046291 0.470494
vt 0.044019 0.442955
vt 0.053886 0.419402
vt 0.046359 0.418638
vt 0.167973 0.137966
vt 0.160215 0.105757
vt 0.169987 0.106548
vt 0.340828 0.188084
vt 0.330506 0.216454
vt 0.331876 0.187947
vt 0.169529 0.167784
vt 0.158204 0.137724
vt 0.339704 0.216743
vt 0.331817 0.245671
vt 0.168727 0.198273
vt 0.160191 0.167626
vt 0.340723 0.245998
vt 0.329767 0.274029
vt 0.170397 0.227292
vt 0.159283 0.198221
vt 0.338930 0.274543
vt 0.330324 0.303213
vt 0.169276 0.256968
vt 0.161321 0.227102
vt 0.339206 0.303762
vt 0.327577 0.331501
vt 0.165183 0.423701
vt 0.158650 0.395956
vt 0.167011 0.396460
vt 0.170358 0.285248
vt 0.160090 0.256773
vt 0.336719 0.332214
vt 0.327561 0.360707
vt 0.167260 0.449749
vt 0.156610 0.423578
vt 0.168619 0.314106
vt 0.161530 0.284878
vt 0.333693 0.389740
vt 0.336426 0.361379
vt 0.172467 0.476584
vt 0.158775 0.450670
vt 0.169061 0.341645
vt 0.159683 0.313716
vt 0.333784 0.418815
vt 0.324539 0.389054
vt 0.179868 0.501131
vt 0.164290 0.478478
vt 0.166835 0.369685
vt 0.160476 0.341108
vt 0.332774 0.447174
vt 0.324877 0.418477
vt 0.345704 0.039273
vt 0.332481 0.068820
vt 0.335382 0.037141
vt 0.158135 0.369184
vt 0.337202 0.475910
vt 0.323464 0.447492
vt 0.342453 0.069975
vt 0.329673 0.099297
vt 0.345704 0.502226
vt 0.328339 0.477886
vt 0.339303 0.099868
vt 0.331184 0.129587
vt 0.171549 0.075379
vt 0.169558 0.040345
vt 0.179868 0.044214
vt 0.340279 0.129776
vt 0.329987 0.158530
vt 0.160811 0.073588
vt 0.339275 0.158705
vt 0.122208 0.205692
vt 0.123136 0.223048
vt 0.124394 0.319278
vt 0.124473 0.335667
vt 0.094039 0.345321
vt 0.091575 0.336125
vt 0.124016 0.263348
vt 0.124518 0.280135
vt 0.090791 0.373249
vt 0.063041 0.365019
vt 0.093187 0.364097
vt 0.063050 0.344329
vt 0.025431 0.058675
vt 0.034882 0.082805
vt 0.124579 0.492912
vt 0.085944 0.477883
vt 0.120880 0.479912
vt 0.153167 0.366055
vt 0.153654 0.344209
vt 0.284971 0.491514
vt 0.338011 0.505703
vt 0.287163 0.521942
vt 0.116481 0.077424
vt 0.117514 0.099246
vt 0.119269 0.145264
vt 0.120497 0.163674
vt 0.093423 0.310040
vt 0.121824 0.309192
vt 0.080586 0.488869
vt 0.051830 0.469042
vt 0.288529 0.380899
vt 0.289873 0.363722
vt 0.284891 0.441480
vt 0.286154 0.422659
vt 0.091310 0.319398
vt 0.062713 0.312212
vt 0.044384 0.120545
vt 0.048767 0.144216
vt 0.293958 0.267009
vt 0.294468 0.250204
vt 0.291912 0.323620
vt 0.292899 0.306779
vt 0.122046 0.446629
vt 0.088026 0.455485
vt 0.086741 0.445265
vt 0.154532 0.310599
vt 0.154589 0.288215
vt 0.091636 0.235013
vt 0.088395 0.225482
vt 0.056788 0.448240
vt 0.127463 0.519765
vt 0.290543 0.092519
vt 0.289969 0.072326
vt 0.293109 0.153048
vt 0.292641 0.135540
vt 0.294368 0.210380
vt 0.294372 0.193449
vt 0.123454 0.374054
vt 0.123234 0.390341
vt 0.058784 0.236201
vt 0.121990 0.429225
vt 0.053480 0.179609
vt 0.056025 0.202191
vt 0.250092 0.064169
vt 0.286956 0.059755
vt 0.154724 0.253691
vt 0.154260 0.230697
vt 0.087978 0.427577
vt 0.088710 0.197639
vt 0.119002 0.195084
vt 0.249599 0.076052
vt 0.215524 0.076103
vt 0.090475 0.389861
vt 0.260283 0.193386
vt 0.260363 0.210602
vt 0.257423 0.136875
vt 0.258379 0.154564
vt 0.252556 0.095964
vt 0.073669 0.514976
vt 0.087042 0.207742
vt 0.060377 0.258030
vt 0.290913 0.015179
vt 0.242449 0.037870
vt 0.233582 0.024876
vt 0.153709 0.195132
vt 0.152942 0.171416
vt 0.151679 0.420572
vt 0.206209 0.055415
vt 0.198494 0.055508
vt 0.151994 0.398978
vt 0.120788 0.400249
vt 0.061882 0.291009
vt 0.259016 0.304525
vt 0.257893 0.321723
vt 0.260625 0.248994
vt 0.260078 0.266126
vt 0.259234 0.126821
vt 0.289845 0.124798
vt 0.152470 0.134410
vt 0.152454 0.109459
vt 0.226673 0.131285
vt 0.249583 0.418440
vt 0.246670 0.437584
vt 0.255515 0.360497
vt 0.253752 0.378056
vt 0.156992 0.476279
vt 0.256458 0.106076
vt 0.154813 0.069077
vt 0.160326 0.042484
vt 0.084004 0.167127
vt 0.081912 0.148324
vt 0.076492 0.104098
vt 0.072573 0.082226
vt 0.228403 0.513091
vt 0.237048 0.485294
vt 0.154006 0.454103
vt 0.119490 0.457566
vt 0.223724 0.109676
vt 0.325461 0.064592
vt 0.262623 0.183804
vt 0.291940 0.183036
vt 0.320481 0.475142
vt 0.318195 0.450976
vt 0.328964 0.039509
vt 0.286007 0.032051
vt 0.230527 0.185808
vt 0.324007 0.126238
vt 0.261221 0.164157
vt 0.319072 0.391933
vt 0.090849 0.281573
vt 0.090055 0.264429
vt 0.324113 0.102592
vt 0.288101 0.104167
vt 0.229639 0.164336
vt 0.122432 0.290433
vt 0.121263 0.233731
vt 0.121125 0.253054
vt 0.118734 0.174918
vt 0.115433 0.111831
vt 0.115812 0.133974
vt 0.114624 0.033729
vt 0.113107 0.063815
vt 0.281567 0.453098
vt 0.281768 0.477292
vt 0.284511 0.411384
vt 0.285166 0.391303
vt 0.322123 0.334359
vt 0.288321 0.353069
vt 0.288744 0.333824
vt 0.324378 0.277004
vt 0.291124 0.296305
vt 0.291055 0.277240
vt 0.325185 0.219577
vt 0.292381 0.239804
vt 0.291744 0.220726
vt 0.324675 0.161791
vt 0.290718 0.163688
vt 0.119608 0.418936
vt 0.122168 0.345666
vt 0.121138 0.364064
vt 0.061812 0.396549
vt 0.090939 0.418227
vt 0.060365 0.416966
vt 0.092547 0.399152
vt 0.262736 0.220137
vt 0.231244 0.240199
vt 0.231384 0.218722
vt 0.263338 0.239578
vt 0.262125 0.275717
vt 0.229832 0.294663
vt 0.230768 0.273137
vt 0.262067 0.295184
vt 0.259650 0.331438
vt 0.226341 0.349346
vt 0.228128 0.327705
vt 0.258942 0.351124
vt 0.255193 0.388103
vt 0.219866 0.404702
vt 0.223033 0.382717
vt 0.253669 0.408668
vt 0.213167 0.439072
vt 0.243700 0.473532
vt 0.206531 0.461756
vt 0.247497 0.448884
vt 0.072950 0.069125
vt 0.066559 0.039417
vt 0.083272 0.137458
vt 0.081278 0.114892
vt 0.087754 0.177017
vt 0.091945 0.254751
vt 0.093689 0.290894
vt 0.056664 0.025195
vt 0.119881 0.015179
vt 0.317968 0.414800
vt 0.320769 0.356954
vt 0.323472 0.299592
vt 0.324868 0.242232
vt 0.324821 0.184658
vt 0.009813 0.061933
vt 0.172648 0.504207
s 1
usemtl SpacialRoverExploreralumWhite
f 110/1/1 112/2/1 38/3/1
f 27/4/2 123/5/2 125/6/2
f 36/7/2 37/8/2 120/9/2
f 35/10/3 38/11/4 30/12/4
f 31/13/5 198/14/6 197/15/5
f 33/16/6 39/17/7 198/14/6
f 39/17/8 30/12/4 38/11/4
f 158/18/9 36/19/10 34/20/9
f 42/21/10 37/22/11 36/19/10
f 41/23/12 35/10/3 37/22/12
f 27/24/13 153/25/14 29/26/13
f 145/27/15 154/28/16 147/29/16
f 29/26/1 202/30/1 151/31/1
f 28/32/17 144/33/18 26/34/17
f 26/35/2 201/36/2 148/37/2
f 151/38/18 146/39/19 144/33/18
f 152/40/20 145/27/15 146/39/20
f 154/28/16 149/41/21 147/29/16
f 155/42/22 148/37/14 149/41/22
f 126/43/2 30/44/2 32/45/2
f 32/45/2 33/46/2 126/43/2
f 31/13/2 126/43/2 33/46/2
f 35/47/2 126/43/2 122/48/2
f 120/9/2 34/49/2 36/7/2
f 120/9/2 37/8/2 35/47/2
f 38/3/1 116/50/1 39/51/1
f 39/51/1 116/50/1 198/52/1
f 195/53/1 40/54/1 41/55/1
f 42/56/1 158/57/1 195/53/1
f 41/55/1 42/56/1 195/53/1
f 116/50/1 197/15/1 198/52/1
f 148/37/2 201/36/2 149/58/2
f 149/58/2 201/36/2 147/59/2
f 147/59/2 201/36/2 145/60/2
f 146/61/2 201/36/2 144/62/2
f 145/60/2 201/36/2 146/61/2
f 151/31/1 202/30/1 152/63/1
f 154/64/1 202/30/1 155/65/1
f 155/65/1 202/30/1 153/25/1
f 152/63/1 202/30/1 150/66/1
f 150/66/1 202/30/1 154/64/1
f 26/67/23 131/68/24 28/69/23
f 27/4/2 130/70/2 26/71/2
f 130/70/24 197/15/5 131/68/24
f 34/72/9 29/26/25 158/73/9
f 29/74/1 113/75/1 111/76/1
f 131/68/1 29/74/1 28/77/1
f 221/78/1 223/79/1 215/80/1
f 204/81/2 234/82/2 236/83/2
f 213/84/2 214/85/2 231/86/2
f 212/87/3 215/88/4 207/89/4
f 208/90/5 261/91/6 260/92/5
f 210/93/6 216/94/7 261/91/6
f 216/94/8 207/89/4 215/88/4
f 257/95/9 213/96/10 211/97/9
f 219/98/10 214/99/11 213/96/10
f 218/100/12 212/87/3 214/99/12
f 204/101/13 252/102/14 206/103/13
f 244/104/15 253/105/16 246/106/16
f 206/103/1 265/107/1 250/108/1
f 205/109/17 243/110/18 203/111/17
f 203/112/2 264/113/2 247/114/2
f 250/115/18 245/116/19 243/110/18
f 251/117/20 244/104/15 245/116/20
f 253/105/16 248/118/21 246/106/16
f 254/119/22 247/114/14 248/118/22
f 237/120/2 207/121/2 209/122/2
f 209/122/2 210/123/2 237/120/2
f 208/90/2 237/120/2 210/123/2
f 212/124/2 237/120/2 233/125/2
f 231/86/2 211/126/2 213/84/2
f 231/86/2 214/85/2 212/124/2
f 215/80/1 227/127/1 216/128/1
f 216/128/1 227/127/1 261/129/1
f 258/130/1 217/131/1 218/132/1
f 219/133/1 257/134/1 258/130/1
f 218/132/1 219/133/1 258/130/1
f 227/127/1 260/92/1 261/129/1
f 247/114/2 264/113/2 248/135/2
f 248/135/2 264/113/2 246/136/2
f 246/136/2 264/113/2 244/137/2
f 245/138/2 264/113/2 243/139/2
f 244/137/2 264/113/2 245/138/2
f 250/108/1 265/107/1 251/140/1
f 253/141/1 265/107/1 254/142/1
f 254/142/1 265/107/1 252/102/1
f 251/140/1 265/107/1 249/143/1
f 249/143/1 265/107/1 253/141/1
f 203/144/23 242/145/24 205/146/23
f 204/81/2 241/147/2 203/148/2
f 241/147/24 260/92/5 242/145/24
f 211/149/9 206/103/25 257/150/9
f 206/151/1 224/152/1 222/153/1
f 242/145/1 206/151/1 205/154/1
f 276/155/26 289/156/27 275/157/27
f 269/158/28 284/159/29 283/160/30
f 269/158/28 270/161/31 284/159/29
f 276/155/26 277/162/32 290/163/33
f 270/161/31 285/164/34 284/159/29
f 277/162/32 291/165/35 290/163/33
f 270/161/31 286/166/36 285/164/34
f 277/162/32 278/167/37 291/165/35
f 278/167/37 292/168/38 291/165/35
f 272/169/39 286/166/36 271/170/40
f 278/167/37 279/171/41 292/168/38
f 266/172/15 282/173/42 281/174/15
f 272/169/39 273/175/43 287/176/44
f 266/172/15 267/177/45 282/173/42
f 279/171/41 293/178/46 292/168/38
f 273/175/43 288/179/47 287/176/44
f 273/175/43 274/180/48 288/179/47
f 268/181/49 282/173/42 267/177/45
f 266/172/15 293/182/46 280/183/50
f 275/157/27 288/179/47 274/180/48
f 268/181/49 269/158/28 283/160/30
f 282/184/1 286/185/1 290/186/1
f 276/187/2 272/188/2 268/189/2
f 38/3/1 40/54/1 195/53/1
f 38/3/1 195/53/1 110/1/1
f 112/2/1 116/50/1 38/3/1
f 127/190/2 126/43/2 31/13/2
f 34/49/2 120/9/2 117/191/2
f 34/49/2 117/191/2 118/192/2
f 128/193/2 127/190/2 31/13/2
f 128/193/2 31/13/2 130/70/2
f 27/4/2 34/49/2 118/192/2
f 27/4/2 118/192/2 119/194/2
f 128/193/2 130/70/2 27/4/2
f 129/195/51 128/193/2 27/4/2
f 27/4/2 119/194/2 124/196/2
f 27/4/2 124/196/2 123/5/2
f 125/6/2 129/195/51 27/4/2
f 35/10/3 40/197/3 38/11/4
f 31/13/5 33/16/6 198/14/6
f 33/16/6 32/198/7 39/17/7
f 39/17/8 32/198/8 30/12/4
f 158/18/9 42/21/10 36/19/10
f 42/21/10 41/23/11 37/22/11
f 41/23/12 40/197/3 35/10/3
f 27/24/13 148/37/14 153/25/14
f 145/27/15 150/199/15 154/28/16
f 151/31/1 28/200/1 29/26/1
f 29/26/1 153/25/1 202/30/1
f 28/32/17 151/38/18 144/33/18
f 148/37/2 27/24/2 26/35/2
f 26/35/2 144/62/2 201/36/2
f 151/38/18 152/40/19 146/39/19
f 152/40/20 150/199/15 145/27/15
f 154/28/16 155/42/21 149/41/21
f 155/42/22 153/25/14 148/37/14
f 121/201/2 120/9/2 35/47/2
f 35/47/2 30/44/2 126/43/2
f 122/48/2 121/201/2 35/47/2
f 26/67/23 130/70/24 131/68/24
f 130/70/24 31/13/5 197/15/5
f 34/72/9 27/24/25 29/26/25
f 157/202/1 195/53/1 158/57/1
f 197/15/1 116/50/1 114/203/1
f 197/15/1 114/203/1 200/204/1
f 199/205/1 157/202/1 158/57/1
f 109/206/1 199/205/1 158/57/1
f 131/68/1 197/15/1 200/204/1
f 131/68/1 200/204/1 115/207/1
f 109/206/1 158/57/1 29/74/1
f 156/208/1 109/206/1 29/74/1
f 29/74/1 131/68/1 115/207/1
f 29/74/1 115/207/1 196/209/1
f 111/76/1 156/208/1 29/74/1
f 29/74/1 196/209/1 113/75/1
f 215/80/1 217/131/1 258/130/1
f 215/80/1 258/130/1 221/78/1
f 223/79/1 227/127/1 215/80/1
f 238/210/2 237/120/2 208/90/2
f 211/126/2 231/86/2 228/211/2
f 211/126/2 228/211/2 229/212/2
f 239/213/2 238/210/2 208/90/2
f 239/213/2 208/90/2 241/147/2
f 204/81/2 211/126/2 229/212/2
f 204/81/2 229/212/2 230/214/2
f 239/213/2 241/147/2 204/81/2
f 240/215/51 239/213/2 204/81/2
f 204/81/2 230/214/2 235/216/2
f 204/81/2 235/216/2 234/82/2
f 236/83/2 240/215/51 204/81/2
f 212/87/3 217/217/3 215/88/4
f 208/90/5 210/93/6 261/91/6
f 210/93/6 209/218/7 216/94/7
f 216/94/8 209/218/8 207/89/4
f 257/95/9 219/98/10 213/96/10
f 219/98/10 218/100/11 214/99/11
f 218/100/12 217/217/3 212/87/3
f 204/101/13 247/114/14 252/102/14
f 244/104/15 249/219/15 253/105/16
f 250/108/1 205/220/1 206/103/1
f 206/103/1 252/102/1 265/107/1
f 205/109/17 250/115/18 243/110/18
f 247/114/2 204/101/2 203/112/2
f 203/112/2 243/139/2 264/113/2
f 250/115/18 251/117/19 245/116/19
f 251/117/20 249/219/15 244/104/15
f 253/105/16 254/119/21 248/118/21
f 254/119/22 252/102/14 247/114/14
f 232/221/2 231/86/2 212/124/2
f 212/124/2 207/121/2 237/120/2
f 233/125/2 232/221/2 212/124/2
f 203/144/23 241/147/24 242/145/24
f 241/147/24 208/90/5 260/92/5
f 211/149/9 204/101/25 206/103/25
f 256/222/1 258/130/1 257/134/1
f 260/92/1 227/127/1 225/223/1
f 260/92/1 225/223/1 263/224/1
f 262/225/1 256/222/1 257/134/1
f 220/226/1 262/225/1 257/134/1
f 242/145/1 260/92/1 263/224/1
f 242/145/1 263/224/1 226/227/1
f 220/226/1 257/134/1 206/151/1
f 255/228/1 220/226/1 206/151/1
f 206/151/1 242/145/1 226/227/1
f 206/151/1 226/227/1 259/229/1
f 222/153/1 255/228/1 206/151/1
f 206/151/1 259/229/1 224/152/1
f 276/155/26 290/163/33 289/156/27
f 270/161/31 271/170/40 286/166/36
f 272/169/39 287/176/44 286/166/36
f 279/171/41 280/230/50 293/178/46
f 268/181/49 283/160/30 282/173/42
f 266/172/15 281/174/15 293/182/46
f 275/157/27 289/156/27 288/179/47
f 293/231/1 281/232/1 282/184/1
f 282/184/1 283/233/1 284/234/1
f 284/234/1 285/235/1 286/185/1
f 286/185/1 287/236/1 288/237/1
f 288/237/1 289/238/1 290/186/1
f 290/186/1 291/239/1 292/240/1
f 292/240/1 293/231/1 282/184/1
f 282/184/1 284/234/1 286/185/1
f 286/185/1 288/237/1 290/186/1
f 290/186/1 292/240/1 282/184/1
f 267/241/2 266/242/2 280/243/2
f 280/243/2 279/244/2 278/245/2
f 278/245/2 277/246/2 276/187/2
f 276/187/2 275/247/2 274/248/2
f 274/248/2 273/249/2 272/188/2
f 272/188/2 271/250/2 270/251/2
f 270/251/2 269/252/2 268/189/2
f 268/189/2 267/241/2 280/243/2
f 280/243/2 278/245/2 276/187/2
f 276/187/2 274/248/2 272/188/2
f 272/188/2 270/251/2 268/189/2
f 268/189/2 280/243/2 276/187/2
usemtl SpacialRoverExploreralumGray
f 11/253/52 141/254/53 140/255/54
f 3/256/55 138/257/56 132/258/57
f 4/259/58 135/260/59 138/257/60
f 6/261/61 136/262/62 141/254/53
f 7/263/63 133/264/64 136/262/65
f 139/265/66 10/266/67 134/267/68
f 134/267/69 8/268/70 142/269/71
f 137/270/72 13/271/73 143/272/74
f 143/272/75 11/253/52 140/255/54
f 5/273/76 132/258/57 133/264/64
f 12/274/77 142/269/71 8/268/70
f 9/275/78 135/260/59 2/276/79
f 11/253/52 6/261/61 141/254/53
f 3/256/55 4/259/80 138/257/56
f 4/259/58 2/276/79 135/260/59
f 6/261/61 7/263/81 136/262/62
f 7/263/63 5/273/76 133/264/64
f 139/265/82 9/275/78 10/266/83
f 134/267/69 10/266/84 8/268/70
f 137/270/85 12/277/77 13/271/86
f 143/272/75 13/271/87 11/253/52
f 5/273/76 3/256/55 132/258/57
f 12/274/77 137/278/85 142/269/71
f 9/275/78 139/265/82 135/260/59
f 352/279/88 318/280/88 351/281/89
f 318/280/88 352/279/88 353/282/90
f 318/280/88 317/283/89 351/281/89
f 353/282/90 319/284/90 318/280/88
f 317/283/89 350/285/91 351/281/89
f 353/282/90 354/286/34 319/284/90
f 317/283/89 316/287/91 350/285/91
f 354/286/34 320/288/34 319/284/90
f 354/286/34 355/289/92 320/288/34
f 355/289/92 321/290/92 320/288/34
f 316/287/91 349/291/93 350/285/91
f 349/291/93 316/287/91 315/292/93
f 355/289/92 356/293/40 321/290/92
f 356/293/40 322/294/40 321/290/92
f 349/291/93 315/292/93 348/295/94
f 315/292/93 314/296/94 348/295/94
f 314/296/94 347/297/45 348/295/94
f 356/293/40 357/298/95 322/294/40
f 314/296/94 313/299/45 347/297/45
f 357/298/95 323/300/95 322/294/40
f 357/298/95 358/301/96 323/300/95
f 347/297/45 313/299/45 346/302/97
f 313/299/45 312/303/97 346/302/97
f 323/300/95 358/301/96 324/304/96
f 312/303/97 345/305/15 346/302/97
f 324/304/96 358/301/96 325/306/98
f 312/303/97 311/307/15 345/305/15
f 325/306/98 358/301/96 359/308/98
f 311/307/15 344/309/99 345/305/15
f 344/309/99 311/307/15 310/310/99
f 325/306/98 359/308/98 328/311/100
f 328/311/100 294/312/100 325/306/98
f 328/311/100 329/313/101 294/312/100
f 344/309/99 310/310/99 343/314/50
f 343/314/50 310/310/99 309/315/50
f 294/312/100 329/313/101 295/316/101
f 295/316/101 329/313/101 330/317/48
f 295/316/101 330/317/48 296/318/48
f 343/314/50 309/315/50 342/319/102
f 309/320/50 308/321/102 342/322/102
f 308/321/102 341/323/103 342/322/102
f 296/318/48 330/317/48 331/324/104
f 308/321/102 307/325/103 341/323/103
f 296/318/48 331/324/104 297/326/104
f 341/323/103 307/325/103 340/327/105
f 297/326/104 331/324/104 332/328/27
f 297/326/104 332/328/27 298/329/27
f 340/327/105 307/325/103 306/330/105
f 298/329/27 332/328/27 333/331/106
f 340/327/105 306/330/105 339/332/107
f 298/329/27 333/331/106 299/333/106
f 339/332/107 306/330/105 305/334/107
f 299/333/106 333/331/106 334/335/26
f 339/332/107 305/334/107 338/336/108
f 299/333/106 334/335/26 300/337/26
f 338/336/108 305/334/107 304/338/108
f 300/337/26 334/335/26 335/339/109
f 338/336/108 304/338/108 337/340/110
f 337/340/110 304/338/108 303/341/110
f 300/337/26 335/339/109 301/342/109
f 337/340/110 303/341/110 336/343/111
f 301/342/109 335/339/109 336/343/111
f 336/343/111 303/341/110 302/344/111
f 301/342/109 336/343/111 302/344/111
f 794/345/112 817/346/113 818/347/112
f 800/348/114 825/349/115 801/350/115
f 791/351/116 804/352/117 815/353/116
f 797/354/118 822/355/119 798/356/119
f 794/345/112 819/357/120 795/358/120
f 790/359/117 825/349/115 804/352/117
f 791/360/116 816/361/121 792/362/121
f 798/356/119 823/363/122 799/364/122
f 796/365/123 819/357/120 820/366/123
f 792/367/121 817/346/113 793/368/113
f 799/364/122 824/369/114 800/348/114
f 796/365/123 821/370/118 797/354/118
f 464/371/124 442/372/125 465/373/124
f 460/374/126 463/375/127 461/376/126
f 456/377/128 459/378/129 457/379/128
f 460/380/130 920/381/131 458/382/130
f 452/383/132 455/384/133 453/385/132
f 448/386/134 451/387/135 449/388/134
f 444/389/136 447/390/137 445/391/136
f 486/392/105 489/393/138 487/394/138
f 482/395/139 485/396/140 483/397/140
f 478/398/141 481/399/142 479/400/142
f 475/401/143 476/402/40 477/403/143
f 470/404/144 473/405/145 471/406/145
f 466/407/146 468/408/147 469/409/146
f 784/410/148 477/411/143 787/412/148
f 768/413/149 485/414/140 771/415/149
f 462/416/150 909/417/151 912/418/151
f 916/419/152 485/414/152 484/420/152
f 456/421/153 928/422/154 454/423/153
f 448/424/155 902/425/156 446/426/155
f 453/427/157 783/428/158 788/429/158
f 459/430/159 772/431/160 461/432/159
f 905/433/152 471/434/152 756/435/152
f 892/436/161 742/437/161 743/438/161
f 891/439/161 743/438/161 744/440/161
f 898/441/162 470/404/163 905/442/162
f 893/443/164 468/408/165 467/444/165
f 442/445/166 748/446/167 445/447/166
f 744/440/168 746/448/169 749/449/168
f 898/441/170 473/450/170 472/451/170
f 899/452/170 753/453/170 898/454/170
f 904/455/152 756/435/152 757/456/152
f 906/457/171 486/392/172 911/458/171
f 900/459/173 904/460/174 903/461/175
f 756/435/176 473/450/145 753/453/176
f 449/462/177 755/463/178 750/464/178
f 751/465/179 757/456/180 752/466/180
f 911/467/94 487/468/94 764/469/94
f 912/470/94 762/471/94 763/472/94
f 909/473/27 759/474/27 908/475/27
f 907/476/27 761/477/27 906/478/27
f 913/479/181 907/480/182 910/481/182
f 764/469/183 489/482/138 761/477/183
f 463/483/184 758/484/185 465/485/184
f 762/471/186 760/486/187 759/474/186
f 914/487/188 918/488/189 921/489/190
f 766/490/191 770/491/192 773/492/193
f 917/493/152 771/415/152 916/494/152
f 916/419/194 482/395/195 919/495/194
f 922/496/196 478/398/197 927/497/196
f 918/498/170 768/413/170 769/499/170
f 927/500/198 479/501/198 780/502/198
f 926/503/198 780/502/198 781/504/198
f 922/496/161 481/505/161 480/506/161
f 923/507/161 777/508/161 922/509/161
f 924/510/199 926/511/200 929/512/199
f 780/502/201 481/505/142 777/508/201
f 457/513/202 779/514/203 774/515/203
f 775/516/204 781/504/205 776/517/205
f 933/518/27 475/519/27 784/410/27
f 932/520/27 784/410/27 785/521/27
f 782/522/206 786/523/207 789/524/206
f 933/525/208 476/402/209 474/526/209
f 452/527/210 930/528/211 450/529/210
f 931/530/212 937/531/213 932/532/213
f 601/533/214 443/534/125 464/371/124
f 600/535/214 578/536/111 601/537/214
f 599/538/215 464/371/124 462/539/127
f 598/540/215 601/537/214 599/541/215
f 597/542/216 462/539/127 460/374/126
f 588/543/144 607/544/144 589/545/144
f 595/546/217 460/374/126 458/547/129
f 594/548/217 597/549/216 595/550/217
f 593/551/218 458/547/129 456/377/128
f 592/552/218 595/550/217 593/553/218
f 591/554/219 456/377/128 454/555/133
f 590/556/219 593/553/218 591/557/219
f 589/558/220 454/555/133 452/383/132
f 582/559/1 602/560/1 580/561/1
f 450/562/135 589/558/220 452/383/132
f 587/563/221 588/564/220 589/565/220
f 585/566/100 450/562/135 448/386/134
f 585/567/100 586/568/221 587/563/221
f 583/569/222 448/386/134 446/570/137
f 582/571/222 585/567/100 583/572/222
f 581/573/223 446/570/137 444/389/136
f 599/574/147 612/575/147 598/576/147
f 578/577/111 444/578/136 443/534/125
f 579/579/111 581/580/223 578/577/111
f 610/581/161 613/582/161 611/583/161
f 606/584/170 609/585/170 607/586/170
f 602/560/27 605/587/27 603/588/27
f 599/574/2 611/589/2 613/590/2
f 583/591/40 604/592/40 582/593/40
f 596/594/1 612/595/1 610/581/1
f 591/596/2 607/544/2 609/597/2
f 596/594/141 611/589/141 597/598/141
f 591/596/139 608/599/139 590/600/139
f 590/600/1 606/584/1 588/601/1
f 580/561/105 603/602/105 581/603/105
f 581/603/2 605/604/2 583/591/2
f 890/605/161 744/440/161 745/606/161
f 900/459/170 752/466/170 899/607/170
f 901/608/170 751/465/170 900/609/170
f 903/610/152 757/456/152 754/611/152
f 902/612/152 754/611/152 755/613/152
f 908/614/27 760/486/27 907/480/27
f 913/615/94 765/616/94 762/471/94
f 910/617/94 764/469/94 765/616/94
f 921/618/170 769/499/170 766/490/170
f 920/619/170 766/490/170 767/620/170
f 914/487/152 770/491/152 917/621/152
f 915/622/152 773/492/152 914/623/152
f 924/510/161 776/517/161 923/624/161
f 925/625/161 775/516/161 924/626/161
f 929/627/198 781/504/198 778/628/198
f 928/629/198 778/628/198 779/514/198
f 931/630/27 785/521/27 782/522/27
f 930/631/27 782/522/27 783/428/27
f 744/440/168 748/446/167 745/606/167
f 747/632/224 743/438/169 742/437/224
f 751/465/179 755/613/178 754/611/179
f 753/453/176 757/456/180 756/435/176
f 759/474/186 763/472/185 762/471/186
f 761/477/183 765/616/187 764/469/183
f 773/492/193 767/620/160 766/490/191
f 771/415/149 769/499/225 768/413/149
f 775/516/204 779/514/203 778/628/204
f 780/502/201 776/517/205 781/504/205
f 789/524/206 783/428/158 782/522/206
f 787/412/148 785/521/207 784/410/148
f 742/437/224 469/633/146 747/632/224
f 801/634/214 579/579/111 600/635/214
f 800/636/226 600/635/214 598/637/215
f 799/638/99 598/637/215 596/639/216
f 798/640/217 596/639/216 594/641/217
f 797/642/218 594/641/217 592/643/218
f 796/644/88 592/643/218 590/645/219
f 795/646/227 590/645/219 588/647/220
f 586/648/221 795/646/227 588/647/220
f 793/649/100 586/648/221 584/650/100
f 792/362/228 584/650/100 582/651/222
f 791/360/229 582/651/222 580/652/223
f 790/653/111 580/654/223 579/579/111
f 302/655/2 828/656/2 857/657/2
f 316/658/2 856/659/2 315/660/2
f 301/661/2 857/657/2 855/662/2
f 315/660/2 854/663/2 314/664/2
f 300/665/2 855/662/2 853/666/2
f 314/664/2 852/667/2 313/668/2
f 299/669/2 853/666/2 851/670/2
f 312/671/2 852/667/2 850/672/2
f 325/673/2 838/674/2 849/675/2
f 298/676/2 851/670/2 848/677/2
f 312/671/2 847/678/2 311/679/2
f 324/680/2 849/675/2 846/681/2
f 297/682/2 848/677/2 845/683/2
f 311/679/2 844/684/2 310/685/2
f 324/680/2 843/686/2 323/687/2
f 296/688/2 845/683/2 842/689/2
f 310/685/2 841/690/2 309/691/2
f 323/687/2 840/692/2 322/693/2
f 295/694/2 842/689/2 839/695/2
f 309/691/2 837/696/2 308/697/2
f 322/693/2 836/698/2 321/699/2
f 295/694/2 838/674/2 294/700/2
f 307/701/2 837/696/2 835/702/2
f 321/699/2 834/703/2 320/704/2
f 306/705/2 835/702/2 833/706/2
f 320/704/2 832/707/2 319/708/2
f 305/709/2 833/706/2 831/710/2
f 319/708/2 830/711/2 318/712/2
f 304/713/2 831/710/2 829/714/2
f 318/712/2 827/715/2 317/716/2
f 303/717/2 829/714/2 828/656/2
f 317/716/2 826/718/2 316/658/2
f 329/719/1 889/720/1 858/721/1
f 330/722/1 858/721/1 859/723/1
f 330/722/1 860/724/1 331/725/1
f 331/725/1 861/726/1 332/727/1
f 332/727/1 862/728/1 333/729/1
f 333/729/1 863/730/1 334/731/1
f 334/731/1 864/732/1 335/733/1
f 335/733/1 865/734/1 336/735/1
f 336/735/1 866/736/1 337/737/1
f 337/737/1 867/738/1 338/739/1
f 338/739/1 868/740/1 339/741/1
f 339/741/1 869/742/1 340/743/1
f 340/743/1 870/744/1 341/745/1
f 341/745/1 871/746/1 342/747/1
f 342/747/1 872/748/1 343/749/1
f 343/749/1 873/750/1 344/751/1
f 344/751/1 874/752/1 345/753/1
f 345/753/1 875/754/1 346/755/1
f 346/755/1 876/756/1 347/757/1
f 348/758/1 876/756/1 877/759/1
f 349/760/1 877/759/1 878/761/1
f 350/762/1 878/761/1 879/763/1
f 351/764/1 879/763/1 880/765/1
f 352/766/1 880/765/1 881/767/1
f 353/768/1 881/767/1 882/769/1
f 354/770/1 882/769/1 883/771/1
f 355/772/1 883/771/1 884/773/1
f 356/774/1 884/773/1 885/775/1
f 357/776/1 885/775/1 886/777/1
f 358/778/1 886/777/1 887/779/1
f 359/780/1 887/779/1 888/781/1
f 328/782/1 888/781/1 889/720/1
f 890/605/161 442/445/161 443/783/161
f 445/447/198 895/784/198 444/785/198
f 449/786/170 901/787/170 448/424/170
f 447/788/152 902/789/152 755/613/152
f 893/790/161 466/791/161 742/437/161
f 465/485/27 909/417/27 464/792/27
f 463/483/94 912/793/94 763/472/94
f 461/432/152 915/794/152 460/380/152
f 459/430/170 920/795/170 767/620/170
f 457/513/161 925/796/161 456/421/161
f 455/797/198 928/798/198 779/514/198
f 451/799/27 930/800/27 783/428/27
f 453/427/94 935/801/94 452/527/94
f 893/802/164 897/803/230 896/804/164
f 903/805/175 901/608/156 900/609/173
f 905/806/162 899/452/174 898/454/162
f 913/807/181 909/473/151 908/475/181
f 911/808/171 907/476/182 906/478/171
f 914/623/188 920/809/131 915/622/131
f 919/810/194 917/493/189 916/494/194
f 929/811/199 925/625/154 924/626/199
f 922/509/196 926/812/200 923/507/200
f 934/813/212 930/814/211 935/815/211
f 936/816/208 932/817/213 937/818/213
f 444/785/231 890/819/232 443/820/231
f 906/457/27 489/482/27 488/821/27
f 895/822/198 749/449/198 894/823/198
f 894/824/198 746/448/198 897/825/198
f 897/803/198 747/632/198 896/804/198
f 896/826/198 469/633/198 468/408/198
f 919/827/170 483/828/170 768/413/170
f 895/822/232 891/829/233 890/830/232
f 892/831/234 894/824/235 897/825/230
f 935/815/94 789/524/94 934/813/94
f 934/832/94 786/523/94 937/531/94
f 937/818/94 787/412/94 936/816/94
f 936/833/94 477/411/94 476/402/94
f 794/345/112 793/368/113 817/346/113
f 800/348/114 824/369/114 825/349/115
f 791/351/116 790/359/117 804/352/117
f 797/354/118 821/370/118 822/355/119
f 794/345/112 818/347/112 819/357/120
f 790/359/117 801/350/115 825/349/115
f 791/360/116 815/834/116 816/361/121
f 798/356/119 822/355/119 823/363/122
f 796/365/123 795/358/120 819/357/120
f 792/367/121 816/835/121 817/346/113
f 799/364/122 823/363/122 824/369/114
f 796/365/123 820/366/123 821/370/118
f 464/371/124 443/534/125 442/372/125
f 460/374/126 462/539/127 463/375/127
f 456/377/128 458/547/129 459/378/129
f 460/380/130 915/794/131 920/381/131
f 452/383/132 454/555/133 455/384/133
f 448/386/134 450/562/135 451/387/135
f 444/389/136 446/570/137 447/390/137
f 486/392/105 488/821/105 489/393/138
f 482/395/139 484/420/139 485/396/140
f 478/398/141 480/506/141 481/399/142
f 475/401/143 474/526/40 476/402/40
f 470/404/144 472/451/144 473/405/145
f 466/407/146 467/444/147 468/408/147
f 784/410/148 475/519/143 477/411/143
f 768/413/149 483/828/140 485/414/140
f 462/416/150 464/792/236 909/417/151
f 916/419/152 771/415/152 485/414/152
f 456/421/153 925/796/154 928/422/154
f 448/424/155 901/787/156 902/425/156
f 453/427/157 451/799/157 783/428/158
f 459/430/159 767/620/160 772/431/160
f 905/433/152 470/836/152 471/434/152
f 892/436/161 893/837/161 742/437/161
f 891/439/161 892/838/161 743/438/161
f 898/441/162 472/451/163 470/404/163
f 893/443/164 896/826/164 468/408/165
f 442/445/166 745/606/167 748/446/167
f 744/440/168 743/438/169 746/448/169
f 898/441/170 753/453/170 473/450/170
f 899/452/170 752/466/170 753/453/170
f 904/455/152 905/839/152 756/435/152
f 906/457/171 488/821/172 486/392/172
f 900/459/173 899/607/174 904/460/174
f 756/435/176 471/434/145 473/450/145
f 449/462/177 447/840/177 755/463/178
f 751/465/179 754/611/179 757/456/180
f 911/467/94 486/841/94 487/468/94
f 912/470/94 913/842/94 762/471/94
f 909/473/27 758/484/27 759/474/27
f 907/476/27 760/486/27 761/477/27
f 913/479/181 908/614/181 907/480/182
f 764/469/183 487/468/138 489/482/138
f 463/483/184 763/472/185 758/484/185
f 762/471/186 765/616/187 760/486/187
f 914/487/188 917/621/189 918/488/189
f 766/490/191 769/499/225 770/491/192
f 917/493/152 770/491/152 771/415/152
f 916/419/194 484/420/195 482/395/195
f 922/496/196 480/506/197 478/398/197
f 918/498/170 919/843/170 768/413/170
f 927/500/198 478/844/198 479/501/198
f 926/503/198 927/845/198 780/502/198
f 922/496/161 777/508/161 481/505/161
f 923/507/161 776/517/161 777/508/161
f 924/510/199 923/624/200 926/511/200
f 780/502/201 479/501/142 481/505/142
f 457/513/202 455/797/202 779/514/203
f 775/516/204 778/628/204 781/504/205
f 933/518/27 474/846/27 475/519/27
f 932/520/27 933/847/27 784/410/27
f 782/522/206 785/521/207 786/523/207
f 933/525/208 936/833/208 476/402/209
f 452/527/210 935/801/211 930/528/211
f 931/530/212 934/832/212 937/531/213
f 601/533/214 578/577/111 443/534/125
f 600/535/214 579/848/111 578/536/111
f 599/538/215 601/533/214 464/371/124
f 598/540/215 600/535/214 601/537/214
f 597/542/216 599/538/215 462/539/127
f 588/543/144 606/849/144 607/544/144
f 595/546/217 597/542/216 460/374/126
f 594/548/217 596/850/216 597/549/216
f 593/551/218 595/546/217 458/547/129
f 592/552/218 594/548/217 595/550/217
f 591/554/219 593/551/218 456/377/128
f 590/556/219 592/552/218 593/553/218
f 589/558/220 591/554/219 454/555/133
f 582/559/1 604/851/1 602/560/1
f 450/562/135 587/852/221 589/558/220
f 587/563/221 586/568/221 588/564/220
f 585/566/100 587/852/221 450/562/135
f 585/567/100 584/853/100 586/568/221
f 583/569/222 585/566/100 448/386/134
f 582/571/222 584/853/100 585/567/100
f 581/573/223 583/569/222 446/570/137
f 599/574/147 613/590/147 612/575/147
f 578/577/111 581/580/223 444/578/136
f 579/579/111 580/654/223 581/580/223
f 610/581/161 612/595/161 613/582/161
f 606/584/170 608/599/170 609/585/170
f 602/560/27 604/851/27 605/587/27
f 599/574/2 597/598/2 611/589/2
f 583/591/40 605/604/40 604/592/40
f 596/594/1 598/854/1 612/595/1
f 591/596/2 589/545/2 607/544/2
f 596/594/141 610/581/141 611/589/141
f 591/596/139 609/597/139 608/599/139
f 590/600/1 608/599/1 606/584/1
f 580/561/105 602/560/105 603/602/105
f 581/603/2 603/602/2 605/604/2
f 890/605/161 891/855/161 744/440/161
f 900/459/170 751/465/170 752/466/170
f 901/608/170 750/856/170 751/465/170
f 903/610/152 904/857/152 757/456/152
f 902/612/152 903/858/152 754/611/152
f 908/614/27 759/474/27 760/486/27
f 913/615/94 910/859/94 765/616/94
f 910/617/94 911/860/94 764/469/94
f 921/618/170 918/861/170 769/499/170
f 920/619/170 921/862/170 766/490/170
f 914/487/152 773/492/152 770/491/152
f 915/622/152 772/431/152 773/492/152
f 924/510/161 775/516/161 776/517/161
f 925/625/161 774/515/161 775/516/161
f 929/627/198 926/863/198 781/504/198
f 928/629/198 929/864/198 778/628/198
f 931/630/27 932/865/27 785/521/27
f 930/631/27 931/866/27 782/522/27
f 744/440/168 749/449/168 748/446/167
f 747/632/224 746/448/169 743/438/169
f 751/465/179 750/856/178 755/613/178
f 753/453/176 752/466/180 757/456/180
f 759/474/186 758/484/185 763/472/185
f 761/477/183 760/486/187 765/616/187
f 773/492/193 772/431/160 767/620/160
f 771/415/149 770/491/192 769/499/225
f 775/516/204 774/515/203 779/514/203
f 780/502/201 777/508/201 776/517/205
f 789/524/206 788/429/158 783/428/158
f 787/412/148 786/523/207 785/521/207
f 742/437/224 466/791/146 469/633/146
f 801/634/214 790/653/111 579/579/111
f 800/636/226 801/634/214 600/635/214
f 799/638/99 800/636/226 598/637/215
f 798/640/217 799/638/99 596/639/216
f 797/642/218 798/640/217 594/641/217
f 796/644/88 797/642/218 592/643/218
f 795/646/227 796/644/88 590/645/219
f 586/648/221 794/867/221 795/646/227
f 793/649/100 794/867/221 586/648/221
f 792/362/228 793/649/100 584/650/100
f 791/360/229 792/362/228 582/651/222
f 790/653/111 791/868/229 580/654/223
f 302/655/2 303/717/2 828/656/2
f 316/658/2 826/718/2 856/659/2
f 301/661/2 302/655/2 857/657/2
f 315/660/2 856/659/2 854/663/2
f 300/665/2 301/661/2 855/662/2
f 314/664/2 854/663/2 852/667/2
f 299/669/2 300/665/2 853/666/2
f 312/671/2 313/668/2 852/667/2
f 325/673/2 294/700/2 838/674/2
f 298/676/2 299/669/2 851/670/2
f 312/671/2 850/672/2 847/678/2
f 324/680/2 325/673/2 849/675/2
f 297/682/2 298/676/2 848/677/2
f 311/679/2 847/678/2 844/684/2
f 324/680/2 846/681/2 843/686/2
f 296/688/2 297/682/2 845/683/2
f 310/685/2 844/684/2 841/690/2
f 323/687/2 843/686/2 840/692/2
f 295/694/2 296/688/2 842/689/2
f 309/691/2 841/690/2 837/696/2
f 322/693/2 840/692/2 836/698/2
f 295/694/2 839/695/2 838/674/2
f 307/701/2 308/697/2 837/696/2
f 321/699/2 836/698/2 834/703/2
f 306/705/2 307/701/2 835/702/2
f 320/704/2 834/703/2 832/707/2
f 305/709/2 306/705/2 833/706/2
f 319/708/2 832/707/2 830/711/2
f 304/713/2 305/709/2 831/710/2
f 318/712/2 830/711/2 827/715/2
f 303/717/2 304/713/2 829/714/2
f 317/716/2 827/715/2 826/718/2
f 329/719/1 328/782/1 889/720/1
f 330/722/1 329/719/1 858/721/1
f 330/722/1 859/723/1 860/724/1
f 331/725/1 860/724/1 861/726/1
f 332/727/1 861/726/1 862/728/1
f 333/729/1 862/728/1 863/730/1
f 334/731/1 863/730/1 864/732/1
f 335/733/1 864/732/1 865/734/1
f 336/735/1 865/734/1 866/736/1
f 337/737/1 866/736/1 867/738/1
f 338/739/1 867/738/1 868/740/1
f 339/741/1 868/740/1 869/742/1
f 340/743/1 869/742/1 870/744/1
f 341/745/1 870/744/1 871/746/1
f 342/747/1 871/746/1 872/748/1
f 343/749/1 872/748/1 873/750/1
f 344/751/1 873/750/1 874/752/1
f 345/753/1 874/752/1 875/754/1
f 346/755/1 875/754/1 876/756/1
f 348/758/1 347/757/1 876/756/1
f 349/760/1 348/758/1 877/759/1
f 350/762/1 349/760/1 878/761/1
f 351/764/1 350/762/1 879/763/1
f 352/766/1 351/764/1 880/765/1
f 353/768/1 352/766/1 881/767/1
f 354/770/1 353/768/1 882/769/1
f 355/772/1 354/770/1 883/771/1
f 356/774/1 355/772/1 884/773/1
f 357/776/1 356/774/1 885/775/1
f 358/778/1 357/776/1 886/777/1
f 359/780/1 358/778/1 887/779/1
f 328/782/1 359/780/1 888/781/1
f 890/605/161 745/606/161 442/445/161
f 445/447/198 748/446/198 895/784/198
f 449/786/170 750/856/170 901/787/170
f 447/788/152 446/869/152 902/789/152
f 893/790/161 467/870/161 466/791/161
f 465/485/27 758/484/27 909/417/27
f 463/483/94 462/871/94 912/793/94
f 461/432/152 772/431/152 915/794/152
f 459/430/170 458/872/170 920/795/170
f 457/513/161 774/515/161 925/796/161
f 455/797/198 454/873/198 928/798/198
f 451/799/27 450/874/27 930/800/27
f 453/427/94 788/429/94 935/801/94
f 893/802/164 892/875/234 897/803/230
f 903/805/175 902/876/156 901/608/156
f 905/806/162 904/877/174 899/452/174
f 913/807/181 912/878/151 909/473/151
f 911/808/171 910/879/182 907/476/182
f 914/623/188 921/880/190 920/809/131
f 919/810/194 918/881/189 917/493/189
f 929/811/199 928/882/154 925/625/154
f 922/509/196 927/883/196 926/812/200
f 934/813/212 931/884/212 930/814/211
f 936/816/208 933/885/208 932/817/213
f 444/785/231 895/784/232 890/819/232
f 906/457/27 761/477/27 489/482/27
f 895/822/198 748/446/198 749/449/198
f 894/824/198 749/449/198 746/448/198
f 897/803/198 746/448/198 747/632/198
f 896/826/198 747/632/198 469/633/198
f 919/827/170 482/886/170 483/828/170
f 895/822/232 894/823/235 891/829/233
f 892/831/234 891/887/233 894/824/235
f 935/815/94 788/429/94 789/524/94
f 934/832/94 789/524/94 786/523/94
f 937/818/94 786/523/94 787/412/94
f 936/833/94 787/412/94 477/411/94
usemtl SpacialRoverExploreralumBlack
f 139/888/237 163/889/238 135/890/239
f 143/891/240 171/892/241 137/893/242
f 136/894/243 174/895/244 161/896/245
f 142/897/246 171/898/241 167/899/247
f 164/900/248 178/901/249 160/902/250
f 166/903/251 179/904/252 165/905/253
f 167/906/254 177/907/255 166/903/255
f 173/908/256 160/902/257 159/909/258
f 162/910/259 182/911/260 176/912/261
f 161/913/262 168/914/263 180/915/262
f 171/916/264 175/917/265 167/906/266
f 176/912/267 170/918/268 172/919/268
f 162/910/259 180/915/269 181/920/270
f 174/921/271 159/909/258 168/914/263
f 165/905/253 178/901/249 163/922/272
f 172/919/273 169/923/274 171/924/264
f 134/925/275 165/926/276 139/888/237
f 134/925/275 167/899/247 166/927/277
f 138/928/278 173/929/279 132/930/280
f 136/894/243 162/931/281 141/932/282
f 140/933/283 162/931/281 176/934/284
f 143/891/240 176/934/284 172/935/285
f 132/930/280 174/895/244 133/936/286
f 138/928/278 163/889/238 164/937/287
f 139/888/237 165/926/276 163/889/238
f 143/891/240 172/935/285 171/892/241
f 136/894/243 133/936/286 174/895/244
f 142/897/246 137/938/242 171/898/241
f 164/900/248 163/922/272 178/901/249
f 166/903/251 177/907/288 179/904/252
f 167/906/266 175/917/265 177/907/255
f 173/908/256 164/900/257 160/902/257
f 162/910/259 181/920/270 182/911/260
f 161/913/262 174/921/271 168/914/263
f 171/916/264 169/939/274 175/917/265
f 176/912/261 182/911/260 170/918/289
f 162/910/259 161/913/269 180/915/269
f 174/921/271 173/908/256 159/909/258
f 165/905/253 179/904/252 178/901/249
f 172/919/273 170/918/273 169/923/274
f 134/925/275 166/927/277 165/926/276
f 134/925/275 142/897/246 167/899/247
f 138/928/278 164/937/287 173/929/279
f 136/894/243 161/896/245 162/931/281
f 140/933/283 141/932/282 162/931/281
f 143/891/240 140/933/283 176/934/284
f 132/930/280 173/929/279 174/895/244
f 138/928/278 135/890/239 163/889/238
usemtl SpacialRoverExploreralumGrayDeep
f 193/940/45 21/941/93 23/942/93
f 23/943/1 24/944/1 74/945/1
f 24/946/92 15/947/95 17/948/95
f 24/944/1 69/949/1 68/950/1
f 14/951/2 94/952/2 108/953/2
f 21/954/2 189/955/2 79/956/2
f 15/957/95 19/958/96 17/959/95
f 16/960/48 18/961/104 19/958/48
f 24/946/92 22/962/34 20/963/92
f 25/964/91 21/941/93 22/962/91
f 187/965/107 190/966/103 192/967/103
f 18/968/1 186/969/1 61/970/1
f 19/971/1 65/972/1 17/973/1
f 19/971/1 64/974/1 66/975/1
f 187/965/107 185/976/108 183/977/107
f 188/978/26 184/979/106 185/976/26
f 193/940/45 191/980/97 189/981/45
f 194/982/102 190/966/103 191/980/102
f 184/979/106 18/961/104 14/983/104
f 15/984/2 96/985/2 98/986/2
f 15/984/2 94/952/2 16/987/2
f 97/988/2 20/989/2 22/990/2
f 21/954/2 99/991/2 100/992/2
f 191/993/2 107/994/2 106/995/2
f 191/993/2 103/996/2 189/955/2
f 185/997/2 85/998/2 87/999/2
f 193/1000/1 52/1001/1 51/1002/1
f 193/1000/1 48/1003/1 194/1004/1
f 48/1003/1 192/1005/1 194/1004/1
f 72/1006/1 188/1007/1 187/1008/1
f 192/1005/1 44/1009/1 43/1010/290
f 71/1011/1 188/1007/1 72/1006/1
f 193/940/45 189/981/45 21/941/93
f 75/1012/1 57/1013/1 23/943/1
f 23/943/1 25/1014/1 24/944/1
f 24/944/1 73/1015/1 74/945/1
f 74/945/1 75/1012/1 23/943/1
f 24/946/92 20/963/92 15/947/95
f 67/1016/1 73/1015/1 24/944/1
f 24/944/1 17/973/1 65/972/1
f 24/944/1 65/972/1 69/949/1
f 68/950/1 67/1016/1 24/944/1
f 105/1017/2 104/1018/2 14/951/2
f 14/951/2 16/987/2 94/952/2
f 108/953/2 105/1017/2 14/951/2
f 77/1019/291 76/1020/292 21/954/2
f 189/955/2 103/996/2 102/1021/2
f 189/955/2 102/1021/2 101/1022/2
f 80/1023/2 77/1019/291 21/954/2
f 78/1024/2 80/1023/2 21/954/2
f 189/955/2 101/1022/2 79/956/2
f 79/956/2 78/1024/2 21/954/2
f 15/957/95 16/960/96 19/958/96
f 16/960/48 14/983/104 18/961/104
f 24/946/92 25/964/34 22/962/34
f 25/964/91 23/942/93 21/941/93
f 187/965/107 183/977/107 190/966/103
f 62/1025/1 64/974/1 18/968/1
f 186/969/1 71/1011/1 70/1026/1
f 186/969/1 70/1026/1 63/1027/1
f 60/1028/1 62/1025/1 18/968/1
f 59/1029/1 60/1028/1 18/968/1
f 186/969/1 63/1027/1 61/970/1
f 61/970/1 59/1029/1 18/968/1
f 66/975/1 65/972/1 19/971/1
f 19/971/1 18/968/1 64/974/1
f 187/965/107 188/978/108 185/976/108
f 188/978/26 186/1030/106 184/979/106
f 193/940/45 194/982/97 191/980/97
f 194/982/102 192/967/103 190/966/103
f 184/979/106 186/1030/106 18/961/104
f 95/1031/2 94/952/2 15/984/2
f 15/984/2 20/989/2 97/988/2
f 15/984/2 97/988/2 96/985/2
f 98/986/2 95/1031/2 15/984/2
f 97/988/2 22/990/2 21/954/2
f 21/954/2 76/1020/292 99/991/2
f 100/992/2 97/988/2 21/954/2
f 106/995/2 103/996/2 191/993/2
f 191/993/2 190/1032/2 107/994/2
f 92/1033/2 107/994/2 190/1032/2
f 190/1032/2 183/1034/2 185/997/2
f 185/997/2 184/1035/2 14/951/2
f 14/951/2 104/1018/2 86/1036/2
f 14/951/2 86/1036/2 84/1037/2
f 92/1033/2 190/1032/2 185/997/2
f 91/1038/2 92/1033/2 185/997/2
f 14/951/2 84/1037/2 82/1039/2
f 14/951/2 82/1039/2 81/1040/2
f 93/1041/2 91/1038/2 185/997/2
f 89/1042/2 93/1041/2 185/997/2
f 185/997/2 14/951/2 81/1040/2
f 185/997/2 81/1040/2 83/1043/293
f 90/1044/2 89/1042/2 185/997/2
f 88/1045/2 90/1044/2 185/997/2
f 185/997/2 83/1043/293 85/998/2
f 87/999/2 88/1045/2 185/997/2
f 47/1046/1 48/1003/1 193/1000/1
f 23/943/1 57/1013/1 54/1047/1
f 23/943/1 54/1047/1 49/1048/1
f 58/1049/1 47/1046/1 193/1000/1
f 50/1050/1 58/1049/1 193/1000/1
f 23/943/1 49/1048/1 55/1051/1
f 23/943/1 55/1051/1 52/1001/1
f 56/1052/1 50/1050/1 193/1000/1
f 53/1053/1 56/1052/1 193/1000/1
f 193/1000/1 23/943/1 52/1001/1
f 51/1002/1 53/1053/1 193/1000/1
f 72/1006/1 187/1008/1 192/1005/1
f 192/1005/1 48/1003/1 46/1054/1
f 192/1005/1 46/1054/1 45/1055/1
f 43/1010/290 72/1006/1 192/1005/1
f 192/1005/1 45/1055/1 44/1009/1
f 71/1011/1 186/969/1 188/1007/1
f 437/1056/229 508/1057/111 436/1058/111
f 465/373/124 490/1059/111 501/1060/214
f 500/1061/226 465/373/124 501/1060/214
f 461/376/126 500/1061/226 499/1062/99
f 459/378/129 499/1062/99 498/1063/217
f 457/379/128 498/1063/217 497/1064/218
f 455/384/133 497/1064/218 496/1065/88
f 453/385/132 496/1065/88 495/1066/227
f 494/1067/221 453/385/132 495/1066/227
f 493/1068/100 451/387/135 494/1067/221
f 447/390/137 493/1068/100 492/1069/228
f 445/391/136 492/1069/228 491/1070/229
f 442/372/125 491/1071/229 490/1059/111
f 430/1072/2 491/1073/2 431/1074/2
f 431/1074/2 492/1075/2 432/1076/2
f 432/1076/2 493/1077/2 433/1078/2
f 434/1079/2 493/1077/2 494/1080/2
f 434/1079/2 495/1081/2 435/1082/2
f 436/1083/2 495/1081/2 496/1084/2
f 436/1083/2 497/1085/2 437/1086/2
f 438/1087/2 497/1085/2 498/1088/2
f 438/1087/2 499/1089/2 439/1090/2
f 439/1090/2 500/1091/2 440/1092/2
f 440/1092/2 501/1093/2 441/1094/2
f 430/1072/2 501/1093/2 490/1095/2
f 505/1096/2 509/1097/2 513/1098/2
f 434/1099/226 505/1100/99 433/1101/99
f 441/1102/227 512/1103/221 440/1104/221
f 431/1105/218 502/1106/88 430/1107/88
f 438/1108/228 509/1109/229 437/1056/229
f 434/1099/226 507/1110/214 506/1111/226
f 430/1107/88 513/1112/227 441/1102/227
f 432/1113/217 503/1114/218 431/1115/218
f 439/1116/100 510/1117/228 438/1108/228
f 436/1058/111 507/1110/214 435/1118/214
f 433/1101/99 504/1119/217 432/1113/217
f 440/1104/221 511/1120/100 439/1116/100
f 803/1121/111 815/1122/229 804/1123/111
f 802/1124/229 816/361/228 815/834/229
f 805/1125/228 817/1126/100 816/361/228
f 806/1127/100 818/1128/221 817/1126/100
f 818/1128/221 808/1129/227 819/1130/227
f 808/1129/227 820/1131/88 819/1130/227
f 809/1132/88 821/1133/218 820/1131/88
f 810/1134/218 822/1135/217 821/1133/218
f 811/1136/217 823/1137/99 822/1135/217
f 812/1138/99 824/1139/226 823/1137/99
f 813/1140/1 809/1141/1 805/1125/1
f 813/1142/226 825/1143/214 824/1139/226
f 814/1144/214 804/1123/111 825/1143/214
f 437/1056/229 509/1109/229 508/1057/111
f 465/373/124 442/372/125 490/1059/111
f 500/1061/226 463/375/127 465/373/124
f 461/376/126 463/375/127 500/1061/226
f 459/378/129 461/376/126 499/1062/99
f 457/379/128 459/378/129 498/1063/217
f 455/384/133 457/379/128 497/1064/218
f 453/385/132 455/384/133 496/1065/88
f 494/1067/221 451/387/135 453/385/132
f 493/1068/100 449/388/134 451/387/135
f 447/390/137 449/388/134 493/1068/100
f 445/391/136 447/390/137 492/1069/228
f 442/372/125 445/1145/136 491/1071/229
f 430/1072/2 490/1095/2 491/1073/2
f 431/1074/2 491/1073/2 492/1075/2
f 432/1076/2 492/1075/2 493/1077/2
f 434/1079/2 433/1078/2 493/1077/2
f 434/1079/2 494/1080/2 495/1081/2
f 436/1083/2 435/1082/2 495/1081/2
f 436/1083/2 496/1084/2 497/1085/2
f 438/1087/2 437/1086/2 497/1085/2
f 438/1087/2 498/1088/2 499/1089/2
f 439/1090/2 499/1089/2 500/1091/2
f 440/1092/2 500/1091/2 501/1093/2
f 430/1072/2 441/1094/2 501/1093/2
f 513/1098/2 502/1146/2 503/1147/2
f 503/1147/2 504/1148/2 505/1096/2
f 505/1096/2 506/1149/2 507/1150/2
f 507/1150/2 508/1151/2 509/1097/2
f 509/1097/2 510/1152/2 511/1153/2
f 511/1153/2 512/1154/2 513/1098/2
f 513/1098/2 503/1147/2 505/1096/2
f 505/1096/2 507/1150/2 509/1097/2
f 509/1097/2 511/1153/2 513/1098/2
f 434/1099/226 506/1111/226 505/1100/99
f 441/1102/227 513/1112/227 512/1103/221
f 431/1105/218 503/1155/218 502/1106/88
f 438/1108/228 510/1117/228 509/1109/229
f 434/1099/226 435/1118/214 507/1110/214
f 430/1107/88 502/1106/88 513/1112/227
f 432/1113/217 504/1119/217 503/1114/218
f 439/1116/100 511/1120/100 510/1117/228
f 436/1058/111 508/1057/111 507/1110/214
f 433/1101/99 505/1100/99 504/1119/217
f 440/1104/221 512/1103/221 511/1120/100
f 803/1121/111 802/1156/229 815/1122/229
f 802/1124/229 805/1125/228 816/361/228
f 805/1125/228 806/1127/100 817/1126/100
f 806/1127/100 807/1157/221 818/1128/221
f 818/1128/221 807/1157/221 808/1129/227
f 808/1129/227 809/1132/88 820/1131/88
f 809/1132/88 810/1134/218 821/1133/218
f 810/1134/218 811/1136/217 822/1135/217
f 811/1136/217 812/1138/99 823/1137/99
f 812/1138/99 813/1142/226 824/1139/226
f 805/1125/1 802/1124/1 803/1158/1
f 803/1158/1 814/1159/1 813/1140/1
f 813/1140/1 812/1160/1 811/1161/1
f 811/1161/1 810/1162/1 809/1141/1
f 809/1141/1 808/1163/1 807/1164/1
f 807/1164/1 806/1165/1 805/1125/1
f 805/1125/1 803/1158/1 813/1140/1
f 813/1140/1 811/1161/1 809/1141/1
f 809/1141/1 807/1164/1 805/1125/1
f 813/1142/226 814/1144/214 825/1143/214
f 814/1144/214 803/1121/111 804/1123/111
usemtl SpacialRoverExplorerwheels
f 889/1166/1 397/1167/294 367/1168/295
f 888/1169/1 396/1170/296 397/1167/294
f 887/1171/1 395/1172/297 396/1170/296
f 886/1173/1 394/1174/298 395/1172/297
f 885/1175/1 393/1176/299 394/1174/298
f 884/1177/1 392/1178/300 393/1176/299
f 883/1179/1 391/1180/301 392/1178/300
f 882/1181/1 390/1182/301 391/1180/301
f 881/1183/1 389/1184/302 390/1182/301
f 880/1185/1 388/1186/302 389/1184/302
f 879/1187/1 387/1188/303 388/1186/302
f 878/1189/1 386/1190/304 387/1188/303
f 877/1191/1 385/1192/305 386/1193/304
f 875/1194/1 385/1192/305 876/1195/1
f 874/1196/1 384/1197/305 875/1194/1
f 873/1198/1 383/1199/306 874/1196/1
f 872/1200/1 382/1201/307 873/1198/1
f 871/1202/1 381/1203/308 872/1200/1
f 870/1204/1 380/1205/309 871/1202/1
f 869/1206/1 379/1207/310 870/1204/1
f 868/1208/1 378/1209/310 869/1206/1
f 867/1210/1 377/1211/311 868/1208/1
f 866/1212/1 376/1213/312 867/1210/1
f 865/1214/1 375/1215/313 866/1212/1
f 864/1216/1 374/1217/314 865/1214/1
f 863/1218/1 373/1219/315 864/1216/1
f 862/1220/1 372/1221/316 863/1218/1
f 861/1222/1 371/1223/317 862/1220/1
f 860/1224/1 370/1225/317 861/1226/1
f 860/1224/1 368/1227/318 369/1228/319
f 859/1229/1 366/1230/295 368/1227/318
f 858/1231/1 367/1168/295 366/1230/295
f 827/1232/2 420/1233/320 826/1234/2
f 828/1235/2 408/1236/321 407/1237/322
f 830/1238/2 421/1239/320 827/1232/2
f 829/1240/2 409/1241/323 408/1236/321
f 832/1242/2 422/1243/324 830/1238/2
f 831/1244/2 410/1245/325 409/1241/323
f 834/1246/2 423/1247/324 832/1242/2
f 833/1248/2 411/1249/326 410/1245/325
f 836/1250/2 424/1251/327 834/1246/2
f 835/1252/2 412/1253/328 411/1249/326
f 839/1254/2 398/1255/329 838/1256/2
f 840/1257/2 425/1258/330 836/1250/2
f 837/1259/2 413/1260/328 412/1253/328
f 842/1261/2 399/1262/329 839/1254/2
f 843/1263/2 426/1264/331 840/1257/2
f 844/1265/2 413/1260/328 841/1266/2
f 845/1267/2 400/1268/332 842/1261/2
f 846/1269/2 427/1270/333 843/1263/2
f 847/1271/2 414/1272/334 844/1265/2
f 848/1273/2 401/1274/332 845/1267/2
f 849/1275/2 428/1276/335 846/1269/2
f 850/1277/2 415/1278/336 847/1271/2
f 848/1279/2 403/1280/337 402/1281/337
f 838/1256/2 429/1282/338 849/1275/2
f 852/1283/2 416/1284/339 850/1277/2
f 851/1285/2 404/1286/340 403/1280/337
f 854/1287/2 417/1288/339 852/1283/2
f 853/1289/2 405/1290/341 404/1286/340
f 856/1291/2 418/1292/342 854/1293/2
f 855/1294/2 406/1295/343 405/1290/341
f 826/1234/2 419/1296/342 856/1291/2
f 857/1297/2 407/1237/322 406/1295/343
f 515/1298/344 424/1251/345 517/1299/346
f 519/1300/347 428/1276/348 521/1301/349
f 521/1301/350 713/1302/351 520/1303/352
f 525/1304/353 426/1264/354 523/1305/355
f 572/1306/356 615/1307/357 739/1308/358
f 520/1303/352 614/1309/359 396/1170/360
f 387/1188/303 624/1310/361 625/1311/361
f 571/1312/362 738/1313/363 706/1314/362
f 428/1276/335 676/1315/364 677/1316/364
f 539/1317/365 418/1318/366 533/1319/367
f 535/1320/368 420/1233/369 529/1321/370
f 531/1322/371 422/1243/372 527/1323/373
f 519/1300/374 712/1324/375 680/1325/376
f 570/1326/363 643/1327/377 738/1313/363
f 413/1260/378 541/1328/379 547/1329/380
f 415/1278/381 537/1330/382 543/1331/383
f 518/1332/384 617/1333/385 712/1324/375
f 389/1184/302 622/1334/386 623/1335/386
f 409/1241/387 549/1336/388 555/1337/389
f 411/1249/390 545/1338/391 551/1339/392
f 569/1340/393 737/1341/394 568/1342/395
f 426/1264/331 674/1343/396 675/1344/396
f 517/1299/397 711/1345/398 516/1346/399
f 568/1342/395 642/1347/400 368/1227/401
f 401/1274/402 565/1348/403 571/1312/404
f 403/1280/405 561/1349/406 567/1350/407
f 405/1290/408 557/1351/409 563/1352/410
f 407/1237/411 553/1353/412 559/1354/413
f 573/1355/414 398/1255/415 575/1356/416
f 516/1346/399 618/1357/417 392/1178/418
f 577/1358/419 400/1268/420 569/1340/421
f 391/1180/301 620/1359/422 621/1360/422
f 567/1350/423 736/1361/424 704/1362/425
f 424/1251/327 672/1363/426 673/1364/426
f 366/1230/427 568/1342/428 368/1227/427
f 576/1365/429 569/1340/421 568/1342/428
f 515/1298/430 710/1366/431 678/1367/430
f 566/1368/432 641/1369/433 736/1361/424
f 397/1167/434 574/1370/435 367/1168/434
f 572/1306/436 575/1356/416 574/1370/435
f 558/1371/437 376/1213/438 375/1215/438
f 559/1354/413 552/1372/439 558/1371/437
f 562/1373/440 374/1217/441 373/1219/441
f 563/1352/410 556/1374/442 562/1373/440
f 566/1368/443 372/1221/444 371/1223/444
f 567/1350/407 560/1375/445 566/1368/443
f 570/1326/446 370/1225/447 369/1228/447
f 571/1312/404 564/1376/448 570/1326/446
f 514/1377/449 621/1360/450 710/1366/431
f 393/1176/299 618/1357/451 619/1378/451
f 565/1379/452 735/1380/453 564/1381/454
f 422/1243/324 670/1382/455 671/1383/455
f 577/1358/456 646/1384/457 399/1262/458
f 564/1381/454 640/1385/459 370/1386/460
f 575/1356/461 647/1387/462 708/1388/461
f 395/1172/297 616/1389/463 617/1333/463
f 550/1390/464 380/1205/465 379/1207/465
f 551/1339/392 544/1391/466 550/1390/464
f 554/1392/467 378/1209/468 377/1211/468
f 555/1337/389 548/1393/469 554/1392/467
f 563/1352/470 734/1394/471 702/1395/472
f 420/1233/320 668/1396/473 669/1397/473
f 573/1355/474 676/1315/475 429/1282/476
f 562/1373/477 639/1398/478 734/1394/471
f 542/1399/479 384/1197/480 383/1199/480
f 543/1331/383 536/1400/481 542/1399/479
f 546/1401/482 382/1201/483 381/1203/483
f 547/1329/380 540/1402/484 546/1401/482
f 571/1312/362 648/1403/485 401/1274/485
f 397/1167/294 614/1309/486 615/1307/486
f 561/1349/487 733/1404/488 560/1375/489
f 418/1292/342 666/1405/490 667/1406/490
f 389/1184/491 526/1407/492 390/1182/491
f 530/1408/493 527/1323/373 526/1407/492
f 387/1188/494 528/1409/495 388/1186/494
f 534/1410/496 529/1321/370 528/1409/495
f 385/1192/497 532/1411/498 386/1193/497
f 538/1412/499 533/1319/367 532/1411/498
f 569/1340/393 649/1413/500 705/1414/393
f 560/1375/489 638/1415/501 372/1221/502
f 567/1350/423 650/1416/503 403/1280/504
f 559/1354/505 732/1417/506 700/1418/507
f 416/1284/339 664/1419/508 665/1420/508
f 565/1379/452 651/1421/509 703/1422/510
f 558/1371/511 637/1423/512 732/1417/506
f 563/1352/470 652/1424/513 405/1290/514
f 557/1351/515 731/1425/516 556/1374/517
f 415/1278/336 663/1426/518 414/1272/334
f 393/1176/519 522/1427/520 394/1174/519
f 524/1428/521 523/1305/355 522/1427/520
f 561/1349/487 653/1429/522 701/1430/487
f 556/1374/517 636/1431/523 374/1217/524
f 395/1172/525 520/1303/526 396/1170/525
f 518/1332/527 521/1301/349 520/1303/526
f 391/1180/528 516/1346/529 392/1178/528
f 514/1377/530 517/1299/346 516/1346/529
f 682/1432/531 674/1343/532 680/1325/533
f 679/1433/534 672/1363/535 683/1434/536
f 684/1435/537 670/1382/538 678/1367/539
f 685/1436/540 668/1396/541 686/1437/542
f 687/1438/543 666/1405/544 688/1439/545
f 689/1440/546 664/1419/547 690/1441/546
f 663/1426/548 692/1442/549 691/1443/550
f 661/1444/551 694/1445/552 693/1446/553
f 659/1447/554 696/1448/555 695/1449/556
f 657/1450/557 698/1451/558 697/1452/559
f 655/1453/560 700/1418/561 699/1454/562
f 653/1429/563 702/1395/564 701/1430/565
f 651/1421/566 704/1362/567 703/1422/568
f 649/1413/569 706/1314/570 705/1414/570
f 708/1388/571 646/1384/572 709/1455/573
f 681/1456/574 676/1315/575 707/1457/576
f 614/1309/577 739/1308/578 615/1307/577
f 713/1302/579 707/1457/576 739/1308/578
f 644/1458/580 741/1459/581 645/1460/580
f 740/1461/582 709/1455/573 741/1459/581
f 737/1341/583 643/1327/584 642/1347/584
f 705/1414/570 738/1313/583 737/1341/583
f 735/1380/585 641/1369/586 640/1385/586
f 703/1422/568 736/1361/587 735/1380/585
f 733/1404/588 639/1398/589 638/1415/589
f 701/1430/565 734/1394/590 733/1404/588
f 731/1425/591 637/1423/592 636/1431/592
f 699/1454/562 732/1417/593 731/1425/591
f 729/1462/594 635/1463/595 634/1464/595
f 697/1452/559 730/1465/596 729/1462/594
f 727/1466/597 633/1467/598 632/1468/598
f 695/1449/556 728/1469/599 727/1466/597
f 725/1470/600 631/1471/601 630/1472/601
f 693/1446/553 726/1473/602 725/1470/600
f 723/1474/603 629/1475/604 628/1476/604
f 691/1443/550 724/1477/605 723/1474/603
f 626/1478/606 722/1479/607 627/1480/606
f 689/1440/546 722/1479/607 721/1481/607
f 624/1310/608 720/1482/609 625/1311/608
f 719/1483/610 688/1439/545 720/1482/609
f 622/1334/611 718/1484/612 623/1335/611
f 717/1485/613 686/1437/542 718/1484/612
f 620/1359/614 710/1366/615 621/1360/614
f 716/1486/616 678/1367/539 710/1366/615
f 618/1357/617 715/1487/618 619/1378/619
f 711/1345/620 683/1434/536 715/1487/618
f 616/1389/621 712/1324/622 617/1333/621
f 714/1488/623 680/1325/533 712/1324/622
f 573/1355/474 739/1308/358 707/1457/474
f 384/1197/305 627/1480/624 385/1192/305
f 522/1427/625 616/1389/626 394/1174/627
f 574/1370/628 644/1458/629 367/1168/630
f 523/1305/631 714/1488/632 522/1427/625
f 575/1356/461 740/1461/633 574/1370/628
f 382/1201/307 629/1475/634 383/1199/306
f 524/1428/635 619/1378/636 715/1487/637
f 576/1365/638 645/1460/639 741/1459/638
f 525/1304/640 715/1487/637 683/1434/640
f 577/1358/456 741/1459/638 709/1455/641
f 380/1205/309 631/1471/642 381/1203/308
f 526/1407/643 620/1359/644 390/1182/645
f 527/1323/646 716/1486/647 526/1407/643
f 378/1209/310 633/1467/648 379/1207/310
f 528/1409/649 622/1334/650 388/1186/651
f 529/1321/652 717/1485/653 528/1409/649
f 376/1213/312 635/1463/654 377/1211/311
f 530/1408/655 623/1335/656 718/1484/657
f 531/1322/658 718/1484/657 686/1437/659
f 374/1217/314 637/1423/660 375/1215/313
f 532/1489/661 624/1310/662 386/1190/663
f 533/1490/664 719/1483/665 532/1489/661
f 515/1298/430 670/1382/666 423/1247/667
f 372/1221/316 639/1398/668 373/1219/315
f 534/1410/669 625/1311/670 720/1482/671
f 517/1299/397 673/1364/672 679/1433/673
f 535/1320/674 720/1482/671 688/1439/675
f 519/1300/374 674/1343/676 427/1270/677
f 370/1386/317 641/1369/678 371/1223/317
f 536/1400/679 626/1478/680 384/1197/680
f 521/1301/350 677/1316/681 681/1456/682
f 537/1330/683 721/1481/679 536/1400/679
f 523/1305/631 675/1344/684 682/1432/685
f 369/1228/319 642/1347/686 643/1327/687
f 538/1412/688 627/1480/689 722/1479/688
f 525/1304/640 672/1363/690 425/1258/691
f 539/1317/692 722/1479/688 690/1441/692
f 527/1323/646 671/1383/693 684/1435/646
f 366/1230/295 644/1458/694 645/1460/695
f 540/1402/696 628/1476/697 382/1201/698
f 529/1321/652 669/1397/699 685/1436/700
f 398/1255/329 646/1384/701 647/1387/701
f 541/1328/702 723/1474/703 540/1402/696
f 531/1322/658 668/1396/704 421/1239/705
f 542/1399/706 629/1475/707 724/1477/708
f 533/1490/664 667/1406/709 687/1438/710
f 401/1274/332 649/1413/711 400/1268/332
f 543/1331/712 724/1477/708 692/1442/713
f 535/1320/674 666/1405/714 419/1296/715
f 544/1391/716 630/1472/717 380/1205/718
f 537/1330/683 665/1420/719 689/1440/720
f 403/1280/337 651/1421/721 402/1281/337
f 545/1338/722 725/1470/723 544/1391/716
f 539/1317/692 664/1419/724 417/1288/725
f 546/1401/726 631/1471/727 726/1473/728
f 541/1328/702 663/1426/729 691/1443/730
f 405/1290/341 653/1429/731 404/1286/340
f 547/1329/732 726/1473/728 694/1445/732
f 543/1331/712 662/1491/733 415/1278/734
f 548/1393/735 632/1468/736 378/1209/737
f 545/1338/722 661/1444/738 693/1446/722
f 407/1237/322 655/1453/739 406/1295/343
f 549/1336/740 727/1466/741 548/1393/735
f 547/1329/732 660/1492/742 413/1260/743
f 550/1390/744 633/1467/745 728/1469/746
f 549/1336/740 659/1447/747 695/1449/748
f 409/1241/323 657/1450/749 408/1236/321
f 551/1339/750 728/1469/746 696/1448/751
f 551/1339/750 658/1493/752 411/1249/753
f 552/1372/754 634/1464/755 376/1213/756
f 553/1353/757 657/1450/758 697/1452/759
f 411/1249/326 659/1447/760 410/1245/325
f 553/1353/757 729/1462/761 552/1372/754
f 555/1337/762 656/1494/763 409/1241/764
f 554/1392/765 635/1463/766 730/1465/767
f 557/1351/515 655/1453/768 699/1454/515
f 413/1260/328 661/1444/769 412/1253/328
f 555/1337/762 730/1465/767 698/1451/770
f 559/1354/505 654/1495/771 407/1237/772
f 889/1166/1 888/1169/1 397/1167/294
f 888/1169/1 887/1171/1 396/1170/296
f 887/1171/1 886/1173/1 395/1172/297
f 886/1173/1 885/1175/1 394/1174/298
f 885/1175/1 884/1177/1 393/1176/299
f 884/1177/1 883/1179/1 392/1178/300
f 883/1179/1 882/1181/1 391/1180/301
f 882/1181/1 881/1183/1 390/1182/301
f 881/1183/1 880/1185/1 389/1184/302
f 880/1185/1 879/1187/1 388/1186/302
f 879/1187/1 878/1189/1 387/1188/303
f 878/1189/1 877/1496/1 386/1190/304
f 877/1191/1 876/1195/1 385/1192/305
f 875/1194/1 384/1197/305 385/1192/305
f 874/1196/1 383/1199/306 384/1197/305
f 873/1198/1 382/1201/307 383/1199/306
f 872/1200/1 381/1203/308 382/1201/307
f 871/1202/1 380/1205/309 381/1203/308
f 870/1204/1 379/1207/310 380/1205/309
f 869/1206/1 378/1209/310 379/1207/310
f 868/1208/1 377/1211/311 378/1209/310
f 867/1210/1 376/1213/312 377/1211/311
f 866/1212/1 375/1215/313 376/1213/312
f 865/1214/1 374/1217/314 375/1215/313
f 864/1216/1 373/1219/315 374/1217/314
f 863/1218/1 372/1221/316 373/1219/315
f 862/1220/1 371/1223/317 372/1221/316
f 861/1222/1 370/1386/317 371/1223/317
f 860/1224/1 369/1228/319 370/1225/317
f 860/1224/1 859/1229/1 368/1227/318
f 859/1229/1 858/1231/1 366/1230/295
f 858/1231/1 889/1166/1 367/1168/295
f 827/1232/2 421/1239/320 420/1233/320
f 828/1235/2 829/1240/2 408/1236/321
f 830/1238/2 422/1243/324 421/1239/320
f 829/1240/2 831/1244/2 409/1241/323
f 832/1242/2 423/1247/324 422/1243/324
f 831/1244/2 833/1248/2 410/1245/325
f 834/1246/2 424/1251/327 423/1247/324
f 833/1248/2 835/1252/2 411/1249/326
f 836/1250/2 425/1258/330 424/1251/327
f 835/1252/2 837/1259/2 412/1253/328
f 839/1254/2 399/1262/329 398/1255/329
f 840/1257/2 426/1264/331 425/1258/330
f 837/1259/2 841/1266/2 413/1260/328
f 842/1261/2 400/1268/332 399/1262/329
f 843/1263/2 427/1270/333 426/1264/331
f 844/1265/2 414/1272/334 413/1260/328
f 845/1267/2 401/1274/332 400/1268/332
f 846/1269/2 428/1276/335 427/1270/333
f 847/1271/2 415/1278/336 414/1272/334
f 848/1273/2 402/1497/337 401/1274/332
f 849/1275/2 429/1282/338 428/1276/335
f 850/1277/2 416/1284/339 415/1278/336
f 848/1279/2 851/1285/2 403/1280/337
f 838/1256/2 398/1255/329 429/1282/338
f 852/1283/2 417/1288/339 416/1284/339
f 851/1285/2 853/1289/2 404/1286/340
f 854/1287/2 418/1318/342 417/1288/339
f 853/1289/2 855/1294/2 405/1290/341
f 856/1291/2 419/1296/342 418/1292/342
f 855/1294/2 857/1297/2 406/1295/343
f 826/1234/2 420/1233/320 419/1296/342
f 857/1297/2 828/1235/2 407/1237/322
f 515/1298/344 423/1247/345 424/1251/345
f 519/1300/347 427/1270/348 428/1276/348
f 521/1301/350 681/1456/682 713/1302/351
f 525/1304/353 425/1258/354 426/1264/354
f 572/1306/356 397/1167/773 615/1307/357
f 520/1303/352 713/1302/351 614/1309/359
f 387/1188/303 386/1190/304 624/1310/361
f 571/1312/362 570/1326/363 738/1313/363
f 428/1276/335 429/1282/338 676/1315/364
f 539/1317/365 417/1288/366 418/1318/366
f 535/1320/368 419/1296/369 420/1233/369
f 531/1322/371 421/1239/372 422/1243/372
f 519/1300/374 518/1332/384 712/1324/375
f 570/1326/363 369/1228/774 643/1327/377
f 413/1260/378 414/1272/378 541/1328/379
f 415/1278/381 416/1284/381 537/1330/382
f 518/1332/384 395/1172/775 617/1333/385
f 389/1184/302 388/1186/302 622/1334/386
f 409/1241/387 410/1245/387 549/1336/388
f 411/1249/390 412/1253/390 545/1338/391
f 569/1340/393 705/1414/393 737/1341/394
f 426/1264/331 427/1270/333 674/1343/396
f 517/1299/397 679/1433/673 711/1345/398
f 568/1342/395 737/1341/394 642/1347/400
f 401/1274/402 402/1497/402 565/1348/403
f 403/1280/405 404/1286/405 561/1349/406
f 405/1290/408 406/1295/408 557/1351/409
f 407/1237/411 408/1236/411 553/1353/412
f 573/1355/414 429/1282/415 398/1255/415
f 516/1346/399 711/1345/398 618/1357/417
f 577/1358/419 399/1262/420 400/1268/420
f 391/1180/301 390/1182/301 620/1359/422
f 567/1350/423 566/1368/432 736/1361/424
f 424/1251/327 425/1258/330 672/1363/426
f 366/1230/427 576/1365/429 568/1342/428
f 576/1365/429 577/1358/419 569/1340/421
f 515/1298/430 514/1377/449 710/1366/431
f 566/1368/432 371/1223/776 641/1369/433
f 397/1167/434 572/1306/436 574/1370/435
f 572/1306/436 573/1355/414 575/1356/416
f 558/1371/437 552/1372/439 376/1213/438
f 559/1354/413 553/1353/412 552/1372/439
f 562/1373/440 556/1374/442 374/1217/441
f 563/1352/410 557/1351/409 556/1374/442
f 566/1368/443 560/1375/445 372/1221/444
f 567/1350/407 561/1349/406 560/1375/445
f 570/1326/446 564/1376/448 370/1225/447
f 571/1312/404 565/1348/403 564/1376/448
f 514/1377/449 391/1180/777 621/1360/450
f 393/1176/299 392/1178/300 618/1357/451
f 565/1379/452 703/1422/510 735/1380/453
f 422/1243/324 423/1247/324 670/1382/455
f 577/1358/456 709/1455/641 646/1384/457
f 564/1381/454 735/1380/453 640/1385/459
f 575/1356/461 398/1255/778 647/1387/462
f 395/1172/297 394/1174/298 616/1389/463
f 550/1390/464 544/1391/466 380/1205/465
f 551/1339/392 545/1338/391 544/1391/466
f 554/1392/467 548/1393/469 378/1209/468
f 555/1337/389 549/1336/388 548/1393/469
f 563/1352/470 562/1373/477 734/1394/471
f 420/1233/320 421/1239/320 668/1396/473
f 573/1355/474 707/1457/474 676/1315/475
f 562/1373/477 373/1219/779 639/1398/478
f 542/1399/479 536/1400/481 384/1197/480
f 543/1331/383 537/1330/382 536/1400/481
f 546/1401/482 540/1402/484 382/1201/483
f 547/1329/380 541/1328/379 540/1402/484
f 571/1312/362 706/1314/362 648/1403/485
f 397/1167/294 396/1170/296 614/1309/486
f 561/1349/487 701/1430/487 733/1404/488
f 418/1292/342 419/1296/342 666/1405/490
f 389/1184/491 530/1408/493 526/1407/492
f 530/1408/493 531/1322/371 527/1323/373
f 387/1188/494 534/1410/496 528/1409/495
f 534/1410/496 535/1320/368 529/1321/370
f 385/1192/497 538/1412/499 532/1411/498
f 538/1412/499 539/1317/365 533/1319/367
f 569/1340/393 400/1268/780 649/1413/500
f 560/1375/489 733/1404/488 638/1415/501
f 567/1350/423 704/1362/425 650/1416/503
f 559/1354/505 558/1371/511 732/1417/506
f 416/1284/339 417/1288/339 664/1419/508
f 565/1379/452 402/1281/781 651/1421/509
f 558/1371/511 375/1215/782 637/1423/512
f 563/1352/470 702/1395/472 652/1424/513
f 557/1351/515 699/1454/515 731/1425/516
f 415/1278/336 662/1491/518 663/1426/518
f 393/1176/519 524/1428/521 522/1427/520
f 524/1428/521 525/1304/353 523/1305/355
f 561/1349/487 404/1286/783 653/1429/522
f 556/1374/517 731/1425/516 636/1431/523
f 395/1172/525 518/1332/527 520/1303/526
f 518/1332/527 519/1300/347 521/1301/349
f 391/1180/528 514/1377/530 516/1346/529
f 514/1377/530 515/1298/344 517/1299/346
f 682/1432/531 675/1344/532 674/1343/532
f 679/1433/534 673/1364/535 672/1363/535
f 684/1435/537 671/1383/538 670/1382/538
f 685/1436/540 669/1397/541 668/1396/541
f 687/1438/543 667/1406/544 666/1405/544
f 689/1440/546 665/1420/547 664/1419/547
f 663/1426/548 662/1491/548 692/1442/549
f 661/1444/551 660/1492/551 694/1445/552
f 659/1447/554 658/1493/554 696/1448/555
f 657/1450/557 656/1494/557 698/1451/558
f 655/1453/560 654/1495/560 700/1418/561
f 653/1429/563 652/1424/563 702/1395/564
f 651/1421/566 650/1416/566 704/1362/567
f 649/1413/569 648/1403/569 706/1314/570
f 708/1388/571 647/1387/572 646/1384/572
f 681/1456/574 677/1316/575 676/1315/575
f 614/1309/577 713/1302/579 739/1308/578
f 713/1302/579 681/1456/574 707/1457/576
f 644/1458/580 740/1461/582 741/1459/581
f 740/1461/582 708/1388/571 709/1455/573
f 737/1341/583 738/1313/583 643/1327/584
f 705/1414/570 706/1314/570 738/1313/583
f 735/1380/585 736/1361/587 641/1369/586
f 703/1422/568 704/1362/567 736/1361/587
f 733/1404/588 734/1394/590 639/1398/589
f 701/1430/565 702/1395/564 734/1394/590
f 731/1425/591 732/1417/593 637/1423/592
f 699/1454/562 700/1418/561 732/1417/593
f 729/1462/594 730/1465/596 635/1463/595
f 697/1452/559 698/1451/558 730/1465/596
f 727/1466/597 728/1469/599 633/1467/598
f 695/1449/556 696/1448/555 728/1469/599
f 725/1470/600 726/1473/602 631/1471/601
f 693/1446/553 694/1445/552 726/1473/602
f 723/1474/603 724/1477/605 629/1475/604
f 691/1443/550 692/1442/549 724/1477/605
f 626/1478/606 721/1481/607 722/1479/607
f 689/1440/546 690/1441/546 722/1479/607
f 624/1310/608 719/1483/610 720/1482/609
f 719/1483/610 687/1438/543 688/1439/545
f 622/1334/611 717/1485/613 718/1484/612
f 717/1485/613 685/1436/540 686/1437/542
f 620/1359/614 716/1486/616 710/1366/615
f 716/1486/616 684/1435/537 678/1367/539
f 618/1357/617 711/1345/620 715/1487/618
f 711/1345/620 679/1433/534 683/1434/536
f 616/1389/621 714/1488/623 712/1324/622
f 714/1488/623 682/1432/531 680/1325/533
f 573/1355/474 572/1306/356 739/1308/358
f 384/1197/305 626/1478/784 627/1480/624
f 522/1427/625 714/1488/632 616/1389/626
f 574/1370/628 740/1461/633 644/1458/629
f 523/1305/631 682/1432/685 714/1488/632
f 575/1356/461 708/1388/461 740/1461/633
f 382/1201/307 628/1476/634 629/1475/634
f 524/1428/635 393/1176/785 619/1378/636
f 576/1365/638 366/1230/786 645/1460/639
f 525/1304/640 524/1428/635 715/1487/637
f 577/1358/456 576/1365/638 741/1459/638
f 380/1205/309 630/1472/642 631/1471/642
f 526/1407/643 716/1486/647 620/1359/644
f 527/1323/646 684/1435/646 716/1486/647
f 378/1209/310 632/1468/648 633/1467/648
f 528/1409/649 717/1485/653 622/1334/650
f 529/1321/652 685/1436/700 717/1485/653
f 376/1213/312 634/1464/654 635/1463/654
f 530/1408/655 389/1184/787 623/1335/656
f 531/1322/658 530/1408/655 718/1484/657
f 374/1217/314 636/1431/660 637/1423/660
f 532/1489/661 719/1483/665 624/1310/662
f 533/1490/664 687/1438/710 719/1483/665
f 515/1298/430 678/1367/430 670/1382/666
f 372/1221/316 638/1415/668 639/1398/668
f 534/1410/669 387/1188/788 625/1311/670
f 517/1299/397 424/1251/789 673/1364/672
f 535/1320/674 534/1410/669 720/1482/671
f 519/1300/374 680/1325/376 674/1343/676
f 370/1386/317 640/1385/678 641/1369/678
f 536/1400/679 721/1481/679 626/1478/680
f 521/1301/350 428/1276/790 677/1316/681
f 537/1330/683 689/1440/720 721/1481/679
f 523/1305/631 426/1264/791 675/1344/684
f 369/1228/319 368/1227/318 642/1347/686
f 538/1412/688 385/1192/689 627/1480/689
f 525/1304/640 683/1434/640 672/1363/690
f 539/1317/692 538/1412/688 722/1479/688
f 527/1323/646 422/1243/792 671/1383/693
f 366/1230/295 367/1168/295 644/1458/694
f 540/1402/696 723/1474/703 628/1476/697
f 529/1321/652 420/1233/793 669/1397/699
f 398/1255/329 399/1262/329 646/1384/701
f 541/1328/702 691/1443/730 723/1474/703
f 531/1322/658 686/1437/659 668/1396/704
f 542/1399/706 383/1199/794 629/1475/707
f 533/1490/664 418/1292/795 667/1406/709
f 401/1274/332 648/1403/796 649/1413/711
f 543/1331/712 542/1399/706 724/1477/708
f 535/1320/674 688/1439/675 666/1405/714
f 544/1391/716 725/1470/723 630/1472/717
f 537/1330/683 416/1284/719 665/1420/719
f 403/1280/337 650/1416/721 651/1421/721
f 545/1338/722 693/1446/722 725/1470/723
f 539/1317/692 690/1441/692 664/1419/724
f 546/1401/726 381/1203/797 631/1471/727
f 541/1328/702 414/1272/798 663/1426/729
f 405/1290/341 652/1424/731 653/1429/731
f 547/1329/732 546/1401/726 726/1473/728
f 543/1331/712 692/1442/713 662/1491/733
f 548/1393/735 727/1466/741 632/1468/736
f 545/1338/722 412/1253/799 661/1444/738
f 407/1237/322 654/1495/739 655/1453/739
f 549/1336/740 695/1449/748 727/1466/741
f 547/1329/732 694/1445/732 660/1492/742
f 550/1390/744 379/1207/800 633/1467/745
f 549/1336/740 410/1245/801 659/1447/747
f 409/1241/323 656/1494/749 657/1450/749
f 551/1339/750 550/1390/744 728/1469/746
f 551/1339/750 696/1448/751 658/1493/752
f 552/1372/754 729/1462/761 634/1464/755
f 553/1353/757 408/1236/802 657/1450/758
f 411/1249/326 658/1493/803 659/1447/760
f 553/1353/757 697/1452/759 729/1462/761
f 555/1337/762 698/1451/770 656/1494/763
f 554/1392/765 377/1211/804 635/1463/766
f 557/1351/515 406/1295/805 655/1453/768
f 413/1260/328 660/1492/769 661/1444/769
f 555/1337/762 554/1392/765 730/1465/767
f 559/1354/505 700/1418/507 654/1495/771
l 360 362
l 363 326
l 327 364
l 365 361
