# Blender 5.2.0 LTS
# www.blender.org
mtllib rueda_tra_der.mtl
o RoverModificado.006
v -4.538170 1.744260 3.064933
v -4.612693 1.822463 3.172933
v -4.559999 1.767165 3.141300
v -4.642504 1.853747 3.172933
v -4.717026 1.931950 3.064933
v -4.695199 1.909045 3.141300
v -4.612693 1.822463 2.913733
v -4.538170 1.744260 3.021733
v -4.559999 1.767165 2.945365
v -4.717026 1.931950 3.021733
v -4.642504 1.853747 2.913733
v -4.695199 1.909045 2.945365
v -5.350036 1.609205 3.523332
v -5.350038 1.326362 3.523332
v -5.408616 1.467784 3.523332
v -5.350038 1.326362 2.563332
v -5.350036 1.609205 2.563332
v -5.408616 1.467784 2.563332
v -5.137906 1.114230 3.523332
v -4.855062 1.114230 3.523332
v -4.996483 1.055652 3.523332
v -4.855062 1.114230 2.563332
v -5.137906 1.114230 2.563332
v -4.996483 1.055652 2.563332
v -2.818159 3.118833 3.439332
v -3.378295 3.690012 3.439332
v -2.818159 3.118833 3.247332
v -3.378295 3.690012 3.247331
v -5.206384 0.984472 3.439332
v -4.923556 0.981711 3.439332
v -5.117236 0.931835 3.439332
v -5.013714 0.930825 3.439332
v -5.483694 1.552890 3.439332
v -5.486454 1.270061 3.439332
v -5.536329 1.463742 3.439332
v -5.537340 1.360220 3.439332
v -5.206385 0.984472 3.247332
v -5.117236 0.931835 3.247332
v -5.486454 1.270061 3.247332
v -5.537340 1.360220 3.247332
v -5.536329 1.463742 3.247332
v -4.815965 1.817737 2.563332
v -4.763937 1.789927 2.563332
v -4.718333 1.752502 2.563332
v -4.680908 1.706900 2.563332
v -4.635974 1.598417 2.563332
v -4.653100 1.654871 2.563332
v -4.872418 1.244553 2.563332
v -4.635974 1.480998 2.563332
v -4.718333 1.326913 2.563332
v -4.763937 1.289488 2.563332
v -4.680908 1.372516 2.563332
v -4.931129 1.238771 2.563332
v -4.815965 1.261679 2.563332
v -4.653100 1.424544 2.563332
v -4.934992 1.239151 2.563332
v -4.630191 1.539708 2.563332
v -5.143923 1.752502 2.563332
v -5.181348 1.706899 2.563332
v -5.098320 1.789928 2.563332
v -5.209157 1.654871 2.563332
v -5.046292 1.817737 2.563332
v -5.226284 1.598418 2.563332
v -5.226284 1.480998 2.563332
v -5.232065 1.539708 2.563332
v -5.143923 1.326913 2.563332
v -5.181348 1.372516 2.563332
v -5.209157 1.424544 2.563332
v -4.989839 1.834862 2.563332
v -4.931129 1.840645 2.563332
v -4.872418 1.834862 2.563332
v -5.098320 1.289488 2.563332
v -5.046292 1.261678 2.563332
v -4.989839 1.244553 2.563332
v -4.817221 1.261297 3.523332
v -4.815965 1.261679 3.523332
v -4.718333 1.326913 3.523332
v -4.680908 1.372516 3.523332
v -4.763937 1.289488 3.523332
v -5.143923 1.752502 3.523332
v -5.181348 1.706899 3.523332
v -5.098320 1.789928 3.523332
v -5.209157 1.654871 3.523332
v -5.046292 1.817737 3.523332
v -5.226284 1.598418 3.523332
v -4.989839 1.834862 3.523332
v -4.931129 1.840645 3.523332
v -4.815965 1.817737 3.523332
v -4.872418 1.834862 3.523332
v -4.718333 1.752502 3.523332
v -4.680908 1.706900 3.523332
v -4.763937 1.789927 3.523332
v -5.181348 1.372516 3.523332
v -5.143923 1.326913 3.523332
v -5.046292 1.261678 3.523332
v -4.989839 1.244553 3.523332
v -5.098320 1.289488 3.523332
v -4.872418 1.244553 3.523332
v -4.931129 1.238771 3.523332
v -4.653100 1.424544 3.523332
v -4.635974 1.480998 3.523332
v -4.630191 1.539708 3.523332
v -5.232065 1.539708 3.523332
v -5.226284 1.480998 3.523332
v -4.635974 1.598417 3.523332
v -4.653100 1.654871 3.523332
v -5.209157 1.424544 3.523332
v -5.046292 1.817737 3.247332
v -5.181348 1.372516 3.247332
v -4.763937 1.789927 3.247332
v -5.098320 1.289488 3.247332
v -4.680908 1.706900 3.247332
v -4.815965 1.261679 3.247332
v -4.653100 1.424544 3.247332
v -4.931129 1.238771 3.247332
v -5.181348 1.706899 3.439332
v -5.046292 1.817737 3.439332
v -4.931129 1.840645 3.439332
v -5.226284 1.598418 3.439332
v -5.209157 1.424544 3.439332
v -5.098320 1.289488 3.439332
v -4.680908 1.706900 3.439332
v -4.763937 1.789927 3.439332
v -4.635974 1.598417 3.439332
v -4.931129 1.238771 3.439332
v -4.815965 1.261679 3.439332
v -4.718333 1.326913 3.439332
v -4.635974 1.480998 3.439332
v -3.245513 2.697690 3.439332
v -3.245513 2.697690 3.247332
v -3.528069 2.916114 3.172933
v -3.555716 2.944276 3.172933
v -3.479198 2.866331 2.945365
v -3.458955 2.845711 3.064933
v -3.604587 2.994058 3.141300
v -3.555716 2.944276 2.913733
v -3.479198 2.866331 3.141300
v -3.458955 2.845711 3.021733
v -3.624830 3.014678 3.021733
v -3.624830 3.014678 3.064933
v -3.528069 2.916114 2.913733
v -3.604587 2.994058 2.945365
v -2.443600 3.118864 3.439332
v -2.269842 3.292695 3.439332
v -2.320735 3.169807 3.439332
v -2.269842 3.536358 3.439332
v -2.443546 3.705797 3.439332
v -2.320719 3.657958 3.439332
v -2.269842 3.292695 3.247332
v -2.443600 3.118864 3.247332
v -2.320735 3.169807 3.247332
v -2.443546 3.705797 3.247331
v -2.269842 3.536358 3.247331
v -2.320719 3.657958 3.247331
v -4.872418 1.834862 3.247332
v -5.209157 1.654871 3.247332
v -5.483694 1.552890 3.247332
v -3.030669 3.401515 3.228661
v -2.960724 3.330386 3.183426
v -3.635157 3.017908 3.183426
v -3.664129 3.047369 3.074221
v -3.426726 2.805948 3.074221
v -3.455699 2.835411 3.183426
v -3.426726 2.805948 3.012445
v -3.455699 2.835411 2.903239
v -3.525643 2.906539 2.858005
v -3.070238 3.441754 3.228661
v -3.070238 3.441754 2.858005
v -3.140182 3.512883 2.903239
v -3.565212 2.946779 2.858005
v -3.635157 3.017908 2.903239
v -3.525643 2.906539 3.228661
v -3.565212 2.946779 3.228661
v -3.030669 3.401515 2.858005
v -3.664129 3.047369 3.012445
v -2.960724 3.330386 2.903239
v -2.931751 3.300923 3.074221
v -2.931751 3.300923 3.012445
v -3.140182 3.512883 3.183425
v -3.169154 3.542345 3.074220
v -3.169154 3.542345 3.012444
v -4.741552 1.962386 3.523332
v -4.996856 1.962386 3.523332
v -4.869205 2.015261 3.523332
v -4.996856 1.962386 2.563332
v -4.741552 1.962386 2.563332
v -4.869205 2.015261 2.563332
v -4.501882 1.467411 3.523332
v -4.501882 1.722715 3.523332
v -4.449007 1.595063 3.523332
v -4.501882 1.722715 2.563332
v -4.501882 1.467411 2.563332
v -4.449007 1.595063 2.563332
v -5.230439 1.556214 3.247332
v -4.630191 1.539708 3.247332
v -4.923556 0.981711 3.247332
v -5.013714 0.930825 3.247332
v -5.143923 1.752502 3.247332
v -4.718333 1.326913 3.247332
v -2.443573 3.412330 3.439332
v -2.443573 3.412330 3.247332
v -2.818159 3.118833 2.839332
v -3.378295 3.690012 2.839331
v -2.818159 3.118833 2.647332
v -3.378295 3.690012 2.647331
v -5.206384 0.984472 2.839332
v -4.923556 0.981711 2.839332
v -5.117236 0.931835 2.839332
v -5.013714 0.930825 2.839332
v -5.483694 1.552890 2.839332
v -5.486454 1.270061 2.839332
v -5.536329 1.463742 2.839332
v -5.537340 1.360220 2.839332
v -5.206385 0.984472 2.647332
v -5.117236 0.931835 2.647332
v -5.486454 1.270061 2.647332
v -5.537340 1.360220 2.647332
v -5.536329 1.463742 2.647332
v -5.046292 1.817737 2.647332
v -5.181348 1.372516 2.647332
v -4.763937 1.789927 2.647332
v -5.098320 1.289488 2.647332
v -4.680908 1.706900 2.647332
v -4.815965 1.261679 2.647332
v -4.653100 1.424544 2.647332
v -4.931129 1.238771 2.647332
v -5.181348 1.706899 2.839332
v -5.046292 1.817737 2.839332
v -4.931129 1.840645 2.839332
v -5.226284 1.598418 2.839332
v -5.209157 1.424544 2.839332
v -5.098320 1.289488 2.839332
v -4.680908 1.706900 2.839332
v -4.763937 1.789927 2.839332
v -4.635974 1.598417 2.839332
v -4.931129 1.238771 2.839332
v -4.815965 1.261679 2.839332
v -4.718333 1.326913 2.839332
v -4.635974 1.480998 2.839332
v -3.245513 2.697690 2.839332
v -3.245513 2.697690 2.647332
v -2.443600 3.118864 2.839332
v -2.269842 3.292695 2.839332
v -2.320735 3.169807 2.839332
v -2.269842 3.536358 2.839331
v -2.443546 3.705797 2.839331
v -2.320719 3.657958 2.839331
v -2.269842 3.292695 2.647332
v -2.443600 3.118864 2.647332
v -2.320735 3.169807 2.647332
v -2.443546 3.705797 2.647331
v -2.269842 3.536358 2.647332
v -2.320719 3.657958 2.647331
v -4.872418 1.834862 2.647332
v -5.209157 1.654871 2.647332
v -5.483694 1.552890 2.647332
v -5.230439 1.556214 2.647332
v -4.630191 1.539708 2.647332
v -4.923556 0.981711 2.647332
v -5.013714 0.930825 2.647332
v -5.143923 1.752502 2.647332
v -4.718333 1.326913 2.647332
v -2.443573 3.412330 2.839332
v -2.443573 3.412330 2.647332
v -4.630593 1.480997 3.735331
v -4.675529 1.372516 3.735331
v -4.758556 1.289487 3.735331
v -4.867038 1.244553 3.735331
v -5.040911 1.261678 3.735331
v -5.138542 1.326913 3.735331
v -5.203777 1.424543 3.735331
v -5.226686 1.539707 3.735331
v -5.203777 1.654871 3.735331
v -5.138542 1.752502 3.735331
v -5.040911 1.817736 3.735331
v -4.925748 1.840644 3.735331
v -4.758556 1.789927 3.735331
v -4.675529 1.706899 3.735331
v -4.630593 1.598417 3.735331
v -4.630593 1.480998 2.479331
v -4.675528 1.372516 2.479331
v -4.810585 1.261678 2.479331
v -4.925747 1.238770 2.479331
v -5.040910 1.261678 2.479331
v -5.138542 1.326913 2.479331
v -5.220902 1.480997 2.479331
v -5.203777 1.654871 2.479331
v -5.138541 1.752502 2.479331
v -5.040911 1.817736 2.479331
v -4.867037 1.834861 2.479331
v -4.712954 1.752502 2.479331
v -4.630593 1.598417 2.479331
v -4.031614 1.539708 4.714281
v -4.048898 1.364221 4.714281
v -4.100085 1.195478 4.714281
v -4.183210 1.039964 4.714281
v -4.295076 0.903654 4.714281
v -4.431386 0.791788 4.714282
v -4.586900 0.708664 4.714282
v -4.755643 0.657476 4.714282
v -4.931130 0.640192 4.714282
v -5.106617 0.657476 4.714282
v -5.275361 0.708663 4.714282
v -5.430874 0.791788 4.714282
v -5.567183 0.903654 4.714282
v -5.679050 1.039964 4.714282
v -5.762174 1.195478 4.714282
v -5.813363 1.364221 4.714282
v -5.830647 1.539708 4.714282
v -5.813363 1.715195 4.714282
v -5.762174 1.883938 4.714282
v -5.679050 2.039452 4.714282
v -5.567184 2.175762 4.714282
v -5.430874 2.287628 4.714282
v -5.275361 2.370752 4.714282
v -5.106617 2.421940 4.714282
v -4.931130 2.439224 4.714282
v -4.755643 2.421940 4.714282
v -4.586900 2.370752 4.714282
v -4.431386 2.287628 4.714282
v -4.295076 2.175762 4.714282
v -4.183210 2.039452 4.714281
v -4.100085 1.883938 4.714281
v -4.048898 1.715195 4.714281
v -6.029460 1.993409 3.574282
v -5.918568 2.200873 3.574282
v -4.031614 1.539708 3.674282
v -4.048898 1.364221 3.674282
v -4.100086 1.195478 3.674282
v -4.183210 1.039964 3.674282
v -4.295076 0.903654 3.674282
v -4.431386 0.791788 3.674282
v -4.586900 0.708664 3.674282
v -4.755643 0.657476 3.674282
v -4.931130 0.640192 3.674282
v -5.106617 0.657476 3.674282
v -5.275361 0.708664 3.674282
v -5.430874 0.791788 3.674282
v -5.567184 0.903654 3.674282
v -5.679050 1.039964 3.674282
v -5.762176 1.195478 3.674282
v -5.813363 1.364221 3.674282
v -5.830647 1.539708 3.674282
v -5.813363 1.715195 3.674282
v -5.762176 1.883938 3.674282
v -5.679050 2.039452 3.674282
v -5.567184 2.175762 3.674282
v -5.430875 2.287628 3.674282
v -5.275361 2.370752 3.674282
v -5.106617 2.421940 3.674282
v -4.931130 2.439224 3.674282
v -4.755643 2.421940 3.674282
v -4.586900 2.370752 3.674282
v -4.431386 2.287628 3.674282
v -4.295076 2.175762 3.674282
v -4.183210 2.039452 3.674282
v -4.100086 1.883938 3.674282
v -4.048898 1.715195 3.674282
v -6.029460 1.993409 3.574282
v -5.918568 2.200873 3.574282
v -3.926884 1.338565 3.674282
v -3.907290 1.537500 3.674281
v -3.984911 1.147274 3.674282
v -4.079143 0.970980 3.674282
v -4.205956 0.816457 3.674282
v -4.360480 0.689643 3.674282
v -4.536774 0.595412 3.674282
v -4.728065 0.537384 3.674282
v -4.927001 0.517791 3.674282
v -5.125936 0.537384 3.674282
v -5.317226 0.595411 3.674282
v -5.493520 0.689643 3.674282
v -5.648043 0.816457 3.674282
v -5.774858 0.970980 3.674282
v -5.869089 1.147274 3.674282
v -5.927116 1.338565 3.674282
v -5.946709 1.537500 3.674282
v -5.927116 1.736436 3.674282
v -5.869089 1.927726 3.674282
v -5.774858 2.104020 3.674282
v -5.648043 2.258544 3.674282
v -5.493520 2.385358 3.674282
v -5.317226 2.479589 3.674282
v -5.125937 2.537617 3.674282
v -4.927001 2.557210 3.674282
v -4.728065 2.537617 3.674282
v -4.536774 2.479589 3.674282
v -4.360480 2.385358 3.674282
v -4.205956 2.258544 3.674282
v -4.079143 2.104020 3.674281
v -3.984911 1.927726 3.674282
v -3.926884 1.736436 3.674282
v -3.902578 1.539708 4.714281
v -3.922341 1.339047 4.714281
v -3.980872 1.146098 4.714281
v -4.075921 0.968275 4.714281
v -4.203835 0.812412 4.714281
v -4.359697 0.684499 4.714282
v -4.537520 0.589450 4.714282
v -4.730469 0.530920 4.714282
v -4.931130 0.511156 4.714282
v -5.131790 0.530920 4.714282
v -5.324739 0.589450 4.714282
v -5.502563 0.684498 4.714282
v -5.658425 0.812412 4.714282
v -5.786339 0.968275 4.714282
v -5.881387 1.146098 4.714282
v -5.939919 1.339047 4.714282
v -5.959682 1.539708 4.714282
v -5.939919 1.740368 4.714282
v -5.881388 1.933318 4.714282
v -5.786339 2.111141 4.714282
v -5.658426 2.267004 4.714282
v -5.502563 2.394917 4.714282
v -5.324739 2.489966 4.714282
v -5.131790 2.548496 4.714282
v -4.931130 2.568260 4.714282
v -4.730469 2.548496 4.714282
v -4.537520 2.489966 4.714282
v -4.359697 2.394917 4.714282
v -4.203835 2.267004 4.714282
v -4.075921 2.111141 4.714281
v -3.980872 1.933318 4.714281
v -3.922341 1.740368 4.714281
v -4.931130 1.636180 4.654280
v -4.979366 1.623255 4.654280
v -5.014678 1.587944 4.654280
v -5.027602 1.539708 4.654280
v -5.014678 1.491472 4.654280
v -4.979366 1.456160 4.654280
v -4.931130 1.443235 4.654280
v -4.882895 1.456160 4.654280
v -4.847583 1.491472 4.654280
v -4.834658 1.539708 4.654280
v -4.847583 1.587944 4.654280
v -4.882895 1.623255 4.654280
v -4.931130 1.739708 4.530947
v -4.931130 1.739708 4.377613
v -5.031130 1.712913 4.377613
v -5.031130 1.712913 4.530947
v -5.104335 1.639708 4.377613
v -5.104335 1.639708 4.530947
v -5.131130 1.539708 4.377613
v -5.131130 1.539708 4.530947
v -5.104335 1.439708 4.377613
v -5.104335 1.439708 4.530947
v -5.031130 1.366503 4.377613
v -5.031130 1.366503 4.530947
v -4.931130 1.339708 4.377613
v -4.931130 1.339708 4.530947
v -4.831131 1.366503 4.377613
v -4.831131 1.366503 4.530947
v -4.757926 1.439708 4.377613
v -4.757926 1.439708 4.530947
v -4.731131 1.539708 4.377613
v -4.731131 1.539708 4.530947
v -4.757926 1.639708 4.377613
v -4.757926 1.639708 4.530947
v -4.831131 1.712913 4.377613
v -4.831131 1.712913 4.530947
v -5.112303 2.415856 4.030947
v -5.112303 2.415856 3.777613
v -5.212305 2.389061 3.777613
v -5.212305 2.389061 4.030947
v -5.780483 1.820881 3.777613
v -5.780483 1.820881 4.030947
v -5.807278 1.720881 3.777613
v -5.807278 1.720881 4.030947
v -5.599310 0.944733 3.777614
v -5.599310 0.944733 4.030947
v -5.526105 0.871528 3.777613
v -5.526105 0.871528 4.030947
v -4.749958 0.663560 3.777613
v -4.749958 0.663560 4.030947
v -4.649957 0.690355 3.777613
v -4.649957 0.690355 4.030947
v -4.081778 1.258535 3.777613
v -4.081778 1.258535 4.030946
v -4.054982 1.358534 3.777613
v -4.054982 1.358534 4.030946
v -4.262950 2.134683 3.777613
v -4.262950 2.134683 4.030946
v -4.336156 2.207888 3.777613
v -4.336155 2.207888 4.030946
v -4.931130 1.739708 4.654280
v -5.031130 1.712913 4.654280
v -5.104335 1.639708 4.654280
v -5.131130 1.539708 4.654280
v -5.104335 1.439708 4.654280
v -5.031130 1.366503 4.654280
v -4.931130 1.339708 4.654280
v -4.831131 1.366503 4.654280
v -4.757926 1.439708 4.654280
v -4.731131 1.539708 4.654280
v -4.757926 1.639708 4.654280
v -4.831131 1.712913 4.654280
v -4.931130 1.636180 4.554280
v -4.979366 1.623255 4.554280
v -5.014678 1.587944 4.554280
v -5.027602 1.539708 4.554280
v -5.014678 1.491472 4.554280
v -4.979366 1.456160 4.554280
v -4.931130 1.443235 4.554280
v -4.882895 1.456160 4.554280
v -4.847583 1.491472 4.554280
v -4.834658 1.539708 4.554280
v -4.847583 1.587944 4.554280
v -4.882895 1.623255 4.554280
v -4.708847 2.641507 4.003614
v -4.709728 2.645496 4.384949
v -4.497818 2.577492 4.003614
v -4.498092 2.581297 4.384949
v -3.992970 2.163173 4.003614
v -3.991787 2.165784 4.384948
v -3.889015 1.968689 4.003614
v -3.887534 1.970739 4.384948
v -4.132867 2.333640 4.003614
v -4.132089 2.336742 4.384949
v -4.303334 2.473539 4.003614
v -4.303047 2.477044 4.384949
v -4.928308 2.663122 4.003614
v -4.929822 2.667173 4.384949
v -5.358798 2.577492 4.003614
v -5.361552 2.581297 4.384949
v -5.147769 2.641507 4.003614
v -5.149916 2.645496 4.384949
v -5.723748 2.333640 4.003615
v -5.727555 2.336742 4.384949
v -5.553281 2.473538 4.003614
v -5.556597 2.477044 4.384949
v -5.967601 1.968689 4.003615
v -5.972110 1.970739 4.384949
v -5.863647 2.163173 4.003615
v -5.867857 2.165784 4.384949
v -6.053230 1.538200 4.003615
v -6.057987 1.539009 4.384949
v -6.031615 1.757661 4.003615
v -6.036309 1.759103 4.384949
v -5.967600 1.107710 4.003616
v -5.972110 1.107279 4.384949
v -6.031615 1.318738 4.003616
v -6.036309 1.318915 4.384949
v -5.723748 0.742759 4.003616
v -5.727555 0.741276 4.384949
v -5.863647 0.913226 4.003616
v -5.867857 0.912234 4.384949
v -5.358798 0.498906 4.003615
v -5.361552 0.496721 4.384949
v -5.553281 0.602860 4.003615
v -5.556597 0.600974 4.384949
v -4.928308 0.413277 4.003615
v -4.929822 0.410844 4.384949
v -5.147769 0.434892 4.003615
v -5.149916 0.432521 4.384949
v -4.497818 0.498906 4.003615
v -4.498092 0.496721 4.384949
v -4.708847 0.434892 4.003615
v -4.709728 0.432521 4.384949
v -4.132867 0.742759 4.003615
v -4.132089 0.741276 4.384948
v -4.303334 0.602860 4.003615
v -4.303047 0.600974 4.384949
v -3.889015 1.107710 4.003615
v -3.887534 1.107279 4.384948
v -3.992970 0.913226 4.003615
v -3.991787 0.912234 4.384948
v -3.825000 1.757661 4.003614
v -3.823335 1.759103 4.384948
v -3.803385 1.538200 4.003614
v -3.801657 1.539009 4.384948
v -3.825000 1.318738 4.003615
v -3.823335 1.318915 4.384948
v -4.931130 1.739708 3.939836
v -4.931130 1.739708 3.842058
v -5.031130 1.712913 3.842058
v -5.031130 1.712913 3.939836
v -5.104335 1.639708 3.842058
v -5.104335 1.639708 3.939836
v -5.131130 1.539708 3.842058
v -5.131130 1.539708 3.939836
v -5.104335 1.439708 3.842058
v -5.104335 1.439708 3.939836
v -5.031130 1.366503 3.842058
v -5.031130 1.366503 3.939836
v -4.931130 1.339708 3.842058
v -4.931130 1.339708 3.939836
v -4.831131 1.366503 3.842058
v -4.831131 1.366503 3.939836
v -4.757926 1.439708 3.842058
v -4.757926 1.439708 3.939835
v -4.731131 1.539708 3.842058
v -4.731131 1.539708 3.939835
v -4.757926 1.639708 3.842058
v -4.757926 1.639708 3.939835
v -4.831131 1.712913 3.842058
v -4.831131 1.712913 3.939835
v -5.526105 2.207887 3.842058
v -5.526105 2.207887 3.939836
v -5.599310 2.134682 3.842058
v -5.599310 2.134682 3.939836
v -5.212305 0.690355 3.842058
v -5.212305 0.690355 3.939836
v -5.112304 0.663560 3.842058
v -5.112304 0.663560 3.939836
v -4.054982 1.720881 3.842058
v -4.054982 1.720881 3.939835
v -4.081778 1.820881 3.842058
v -4.081778 1.820881 3.939835
v -3.942425 1.945237 3.679482
v -3.881786 1.745338 3.679482
v -4.173418 2.290941 3.679482
v -4.040896 2.129464 3.679482
v -4.519121 2.521933 3.679482
v -4.334894 2.423462 3.679482
v -4.926908 2.603047 3.679482
v -4.719020 2.582572 3.679482
v -5.334693 2.521933 3.679482
v -5.134795 2.582572 3.679482
v -5.680398 2.290941 3.679483
v -5.518921 2.423461 3.679482
v -5.911389 1.945237 3.679483
v -5.812918 2.129464 3.679482
v -5.992503 1.537451 3.679483
v -5.972028 1.745338 3.679483
v -5.911389 1.129665 3.679483
v -5.972028 1.329563 3.679483
v -5.680398 0.783960 3.679482
v -5.812918 0.945437 3.679482
v -5.334693 0.552968 3.679482
v -5.518920 0.651440 3.679482
v -4.926908 0.471855 3.679482
v -5.134795 0.492330 3.679482
v -4.519121 0.552968 3.679482
v -4.719020 0.492330 3.679482
v -4.173418 0.783960 3.679482
v -4.334894 0.651440 3.679482
v -3.942425 1.129665 3.679482
v -4.040896 0.945437 3.679482
v -3.861311 1.537451 3.679482
v -3.881786 1.329563 3.679482
v -3.877039 1.330068 4.709082
v -3.856387 1.539758 4.709082
v -4.037529 0.942611 4.709082
v -3.938204 1.128436 4.709082
v -4.334076 0.646064 4.709082
v -4.171199 0.779734 4.709082
v -4.721533 0.485574 4.709082
v -4.519901 0.546738 4.709082
v -5.140913 0.485574 4.709082
v -4.931223 0.464922 4.709082
v -5.528370 0.646064 4.709082
v -5.342546 0.546738 4.709082
v -5.824916 0.942611 4.709082
v -5.691247 0.779734 4.709082
v -5.985406 1.330068 4.709082
v -5.924242 1.128435 4.709083
v -5.985406 1.749448 4.709082
v -6.006059 1.539758 4.709083
v -5.824916 2.136905 4.709082
v -5.924242 1.951079 4.709083
v -5.528370 2.433451 4.709082
v -5.691247 2.299781 4.709082
v -5.140913 2.593941 4.709082
v -5.342546 2.532776 4.709082
v -4.721533 2.593941 4.709082
v -4.931223 2.614594 4.709082
v -4.334076 2.433451 4.709082
v -4.519901 2.532776 4.709082
v -4.037529 2.136905 4.709082
v -4.171199 2.299782 4.709082
v -3.877039 1.749448 4.709082
v -3.938204 1.951079 4.709082
v -4.687794 2.756185 4.383042
v -4.454995 2.685566 4.383042
v -3.898060 2.228501 4.383042
v -3.783381 2.013952 4.383042
v -4.052392 2.416556 4.383042
v -4.240447 2.570887 4.383042
v -4.929898 2.780030 4.383042
v -5.404801 2.685566 4.383043
v -5.172001 2.756185 4.383042
v -5.807405 2.416555 4.383043
v -5.619350 2.570887 4.383043
v -6.076416 2.013952 4.383043
v -5.961735 2.228501 4.383043
v -6.170879 1.539049 4.383043
v -6.147034 1.781153 4.383043
v -6.076416 1.064146 4.383043
v -6.147034 1.296946 4.383043
v -5.807405 0.661543 4.383043
v -5.961736 0.849597 4.383043
v -5.404801 0.392533 4.383042
v -5.619350 0.507211 4.383043
v -4.929898 0.298068 4.383042
v -5.172001 0.321913 4.383042
v -4.454995 0.392533 4.383042
v -4.687794 0.321913 4.383042
v -4.052392 0.661543 4.383042
v -4.240447 0.507212 4.383042
v -3.783381 1.064147 4.383042
v -3.898060 0.849597 4.383042
v -3.712762 1.781153 4.383042
v -3.688917 1.539049 4.383042
v -3.712762 1.296946 4.383042
v -4.686824 2.751797 4.005522
v -4.454694 2.681381 4.005522
v -3.899360 2.225630 4.005522
v -3.785010 2.011697 4.005522
v -4.053248 2.413144 4.005522
v -4.240762 2.567032 4.005522
v -4.928232 2.775573 4.005522
v -5.401771 2.681381 4.005523
v -5.169641 2.751797 4.005522
v -5.803216 2.413143 4.005523
v -5.615704 2.567031 4.005523
v -6.071455 2.011697 4.005523
v -5.957104 2.225630 4.005523
v -6.165648 1.538159 4.005523
v -6.141870 1.779567 4.005523
v -6.071455 1.064621 4.005523
v -6.141870 1.296751 4.005523
v -5.803216 0.663175 4.005523
v -5.957105 0.850688 4.005523
v -5.401771 0.394937 4.005522
v -5.615704 0.509286 4.005523
v -4.928232 0.300744 4.005522
v -5.169641 0.324521 4.005522
v -4.454694 0.394937 4.005522
v -4.686825 0.324521 4.005522
v -4.053248 0.663175 4.005522
v -4.240761 0.509287 4.005522
v -3.785010 1.064621 4.005522
v -3.899360 0.850688 4.005522
v -3.714594 1.779566 4.005522
v -3.690818 1.538159 4.005522
v -3.714594 1.296751 4.005522
v -5.061653 2.226827 4.350298
v -5.034423 2.125203 4.488866
v -5.009010 2.030361 4.573027
v -4.970349 1.886075 4.595888
v -5.134423 2.098408 4.488866
v -5.161654 2.200032 4.350298
v -5.070349 1.859280 4.595888
v -5.109010 2.003566 4.573027
v -5.277498 1.578927 4.595888
v -5.421783 1.617588 4.573027
v -5.516625 1.643001 4.488866
v -5.618249 1.670231 4.350298
v -5.394989 1.717588 4.573027
v -5.250703 1.678927 4.595888
v -5.591455 1.770231 4.350298
v -5.489830 1.743001 4.488866
v -4.723982 1.820061 4.595888
v -4.618357 1.925686 4.573027
v -4.548928 1.995115 4.488866
v -4.474535 2.069509 4.350298
v -4.545152 1.852480 4.573027
v -4.650776 1.746856 4.595888
v -4.401330 1.996304 4.350296
v -4.475723 1.921910 4.488866
v -4.467272 1.361828 4.573027
v -4.611557 1.400489 4.595888
v -4.270806 1.309185 4.350296
v -4.372430 1.336415 4.488866
v -4.345635 1.436415 4.488866
v -4.244011 1.409185 4.350296
v -4.584764 1.500489 4.595888
v -4.440477 1.461828 4.573027
v -4.791911 1.220135 4.595888
v -4.753251 1.075850 4.573027
v -4.727838 0.981008 4.488866
v -4.700607 0.879384 4.350298
v -4.853251 1.049055 4.573027
v -4.891912 1.193340 4.595888
v -4.800607 0.852589 4.350298
v -4.827837 0.954213 4.488866
v -5.317108 1.226935 4.573027
v -5.211483 1.332559 4.595888
v -5.460931 1.083112 4.350298
v -5.386538 1.157506 4.488866
v -5.313333 1.084301 4.488866
v -5.387726 1.009907 4.350298
v -5.138278 1.259354 4.595888
v -5.243903 1.153730 4.573027
v -4.931130 1.739708 3.321613
v -5.031131 1.712913 3.321613
v -5.104336 1.639708 3.321613
v -5.131130 1.539708 3.321613
v -5.104336 1.439708 3.321613
v -5.031131 1.366503 3.321613
v -4.931130 1.339708 3.321613
v -4.831131 1.366503 3.321613
v -4.757926 1.439708 3.321613
v -4.731132 1.539708 3.321613
v -4.757926 1.639708 3.321613
v -4.831131 1.712913 3.321613
v -5.061131 1.764874 3.040034
v -4.931131 1.799708 3.040034
v -4.931130 1.799708 3.321567
v -5.156297 1.669708 3.040034
v -5.191130 1.539708 3.040034
v -5.156297 1.409708 3.040034
v -5.061131 1.314541 3.040034
v -4.931131 1.279708 3.040034
v -4.801131 1.314541 3.040034
v -4.705965 1.409708 3.040034
v -4.671131 1.539708 3.040034
v -4.705965 1.669708 3.040034
v -4.801131 1.764874 3.040034
v -5.061131 1.764874 3.321567
v -5.156297 1.669708 3.321567
v -5.191130 1.539708 3.321567
v -5.156297 1.409708 3.321567
v -5.061131 1.314541 3.321567
v -4.931130 1.279708 3.321567
v -4.801131 1.314541 3.321567
v -4.705965 1.409708 3.321567
v -4.671131 1.539708 3.321567
v -4.705965 1.669708 3.321567
v -4.801131 1.764874 3.321567
v -5.300050 2.430359 4.714282
v -5.119204 2.485218 4.714282
v -5.119204 0.594198 4.714282
v -5.300049 0.649057 4.714282
v -4.931130 2.503742 4.714282
v -5.466718 0.738143 4.714282
v -4.743056 2.485218 4.714282
v -5.612804 0.858033 4.714282
v -4.562211 2.430359 4.714282
v -5.732696 1.004120 4.714282
v -4.395541 2.341273 4.714282
v -5.821781 1.170788 4.714282
v -3.967096 1.539708 4.714281
v -3.985620 1.351634 4.714281
v -4.249455 2.221383 4.714282
v -5.876640 1.351634 4.714282
v -4.040479 1.170788 4.714281
v -4.129565 2.075296 4.714281
v -5.895164 1.539708 4.714282
v -4.129565 1.004120 4.714281
v -4.040479 1.908628 4.714281
v -5.876640 1.727782 4.714282
v -4.249455 0.858033 4.714281
v -3.985620 1.727782 4.714281
v -5.821781 1.908628 4.714282
v -4.395541 0.738143 4.714282
v -5.732696 2.075296 4.714282
v -4.562211 0.649057 4.714282
v -5.612805 2.221383 4.714282
v -4.743056 0.594198 4.714282
v -5.466718 2.341273 4.714282
v -4.931130 0.575674 4.714282
v -3.987891 1.351393 3.674282
v -4.042499 1.171376 3.674282
v -4.131176 1.005472 3.674282
v -4.250516 0.860056 3.674282
v -4.395933 0.740715 3.674282
v -4.561837 0.652037 3.674282
v -4.741854 0.597430 3.674282
v -4.929065 0.578991 3.674282
v -5.116276 0.597430 3.674282
v -5.296293 0.652037 3.674282
v -5.462197 0.740715 3.674282
v -5.607615 0.860056 3.674282
v -5.726954 1.005472 3.674282
v -5.815631 1.171376 3.674282
v -5.870239 1.351393 3.674282
v -5.888679 1.538604 3.674282
v -5.870239 1.725815 3.674282
v -5.815631 1.905832 3.674282
v -5.726954 2.071736 3.674282
v -5.607615 2.217153 3.674282
v -5.462197 2.336493 3.674282
v -5.296293 2.425171 3.674282
v -5.116276 2.479778 3.674282
v -4.929065 2.498217 3.674282
v -4.741854 2.479778 3.674282
v -4.561837 2.425171 3.674282
v -4.395933 2.336493 3.674282
v -4.250516 2.217153 3.674282
v -4.131176 2.071736 3.674282
v -4.042499 1.905832 3.674282
v -3.987891 1.725815 3.674282
v -3.969452 1.538604 3.674282
v -4.961132 1.851674 4.427292
v -5.016625 2.058778 4.394477
v -5.026809 2.096786 4.360749
v -5.065894 2.242654 4.161852
v -5.116625 2.031983 4.394477
v -5.061131 1.824879 4.427292
v -5.165895 2.215859 4.161852
v -5.126810 2.069991 4.360750
v -5.634078 1.674472 4.161852
v -5.488208 1.635387 4.360750
v -5.450201 1.625202 4.394477
v -5.243096 1.569709 4.427292
v -5.216301 1.669709 4.427292
v -5.423405 1.725202 4.394477
v -5.461413 1.735386 4.360750
v -5.607282 1.774472 4.161852
v -4.462948 2.081095 4.161852
v -4.569731 1.974312 4.360749
v -4.597555 1.946488 4.394477
v -4.749166 1.794878 4.427292
v -4.496526 1.901107 4.360749
v -4.389743 2.007890 4.161852
v -4.675961 1.721673 4.427292
v -4.524350 1.873283 4.394477
v -4.412060 1.454213 4.394477
v -4.619164 1.509706 4.427292
v -4.228184 1.404944 4.161852
v -4.374053 1.444029 4.360749
v -4.400847 1.344029 4.360749
v -4.254979 1.304944 4.161852
v -4.645959 1.409706 4.427292
v -4.438855 1.354213 4.394477
v -4.696366 0.863556 4.161852
v -4.735451 1.009425 4.360750
v -4.745636 1.047433 4.394477
v -4.801129 1.254536 4.427292
v -4.835451 0.982630 4.360750
v -4.796366 0.836761 4.161852
v -4.901129 1.227741 4.427292
v -4.845635 1.020638 4.394477
v -5.186300 1.357743 4.427292
v -5.337910 1.206132 4.394477
v -5.365736 1.178308 4.360750
v -5.472518 1.071525 4.161852
v -5.264705 1.132927 4.394477
v -5.113095 1.284538 4.427292
v -5.399313 0.998320 4.161852
v -5.292531 1.105103 4.360750
vn -0.0000 -0.0000 -1.0000
vn -0.0000 -0.0000 1.0000
vn -0.7993 -0.6010 -0.0000
vn -0.6165 -0.7874 -0.0000
vn 0.6093 -0.7929 -0.0000
vn 0.2494 -0.9684 -0.0000
vn -0.0098 -1.0000 -0.0000
vn -0.5084 -0.8611 -0.0000
vn -0.7927 0.6097 -0.0000
vn -0.9634 0.2682 -0.0000
vn -1.0000 0.0098 -0.0000
vn -0.8709 -0.4915 -0.0000
vn -0.0169 0.9999 -0.0000
vn 0.1763 0.9843 -0.0000
vn 0.9808 -0.1951 -0.0000
vn 0.9804 0.1968 -0.0000
vn 0.0001 -1.0000 -0.0000
vn 0.1953 -0.9807 -0.0000
vn 0.3830 -0.9237 -0.0000
vn 0.9239 -0.3826 -0.0000
vn 0.9225 0.3860 -0.0000
vn 0.3629 0.9318 -0.0000
vn 0.7019 -0.7123 -0.0000
vn 0.7085 -0.7057 -0.0000
vn -0.7124 0.7018 -0.0000
vn -0.3827 0.9239 -0.0000
vn -0.7071 0.7071 -0.0000
vn 0.1482 -0.9889 0.0067
vn -0.0015 -1.0000 -0.0019
vn 0.4262 -0.9046 -0.0067
vn -0.3396 -0.9405 0.0044
vn 0.0461 0.9989 0.0042
vn -0.3396 0.9406 -0.0044
vn -0.3827 -0.9239 -0.0000
vn 0.1951 0.9807 -0.0087
vn -0.7390 -0.6737 -0.0044
vn 0.5153 0.8570 0.0063
vn 0.7071 0.7071 -0.0091
vn -0.9233 -0.3840 0.0019
vn -0.7071 -0.7071 -0.0000
vn 0.8323 0.5543 0.0019
vn 0.8049 -0.5934 -0.0044
vn -1.0000 0.0015 0.0019
vn -0.9807 -0.1951 -0.0091
vn 0.8315 -0.5556 -0.0000
vn 0.9707 0.2402 -0.0044
vn -0.9405 0.3396 -0.0044
vn -0.9239 0.3827 -0.0000
vn 0.5568 -0.8307 0.0019
vn 0.9808 0.1951 -0.0000
vn -0.0001 -0.0000 1.0000
vn -0.6911 0.6960 -0.1950
vn -0.6926 0.6986 0.1798
vn -0.6926 0.6986 -0.1798
vn 0.1419 -0.1396 0.9800
vn 0.2926 -0.2901 0.9112
vn 0.1488 -0.1476 0.9778
vn 0.6602 -0.6469 0.3816
vn 0.7019 -0.6889 0.1808
vn 0.6669 -0.6558 0.3539
vn -0.6911 0.6960 0.1950
vn -0.6582 0.6639 0.3549
vn -0.2717 0.2709 0.9235
vn -0.1496 0.1504 0.9772
vn -0.2913 0.2928 0.9107
vn 0.7018 -0.6888 -0.1818
vn 0.6602 -0.6469 -0.3816
vn 0.6669 -0.6558 -0.3538
vn 0.2926 -0.2901 -0.9112
vn 0.1419 -0.1396 -0.9800
vn 0.1488 -0.1476 -0.9778
vn -0.1503 0.1510 -0.9770
vn -0.2717 0.2709 -0.9235
vn -0.2913 0.2928 -0.9107
vn -0.6582 0.6639 -0.3549
vn -0.1360 0.1356 0.9814
vn -0.1360 0.1355 -0.9814
vn 0.7007 -0.6865 -0.1942
vn 0.7007 -0.6865 0.1942
vn 0.2729 -0.2684 0.9238
vn -0.6516 0.6550 0.3827
vn 0.7020 -0.6890 -0.1800
vn 0.6603 -0.6470 -0.3813
vn 0.2729 -0.2684 -0.9238
vn -0.1490 0.1498 -0.9774
vn -0.2717 0.2709 -0.9234
vn -0.6516 0.6550 -0.3827
vn -0.0000 -1.0000 -0.0000
vn 0.1951 -0.9808 -0.0000
vn -0.1951 -0.9808 -0.0000
vn 0.3827 -0.9239 -0.0000
vn -0.5556 -0.8315 -0.0000
vn 0.5556 -0.8315 -0.0000
vn 0.7071 -0.7071 -0.0000
vn -0.8315 -0.5556 -0.0000
vn -0.9239 -0.3827 -0.0000
vn 0.9239 -0.3827 -0.0000
vn -0.9808 -0.1951 -0.0000
vn 1.0000 -0.0000 -0.0000
vn -1.0000 -0.0000 -0.0000
vn -0.9808 0.1951 -0.0000
vn 0.9239 0.3827 -0.0000
vn 0.8315 0.5556 -0.0000
vn -0.8315 0.5556 -0.0000
vn 0.7071 0.7071 -0.0000
vn -0.5556 0.8315 -0.0000
vn 0.5556 0.8315 -0.0000
vn 0.3827 0.9239 -0.0000
vn -0.1951 0.9808 -0.0000
vn 0.1951 0.9808 -0.0000
vn -0.0000 1.0000 -0.0000
vn -0.0007 -0.0004 1.0000
vn -0.0008 -0.0000 1.0000
vn 0.0007 0.0004 1.0000
vn 0.0004 0.0007 1.0000
vn -0.0004 0.0007 1.0000
vn -0.0000 0.0008 1.0000
vn 0.0004 -0.0007 1.0000
vn 0.0007 -0.0004 1.0000
vn -0.0004 -0.0007 1.0000
vn -0.0007 0.0004 1.0000
vn 0.0008 -0.0000 1.0000
vn -0.0000 -0.0008 1.0000
vn 0.4210 0.9071 -0.0000
vn 0.0890 0.9960 -0.0000
vn 0.9960 0.0890 -0.0000
vn 0.9071 0.4210 -0.0000
vn 0.5751 -0.8181 -0.0000
vn 0.8181 -0.5751 -0.0000
vn 0.3805 -0.1020 -0.9191
vn 0.1219 -0.0327 -0.9920
vn -0.4210 -0.9071 -0.0000
vn -0.0890 -0.9960 -0.0000
vn -0.9960 -0.0890 -0.0000
vn -0.9071 -0.4210 -0.0000
vn -0.5751 0.8181 -0.0000
vn -0.8181 0.5751 -0.0000
vn 0.6806 0.6806 0.2714
vn 0.9659 -0.2588 -0.0000
vn 0.9297 -0.2491 0.2714
vn 0.2588 -0.9659 -0.0000
vn 0.2491 -0.9297 0.2714
vn -0.6806 -0.6806 0.2714
vn -0.9659 0.2588 -0.0000
vn -0.9297 0.2491 0.2714
vn -0.2491 0.9297 0.2714
vn -0.2588 0.9659 -0.0000
vn -0.5838 -0.5838 0.5643
vn 0.7974 -0.2137 0.5643
vn 0.2785 0.2785 -0.9191
vn 0.0892 0.0892 -0.9920
vn 0.2588 0.9659 -0.0000
vn 0.1020 -0.3805 -0.9191
vn 0.0327 -0.1219 -0.9920
vn -0.3805 0.1020 -0.9191
vn -0.1219 0.0327 -0.9920
vn 0.2785 0.2785 0.9191
vn 0.0892 0.0892 0.9920
vn -0.3805 0.1020 0.9191
vn -0.1219 0.0327 0.9920
vn 0.9659 0.2588 -0.0000
vn 0.8270 -0.2216 -0.5167
vn 0.8753 -0.2345 -0.4229
vn 0.2216 -0.8270 -0.5167
vn 0.2345 -0.8753 -0.4229
vn 0.1020 -0.3805 0.9191
vn 0.0327 -0.1219 0.9920
vn -0.1080 0.4029 0.9089
vn -0.1884 0.7029 0.6859
vn -0.2588 -0.9659 -0.0000
vn -0.6054 -0.6054 -0.5167
vn -0.6408 -0.6408 -0.4229
vn 0.4029 -0.1080 -0.9089
vn 0.7029 -0.1884 -0.6859
vn -0.7974 0.2137 0.5643
vn 0.3805 -0.1020 0.9191
vn 0.1219 -0.0327 0.9920
vn -0.4029 0.1080 0.9089
vn -0.7029 0.1884 0.6859
vn -0.7029 0.1883 0.6859
vn -0.2949 -0.2949 -0.9089
vn -0.5146 -0.5146 -0.6859
vn 0.5838 0.5838 0.5643
vn -0.2785 -0.2785 0.9191
vn -0.0892 -0.0892 0.9920
vn 0.2949 0.2949 0.9089
vn 0.5146 0.5146 0.6859
vn -0.4029 0.1080 -0.9089
vn -0.7029 0.1884 -0.6859
vn 0.4029 -0.1080 0.9089
vn 0.7029 -0.1884 0.6859
vn 0.4029 -0.1079 0.9089
vn -0.8270 0.2216 -0.5167
vn -0.8753 0.2346 -0.4229
vn -0.2216 0.8270 -0.5167
vn -0.2345 0.8753 -0.4229
vn -0.9659 -0.2588 -0.0000
vn -0.1080 0.4029 -0.9089
vn -0.1884 0.7029 -0.6859
vn 0.2137 -0.7974 0.5643
vn -0.1019 0.3805 0.9191
vn -0.0327 0.1219 0.9920
vn 0.1080 -0.4029 0.9089
vn 0.1884 -0.7029 0.6859
vn 0.1883 -0.7029 0.6859
vn -0.2949 -0.2949 0.9089
vn -0.5146 -0.5146 0.6859
vn 0.6054 0.6054 -0.5167
vn 0.6408 0.6408 -0.4229
vn -0.2785 -0.2785 -0.9191
vn -0.0892 -0.0892 -0.9920
vn -0.2786 -0.2785 -0.9191
vn 0.2949 0.2949 -0.9089
vn 0.5146 0.5146 -0.6859
vn 0.5000 0.8660 -0.0000
vn 0.8181 0.5751 -0.0000
vn 0.9960 -0.0890 -0.0000
vn 0.8660 -0.5000 -0.0000
vn 0.5000 -0.8660 -0.0000
vn 0.0890 -0.9960 -0.0000
vn -0.5751 -0.8181 -0.0000
vn -0.8660 -0.5000 -0.0000
vn -0.9071 0.4210 -0.0000
vn -0.4210 0.9071 -0.0000
vn -0.2137 0.7974 0.5643
vn 0.8660 0.5000 -0.0000
vn -0.5000 -0.8660 -0.0000
vn -0.8660 0.5000 -0.0000
vn -0.5000 0.8660 -0.0000
vn 0.1883 -0.7029 -0.6859
vn 0.7029 -0.1883 -0.6859
vn -0.1020 0.3805 -0.9191
vn -0.0327 0.1219 -0.9920
vn 0.1080 -0.4029 -0.9089
vn 0.2786 0.2786 -0.9191
vn -0.7748 -0.6319 0.0168
vn -0.7749 -0.6319 -0.0169
vn -0.7748 -0.6319 -0.0168
vn -0.6634 -0.7459 0.0590
vn -0.6977 -0.7111 0.0870
vn -0.6970 -0.7118 0.0868
vn -0.6634 -0.7459 -0.0590
vn -0.6977 -0.7111 -0.0870
vn -0.6654 -0.7440 -0.0617
vn -0.7243 -0.6840 0.0862
vn -0.7230 -0.6855 0.0861
vn 0.6613 -0.6613 0.3539
vn 0.6956 -0.6956 0.1800
vn 0.6613 -0.6613 -0.3539
vn 0.6956 -0.6956 -0.1800
vn 0.6956 -0.6956 -0.1797
vn 0.1507 -0.1507 -0.9770
vn 0.2920 -0.2920 -0.9107
vn 0.1501 -0.1501 0.9772
vn 0.2920 -0.2920 0.9107
vn 0.1486 -0.1486 0.9777
vn -0.6956 0.6956 0.1800
vn -0.6956 0.6956 -0.1797
vn -0.6957 0.6957 -0.1792
vn -0.2920 0.2920 0.9107
vn -0.1501 0.1501 0.9772
vn -0.1486 0.1486 -0.9777
vn 0.1486 -0.1486 -0.9777
vn 0.1495 -0.1495 -0.9774
vn -0.6955 0.6955 -0.1808
vn -0.6614 0.6614 -0.3539
vn -0.6614 0.6614 0.3539
vn -0.6956 0.6956 0.1797
vn -0.1486 0.1486 0.9777
vn 0.6956 -0.6956 0.1797
vn -0.2920 0.2920 -0.9107
vn -0.1501 0.1501 -0.9772
vn -0.7558 -0.6523 0.0573
vn -0.7749 -0.6319 0.0169
vn -0.7538 -0.6543 0.0598
vn -0.7558 -0.6523 -0.0573
vn -0.7230 -0.6855 -0.0861
vn -0.7243 -0.6840 -0.0862
vn -0.6420 -0.7665 -0.0177
vn -0.6419 -0.7666 -0.0178
vn -0.6419 -0.7666 0.0178
vn -0.6420 -0.7665 0.0177
vn -0.6654 -0.7440 0.0617
vn -0.6970 -0.7118 -0.0868
vn -0.7538 -0.6543 -0.0598
vn -0.6613 0.6614 -0.3539
vn -0.6613 0.6614 0.3539
vn 0.0052 0.0014 -1.0000
vn 0.0392 0.0119 -0.9992
vn 0.0407 -0.0040 -0.9992
vn 0.0391 0.0119 -0.9992
vn 0.0317 0.0260 -0.9992
vn 0.0316 0.0260 -0.9992
vn 0.0193 0.0362 -0.9992
vn 0.0193 0.0361 -0.9992
vn 0.0040 0.0408 -0.9992
vn -0.0119 0.0393 -0.9992
vn -0.0119 0.0392 -0.9992
vn -0.0261 0.0318 -0.9992
vn -0.0260 0.0317 -0.9992
vn -0.0362 0.0194 -0.9992
vn -0.0409 0.0040 -0.9992
vn -0.0393 -0.0119 -0.9992
vn -0.0317 -0.0260 -0.9992
vn -0.0193 -0.0361 -0.9992
vn -0.0193 -0.0362 -0.9992
vn -0.0040 -0.0407 -0.9992
vn -0.0040 -0.0408 -0.9992
vn 0.0119 -0.0391 -0.9992
vn 0.0119 -0.0392 -0.9992
vn 0.0259 -0.0316 -0.9992
vn 0.0361 -0.0193 -0.9992
vn 0.0360 -0.0193 -0.9992
vn -0.0118 0.0388 0.9992
vn -0.0191 -0.0358 0.9992
vn -0.0040 -0.0405 0.9992
vn -0.0192 -0.0359 0.9992
vn 0.0040 0.0404 0.9992
vn -0.0314 -0.0257 0.9992
vn -0.0314 -0.0258 0.9992
vn 0.0192 0.0359 0.9992
vn -0.0388 -0.0118 0.9992
vn 0.0405 -0.0040 0.9992
vn 0.0191 0.0358 0.9992
vn 0.0315 0.0258 0.9992
vn 0.0359 -0.0192 0.9992
vn 0.0314 0.0258 0.9992
vn -0.0403 0.0040 0.9992
vn 0.0390 0.0118 0.9992
vn -0.0404 0.0040 0.9992
vn 0.0258 -0.0315 0.9992
vn 0.0389 0.0118 0.9992
vn -0.0357 0.0191 0.9992
vn 0.0118 -0.0389 0.9992
vn 0.0118 -0.0390 0.9992
vn -0.0257 0.0313 0.9992
vn -0.0040 -0.0404 0.9992
vn 0.2874 0.9476 0.1397
vn 0.2780 0.9165 0.2875
vn 0.2875 0.9477 0.1389
vn 0.8729 0.4666 0.1429
vn 0.8439 0.4511 0.2904
vn 0.8730 0.4666 0.1422
vn -0.3832 0.9236 -0.0039
vn -0.3822 0.9241 -0.0037
vn -0.3820 0.9241 -0.0037
vn 0.6280 0.7652 0.1414
vn 0.6073 0.7400 0.2890
vn 0.6281 0.7653 0.1406
vn 0.1945 -0.9809 0.0031
vn 0.1935 -0.9811 0.0034
vn 0.1947 -0.9809 0.0030
vn -0.3808 0.9246 -0.0041
vn -0.3806 0.9247 -0.0042
vn -0.0719 0.0877 -0.9936
vn -0.0719 0.0876 -0.9936
vn -0.5556 -0.8314 -0.0005
vn -0.5555 -0.8315 -0.0005
vn 0.1075 0.0326 0.9937
vn -0.7658 0.6285 0.1360
vn -0.7411 0.6082 0.2844
vn -0.7658 0.6285 0.1359
vn -0.4670 0.8736 0.1368
vn -0.4519 0.8454 0.2849
vn -0.4670 0.8737 0.1364
vn -0.0971 0.9856 0.1381
vn -0.0939 0.9536 0.2860
vn -0.0971 0.9857 0.1374
vn 0.5561 -0.8311 0.0044
vn 0.5551 -0.8318 0.0042
vn 0.5562 -0.8310 0.0044
vn -0.5554 -0.8316 -0.0005
vn -0.9539 -0.0940 0.2849
vn -0.9858 -0.0971 0.1368
vn -0.9859 -0.0971 0.1364
vn -0.9174 0.2783 0.2844
vn -0.9480 0.2876 0.1360
vn -0.9481 0.2876 0.1359
vn 0.5549 -0.8319 0.0043
vn 0.5536 -0.8327 0.0047
vn -0.0329 0.1084 -0.9936
vn -0.6076 -0.7404 0.2875
vn -0.6282 -0.7654 0.1397
vn -0.6282 -0.7655 0.1389
vn -0.8451 -0.4517 0.2860
vn -0.8735 -0.4669 0.1381
vn -0.8736 -0.4669 0.1374
vn 0.3826 0.9239 -0.0005
vn 0.3827 0.9239 -0.0005
vn 0.3828 0.9238 -0.0005
vn 0.0868 0.0712 0.9937
vn -0.9242 0.3820 -0.0050
vn -0.9236 0.3833 -0.0048
vn -0.9235 0.3835 -0.0048
vn 0.3829 0.9238 -0.0005
vn 0.7393 -0.6067 0.2921
vn 0.7649 -0.6277 0.1444
vn 0.7649 -0.6278 0.1443
vn 0.4509 -0.8436 0.2915
vn 0.4665 -0.8727 0.1439
vn 0.4665 -0.8728 0.1435
vn 0.0938 -0.9523 0.2904
vn 0.0970 -0.9850 0.1429
vn 0.0970 -0.9851 0.1422
vn -0.2779 -0.9161 0.2890
vn -0.2874 -0.9473 0.1414
vn -0.2874 -0.9474 0.1406
vn 0.9848 0.0970 0.1439
vn 0.9520 0.0938 0.2915
vn 0.9849 0.0970 0.1435
vn -0.9229 0.3851 -0.0054
vn -0.9228 0.3853 -0.0054
vn 0.9469 -0.2872 0.1444
vn 0.9152 -0.2776 0.2921
vn 0.9469 -0.2872 0.1443
vn 0.0111 0.1127 -0.9936
vn -0.8317 -0.5553 -0.0024
vn -0.8313 -0.5558 -0.0023
vn -0.8317 -0.5552 -0.0024
vn 0.0529 0.0989 0.9937
vn 0.9131 -0.2770 -0.2992
vn 0.9458 -0.2869 -0.1519
vn 0.9459 -0.2869 -0.1518
vn 0.9809 -0.1944 0.0048
vn 0.9807 -0.1957 0.0046
vn 0.9809 -0.1943 0.0048
vn -0.8312 -0.5559 -0.0023
vn -0.8308 -0.5566 -0.0025
vn 0.9494 0.0935 -0.2997
vn 0.9835 0.0969 -0.1527
vn 0.9836 0.0969 -0.1523
vn -0.2867 -0.9453 -0.1556
vn -0.2767 -0.9122 -0.3022
vn -0.2868 -0.9454 -0.1548
vn 0.0968 -0.9833 -0.1540
vn 0.0935 -0.9491 -0.3008
vn 0.0969 -0.9834 -0.1533
vn 0.4659 -0.8716 -0.1527
vn 0.4497 -0.8414 -0.2997
vn 0.4659 -0.8716 -0.1523
vn 0.7640 -0.6270 -0.1519
vn 0.7376 -0.6053 -0.2992
vn 0.7641 -0.6270 -0.1518
vn 0.9806 -0.1960 0.0046
vn 0.9803 -0.1975 0.0051
vn 0.0533 0.0998 -0.9936
vn 0.7073 0.7069 0.0015
vn 0.7070 0.7072 0.0014
vn 0.7069 0.7073 0.0014
vn 0.0110 0.1115 0.9937
vn -0.1949 -0.9808 0.0015
vn -0.1943 -0.9809 0.0016
vn -0.1942 -0.9810 0.0016
vn 0.7066 0.7076 0.0016
vn 0.7065 0.7077 0.0016
vn -0.0004 1.0000 -0.0024
vn -0.0012 1.0000 -0.0025
vn 0.0874 0.0717 -0.9936
vn -0.8707 -0.4654 -0.1587
vn -0.8399 -0.4489 -0.3052
vn -0.8708 -0.4655 -0.1580
vn -0.6265 -0.7634 -0.1573
vn -0.6044 -0.7365 -0.3038
vn -0.6266 -0.7635 -0.1564
vn -0.9809 -0.1945 -0.0039
vn -0.9807 -0.1956 -0.0037
vn -0.0325 0.1072 0.9937
vn 0.1956 -0.9807 0.0032
vn 0.1967 -0.9805 0.0034
vn 0.1969 -0.9804 0.0034
vn -0.9806 -0.1958 -0.0037
vn -0.9804 -0.1971 -0.0042
vn -0.9446 0.2865 -0.1603
vn -0.9108 0.2763 -0.3068
vn -0.9446 0.2865 -0.1601
vn -0.9824 -0.0968 -0.1598
vn -0.9474 -0.0933 -0.3062
vn -0.9825 -0.0968 -0.1593
vn -0.5558 -0.8313 -0.0005
vn 0.1081 0.0328 -0.9936
vn 0.9241 0.3822 0.0032
vn 0.9237 0.3831 0.0030
vn 0.9237 0.3832 0.0031
vn -0.0710 0.0865 0.9937
vn -0.0933 0.9477 -0.3052
vn -0.0968 0.9826 -0.1587
vn -0.0968 0.9827 -0.1580
vn -0.4488 0.8396 -0.3062
vn -0.4653 0.8706 -0.1598
vn -0.4654 0.8707 -0.1593
vn -0.7357 0.6038 -0.3068
vn -0.7630 0.6262 -0.1603
vn -0.7630 0.6262 -0.1601
vn 0.3824 0.9240 -0.0005
vn 0.9232 0.3842 0.0034
vn 0.9232 0.3844 0.0034
vn -0.8322 -0.5545 -0.0025
vn -0.8322 -0.5544 -0.0025
vn -0.9806 0.1958 -0.0048
vn -0.9809 0.1945 -0.0046
vn -0.9806 0.1959 -0.0048
vn -0.0987 0.0528 0.9937
vn 0.7076 0.7066 0.0015
vn -0.9809 0.1942 -0.0046
vn -0.9813 0.1926 -0.0051
vn -0.9812 -0.1931 -0.0041
vn -0.9812 -0.1929 -0.0042
vn 1.0000 -0.0007 0.0044
vn 1.0000 0.0006 0.0042
vn 1.0000 0.0008 0.0043
vn -0.1114 0.0110 0.9937
vn 0.6047 0.7369 -0.3022
vn 0.6267 0.7636 -0.1556
vn 0.6267 0.7637 -0.1548
vn 0.9245 0.3812 0.0034
vn 1.0000 0.0023 0.0047
vn 1.0000 0.0026 0.0048
vn 0.8411 0.4496 -0.3008
vn 0.8714 0.4658 -0.1540
vn 0.8715 0.4658 -0.1533
vn 0.2766 0.9117 -0.3037
vn 0.2867 0.9450 -0.1573
vn 0.2766 0.9117 -0.3038
vn 0.2867 0.9452 -0.1564
vn 0.7529 0.6179 0.2269
vn 0.6889 0.5654 0.4535
vn 0.7531 0.6180 0.2256
vn 0.4593 0.8592 0.2253
vn 0.4204 0.7866 0.4523
vn 0.4594 0.8595 0.2239
vn 0.0955 0.9700 0.2236
vn 0.0875 0.8882 0.4510
vn 0.0956 0.9703 0.2223
vn -0.2830 0.9330 0.2221
vn -0.2592 0.8546 0.4500
vn -0.2831 0.9333 0.2211
vn -0.6187 0.7539 0.2209
vn -0.5668 0.6906 0.4493
vn -0.6188 0.7540 0.2204
vn -0.8602 0.4598 0.2204
vn -0.7880 0.4212 0.4490
vn -0.8891 0.0876 0.4493
vn -0.9706 0.0956 0.2209
vn -0.9707 0.0956 0.2204
vn -0.8546 -0.2592 0.4500
vn -0.9330 -0.2830 0.2221
vn -0.9333 -0.2831 0.2211
vn -0.6899 -0.5662 0.4510
vn -0.7534 -0.6183 0.2236
vn -0.7537 -0.6185 0.2223
vn -0.4204 -0.7866 0.4523
vn -0.4593 -0.8592 0.2253
vn -0.4594 -0.8595 0.2239
vn -0.0874 -0.8869 0.4535
vn -0.0955 -0.9692 0.2269
vn -0.0955 -0.9695 0.2256
vn 0.2586 -0.8523 0.4546
vn 0.2826 -0.9317 0.2281
vn 0.2827 -0.9319 0.2271
vn 0.5648 -0.6882 0.4553
vn 0.6176 -0.7525 0.2288
vn 0.6176 -0.7526 0.2282
vn 0.7851 -0.4196 0.4556
vn 0.8585 -0.4589 0.2288
vn 0.9688 -0.0954 0.2288
vn 0.8860 -0.0873 0.4553
vn 0.9689 -0.0954 0.2282
vn 0.9317 0.2826 0.2281
vn 0.8523 0.2586 0.4546
vn 0.9319 0.2827 0.2271
vn 0.8486 0.2574 -0.4622
vn 0.9295 0.2820 -0.2377
vn 0.9297 0.2820 -0.2367
vn 0.8829 -0.0870 -0.4615
vn 0.9669 -0.0952 -0.2366
vn 0.9671 -0.0952 -0.2361
vn 0.8570 -0.4581 -0.2360
vn 0.7825 -0.4183 -0.4612
vn 0.6164 -0.7511 -0.2366
vn 0.5628 -0.6858 -0.4615
vn 0.6165 -0.7512 -0.2361
vn 0.2820 -0.9295 -0.2377
vn 0.2574 -0.8486 -0.4622
vn 0.2820 -0.9297 -0.2367
vn -0.0952 -0.9663 -0.2392
vn -0.0869 -0.8820 -0.4632
vn -0.0952 -0.9666 -0.2380
vn -0.4575 -0.8560 -0.2409
vn -0.4175 -0.7810 -0.4645
vn -0.4577 -0.8563 -0.2395
vn -0.7499 -0.6155 -0.2424
vn -0.6841 -0.5614 -0.4657
vn -0.7502 -0.6157 -0.2412
vn -0.9281 -0.2815 -0.2437
vn -0.8463 -0.2567 -0.4667
vn -0.9283 -0.2816 -0.2427
vn -0.9650 0.0950 -0.2443
vn -0.8798 0.0867 -0.4674
vn -0.9652 0.0951 -0.2438
vn -0.7795 0.4167 -0.4676
vn -0.8552 0.4571 -0.2444
vn -0.5608 0.6834 -0.4674
vn -0.6152 0.7496 -0.2443
vn -0.6152 0.7497 -0.2438
vn -0.2567 0.8463 -0.4667
vn -0.2815 0.9281 -0.2436
vn -0.2816 0.9283 -0.2427
vn 0.0867 0.8807 -0.4657
vn 0.0951 0.9655 -0.2424
vn 0.0951 0.9658 -0.2412
vn 0.4175 0.7810 -0.4645
vn 0.4575 0.8560 -0.2409
vn 0.4175 0.7810 -0.4644
vn 0.4577 0.8563 -0.2395
vn 0.6851 0.5622 -0.4632
vn 0.7506 0.6160 -0.2392
vn 0.7508 0.6162 -0.2380
vn -0.1000 0.0535 -0.9936
vn -0.7065 0.7077 -0.0046
vn -0.7053 0.7089 -0.0051
vn -0.7051 0.7091 -0.0052
vn 0.0004 1.0000 -0.0023
vn 0.0012 1.0000 -0.0025
vn 0.0014 1.0000 -0.0026
vn -0.7076 0.7066 -0.0048
vn -0.7067 0.7075 -0.0046
vn 0.0003 1.0000 -0.0023
vn -0.1129 0.0111 -0.9935
vn 0.8310 -0.5563 0.0048
vn 0.8300 -0.5577 0.0054
vn 0.8311 -0.5561 0.0048
vn -0.1954 -0.9807 0.0014
vn -0.1958 -0.9806 0.0016
vn -0.1953 -0.9807 0.0014
vn 0.8319 -0.5549 0.0050
vn -0.1948 -0.9808 0.0015
vn -0.1085 -0.0329 -0.9936
vn -1.0000 0.0008 -0.0043
vn -1.0000 0.0023 -0.0048
vn -1.0000 0.0026 -0.0048
vn -1.0000 -0.0007 -0.0044
vn -1.0000 0.0006 -0.0042
vn -0.0875 -0.0718 -0.9936
vn -0.9241 -0.3821 -0.0031
vn -0.9245 -0.3811 -0.0034
vn -0.9246 -0.3810 -0.0035
vn -0.9237 -0.3831 -0.0032
vn -0.9240 -0.3823 -0.0030
vn -0.0533 -0.0998 -0.9936
vn 0.9809 0.1944 0.0037
vn 0.9812 0.1931 0.0042
vn 0.9809 0.1946 0.0037
vn 0.9807 0.1957 0.0039
vn -0.0111 -0.1125 -0.9936
vn -0.7073 -0.7069 -0.0014
vn -0.7076 -0.7066 -0.0016
vn -0.7077 -0.7065 -0.0016
vn -0.7069 -0.7073 -0.0015
vn -0.7072 -0.7070 -0.0014
vn 0.9813 -0.1926 0.0051
vn 0.9813 -0.1924 0.0051
vn 0.0328 -0.1081 -0.9936
vn 0.8317 0.5552 0.0023
vn 0.8321 0.5546 0.0025
vn 0.8316 0.5553 0.0023
vn -0.9248 0.3803 -0.0053
vn -0.9242 0.3819 -0.0050
vn 0.8313 0.5559 0.0024
vn 0.8312 0.5559 0.0024
vn 0.5575 -0.8302 0.0047
vn 0.5577 -0.8300 0.0047
vn 0.0716 -0.0873 -0.9936
vn -0.3826 -0.9239 0.0005
vn -0.3824 -0.9240 0.0005
vn -0.3845 0.9231 -0.0041
vn -0.3833 0.9236 -0.0039
vn -0.3827 -0.9239 0.0005
vn -0.7089 0.7053 -0.0051
vn -0.7077 0.7065 -0.0048
vn 0.0996 -0.0532 -0.9936
vn 0.0995 -0.0532 -0.9936
vn 0.5557 0.8314 0.0005
vn 0.5558 0.8313 0.0005
vn 0.5556 0.8314 0.0005
vn 0.8329 -0.5534 0.0053
vn 0.8331 -0.5532 0.0054
vn 0.5555 0.8315 0.0005
vn -1.0000 -0.0023 -0.0047
vn 0.1124 -0.0111 -0.9936
vn 0.0004 -1.0000 0.0023
vn 0.0012 -1.0000 0.0025
vn 0.0014 -1.0000 0.0026
vn -0.9232 -0.3842 -0.0034
vn -0.9237 -0.3832 -0.0032
vn 0.1118 -0.0110 0.9937
vn 0.1119 -0.0110 0.9937
vn -0.0004 -1.0000 0.0024
vn 0.0003 -1.0000 0.0023
vn 0.9804 0.1971 0.0041
vn 0.9803 0.1973 0.0042
vn 0.1948 0.9808 -0.0014
vn 0.1943 0.9809 -0.0016
vn 0.1949 0.9808 -0.0014
vn -0.7066 -0.7076 -0.0015
vn 0.0991 -0.0530 0.9937
vn 0.1953 0.9807 -0.0014
vn 0.1953 0.9807 -0.0015
vn 0.8308 0.5566 0.0025
vn 0.8307 0.5567 0.0025
vn 0.3833 -0.9236 0.0037
vn 0.3845 -0.9231 0.0042
vn 0.3848 -0.9230 0.0042
vn -0.3829 -0.9238 0.0005
vn -0.3828 -0.9239 0.0005
vn 0.0713 -0.0869 0.9937
vn 0.3821 -0.9241 0.0039
vn 0.3831 -0.9237 0.0037
vn 0.5554 0.8316 0.0005
vn 0.5553 0.8316 0.0005
vn -0.1957 0.9807 -0.0031
vn -0.1967 0.9805 -0.0034
vn -0.1955 0.9807 -0.0030
vn -0.0012 -1.0000 0.0025
vn 0.0326 -0.1075 0.9937
vn -0.1946 0.9809 -0.0032
vn 0.1958 0.9806 -0.0015
vn 0.1959 0.9806 -0.0016
vn 0.7077 -0.7065 0.0046
vn 0.7089 -0.7053 0.0051
vn 0.7091 -0.7051 0.0052
vn 0.3808 -0.9246 0.0041
vn -0.0110 -0.1117 0.9937
vn 0.7066 -0.7076 0.0048
vn 0.7075 -0.7067 0.0046
vn -0.1935 0.9811 -0.0034
vn -0.1933 0.9811 -0.0034
vn -0.5562 0.8310 -0.0043
vn -0.5575 0.8302 -0.0048
vn -0.5561 0.8311 -0.0042
vn 0.7053 -0.7089 0.0051
vn 0.7065 -0.7077 0.0048
vn -0.0529 -0.0989 0.9937
vn -0.5550 0.8318 -0.0044
vn -0.5549 0.8319 -0.0044
vn -0.5537 0.8327 -0.0047
vn -0.5534 0.8329 -0.0047
vn 0.9242 -0.3818 0.0048
vn 0.9249 -0.3803 0.0054
vn 0.9250 -0.3800 0.0054
vn 0.9236 -0.3834 0.0050
vn 0.9229 -0.3851 0.0053
vn 0.9235 -0.3835 0.0050
vn -0.0866 -0.0711 0.9937
vn 0.9241 -0.3821 0.0048
vn -0.8310 0.5562 -0.0050
vn -0.8300 0.5577 -0.0053
vn -0.8298 0.5580 -0.0054
vn -0.8320 0.5548 -0.0048
vn -0.8329 0.5534 -0.0054
vn -0.8318 0.5550 -0.0048
vn 1.0000 -0.0023 0.0047
vn -0.1071 -0.0325 0.9937
vn -0.8310 0.5563 -0.0050
vn -0.9803 0.1975 -0.0051
vn -0.9802 0.1978 -0.0052
vn 0.1933 -0.9811 0.0034
vn -0.5553 -0.8316 -0.0005
vn 0.5534 -0.8329 0.0048
vn -0.8307 -0.5567 -0.0026
vn 0.9802 -0.1978 0.0052
vn -0.0014 1.0000 -0.0025
vn -0.9803 -0.1973 -0.0042
vn 0.7077 0.7065 0.0016
vn -0.9813 0.1924 -0.0052
vn 0.9246 0.3810 0.0034
vn -0.1000 0.0535 -0.9935
vn 0.8298 -0.5580 0.0054
vn -0.1959 -0.9806 0.0016
vn 0.9812 0.1929 0.0042
vn 0.8322 0.5544 0.0026
vn -0.9250 0.3800 -0.0053
vn -0.3847 0.9230 -0.0042
vn -0.7090 0.7051 -0.0051
vn -1.0000 -0.0025 -0.0047
vn -0.9232 -0.3844 -0.0034
vn 0.1942 0.9810 -0.0016
vn -0.7065 -0.7077 -0.0016
vn -0.1969 0.9804 -0.0035
vn -0.0014 -1.0000 0.0025
vn 0.3806 -0.9247 0.0041
vn -0.5577 0.8300 -0.0048
vn 0.7051 -0.7091 0.0051
vn 0.9228 -0.3853 0.0054
vn -0.8331 0.5531 -0.0054
vn 1.0000 -0.0025 0.0047
vn -0.1072 -0.0325 0.9937
vt 0.241622 0.510735
vt 0.262199 0.510897
vt 0.286090 0.562227
vt 0.489608 0.005306
vt 0.412377 0.408469
vt 0.393727 0.416523
vt 0.489280 0.541730
vt 0.476932 0.554704
vt 0.467015 0.487651
vt 0.355586 0.650679
vt 0.322106 0.581599
vt 0.355325 0.581474
vt 0.355122 0.527739
vt 0.321971 0.545776
vt 0.321904 0.527865
vt 0.355189 0.545651
vt 0.322039 0.563688
vt 0.322571 0.704539
vt 0.355721 0.686502
vt 0.355789 0.704413
vt 0.322503 0.686627
vt 0.355654 0.668590
vt 0.322435 0.668716
vt 0.359014 0.718922
vt 0.466215 0.740939
vt 0.359014 0.740939
vt 0.524386 0.718922
vt 0.496445 0.740938
vt 0.496445 0.718922
vt 0.465644 0.774585
vt 0.465073 0.808231
vt 0.597839 0.740938
vt 0.554889 0.718922
vt 0.597839 0.718922
vt 0.422129 0.652351
vt 0.465644 0.685276
vt 0.466215 0.718922
vt 0.554889 0.740938
vt 0.539637 0.718922
vt 0.539637 0.740938
vt 0.481330 0.718922
vt 0.481330 0.740938
vt 0.387036 0.496738
vt 0.390568 0.561476
vt 0.373158 0.557269
vt 0.360184 0.544921
vt 0.459751 0.559766
vt 0.413904 0.510586
vt 0.493487 0.524320
vt 0.289409 0.496661
vt 0.303742 0.557895
vt 0.316852 0.545313
vt 0.213057 0.493957
vt 0.216178 0.560147
vt 0.199008 0.555032
vt 0.186683 0.541999
vt 0.182530 0.524541
vt 0.480205 0.713200
vt 0.485803 0.699160
vt 0.485331 0.671223
vt 0.479258 0.657233
vt 0.465073 0.651630
vt 0.479258 0.802628
vt 0.485803 0.760701
vt 0.480205 0.746661
vt 0.485331 0.788638
vt 0.353162 0.008700
vt 0.320336 0.112629
vt 0.319944 0.008825
vt 0.353554 0.112504
vt 0.351243 0.008725
vt 0.015007 0.718923
vt 0.015007 0.740939
vt 0.182530 0.004687
vt 0.263125 0.406809
vt 0.242722 0.406644
vt 0.322372 0.007743
vt 0.069176 0.510735
vt 0.089753 0.510897
vt 0.113644 0.562227
vt 0.317162 0.005306
vt 0.239931 0.408469
vt 0.221281 0.416523
vt 0.316834 0.541730
vt 0.304486 0.554704
vt 0.294569 0.487651
vt 0.183140 0.650679
vt 0.149661 0.581599
vt 0.182879 0.581474
vt 0.182676 0.527740
vt 0.149525 0.545776
vt 0.149458 0.527865
vt 0.182744 0.545651
vt 0.149593 0.563688
vt 0.150125 0.704539
vt 0.183276 0.686502
vt 0.183343 0.704413
vt 0.150057 0.686627
vt 0.183208 0.668590
vt 0.149990 0.668716
vt 0.358473 0.718923
vt 0.465674 0.740939
vt 0.358473 0.740939
vt 0.523845 0.718922
vt 0.495904 0.740938
vt 0.495904 0.718922
vt 0.465103 0.774585
vt 0.464532 0.808231
vt 0.597298 0.740938
vt 0.554348 0.718922
vt 0.597298 0.718922
vt 0.421588 0.652351
vt 0.465103 0.685276
vt 0.465674 0.718922
vt 0.554348 0.740938
vt 0.539097 0.718922
vt 0.539097 0.740938
vt 0.480789 0.718922
vt 0.480790 0.740939
vt 0.214590 0.496738
vt 0.218122 0.561476
vt 0.200712 0.557269
vt 0.187738 0.544921
vt 0.287305 0.559766
vt 0.241458 0.510587
vt 0.321041 0.524320
vt 0.116963 0.496661
vt 0.131296 0.557895
vt 0.144407 0.545313
vt 0.040612 0.493957
vt 0.043732 0.560147
vt 0.026563 0.555032
vt 0.014238 0.541999
vt 0.010084 0.524541
vt 0.479664 0.713200
vt 0.485262 0.699160
vt 0.484790 0.671223
vt 0.478717 0.657233
vt 0.464532 0.651630
vt 0.478718 0.802628
vt 0.485262 0.760701
vt 0.479664 0.746661
vt 0.484790 0.788638
vt 0.180716 0.008700
vt 0.147890 0.112629
vt 0.147498 0.008825
vt 0.181108 0.112504
vt 0.178797 0.008725
vt 0.014467 0.718923
vt 0.014467 0.740940
vt 0.010084 0.004687
vt 0.090679 0.406809
vt 0.070276 0.406644
vt 0.149926 0.007743
vt 0.041319 0.640085
vt 0.048123 0.567897
vt 0.048068 0.640090
vt 0.091856 0.640067
vt 0.088455 0.567875
vt 0.095205 0.567872
vt 0.081814 0.640078
vt 0.034570 0.640080
vt 0.041374 0.567892
vt 0.081706 0.567885
vt 0.031332 0.567879
vt 0.074957 0.567895
vt 0.024528 0.640068
vt 0.021290 0.567867
vt 0.068316 0.640098
vt 0.075065 0.640088
vt 0.017778 0.640055
vt 0.112104 0.640045
vt 0.105247 0.567862
vt 0.111996 0.567852
vt 0.061567 0.640100
vt 0.064915 0.567905
vt 0.105355 0.640055
vt 0.011247 0.567842
vt 0.054872 0.567902
vt 0.054817 0.640095
vt 0.098605 0.640065
vt 0.118745 0.567842
vt 0.118853 0.640035
vt 0.203386 0.653880
vt 0.252675 0.674297
vt 0.216271 0.718655
vt 0.247843 0.705742
vt 0.199276 0.710525
vt 0.199276 0.657175
vt 0.375498 0.480017
vt 0.474507 0.468769
vt 0.471095 0.438735
vt 0.371238 0.460154
vt 0.459557 0.422014
vt 0.379579 0.431101
vt 0.432689 0.408165
vt 0.322368 0.650804
vt 0.355257 0.563563
vt 0.524386 0.740938
vt 0.422129 0.807510
vt 0.443938 0.507174
vt 0.203707 0.479271
vt 0.301010 0.479645
vt 0.305221 0.459500
vt 0.199888 0.459461
vt 0.204282 0.437423
vt 0.300863 0.438172
vt 0.223782 0.414267
vt 0.289721 0.421211
vt 0.203053 0.480017
vt 0.302061 0.468769
vt 0.298649 0.438735
vt 0.198792 0.460154
vt 0.287111 0.422014
vt 0.207133 0.431101
vt 0.260243 0.408165
vt 0.149922 0.650804
vt 0.182811 0.563562
vt 0.523845 0.740938
vt 0.421588 0.807510
vt 0.271492 0.507174
vt 0.031261 0.479271
vt 0.128564 0.479645
vt 0.132775 0.459500
vt 0.027442 0.459461
vt 0.031836 0.437423
vt 0.128417 0.438171
vt 0.051336 0.414267
vt 0.117276 0.421211
vt 0.011029 0.640034
vt 0.186631 0.674296
vt 0.192978 0.662422
vt 0.223036 0.649972
vt 0.235920 0.653880
vt 0.246328 0.662422
vt 0.252675 0.694331
vt 0.241545 0.710989
vt 0.229670 0.717336
vt 0.197762 0.710989
vt 0.186631 0.694331
vt 0.211151 0.650828
vt 0.224551 0.649509
vt 0.237435 0.653417
vt 0.247843 0.661959
vt 0.254190 0.673833
vt 0.254190 0.693868
vt 0.237435 0.714284
vt 0.224550 0.718192
vt 0.211151 0.716872
vt 0.190735 0.700117
vt 0.186826 0.687233
vt 0.190735 0.667583
vt 0.566835 0.188397
vt 0.972358 0.174418
vt 0.972430 0.185814
vt 0.565584 0.122015
vt 0.971579 0.102075
vt 0.971813 0.122275
vt 0.565029 0.100217
vt 0.971543 0.080541
vt 0.566762 0.177004
vt 0.972183 0.152884
vt 0.566458 0.155205
vt 0.971945 0.132683
vt 0.971603 0.069150
vt 0.565316 0.045226
vt 0.971864 0.047617
vt 0.566100 0.023436
vt 0.972308 0.027420
vt 0.972549 0.227551
vt 0.566808 0.210198
vt 0.972530 0.207349
vt 0.565899 0.133407
vt 0.566533 0.012048
vt 0.564916 0.067024
vt 0.564857 0.078417
vt 0.566527 0.232001
vt 0.972549 0.017014
vt 0.463198 0.188097
vt 0.370971 0.188097
vt 0.463198 0.172459
vt 0.463198 0.203734
vt 0.370971 0.172460
vt 0.370971 0.203734
vt 0.463198 0.156822
vt 0.463198 0.219372
vt 0.370971 0.156822
vt 0.370971 0.219372
vt 0.463198 0.235009
vt 0.370971 0.235009
vt 0.463198 0.141185
vt 0.370971 0.141185
vt 0.463198 0.250647
vt 0.370971 0.250647
vt 0.463198 0.125547
vt 0.370971 0.125547
vt 0.463198 0.109910
vt 0.463198 0.266284
vt 0.370971 0.109910
vt 0.370971 0.266284
vt 0.463198 0.281921
vt 0.463197 0.094272
vt 0.370971 0.094272
vt 0.370971 0.281921
vt 0.463198 0.078635
vt 0.370971 0.297559
vt 0.370971 0.078635
vt 0.463198 0.297559
vt 0.463197 0.062998
vt 0.370971 0.062998
vt 0.463198 0.313196
vt 0.370971 0.313196
vt 0.463198 0.328834
vt 0.463197 0.047360
vt 0.370971 0.047360
vt 0.370971 0.328834
vt 0.463198 0.344471
vt 0.370971 0.344471
vt 0.463197 0.031723
vt 0.370971 0.547757
vt 0.370971 0.532120
vt 0.463197 0.532120
vt 0.463197 0.516482
vt 0.463198 0.360108
vt 0.370971 0.516482
vt 0.370971 0.360108
vt 0.463197 0.500845
vt 0.463198 0.375746
vt 0.370971 0.375746
vt 0.370971 0.500845
vt 0.463198 0.391383
vt 0.463198 0.485208
vt 0.370971 0.391383
vt 0.370971 0.485208
vt 0.463198 0.407021
vt 0.463198 0.469570
vt 0.370971 0.407021
vt 0.370971 0.469570
vt 0.463198 0.422658
vt 0.463198 0.453933
vt 0.370971 0.453933
vt 0.370971 0.422658
vt 0.463198 0.438295
vt 0.370971 0.438295
vt 0.053261 0.802122
vt 0.035664 0.793556
vt 0.055556 0.793556
vt 0.037959 0.859227
vt 0.018438 0.857847
vt 0.024708 0.851577
vt 0.017057 0.823024
vt 0.008492 0.840620
vt 0.008492 0.820729
vt 0.074163 0.838325
vt 0.072783 0.857847
vt 0.066512 0.851576
vt 0.072783 0.803502
vt 0.066512 0.809773
vt 0.017057 0.838325
vt 0.759651 0.236742
vt 0.751085 0.219145
vt 0.759651 0.221440
vt 0.055556 0.867793
vt 0.053261 0.859227
vt 0.074163 0.823024
vt 0.082729 0.820729
vt 0.024708 0.809773
vt 0.037959 0.802122
vt 0.035664 0.867793
vt 0.082729 0.840620
vt 0.915727 0.083729
vt 0.938390 0.068427
vt 0.938390 0.083729
vt 0.915727 0.114331
vt 0.938390 0.099030
vt 0.938390 0.114331
vt 0.915727 0.144934
vt 0.938390 0.129633
vt 0.938390 0.144934
vt 0.385927 0.944544
vt 0.411633 0.913230
vt 0.411633 0.944544
vt 0.915727 0.175537
vt 0.938390 0.160235
vt 0.938390 0.175537
vt 0.915727 0.206139
vt 0.938390 0.190838
vt 0.938390 0.206139
vt 0.915727 0.236742
vt 0.938390 0.221440
vt 0.938390 0.236742
vt 0.392729 0.626002
vt 0.367023 0.587929
vt 0.392729 0.587929
vt 0.392739 0.626370
vt 0.367033 0.588297
vt 0.392739 0.588297
vt 0.392570 0.626370
vt 0.366864 0.588297
vt 0.392570 0.588297
vt 0.392065 0.586984
vt 0.366359 0.625057
vt 0.366358 0.586984
vt 0.392475 0.625222
vt 0.366769 0.587149
vt 0.392475 0.587149
vt 0.098480 0.984914
vt 0.128781 0.934861
vt 0.131181 0.983294
vt 0.324552 0.774464
vt 0.350258 0.659558
vt 0.350258 0.774464
vt 0.325226 0.775777
vt 0.350932 0.660871
vt 0.350932 0.775777
vt 0.411623 0.944176
vt 0.385917 0.912862
vt 0.411623 0.912862
vt 0.367033 0.731655
vt 0.367033 0.626370
vt 0.385758 0.944544
vt 0.411464 0.913230
vt 0.411464 0.944544
vt 0.385663 0.943396
vt 0.411369 0.912082
vt 0.411369 0.943396
vt 0.350258 0.928233
vt 0.324552 0.887298
vt 0.350258 0.887298
vt 0.325226 0.929546
vt 0.350932 0.888611
vt 0.350932 0.929546
vt 0.308861 0.730507
vt 0.324962 0.659723
vt 0.324962 0.774630
vt 0.203015 0.712239
vt 0.172547 0.742163
vt 0.169824 0.687207
vt 0.206741 0.688296
vt 0.167800 0.646359
vt 0.366769 0.730507
vt 0.392475 0.730507
vt 0.089444 0.802547
vt 0.096080 0.936481
vt 0.173330 0.559910
vt 0.134555 0.601420
vt 0.143669 0.554187
vt 0.137123 0.688827
vt 0.135099 0.647979
vt 0.350668 0.659723
vt 0.366769 0.625222
vt 0.375723 0.796911
vt 0.350668 0.774630
vt 0.375723 0.734902
vt 0.299907 0.796911
vt 0.324962 0.817830
vt 0.367023 0.731287
vt 0.392729 0.731287
vt 0.379575 0.815542
vt 0.405282 0.802674
vt 0.405282 0.815542
vt 0.352735 0.927365
vt 0.327029 0.886430
vt 0.352735 0.886430
vt 0.350668 0.849941
vt 0.350668 0.817830
vt 0.309115 0.731287
vt 0.325216 0.660503
vt 0.325216 0.775409
vt 0.282497 0.890651
vt 0.325216 0.850721
vt 0.325216 0.888243
vt 0.393641 0.890651
vt 0.350922 0.850721
vt 0.393641 0.836793
vt 0.375977 0.797691
vt 0.350922 0.775409
vt 0.375977 0.735682
vt 0.405536 0.816322
vt 0.379829 0.803453
vt 0.405536 0.803453
vt 0.350922 0.660503
vt 0.325216 0.929178
vt 0.350922 0.888243
vt 0.350922 0.929178
vt 0.350922 0.818610
vt 0.379839 0.816690
vt 0.405545 0.803821
vt 0.405545 0.816690
vt 0.325226 0.851088
vt 0.350932 0.818978
vt 0.350932 0.851088
vt 0.375987 0.798059
vt 0.375987 0.736050
vt 0.392739 0.731655
vt 0.366864 0.731655
vt 0.392570 0.731655
vt 0.300171 0.798059
vt 0.325226 0.818978
vt 0.308957 0.731655
vt 0.325057 0.660871
vt 0.325057 0.775777
vt 0.300003 0.798059
vt 0.325057 0.818978
vt 0.350764 0.660871
vt 0.366864 0.626370
vt 0.375818 0.798059
vt 0.350764 0.775777
vt 0.375818 0.736050
vt 0.379671 0.816690
vt 0.405377 0.803821
vt 0.405377 0.816690
vt 0.350764 0.929546
vt 0.325057 0.888611
vt 0.350764 0.888611
vt 0.350764 0.851089
vt 0.350764 0.818978
vt 0.308451 0.730342
vt 0.324552 0.659558
vt 0.299497 0.796746
vt 0.324552 0.817665
vt 0.324552 0.849775
vt 0.350258 0.817665
vt 0.350258 0.849775
vt 0.392065 0.730342
vt 0.392065 0.625057
vt 0.385253 0.943231
vt 0.410959 0.911917
vt 0.410959 0.943231
vt 0.404872 0.815377
vt 0.379166 0.802508
vt 0.404872 0.802508
vt 0.851024 0.083729
vt 0.915727 0.068427
vt 0.052560 0.968036
vt 0.067012 0.952734
vt 0.067012 0.968036
vt 0.851024 0.099030
vt 0.915727 0.099030
vt 0.052560 0.983337
vt 0.067012 0.983337
vt 0.851024 0.114331
vt 0.948007 0.533596
vt 0.557964 0.479113
vt 0.948007 0.479114
vt 0.851024 0.129633
vt 0.915727 0.129633
vt 0.021310 0.952709
vt 0.035762 0.937407
vt 0.035762 0.952709
vt 0.851024 0.144934
vt 0.021310 0.968010
vt 0.035762 0.968010
vt 0.851024 0.160235
vt 0.915727 0.160235
vt 0.021310 0.983311
vt 0.035762 0.983311
vt 0.851024 0.175537
vt 0.488059 0.282086
vt 0.520375 0.063579
vt 0.520375 0.282086
vt 0.915727 0.190838
vt 0.051522 0.897372
vt 0.066823 0.882920
vt 0.066823 0.897372
vt 0.851024 0.206139
vt 0.036221 0.897372
vt 0.051522 0.882920
vt 0.851024 0.221440
vt 0.915727 0.221440
vt 0.020919 0.882920
vt 0.020919 0.897372
vt 0.851024 0.236742
vt 0.589753 0.276734
vt 0.620275 0.058228
vt 0.620275 0.276734
vt 0.851024 0.068427
vt 0.915727 0.053126
vt 0.836572 0.068427
vt 0.851024 0.053126
vt 0.526915 0.058228
vt 0.494599 0.027706
vt 0.526916 0.027706
vt 0.557964 0.309259
vt 0.503482 0.366945
vt 0.503482 0.309259
vt 0.488059 0.033057
vt 0.520375 0.033058
vt 0.557437 0.058228
vt 0.589753 0.058228
vt 0.583213 0.282086
vt 0.613735 0.063579
vt 0.613735 0.282086
vt 0.526915 0.276734
vt 0.494599 0.058228
vt 0.948007 0.421428
vt 0.557964 0.421427
vt 0.557437 0.276734
vt 0.557964 0.366945
vt 0.948007 0.366945
vt 0.948007 0.309259
vt 0.550897 0.063579
vt 0.550897 0.282086
vt 0.583213 0.063579
vt 0.209319 0.591439
vt 0.163364 0.604294
vt 0.379575 0.802674
vt 0.393387 0.889871
vt 0.393387 0.836013
vt 0.296055 0.815542
vt 0.324962 0.849941
vt 0.282243 0.889871
vt 0.324962 0.887463
vt 0.379829 0.816322
vt 0.296309 0.816322
vt 0.325216 0.818610
vt 0.300161 0.797691
vt 0.296319 0.816690
vt 0.282507 0.891019
vt 0.325226 0.888611
vt 0.379839 0.803821
vt 0.393651 0.891019
vt 0.393651 0.837161
vt 0.379671 0.803821
vt 0.393483 0.891019
vt 0.393483 0.837161
vt 0.296150 0.816690
vt 0.325057 0.851089
vt 0.282338 0.891019
vt 0.295645 0.815377
vt 0.281833 0.889706
vt 0.139846 0.743783
vt 0.147088 0.889956
vt 0.759651 0.083729
vt 0.836572 0.083729
vt 0.759651 0.099030
vt 0.836572 0.099030
vt 0.759651 0.114331
vt 0.836572 0.114331
vt 0.759651 0.129633
vt 0.836572 0.129633
vt 0.759651 0.144934
vt 0.836572 0.144934
vt 0.759651 0.160235
vt 0.836572 0.160235
vt 0.759651 0.175536
vt 0.836572 0.175537
vt 0.836572 0.190838
vt 0.759651 0.206139
vt 0.836572 0.206139
vt 0.836572 0.221441
vt 0.836572 0.236742
vt 0.759651 0.068427
vt 0.836573 0.053126
vt 0.904258 0.728522
vt 0.918833 0.703896
vt 0.913384 0.731290
vt 0.674265 0.605589
vt 0.686645 0.579788
vt 0.692694 0.587160
vt 0.894285 0.752601
vt 0.902695 0.757096
vt 0.709869 0.564270
vt 0.714364 0.572680
vt 0.879805 0.774271
vt 0.887177 0.780320
vt 0.735674 0.553581
vt 0.738442 0.562707
vt 0.861377 0.792700
vt 0.867426 0.800071
vt 0.764004 0.557622
vt 0.763069 0.548132
vt 0.714364 0.807179
vt 0.735675 0.826278
vt 0.709869 0.815589
vt 0.839707 0.807179
vt 0.844202 0.815589
vt 0.791001 0.548132
vt 0.790067 0.557622
vt 0.692694 0.792700
vt 0.686645 0.800071
vt 0.815628 0.817153
vt 0.818396 0.826278
vt 0.818396 0.553581
vt 0.815628 0.562706
vt 0.666894 0.780321
vt 0.674265 0.774271
vt 0.790066 0.822237
vt 0.791001 0.831727
vt 0.844202 0.564270
vt 0.839706 0.572680
vt 0.651376 0.757096
vt 0.659786 0.752601
vt 0.764004 0.822237
vt 0.763070 0.831727
vt 0.867426 0.579788
vt 0.861377 0.587160
vt 0.640687 0.731291
vt 0.649812 0.728523
vt 0.738443 0.817153
vt 0.879805 0.605589
vt 0.887177 0.599539
vt 0.635238 0.703896
vt 0.644728 0.702961
vt 0.894285 0.627259
vt 0.902695 0.622764
vt 0.635238 0.675964
vt 0.644728 0.676899
vt 0.904258 0.651337
vt 0.913384 0.648569
vt 0.640687 0.648569
vt 0.649812 0.651337
vt 0.909343 0.676899
vt 0.918833 0.675964
vt 0.651376 0.622764
vt 0.659786 0.627259
vt 0.909343 0.702961
vt 0.666894 0.599539
vt 0.838989 0.809207
vt 0.866361 0.801933
vt 0.843243 0.817380
vt 0.814910 0.819181
vt 0.817556 0.828020
vt 0.790287 0.833444
vt 0.789349 0.824265
vt 0.762483 0.833444
vt 0.763286 0.824265
vt 0.735214 0.828020
vt 0.737725 0.819181
vt 0.709527 0.817380
vt 0.713646 0.809207
vt 0.686409 0.801933
vt 0.691976 0.794728
vt 0.666749 0.782273
vt 0.673547 0.776299
vt 0.651302 0.759155
vt 0.659068 0.754629
vt 0.640662 0.733468
vt 0.649094 0.730550
vt 0.635238 0.706199
vt 0.644010 0.704989
vt 0.635238 0.678395
vt 0.644010 0.678926
vt 0.640662 0.651126
vt 0.649094 0.653365
vt 0.651302 0.625439
vt 0.659068 0.629286
vt 0.666749 0.602321
vt 0.673547 0.607616
vt 0.686409 0.582661
vt 0.691976 0.589188
vt 0.709527 0.567214
vt 0.713646 0.574708
vt 0.735214 0.556574
vt 0.737725 0.564735
vt 0.762483 0.551150
vt 0.763286 0.559650
vt 0.789349 0.559650
vt 0.790287 0.551150
vt 0.814910 0.564735
vt 0.817556 0.556574
vt 0.838989 0.574708
vt 0.843243 0.567214
vt 0.860659 0.589188
vt 0.866361 0.582661
vt 0.879088 0.607616
vt 0.886021 0.602321
vt 0.893567 0.629287
vt 0.901468 0.625439
vt 0.903541 0.653365
vt 0.912108 0.651126
vt 0.908625 0.678927
vt 0.917532 0.678395
vt 0.908625 0.704989
vt 0.917532 0.706199
vt 0.903541 0.730551
vt 0.912108 0.733468
vt 0.893567 0.754629
vt 0.901468 0.759155
vt 0.879087 0.776299
vt 0.886021 0.782273
vt 0.860659 0.794728
vt 0.220160 0.554180
vt 0.099658 0.565221
vt 0.106630 0.529090
vt 0.350668 0.928398
vt 0.385663 0.912082
vt 0.324962 0.928398
vt 0.289967 0.912082
vt 0.195810 0.797276
vt 0.179790 0.888336
vt 0.385917 0.944176
vt 0.290221 0.912862
vt 0.385927 0.913230
vt 0.290231 0.913230
vt 0.385758 0.913230
vt 0.325057 0.929546
vt 0.290063 0.913230
vt 0.324552 0.928233
vt 0.289557 0.911916
vt 0.385253 0.911917
vt 0.077776 0.797520
vt 0.106569 0.717018
vt 0.110477 0.795900
vt 0.419094 0.836013
vt 0.401429 0.734902
vt 0.419347 0.836793
vt 0.401683 0.735682
vt 0.419357 0.891019
vt 0.401693 0.736050
vt 0.419189 0.837161
vt 0.401525 0.798059
vt 0.392977 0.835848
vt 0.418684 0.889706
vt 0.392977 0.889706
vt 0.375313 0.734737
vt 0.401019 0.796746
vt 0.375313 0.796746
vt 0.069997 0.559498
vt 0.076970 0.523366
vt 0.367023 0.626002
vt 0.081512 0.599051
vt 0.082293 0.665881
vt 0.100494 0.693560
vt 0.101305 0.709930
vt 0.122145 0.800926
vt 0.309125 0.731655
vt 0.325226 0.660871
vt 0.050395 0.666254
vt 0.049614 0.599424
vt 0.068604 0.711550
vt 0.379166 0.815377
vt 0.366359 0.730342
vt 0.751085 0.239037
vt 0.018437 0.803502
vt 0.308861 0.625222
vt 0.206923 0.791121
vt 0.207553 0.704666
vt 0.299907 0.734902
vt 0.327029 0.927365
vt 0.309116 0.626002
vt 0.282497 0.836793
vt 0.300171 0.736050
vt 0.308957 0.626370
vt 0.300002 0.736050
vt 0.308451 0.625057
vt 0.299497 0.734737
vt 0.052560 0.952734
vt 0.557964 0.533595
vt 0.021310 0.937407
vt 0.488059 0.063579
vt 0.851024 0.190838
vt 0.036221 0.882920
vt 0.494599 0.276734
vt 0.220160 0.653917
vt 0.350668 0.887463
vt 0.296055 0.802674
vt 0.282243 0.836013
vt 0.296309 0.803453
vt 0.300161 0.735682
vt 0.296319 0.803821
vt 0.282507 0.837160
vt 0.296150 0.803821
vt 0.282338 0.837161
vt 0.295645 0.802508
vt 0.281833 0.835848
vt 0.759651 0.190838
vt 0.759651 0.053126
vt 0.289967 0.943396
vt 0.202446 0.931211
vt 0.290221 0.944176
vt 0.290231 0.944544
vt 0.290063 0.944544
vt 0.289557 0.943231
vt 0.073868 0.718638
vt 0.419094 0.889871
vt 0.401429 0.796911
vt 0.419347 0.890651
vt 0.401683 0.797691
vt 0.419357 0.837161
vt 0.401693 0.798059
vt 0.419189 0.891019
vt 0.401525 0.736050
vt 0.418684 0.835848
vt 0.401019 0.734737
vt 0.309125 0.626370
vt 0.067793 0.695180
vt 0.232807 0.594563
vt 0.240762 0.603562
vt 0.232461 0.601632
vt 0.198973 0.580562
vt 0.209438 0.566528
vt 0.210555 0.575731
vt 0.197826 0.612659
vt 0.207263 0.627403
vt 0.191235 0.619333
vt 0.217574 0.576043
vt 0.210243 0.566457
vt 0.219474 0.566967
vt 0.057949 0.714444
vt 0.046703 0.646475
vt 0.058043 0.646457
vt 0.029269 0.714404
vt 0.040703 0.646467
vt 0.040609 0.714454
vt 0.018631 0.714308
vt 0.029363 0.646417
vt 0.068587 0.714377
vt 0.068682 0.646391
vt 0.096047 0.714255
vt 0.102141 0.646276
vt 0.102047 0.714263
vt 0.084706 0.714272
vt 0.074163 0.646352
vt 0.084801 0.646286
vt 0.013150 0.714255
vt 0.018725 0.646321
vt 0.113481 0.646325
vt 0.113387 0.714312
vt 0.096141 0.646268
vt 0.074068 0.714339
vt 0.046609 0.714462
vt 0.124119 0.646422
vt 0.124025 0.714408
vt 0.228709 0.581829
vt 0.241256 0.593453
vt 0.235398 0.575242
vt 0.227141 0.613906
vt 0.216500 0.627796
vt 0.215494 0.618578
vt 0.185140 0.601200
vt 0.193564 0.599979
vt 0.193817 0.592905
vt 0.185502 0.591086
vt 0.192875 0.573434
vt 0.209034 0.618303
vt 0.233155 0.621113
vt 0.211118 0.575686
vt 0.013244 0.646268
vt 0.210617 0.819606
vt 0.118606 0.996451
vt 0.118606 0.819606
vt 0.316598 0.638264
vt 0.295815 0.658845
vt 0.291751 0.641371
vt 0.062210 0.819606
vt 0.006945 0.996451
vt 0.006945 0.819605
vt 0.267978 0.641369
vt 0.273802 0.643137
vt 0.315475 0.638254
vt 0.285919 0.643221
vt 0.291742 0.641452
vt 0.243029 0.638456
vt 0.243338 0.586724
vt 0.249404 0.606719
vt 0.523274 0.996451
vt 0.495075 0.819605
vt 0.523274 0.819605
vt 0.495075 0.996451
vt 0.466877 0.819605
vt 0.090408 0.996451
vt 0.062210 0.996451
vt 0.090408 0.819606
vt 0.323961 0.819606
vt 0.261522 0.996451
vt 0.261522 0.819606
vt 0.244234 0.638171
vt 0.244241 0.586658
vt 0.249416 0.606634
vt 0.250272 0.652759
vt 0.262611 0.638499
vt 0.264856 0.658808
vt 0.254048 0.629934
vt 0.257908 0.634638
vt 0.349414 0.996451
vt 0.323961 0.996451
vt 0.349414 0.819605
vt 0.374867 0.996451
vt 0.236070 0.996451
vt 0.210617 0.996451
vt 0.236069 0.819606
vt 0.466877 0.996451
vt 0.294873 0.658884
vt 0.267968 0.641461
vt 0.273800 0.643230
vt 0.309443 0.652836
vt 0.262585 0.638580
vt 0.263919 0.658955
vt 0.249275 0.653010
vt 0.253970 0.629908
vt 0.257859 0.634689
vt 0.248790 0.573597
vt 0.267994 0.584120
vt 0.262630 0.586983
vt 0.257926 0.590834
vt 0.310013 0.573608
vt 0.308528 0.600913
vt 0.305660 0.595550
vt 0.316413 0.586632
vt 0.310337 0.618753
vt 0.310925 0.612692
vt 0.291735 0.584013
vt 0.310960 0.573486
vt 0.297807 0.568042
vt 0.262615 0.586884
vt 0.249695 0.573494
vt 0.262859 0.568042
vt 0.273803 0.582250
vt 0.267981 0.584016
vt 0.257911 0.590744
vt 0.297127 0.638494
vt 0.301533 0.634870
vt 0.310444 0.652850
vt 0.285921 0.643141
vt 0.279861 0.643735
vt 0.297106 0.638584
vt 0.301808 0.634724
vt 0.250949 0.624158
vt 0.251132 0.624484
vt 0.254062 0.595528
vt 0.251184 0.600892
vt 0.249389 0.618838
vt 0.248796 0.612795
vt 0.251180 0.624567
vt 0.254051 0.595447
vt 0.251183 0.600812
vt 0.249414 0.618744
vt 0.248819 0.612689
vt 0.374867 0.819605
vt 0.279861 0.643821
vt 0.261929 0.568160
vt 0.273814 0.582357
vt 0.296856 0.568160
vt 0.315465 0.586765
vt 0.305666 0.630021
vt 0.308532 0.624657
vt 0.279865 0.581764
vt 0.310296 0.618837
vt 0.310891 0.612784
vt 0.285917 0.582360
vt 0.291737 0.584125
vt 0.310294 0.606732
vt 0.297100 0.586992
vt 0.301801 0.590850
vt 0.297102 0.586875
vt 0.301886 0.634594
vt 0.305612 0.630063
vt 0.301807 0.590729
vt 0.305671 0.595429
vt 0.308548 0.624621
vt 0.308545 0.600796
vt 0.310320 0.606625
vt 0.285913 0.582248
vt 0.279858 0.581653
vt 0.228492 0.766132
vt 0.243272 0.773513
vt 0.228492 0.773513
vt 0.956618 0.068427
vt 0.956618 0.083729
vt 0.956618 0.099030
vt 0.956618 0.114331
vt 0.956618 0.129633
vt 0.956618 0.144934
vt 0.956618 0.160235
vt 0.956618 0.175537
vt 0.956618 0.190838
vt 0.956618 0.206139
vt 0.956618 0.221440
vt 0.956618 0.236742
vt 0.956618 0.053126
vt 0.256616 0.587695
vt 0.249486 0.570483
vt 0.260306 0.581303
vt 0.262738 0.562833
vt 0.266698 0.577613
vt 0.278039 0.562833
vt 0.274079 0.577613
vt 0.280471 0.581303
vt 0.291290 0.570483
vt 0.298941 0.583735
vt 0.284161 0.587695
vt 0.284161 0.595076
vt 0.298941 0.599036
vt 0.291290 0.612287
vt 0.280471 0.601468
vt 0.274079 0.605158
vt 0.278039 0.619938
vt 0.262738 0.619938
vt 0.266698 0.605158
vt 0.249486 0.612287
vt 0.260306 0.601468
vt 0.241836 0.599036
vt 0.256616 0.595076
vt 0.241836 0.583735
vt 0.150003 0.911632
vt 0.173858 0.918024
vt 0.156395 0.935487
vt 0.228492 0.788274
vt 0.243272 0.795655
vt 0.228492 0.795655
vt 0.228492 0.736609
vt 0.243272 0.743989
vt 0.228492 0.743989
vt 0.228492 0.721847
vt 0.243272 0.729228
vt 0.228492 0.729228
vt 0.228492 0.758751
vt 0.243272 0.766132
vt 0.243272 0.780893
vt 0.243272 0.788274
vt 0.243272 0.736609
vt 0.228492 0.803036
vt 0.243272 0.810416
vt 0.228492 0.810416
vt 0.228492 0.751370
vt 0.243272 0.758751
vt 0.228492 0.780893
vt 0.243272 0.803036
vt 0.243272 0.751370
vt 0.709475 0.020228
vt 0.751086 0.000337
vt 0.751086 0.020228
vt 0.709475 0.239037
vt 0.709475 0.219145
vt 0.751085 0.199254
vt 0.709475 0.199253
vt 0.751085 0.179362
vt 0.709475 0.159470
vt 0.751085 0.159470
vt 0.751085 0.139578
vt 0.709475 0.139578
vt 0.751085 0.119687
vt 0.709475 0.119687
vt 0.751085 0.099795
vt 0.709475 0.099795
vt 0.751085 0.079903
vt 0.709475 0.079903
vt 0.751085 0.060012
vt 0.662410 0.266209
vt 0.645184 0.201918
vt 0.709475 0.060012
vt 0.751085 0.040120
vt 0.709475 0.040120
vt 0.938390 0.053126
vt 0.150003 0.931796
vt 0.146312 0.925404
vt 0.146312 0.918024
vt 0.156395 0.907941
vt 0.163775 0.907941
vt 0.170167 0.911632
vt 0.173858 0.925404
vt 0.170167 0.931796
vt 0.163775 0.935487
vt 0.243272 0.721847
vt 0.709475 0.000336
vt 0.709475 0.179362
vt 0.699529 0.256264
vt 0.682302 0.266209
vt 0.645184 0.256264
vt 0.635238 0.239037
vt 0.635238 0.219145
vt 0.662410 0.191973
vt 0.682302 0.191973
vt 0.699529 0.201918
vt 0.049333 0.393103
vt 0.056719 0.367919
vt 0.057243 0.393467
vt 0.049014 0.367742
vt 0.058216 0.341468
vt 0.050214 0.341489
vt 0.056363 0.315434
vt 0.048549 0.315527
vt 0.056812 0.288256
vt 0.048704 0.288517
vt 0.053956 0.261559
vt 0.046032 0.261886
vt 0.053463 0.233539
vt 0.045241 0.234071
vt 0.049528 0.206077
vt 0.041484 0.206725
vt 0.047846 0.177070
vt 0.039481 0.178037
vt 0.042244 0.148682
vt 0.034042 0.149940
vt 0.038224 0.118329
vt 0.029619 0.120286
vt 0.028899 0.088586
vt 0.020130 0.091446
vt 0.018582 0.057989
vt 0.180339 0.484432
vt 0.200389 0.463003
vt 0.186607 0.488547
vt 0.199605 0.432092
vt 0.192339 0.459952
vt 0.206428 0.405494
vt 0.207244 0.434157
vt 0.209195 0.377809
vt 0.214289 0.406953
vt 0.213208 0.351192
vt 0.216807 0.378743
vt 0.214126 0.323709
vt 0.221057 0.351885
vt 0.216784 0.297118
vt 0.221776 0.324113
vt 0.216582 0.269747
vt 0.224696 0.297386
vt 0.218218 0.243158
vt 0.224315 0.269797
vt 0.216997 0.215890
vt 0.226228 0.243098
vt 0.217544 0.189326
vt 0.224825 0.215629
vt 0.215034 0.162241
vt 0.225652 0.188924
vt 0.213874 0.135800
vt 0.222937 0.161574
vt 0.208829 0.109207
vt 0.222050 0.134794
vt 0.203469 0.083531
vt 0.216702 0.107579
vt 0.191969 0.059762
vt 0.211380 0.080836
vt 0.038478 0.467473
vt 0.033685 0.493445
vt 0.026911 0.489005
vt 0.051199 0.444065
vt 0.046291 0.470494
vt 0.044019 0.442955
vt 0.053886 0.419402
vt 0.046359 0.418638
vt 0.167973 0.137966
vt 0.160215 0.105757
vt 0.169987 0.106548
vt 0.340828 0.188084
vt 0.330506 0.216454
vt 0.331876 0.187947
vt 0.169529 0.167784
vt 0.158204 0.137724
vt 0.339704 0.216743
vt 0.331817 0.245671
vt 0.168727 0.198273
vt 0.160191 0.167626
vt 0.340723 0.245998
vt 0.329767 0.274029
vt 0.170397 0.227292
vt 0.159283 0.198221
vt 0.338930 0.274543
vt 0.330324 0.303213
vt 0.169276 0.256968
vt 0.161321 0.227102
vt 0.339206 0.303762
vt 0.327577 0.331501
vt 0.165183 0.423701
vt 0.158650 0.395956
vt 0.167011 0.396460
vt 0.170358 0.285248
vt 0.160090 0.256773
vt 0.336719 0.332214
vt 0.327561 0.360707
vt 0.167260 0.449749
vt 0.156610 0.423578
vt 0.168619 0.314106
vt 0.161530 0.284878
vt 0.333693 0.389740
vt 0.336426 0.361379
vt 0.172467 0.476584
vt 0.158775 0.450670
vt 0.169061 0.341645
vt 0.159683 0.313716
vt 0.333784 0.418815
vt 0.324539 0.389054
vt 0.179868 0.501131
vt 0.164290 0.478478
vt 0.166835 0.369685
vt 0.160476 0.341108
vt 0.332774 0.447174
vt 0.324877 0.418477
vt 0.345704 0.039273
vt 0.332481 0.068820
vt 0.335382 0.037141
vt 0.158135 0.369184
vt 0.337202 0.475910
vt 0.323464 0.447492
vt 0.342453 0.069975
vt 0.329673 0.099297
vt 0.345704 0.502226
vt 0.328339 0.477886
vt 0.339303 0.099868
vt 0.331184 0.129587
vt 0.171549 0.075379
vt 0.169558 0.040345
vt 0.179868 0.044214
vt 0.340279 0.129776
vt 0.329987 0.158530
vt 0.160811 0.073588
vt 0.339275 0.158705
vt 0.122208 0.205692
vt 0.123136 0.223048
vt 0.124394 0.319278
vt 0.124473 0.335667
vt 0.094039 0.345321
vt 0.091575 0.336125
vt 0.124016 0.263348
vt 0.124518 0.280135
vt 0.090791 0.373249
vt 0.063041 0.365019
vt 0.093187 0.364097
vt 0.063050 0.344329
vt 0.025431 0.058675
vt 0.034882 0.082805
vt 0.124579 0.492912
vt 0.085944 0.477883
vt 0.120880 0.479912
vt 0.153167 0.366055
vt 0.153654 0.344209
vt 0.284971 0.491514
vt 0.338011 0.505703
vt 0.287163 0.521942
vt 0.116481 0.077424
vt 0.117514 0.099246
vt 0.119269 0.145264
vt 0.120497 0.163674
vt 0.093423 0.310040
vt 0.121824 0.309192
vt 0.080586 0.488869
vt 0.051830 0.469042
vt 0.288529 0.380899
vt 0.289873 0.363722
vt 0.284891 0.441480
vt 0.286154 0.422659
vt 0.091310 0.319398
vt 0.062713 0.312212
vt 0.044384 0.120545
vt 0.048767 0.144216
vt 0.293958 0.267009
vt 0.294468 0.250204
vt 0.291912 0.323620
vt 0.292899 0.306779
vt 0.122046 0.446629
vt 0.088026 0.455485
vt 0.086741 0.445265
vt 0.154532 0.310599
vt 0.154589 0.288215
vt 0.091636 0.235013
vt 0.088395 0.225482
vt 0.056788 0.448240
vt 0.127463 0.519765
vt 0.290543 0.092519
vt 0.289969 0.072326
vt 0.293109 0.153048
vt 0.292641 0.135540
vt 0.294368 0.210380
vt 0.294372 0.193449
vt 0.123454 0.374054
vt 0.123234 0.390341
vt 0.058784 0.236201
vt 0.121990 0.429225
vt 0.053480 0.179609
vt 0.056025 0.202191
vt 0.250092 0.064169
vt 0.286956 0.059755
vt 0.154724 0.253691
vt 0.154260 0.230697
vt 0.087978 0.427577
vt 0.088710 0.197639
vt 0.119002 0.195084
vt 0.249599 0.076052
vt 0.215524 0.076103
vt 0.090475 0.389861
vt 0.260283 0.193386
vt 0.260363 0.210602
vt 0.257423 0.136875
vt 0.258379 0.154564
vt 0.252556 0.095964
vt 0.073669 0.514976
vt 0.087042 0.207742
vt 0.060377 0.258030
vt 0.290913 0.015179
vt 0.242449 0.037870
vt 0.233582 0.024876
vt 0.153709 0.195132
vt 0.152942 0.171416
vt 0.151679 0.420572
vt 0.206209 0.055415
vt 0.198494 0.055508
vt 0.151994 0.398978
vt 0.120788 0.400249
vt 0.061882 0.291009
vt 0.259016 0.304525
vt 0.257893 0.321723
vt 0.260625 0.248994
vt 0.260078 0.266126
vt 0.259234 0.126821
vt 0.289845 0.124798
vt 0.152470 0.134410
vt 0.152454 0.109459
vt 0.226673 0.131285
vt 0.249583 0.418440
vt 0.246670 0.437584
vt 0.255515 0.360497
vt 0.253752 0.378056
vt 0.156992 0.476279
vt 0.256458 0.106076
vt 0.154813 0.069077
vt 0.160326 0.042484
vt 0.084004 0.167127
vt 0.081912 0.148324
vt 0.076492 0.104098
vt 0.072573 0.082226
vt 0.228403 0.513091
vt 0.237048 0.485294
vt 0.154006 0.454103
vt 0.119490 0.457566
vt 0.223724 0.109676
vt 0.325461 0.064592
vt 0.262623 0.183804
vt 0.291940 0.183036
vt 0.320481 0.475142
vt 0.318195 0.450976
vt 0.328964 0.039509
vt 0.286007 0.032051
vt 0.230527 0.185808
vt 0.324007 0.126238
vt 0.261221 0.164157
vt 0.319072 0.391933
vt 0.090849 0.281573
vt 0.090055 0.264429
vt 0.324113 0.102592
vt 0.288101 0.104167
vt 0.229639 0.164336
vt 0.122432 0.290433
vt 0.121263 0.233731
vt 0.121125 0.253054
vt 0.118734 0.174918
vt 0.115433 0.111831
vt 0.115812 0.133974
vt 0.114624 0.033729
vt 0.113107 0.063815
vt 0.281567 0.453098
vt 0.281768 0.477292
vt 0.284511 0.411384
vt 0.285166 0.391303
vt 0.322123 0.334359
vt 0.288321 0.353069
vt 0.288744 0.333824
vt 0.324378 0.277004
vt 0.291124 0.296305
vt 0.291055 0.277240
vt 0.325185 0.219577
vt 0.292381 0.239804
vt 0.291744 0.220726
vt 0.324675 0.161791
vt 0.290718 0.163688
vt 0.119608 0.418936
vt 0.122168 0.345666
vt 0.121138 0.364064
vt 0.061812 0.396549
vt 0.090939 0.418227
vt 0.060365 0.416966
vt 0.092547 0.399152
vt 0.262736 0.220137
vt 0.231244 0.240199
vt 0.231384 0.218722
vt 0.263338 0.239578
vt 0.262125 0.275717
vt 0.229832 0.294663
vt 0.230768 0.273137
vt 0.262067 0.295184
vt 0.259650 0.331438
vt 0.226341 0.349346
vt 0.228128 0.327705
vt 0.258942 0.351124
vt 0.255193 0.388103
vt 0.219866 0.404702
vt 0.223033 0.382717
vt 0.253669 0.408668
vt 0.213167 0.439072
vt 0.243700 0.473532
vt 0.206531 0.461756
vt 0.247497 0.448884
vt 0.072950 0.069125
vt 0.066559 0.039417
vt 0.083272 0.137458
vt 0.081278 0.114892
vt 0.087754 0.177017
vt 0.091945 0.254751
vt 0.093689 0.290894
vt 0.056664 0.025195
vt 0.119881 0.015179
vt 0.317968 0.414800
vt 0.320769 0.356954
vt 0.323472 0.299592
vt 0.324868 0.242232
vt 0.324821 0.184658
vt 0.009813 0.061933
vt 0.172648 0.504207
s 1
usemtl SpacialRoverExploreralumWhite
f 109/1/1 111/2/1 37/3/1
f 26/4/2 122/5/2 124/6/2
f 35/7/2 36/8/2 119/9/2
f 34/10/3 37/11/4 29/12/4
f 30/13/5 197/14/6 196/15/5
f 32/16/6 38/17/7 197/14/6
f 38/17/8 29/12/4 37/11/4
f 157/18/9 35/19/10 33/20/9
f 41/21/10 36/22/11 35/19/10
f 40/23/12 34/10/3 36/22/12
f 26/24/13 152/25/14 28/26/13
f 144/27/15 153/28/16 146/29/16
f 28/26/1 201/30/1 150/31/1
f 27/32/17 143/33/18 25/34/17
f 25/35/2 200/36/2 147/37/2
f 150/38/18 145/39/19 143/33/18
f 151/40/20 144/27/15 145/39/20
f 153/28/16 148/41/21 146/29/16
f 154/42/22 147/37/14 148/41/22
f 125/43/2 29/44/2 31/45/2
f 31/45/2 32/46/2 125/43/2
f 30/13/2 125/43/2 32/46/2
f 34/47/2 125/43/2 121/48/2
f 119/9/2 33/49/2 35/7/2
f 119/9/2 36/8/2 34/47/2
f 37/3/1 115/50/1 38/51/1
f 38/51/1 115/50/1 197/52/1
f 194/53/1 39/54/1 40/55/1
f 41/56/1 157/57/1 194/53/1
f 40/55/1 41/56/1 194/53/1
f 115/50/1 196/15/1 197/52/1
f 147/37/2 200/36/2 148/58/2
f 148/58/2 200/36/2 146/59/2
f 146/59/2 200/36/2 144/60/2
f 145/61/2 200/36/2 143/62/2
f 144/60/2 200/36/2 145/61/2
f 150/31/1 201/30/1 151/63/1
f 153/64/1 201/30/1 154/65/1
f 154/65/1 201/30/1 152/25/1
f 151/63/1 201/30/1 149/66/1
f 149/66/1 201/30/1 153/64/1
f 25/67/23 130/68/24 27/69/23
f 26/4/2 129/70/2 25/71/2
f 129/70/24 196/15/5 130/68/24
f 33/72/9 28/26/25 157/73/9
f 28/74/1 112/75/1 110/76/1
f 130/68/1 28/74/1 27/77/1
f 220/78/1 222/79/1 214/80/1
f 203/81/2 233/82/2 235/83/2
f 212/84/2 213/85/2 230/86/2
f 211/87/3 214/88/4 206/89/4
f 207/90/5 260/91/6 259/92/5
f 209/93/6 215/94/7 260/91/6
f 215/94/8 206/89/4 214/88/4
f 256/95/9 212/96/10 210/97/9
f 218/98/10 213/99/11 212/96/10
f 217/100/12 211/87/3 213/99/12
f 203/101/13 251/102/14 205/103/13
f 243/104/15 252/105/16 245/106/16
f 205/103/1 264/107/1 249/108/1
f 204/109/17 242/110/18 202/111/17
f 202/112/2 263/113/2 246/114/2
f 249/115/18 244/116/19 242/110/18
f 250/117/20 243/104/15 244/116/20
f 252/105/16 247/118/21 245/106/16
f 253/119/22 246/114/14 247/118/22
f 236/120/2 206/121/2 208/122/2
f 208/122/2 209/123/2 236/120/2
f 207/90/2 236/120/2 209/123/2
f 211/124/2 236/120/2 232/125/2
f 230/86/2 210/126/2 212/84/2
f 230/86/2 213/85/2 211/124/2
f 214/80/1 226/127/1 215/128/1
f 215/128/1 226/127/1 260/129/1
f 257/130/1 216/131/1 217/132/1
f 218/133/1 256/134/1 257/130/1
f 217/132/1 218/133/1 257/130/1
f 226/127/1 259/92/1 260/129/1
f 246/114/2 263/113/2 247/135/2
f 247/135/2 263/113/2 245/136/2
f 245/136/2 263/113/2 243/137/2
f 244/138/2 263/113/2 242/139/2
f 243/137/2 263/113/2 244/138/2
f 249/108/1 264/107/1 250/140/1
f 252/141/1 264/107/1 253/142/1
f 253/142/1 264/107/1 251/102/1
f 250/140/1 264/107/1 248/143/1
f 248/143/1 264/107/1 252/141/1
f 202/144/23 241/145/24 204/146/23
f 203/81/2 240/147/2 202/148/2
f 240/147/24 259/92/5 241/145/24
f 210/149/9 205/103/25 256/150/9
f 205/151/1 223/152/1 221/153/1
f 241/145/1 205/151/1 204/154/1
f 275/155/26 288/156/27 274/157/27
f 268/158/28 283/159/29 282/160/30
f 268/158/28 269/161/31 283/159/29
f 275/155/26 276/162/32 289/163/33
f 269/161/31 284/164/34 283/159/29
f 276/162/32 290/165/35 289/163/33
f 269/161/31 285/166/36 284/164/34
f 276/162/32 277/167/37 290/165/35
f 277/167/37 291/168/38 290/165/35
f 271/169/39 285/166/36 270/170/40
f 277/167/37 278/171/41 291/168/38
f 265/172/15 281/173/42 280/174/15
f 271/169/39 272/175/43 286/176/44
f 265/172/15 266/177/45 281/173/42
f 278/171/41 292/178/46 291/168/38
f 272/175/43 287/179/47 286/176/44
f 272/175/43 273/180/48 287/179/47
f 267/181/49 281/173/42 266/177/45
f 265/172/15 292/182/46 279/183/50
f 274/157/27 287/179/47 273/180/48
f 267/181/49 268/158/28 282/160/30
f 281/184/1 285/185/1 289/186/1
f 275/187/2 271/188/2 267/189/2
f 37/3/1 39/54/1 194/53/1
f 37/3/1 194/53/1 109/1/1
f 111/2/1 115/50/1 37/3/1
f 126/190/2 125/43/2 30/13/2
f 33/49/2 119/9/2 116/191/2
f 33/49/2 116/191/2 117/192/2
f 127/193/2 126/190/2 30/13/2
f 127/193/2 30/13/2 129/70/2
f 26/4/2 33/49/2 117/192/2
f 26/4/2 117/192/2 118/194/2
f 127/193/2 129/70/2 26/4/2
f 128/195/51 127/193/2 26/4/2
f 26/4/2 118/194/2 123/196/2
f 26/4/2 123/196/2 122/5/2
f 124/6/2 128/195/51 26/4/2
f 34/10/3 39/197/3 37/11/4
f 30/13/5 32/16/6 197/14/6
f 32/16/6 31/198/7 38/17/7
f 38/17/8 31/198/8 29/12/4
f 157/18/9 41/21/10 35/19/10
f 41/21/10 40/23/11 36/22/11
f 40/23/12 39/197/3 34/10/3
f 26/24/13 147/37/14 152/25/14
f 144/27/15 149/199/15 153/28/16
f 150/31/1 27/200/1 28/26/1
f 28/26/1 152/25/1 201/30/1
f 27/32/17 150/38/18 143/33/18
f 147/37/2 26/24/2 25/35/2
f 25/35/2 143/62/2 200/36/2
f 150/38/18 151/40/19 145/39/19
f 151/40/20 149/199/15 144/27/15
f 153/28/16 154/42/21 148/41/21
f 154/42/22 152/25/14 147/37/14
f 120/201/2 119/9/2 34/47/2
f 34/47/2 29/44/2 125/43/2
f 121/48/2 120/201/2 34/47/2
f 25/67/23 129/70/24 130/68/24
f 129/70/24 30/13/5 196/15/5
f 33/72/9 26/24/25 28/26/25
f 156/202/1 194/53/1 157/57/1
f 196/15/1 115/50/1 113/203/1
f 196/15/1 113/203/1 199/204/1
f 198/205/1 156/202/1 157/57/1
f 108/206/1 198/205/1 157/57/1
f 130/68/1 196/15/1 199/204/1
f 130/68/1 199/204/1 114/207/1
f 108/206/1 157/57/1 28/74/1
f 155/208/1 108/206/1 28/74/1
f 28/74/1 130/68/1 114/207/1
f 28/74/1 114/207/1 195/209/1
f 110/76/1 155/208/1 28/74/1
f 28/74/1 195/209/1 112/75/1
f 214/80/1 216/131/1 257/130/1
f 214/80/1 257/130/1 220/78/1
f 222/79/1 226/127/1 214/80/1
f 237/210/2 236/120/2 207/90/2
f 210/126/2 230/86/2 227/211/2
f 210/126/2 227/211/2 228/212/2
f 238/213/2 237/210/2 207/90/2
f 238/213/2 207/90/2 240/147/2
f 203/81/2 210/126/2 228/212/2
f 203/81/2 228/212/2 229/214/2
f 238/213/2 240/147/2 203/81/2
f 239/215/51 238/213/2 203/81/2
f 203/81/2 229/214/2 234/216/2
f 203/81/2 234/216/2 233/82/2
f 235/83/2 239/215/51 203/81/2
f 211/87/3 216/217/3 214/88/4
f 207/90/5 209/93/6 260/91/6
f 209/93/6 208/218/7 215/94/7
f 215/94/8 208/218/8 206/89/4
f 256/95/9 218/98/10 212/96/10
f 218/98/10 217/100/11 213/99/11
f 217/100/12 216/217/3 211/87/3
f 203/101/13 246/114/14 251/102/14
f 243/104/15 248/219/15 252/105/16
f 249/108/1 204/220/1 205/103/1
f 205/103/1 251/102/1 264/107/1
f 204/109/17 249/115/18 242/110/18
f 246/114/2 203/101/2 202/112/2
f 202/112/2 242/139/2 263/113/2
f 249/115/18 250/117/19 244/116/19
f 250/117/20 248/219/15 243/104/15
f 252/105/16 253/119/21 247/118/21
f 253/119/22 251/102/14 246/114/14
f 231/221/2 230/86/2 211/124/2
f 211/124/2 206/121/2 236/120/2
f 232/125/2 231/221/2 211/124/2
f 202/144/23 240/147/24 241/145/24
f 240/147/24 207/90/5 259/92/5
f 210/149/9 203/101/25 205/103/25
f 255/222/1 257/130/1 256/134/1
f 259/92/1 226/127/1 224/223/1
f 259/92/1 224/223/1 262/224/1
f 261/225/1 255/222/1 256/134/1
f 219/226/1 261/225/1 256/134/1
f 241/145/1 259/92/1 262/224/1
f 241/145/1 262/224/1 225/227/1
f 219/226/1 256/134/1 205/151/1
f 254/228/1 219/226/1 205/151/1
f 205/151/1 241/145/1 225/227/1
f 205/151/1 225/227/1 258/229/1
f 221/153/1 254/228/1 205/151/1
f 205/151/1 258/229/1 223/152/1
f 275/155/26 289/163/33 288/156/27
f 269/161/31 270/170/40 285/166/36
f 271/169/39 286/176/44 285/166/36
f 278/171/41 279/230/50 292/178/46
f 267/181/49 282/160/30 281/173/42
f 265/172/15 280/174/15 292/182/46
f 274/157/27 288/156/27 287/179/47
f 292/231/1 280/232/1 281/184/1
f 281/184/1 282/233/1 283/234/1
f 283/234/1 284/235/1 285/185/1
f 285/185/1 286/236/1 287/237/1
f 287/237/1 288/238/1 289/186/1
f 289/186/1 290/239/1 291/240/1
f 291/240/1 292/231/1 281/184/1
f 281/184/1 283/234/1 285/185/1
f 285/185/1 287/237/1 289/186/1
f 289/186/1 291/240/1 281/184/1
f 266/241/2 265/242/2 279/243/2
f 279/243/2 278/244/2 277/245/2
f 277/245/2 276/246/2 275/187/2
f 275/187/2 274/247/2 273/248/2
f 273/248/2 272/249/2 271/188/2
f 271/188/2 270/250/2 269/251/2
f 269/251/2 268/252/2 267/189/2
f 267/189/2 266/241/2 279/243/2
f 279/243/2 277/245/2 275/187/2
f 275/187/2 273/248/2 271/188/2
f 271/188/2 269/251/2 267/189/2
f 267/189/2 279/243/2 275/187/2
usemtl SpacialRoverExploreralumGray
f 10/253/52 140/254/53 139/255/54
f 2/256/55 137/257/56 131/258/57
f 3/259/58 134/260/59 137/257/60
f 5/261/61 135/262/62 140/254/53
f 6/263/63 132/264/64 135/262/65
f 138/265/66 9/266/67 133/267/68
f 133/267/69 7/268/70 141/269/71
f 136/270/72 12/271/73 142/272/74
f 142/272/75 10/253/52 139/255/54
f 4/273/76 131/258/57 132/264/64
f 11/274/77 141/269/71 7/268/70
f 8/275/78 134/260/59 1/276/79
f 10/253/52 5/261/61 140/254/53
f 2/256/55 3/259/80 137/257/56
f 3/259/58 1/276/79 134/260/59
f 5/261/61 6/263/81 135/262/62
f 6/263/63 4/273/76 132/264/64
f 138/265/82 8/275/78 9/266/83
f 133/267/69 9/266/84 7/268/70
f 136/270/85 11/277/77 12/271/86
f 142/272/75 12/271/87 10/253/52
f 4/273/76 2/256/55 131/258/57
f 11/274/77 136/278/85 141/269/71
f 8/275/78 138/265/82 134/260/59
f 351/279/88 317/280/88 350/281/89
f 317/280/88 351/279/88 352/282/90
f 317/280/88 316/283/89 350/281/89
f 352/282/90 318/284/90 317/280/88
f 316/283/89 349/285/91 350/281/89
f 352/282/90 353/286/34 318/284/90
f 316/283/89 315/287/91 349/285/91
f 353/286/34 319/288/34 318/284/90
f 353/286/34 354/289/92 319/288/34
f 354/289/92 320/290/92 319/288/34
f 315/287/91 348/291/93 349/285/91
f 348/291/93 315/287/91 314/292/93
f 354/289/92 355/293/40 320/290/92
f 355/293/40 321/294/40 320/290/92
f 348/291/93 314/292/93 347/295/94
f 314/292/93 313/296/94 347/295/94
f 313/296/94 346/297/45 347/295/94
f 355/293/40 356/298/95 321/294/40
f 313/296/94 312/299/45 346/297/45
f 356/298/95 322/300/95 321/294/40
f 356/298/95 357/301/96 322/300/95
f 346/297/45 312/299/45 345/302/97
f 312/299/45 311/303/97 345/302/97
f 322/300/95 357/301/96 323/304/96
f 311/303/97 344/305/15 345/302/97
f 323/304/96 357/301/96 324/306/98
f 311/303/97 310/307/15 344/305/15
f 324/306/98 357/301/96 358/308/98
f 310/307/15 343/309/99 344/305/15
f 343/309/99 310/307/15 309/310/99
f 324/306/98 358/308/98 327/311/100
f 327/311/100 293/312/100 324/306/98
f 327/311/100 328/313/101 293/312/100
f 343/309/99 309/310/99 342/314/50
f 342/314/50 309/310/99 308/315/50
f 293/312/100 328/313/101 294/316/101
f 294/316/101 328/313/101 329/317/48
f 294/316/101 329/317/48 295/318/48
f 342/314/50 308/315/50 341/319/102
f 308/320/50 307/321/102 341/322/102
f 307/321/102 340/323/103 341/322/102
f 295/318/48 329/317/48 330/324/104
f 307/321/102 306/325/103 340/323/103
f 295/318/48 330/324/104 296/326/104
f 340/323/103 306/325/103 339/327/105
f 296/326/104 330/324/104 331/328/27
f 296/326/104 331/328/27 297/329/27
f 339/327/105 306/325/103 305/330/105
f 297/329/27 331/328/27 332/331/106
f 339/327/105 305/330/105 338/332/107
f 297/329/27 332/331/106 298/333/106
f 338/332/107 305/330/105 304/334/107
f 298/333/106 332/331/106 333/335/26
f 338/332/107 304/334/107 337/336/108
f 298/333/106 333/335/26 299/337/26
f 337/336/108 304/334/107 303/338/108
f 299/337/26 333/335/26 334/339/109
f 337/336/108 303/338/108 336/340/110
f 336/340/110 303/338/108 302/341/110
f 299/337/26 334/339/109 300/342/109
f 336/340/110 302/341/110 335/343/111
f 300/342/109 334/339/109 335/343/111
f 335/343/111 302/341/110 301/344/111
f 300/342/109 335/343/111 301/344/111
f 789/345/112 812/346/113 813/347/112
f 795/348/114 820/349/115 796/350/115
f 786/351/116 799/352/117 810/353/116
f 792/354/118 817/355/119 793/356/119
f 789/345/112 814/357/120 790/358/120
f 785/359/117 820/349/115 799/352/117
f 786/360/116 811/361/121 787/362/121
f 793/356/119 818/363/122 794/364/122
f 791/365/123 814/357/120 815/366/123
f 787/367/121 812/346/113 788/368/113
f 794/364/122 819/369/114 795/348/114
f 791/365/123 816/370/118 792/354/118
f 459/371/124 437/372/125 460/373/124
f 455/374/126 458/375/127 456/376/126
f 451/377/128 454/378/129 452/379/128
f 455/380/130 915/381/131 453/382/130
f 447/383/132 450/384/133 448/385/132
f 443/386/134 446/387/135 444/388/134
f 439/389/136 442/390/137 440/391/136
f 481/392/105 484/393/138 482/394/138
f 477/395/139 480/396/140 478/397/140
f 473/398/141 476/399/142 474/400/142
f 470/401/143 471/402/40 472/403/143
f 465/404/144 468/405/145 466/406/145
f 461/407/146 463/408/147 464/409/146
f 779/410/148 472/411/143 782/412/148
f 763/413/149 480/414/140 766/415/149
f 457/416/150 904/417/151 907/418/151
f 911/419/152 480/414/152 479/420/152
f 451/421/153 923/422/154 449/423/153
f 443/424/155 897/425/156 441/426/155
f 448/427/157 778/428/158 783/429/158
f 454/430/159 767/431/160 456/432/159
f 900/433/152 466/434/152 751/435/152
f 887/436/161 737/437/161 738/438/161
f 886/439/161 738/438/161 739/440/161
f 893/441/162 465/404/163 900/442/162
f 888/443/164 463/408/165 462/444/165
f 437/445/166 743/446/167 440/447/166
f 739/440/168 741/448/169 744/449/168
f 893/441/170 468/450/170 467/451/170
f 894/452/170 748/453/170 893/454/170
f 899/455/152 751/435/152 752/456/152
f 901/457/171 481/392/172 906/458/171
f 895/459/173 899/460/174 898/461/173
f 751/435/175 468/450/145 748/453/175
f 444/462/176 750/463/177 745/464/177
f 746/465/178 752/456/179 747/466/180
f 906/467/94 482/468/94 759/469/94
f 907/470/94 757/471/94 758/472/94
f 904/473/27 754/474/27 903/475/27
f 902/476/27 756/477/27 901/478/27
f 908/479/181 902/480/182 905/481/182
f 759/469/183 484/482/138 756/477/183
f 458/483/184 753/484/185 460/485/184
f 757/471/186 755/486/187 754/474/186
f 909/487/188 913/488/189 916/489/188
f 761/490/190 765/491/191 768/492/192
f 912/493/152 766/415/152 911/494/152
f 911/419/193 477/395/194 914/495/193
f 917/496/195 473/398/196 922/497/195
f 913/498/170 763/413/170 764/499/170
f 922/500/197 474/501/197 775/502/197
f 921/503/197 775/502/197 776/504/197
f 917/496/161 476/505/161 475/506/161
f 918/507/161 772/508/161 917/509/161
f 919/510/198 921/511/199 924/512/198
f 775/502/200 476/505/142 772/508/200
f 452/513/201 774/514/202 769/515/202
f 770/516/203 776/504/204 771/517/205
f 928/518/27 470/519/27 779/410/27
f 927/520/27 779/410/27 780/521/27
f 777/522/206 781/523/207 784/524/206
f 928/525/208 471/402/209 469/526/209
f 447/527/210 925/528/211 445/529/212
f 926/530/213 932/531/214 927/532/214
f 596/533/215 438/534/125 459/371/124
f 595/535/215 573/536/111 596/537/215
f 594/538/216 459/371/124 457/539/127
f 593/540/216 596/537/215 594/541/216
f 592/542/217 457/539/127 455/374/126
f 583/543/144 602/544/144 584/545/144
f 590/546/218 455/374/126 453/547/129
f 589/548/218 592/549/217 590/550/218
f 588/551/219 453/547/129 451/377/128
f 587/552/219 590/550/218 588/553/219
f 586/554/220 451/377/128 449/555/133
f 585/556/220 588/553/219 586/557/220
f 584/558/221 449/555/133 447/383/132
f 577/559/1 597/560/1 575/561/1
f 445/562/135 584/558/221 447/383/132
f 582/563/222 583/564/221 584/565/221
f 580/566/100 445/562/135 443/386/134
f 580/567/100 581/568/222 582/563/222
f 578/569/223 443/386/134 441/570/137
f 577/571/223 580/567/100 578/572/223
f 576/573/224 441/570/137 439/389/136
f 594/574/147 607/575/147 593/576/147
f 573/577/111 439/578/136 438/534/125
f 574/579/111 576/580/224 573/577/111
f 605/581/161 608/582/161 606/583/161
f 601/584/170 604/585/170 602/586/170
f 597/560/27 600/587/27 598/588/27
f 594/574/2 606/589/2 608/590/2
f 578/591/40 599/592/40 577/593/40
f 591/594/1 607/595/1 605/581/1
f 586/596/2 602/544/2 604/597/2
f 591/594/141 606/589/141 592/598/141
f 586/596/139 603/599/139 585/600/139
f 585/600/1 601/584/1 583/601/1
f 575/561/105 598/602/105 576/603/105
f 576/603/2 600/604/2 578/591/2
f 885/605/161 739/440/161 740/606/161
f 895/459/170 747/466/170 894/607/170
f 896/608/170 746/465/170 895/609/170
f 898/610/152 752/456/152 749/611/152
f 897/612/152 749/611/152 750/613/152
f 903/614/27 755/486/27 902/480/27
f 908/615/94 760/616/94 757/471/94
f 905/617/94 759/469/94 760/616/94
f 916/618/170 764/499/170 761/490/170
f 915/619/170 761/490/170 762/620/170
f 909/487/152 765/491/152 912/621/152
f 910/622/152 768/492/152 909/623/152
f 919/510/161 771/517/161 918/624/161
f 920/625/161 770/516/161 919/626/161
f 924/627/197 776/504/197 773/628/197
f 923/629/197 773/628/197 774/514/197
f 926/630/27 780/521/27 777/522/27
f 925/631/27 777/522/27 778/428/27
f 739/440/168 743/446/167 740/606/167
f 742/632/225 738/438/169 737/437/225
f 746/465/178 750/613/177 749/611/178
f 748/453/175 752/456/179 751/435/175
f 754/474/186 758/472/185 757/471/186
f 756/477/183 760/616/187 759/469/183
f 768/492/192 762/620/160 761/490/190
f 766/415/149 764/499/191 763/413/149
f 770/516/203 774/514/202 773/628/203
f 775/502/200 771/517/205 776/504/204
f 784/524/206 778/428/158 777/522/206
f 782/412/148 780/521/207 779/410/148
f 737/437/225 464/633/146 742/632/225
f 796/634/215 574/579/111 595/635/215
f 795/636/226 595/635/215 593/637/216
f 794/638/99 593/637/216 591/639/217
f 793/640/218 591/639/217 589/641/218
f 792/642/219 589/641/218 587/643/219
f 791/644/88 587/643/219 585/645/220
f 790/646/227 585/645/220 583/647/221
f 581/648/222 790/646/227 583/647/221
f 788/649/100 581/648/222 579/650/100
f 787/362/228 579/650/100 577/651/223
f 786/360/229 577/651/223 575/652/224
f 785/653/111 575/654/224 574/579/111
f 301/655/2 823/656/2 852/657/2
f 315/658/2 851/659/2 314/660/2
f 300/661/2 852/657/2 850/662/2
f 314/660/2 849/663/2 313/664/2
f 299/665/2 850/662/2 848/666/2
f 313/664/2 847/667/2 312/668/2
f 298/669/2 848/666/2 846/670/2
f 311/671/2 847/667/2 845/672/2
f 324/673/2 833/674/2 844/675/2
f 297/676/2 846/670/2 843/677/2
f 311/671/2 842/678/2 310/679/2
f 323/680/2 844/675/2 841/681/2
f 296/682/2 843/677/2 840/683/2
f 310/679/2 839/684/2 309/685/2
f 323/680/2 838/686/2 322/687/2
f 295/688/2 840/683/2 837/689/2
f 309/685/2 836/690/2 308/691/2
f 322/687/2 835/692/2 321/693/2
f 294/694/2 837/689/2 834/695/2
f 308/691/2 832/696/2 307/697/2
f 321/693/2 831/698/2 320/699/2
f 294/694/2 833/674/2 293/700/2
f 306/701/2 832/696/2 830/702/2
f 320/699/2 829/703/2 319/704/2
f 305/705/2 830/702/2 828/706/2
f 319/704/2 827/707/2 318/708/2
f 304/709/2 828/706/2 826/710/2
f 318/708/2 825/711/2 317/712/2
f 303/713/2 826/710/2 824/714/2
f 317/712/2 822/715/2 316/716/2
f 302/717/2 824/714/2 823/656/2
f 316/716/2 821/718/2 315/658/2
f 328/719/1 884/720/1 853/721/1
f 329/722/1 853/721/1 854/723/1
f 329/722/1 855/724/1 330/725/1
f 330/725/1 856/726/1 331/727/1
f 331/727/1 857/728/1 332/729/1
f 332/729/1 858/730/1 333/731/1
f 333/731/1 859/732/1 334/733/1
f 334/733/1 860/734/1 335/735/1
f 335/735/1 861/736/1 336/737/1
f 336/737/1 862/738/1 337/739/1
f 337/739/1 863/740/1 338/741/1
f 338/741/1 864/742/1 339/743/1
f 339/743/1 865/744/1 340/745/1
f 340/745/1 866/746/1 341/747/1
f 341/747/1 867/748/1 342/749/1
f 342/749/1 868/750/1 343/751/1
f 343/751/1 869/752/1 344/753/1
f 344/753/1 870/754/1 345/755/1
f 345/755/1 871/756/1 346/757/1
f 347/758/1 871/756/1 872/759/1
f 348/760/1 872/759/1 873/761/1
f 349/762/1 873/761/1 874/763/1
f 350/764/1 874/763/1 875/765/1
f 351/766/1 875/765/1 876/767/1
f 352/768/1 876/767/1 877/769/1
f 353/770/1 877/769/1 878/771/1
f 354/772/1 878/771/1 879/773/1
f 355/774/1 879/773/1 880/775/1
f 356/776/1 880/775/1 881/777/1
f 357/778/1 881/777/1 882/779/1
f 358/780/1 882/779/1 883/781/1
f 327/782/1 883/781/1 884/720/1
f 885/605/161 437/445/161 438/783/161
f 440/447/197 890/784/197 439/785/197
f 444/786/170 896/787/170 443/424/170
f 442/788/152 897/789/152 750/613/152
f 888/790/161 461/791/161 737/437/161
f 460/485/27 904/417/27 459/792/27
f 458/483/94 907/793/94 758/472/94
f 456/432/152 910/794/152 455/380/152
f 454/430/170 915/795/170 762/620/170
f 452/513/161 920/796/161 451/421/161
f 450/797/197 923/798/197 774/514/197
f 446/799/27 925/800/27 778/428/27
f 448/427/94 930/801/94 447/527/94
f 888/802/164 892/803/230 891/804/164
f 898/805/173 896/608/156 895/609/173
f 900/806/162 894/452/231 893/454/162
f 908/807/181 904/473/151 903/475/181
f 906/808/171 902/476/182 901/478/171
f 909/623/188 915/809/131 910/622/131
f 914/810/193 912/493/189 911/494/193
f 924/811/198 920/625/154 919/626/198
f 917/509/195 921/812/199 918/507/199
f 929/813/213 925/814/211 930/815/211
f 931/816/208 927/817/214 932/818/214
f 439/785/232 885/819/233 438/820/232
f 901/457/27 484/482/27 483/821/27
f 890/822/197 744/449/197 889/823/197
f 889/824/197 741/448/197 892/825/197
f 892/803/197 742/632/197 891/804/197
f 891/826/197 464/633/197 463/408/197
f 914/827/170 478/828/170 763/413/170
f 890/822/233 886/829/234 885/830/233
f 887/831/230 889/824/234 892/825/230
f 930/815/94 784/524/94 929/813/94
f 929/832/94 781/523/94 932/531/94
f 932/818/94 782/412/94 931/816/94
f 931/833/94 472/411/94 471/402/94
f 789/345/112 788/368/113 812/346/113
f 795/348/114 819/369/114 820/349/115
f 786/351/116 785/359/117 799/352/117
f 792/354/118 816/370/118 817/355/119
f 789/345/112 813/347/112 814/357/120
f 785/359/117 796/350/115 820/349/115
f 786/360/116 810/834/116 811/361/121
f 793/356/119 817/355/119 818/363/122
f 791/365/123 790/358/120 814/357/120
f 787/367/121 811/835/121 812/346/113
f 794/364/122 818/363/122 819/369/114
f 791/365/123 815/366/123 816/370/118
f 459/371/124 438/534/125 437/372/125
f 455/374/126 457/539/127 458/375/127
f 451/377/128 453/547/129 454/378/129
f 455/380/130 910/794/131 915/381/131
f 447/383/132 449/555/133 450/384/133
f 443/386/134 445/562/135 446/387/135
f 439/389/136 441/570/137 442/390/137
f 481/392/105 483/821/105 484/393/138
f 477/395/139 479/420/139 480/396/140
f 473/398/141 475/506/141 476/399/142
f 470/401/143 469/526/40 471/402/40
f 465/404/144 467/451/144 468/405/145
f 461/407/146 462/444/147 463/408/147
f 779/410/148 470/519/143 472/411/143
f 763/413/149 478/828/140 480/414/140
f 457/416/150 459/792/235 904/417/151
f 911/419/152 766/415/152 480/414/152
f 451/421/153 920/796/154 923/422/154
f 443/424/155 896/787/156 897/425/156
f 448/427/157 446/799/157 778/428/158
f 454/430/159 762/620/160 767/431/160
f 900/433/152 465/836/152 466/434/152
f 887/436/161 888/837/161 737/437/161
f 886/439/161 887/838/161 738/438/161
f 893/441/162 467/451/163 465/404/163
f 888/443/164 891/826/164 463/408/165
f 437/445/166 740/606/167 743/446/167
f 739/440/168 738/438/169 741/448/169
f 893/441/170 748/453/170 468/450/170
f 894/452/170 747/466/170 748/453/170
f 899/455/152 900/839/152 751/435/152
f 901/457/171 483/821/172 481/392/172
f 895/459/173 894/607/231 899/460/174
f 751/435/175 466/434/145 468/450/145
f 444/462/176 442/840/176 750/463/177
f 746/465/178 749/611/178 752/456/179
f 906/467/94 481/841/94 482/468/94
f 907/470/94 908/842/94 757/471/94
f 904/473/27 753/484/27 754/474/27
f 902/476/27 755/486/27 756/477/27
f 908/479/181 903/614/181 902/480/182
f 759/469/183 482/468/138 484/482/138
f 458/483/184 758/472/185 753/484/185
f 757/471/186 760/616/187 755/486/187
f 909/487/188 912/621/189 913/488/189
f 761/490/190 764/499/191 765/491/191
f 912/493/152 765/491/152 766/415/152
f 911/419/193 479/420/194 477/395/194
f 917/496/195 475/506/196 473/398/196
f 913/498/170 914/843/170 763/413/170
f 922/500/197 473/844/197 474/501/197
f 921/503/197 922/845/197 775/502/197
f 917/496/161 772/508/161 476/505/161
f 918/507/161 771/517/161 772/508/161
f 919/510/198 918/624/199 921/511/199
f 775/502/200 474/501/142 476/505/142
f 452/513/201 450/797/201 774/514/202
f 770/516/203 773/628/203 776/504/204
f 928/518/27 469/846/27 470/519/27
f 927/520/27 928/847/27 779/410/27
f 777/522/206 780/521/207 781/523/207
f 928/525/208 931/833/208 471/402/209
f 447/527/210 930/801/211 925/528/211
f 926/530/213 929/832/213 932/531/214
f 596/533/215 573/577/111 438/534/125
f 595/535/215 574/848/111 573/536/111
f 594/538/216 596/533/215 459/371/124
f 593/540/216 595/535/215 596/537/215
f 592/542/217 594/538/216 457/539/127
f 583/543/144 601/849/144 602/544/144
f 590/546/218 592/542/217 455/374/126
f 589/548/218 591/850/217 592/549/217
f 588/551/219 590/546/218 453/547/129
f 587/552/219 589/548/218 590/550/218
f 586/554/220 588/551/219 451/377/128
f 585/556/220 587/552/219 588/553/219
f 584/558/221 586/554/220 449/555/133
f 577/559/1 599/851/1 597/560/1
f 445/562/135 582/852/222 584/558/221
f 582/563/222 581/568/222 583/564/221
f 580/566/100 582/852/222 445/562/135
f 580/567/100 579/853/100 581/568/222
f 578/569/223 580/566/100 443/386/134
f 577/571/223 579/853/100 580/567/100
f 576/573/224 578/569/223 441/570/137
f 594/574/147 608/590/147 607/575/147
f 573/577/111 576/580/224 439/578/136
f 574/579/111 575/654/224 576/580/224
f 605/581/161 607/595/161 608/582/161
f 601/584/170 603/599/170 604/585/170
f 597/560/27 599/851/27 600/587/27
f 594/574/2 592/598/2 606/589/2
f 578/591/40 600/604/40 599/592/40
f 591/594/1 593/854/1 607/595/1
f 586/596/2 584/545/2 602/544/2
f 591/594/141 605/581/141 606/589/141
f 586/596/139 604/597/139 603/599/139
f 585/600/1 603/599/1 601/584/1
f 575/561/105 597/560/105 598/602/105
f 576/603/2 598/602/2 600/604/2
f 885/605/161 886/855/161 739/440/161
f 895/459/170 746/465/170 747/466/170
f 896/608/170 745/856/170 746/465/170
f 898/610/152 899/857/152 752/456/152
f 897/612/152 898/858/152 749/611/152
f 903/614/27 754/474/27 755/486/27
f 908/615/94 905/859/94 760/616/94
f 905/617/94 906/860/94 759/469/94
f 916/618/170 913/861/170 764/499/170
f 915/619/170 916/862/170 761/490/170
f 909/487/152 768/492/152 765/491/152
f 910/622/152 767/431/152 768/492/152
f 919/510/161 770/516/161 771/517/161
f 920/625/161 769/515/161 770/516/161
f 924/627/197 921/863/197 776/504/197
f 923/629/197 924/864/197 773/628/197
f 926/630/27 927/865/27 780/521/27
f 925/631/27 926/866/27 777/522/27
f 739/440/168 744/449/168 743/446/167
f 742/632/225 741/448/169 738/438/169
f 746/465/178 745/856/177 750/613/177
f 748/453/175 747/466/180 752/456/179
f 754/474/186 753/484/185 758/472/185
f 756/477/183 755/486/187 760/616/187
f 768/492/192 767/431/160 762/620/160
f 766/415/149 765/491/191 764/499/191
f 770/516/203 769/515/202 774/514/202
f 775/502/200 772/508/200 771/517/205
f 784/524/206 783/429/158 778/428/158
f 782/412/148 781/523/207 780/521/207
f 737/437/225 461/791/146 464/633/146
f 796/634/215 785/653/111 574/579/111
f 795/636/226 796/634/215 595/635/215
f 794/638/99 795/636/226 593/637/216
f 793/640/218 794/638/99 591/639/217
f 792/642/219 793/640/218 589/641/218
f 791/644/88 792/642/219 587/643/219
f 790/646/227 791/644/88 585/645/220
f 581/648/222 789/867/222 790/646/227
f 788/649/100 789/867/222 581/648/222
f 787/362/228 788/649/100 579/650/100
f 786/360/229 787/362/228 577/651/223
f 785/653/111 786/868/229 575/654/224
f 301/655/2 302/717/2 823/656/2
f 315/658/2 821/718/2 851/659/2
f 300/661/2 301/655/2 852/657/2
f 314/660/2 851/659/2 849/663/2
f 299/665/2 300/661/2 850/662/2
f 313/664/2 849/663/2 847/667/2
f 298/669/2 299/665/2 848/666/2
f 311/671/2 312/668/2 847/667/2
f 324/673/2 293/700/2 833/674/2
f 297/676/2 298/669/2 846/670/2
f 311/671/2 845/672/2 842/678/2
f 323/680/2 324/673/2 844/675/2
f 296/682/2 297/676/2 843/677/2
f 310/679/2 842/678/2 839/684/2
f 323/680/2 841/681/2 838/686/2
f 295/688/2 296/682/2 840/683/2
f 309/685/2 839/684/2 836/690/2
f 322/687/2 838/686/2 835/692/2
f 294/694/2 295/688/2 837/689/2
f 308/691/2 836/690/2 832/696/2
f 321/693/2 835/692/2 831/698/2
f 294/694/2 834/695/2 833/674/2
f 306/701/2 307/697/2 832/696/2
f 320/699/2 831/698/2 829/703/2
f 305/705/2 306/701/2 830/702/2
f 319/704/2 829/703/2 827/707/2
f 304/709/2 305/705/2 828/706/2
f 318/708/2 827/707/2 825/711/2
f 303/713/2 304/709/2 826/710/2
f 317/712/2 825/711/2 822/715/2
f 302/717/2 303/713/2 824/714/2
f 316/716/2 822/715/2 821/718/2
f 328/719/1 327/782/1 884/720/1
f 329/722/1 328/719/1 853/721/1
f 329/722/1 854/723/1 855/724/1
f 330/725/1 855/724/1 856/726/1
f 331/727/1 856/726/1 857/728/1
f 332/729/1 857/728/1 858/730/1
f 333/731/1 858/730/1 859/732/1
f 334/733/1 859/732/1 860/734/1
f 335/735/1 860/734/1 861/736/1
f 336/737/1 861/736/1 862/738/1
f 337/739/1 862/738/1 863/740/1
f 338/741/1 863/740/1 864/742/1
f 339/743/1 864/742/1 865/744/1
f 340/745/1 865/744/1 866/746/1
f 341/747/1 866/746/1 867/748/1
f 342/749/1 867/748/1 868/750/1
f 343/751/1 868/750/1 869/752/1
f 344/753/1 869/752/1 870/754/1
f 345/755/1 870/754/1 871/756/1
f 347/758/1 346/757/1 871/756/1
f 348/760/1 347/758/1 872/759/1
f 349/762/1 348/760/1 873/761/1
f 350/764/1 349/762/1 874/763/1
f 351/766/1 350/764/1 875/765/1
f 352/768/1 351/766/1 876/767/1
f 353/770/1 352/768/1 877/769/1
f 354/772/1 353/770/1 878/771/1
f 355/774/1 354/772/1 879/773/1
f 356/776/1 355/774/1 880/775/1
f 357/778/1 356/776/1 881/777/1
f 358/780/1 357/778/1 882/779/1
f 327/782/1 358/780/1 883/781/1
f 885/605/161 740/606/161 437/445/161
f 440/447/197 743/446/197 890/784/197
f 444/786/170 745/856/170 896/787/170
f 442/788/152 441/869/152 897/789/152
f 888/790/161 462/870/161 461/791/161
f 460/485/27 753/484/27 904/417/27
f 458/483/94 457/871/94 907/793/94
f 456/432/152 767/431/152 910/794/152
f 454/430/170 453/872/170 915/795/170
f 452/513/161 769/515/161 920/796/161
f 450/797/197 449/873/197 923/798/197
f 446/799/27 445/874/27 925/800/27
f 448/427/94 783/429/94 930/801/94
f 888/802/164 887/875/230 892/803/230
f 898/805/173 897/876/156 896/608/156
f 900/806/162 899/877/174 894/452/231
f 908/807/181 907/878/151 904/473/151
f 906/808/171 905/879/182 902/476/182
f 909/623/188 916/880/188 915/809/131
f 914/810/193 913/881/189 912/493/189
f 924/811/198 923/882/154 920/625/154
f 917/509/195 922/883/195 921/812/199
f 929/813/213 926/884/213 925/814/211
f 931/816/208 928/885/208 927/817/214
f 439/785/232 890/784/233 885/819/233
f 901/457/27 756/477/27 484/482/27
f 890/822/197 743/446/197 744/449/197
f 889/824/197 744/449/197 741/448/197
f 892/803/197 741/448/197 742/632/197
f 891/826/197 742/632/197 464/633/197
f 914/827/170 477/886/170 478/828/170
f 890/822/233 889/823/234 886/829/234
f 887/831/230 886/887/234 889/824/234
f 930/815/94 783/429/94 784/524/94
f 929/832/94 784/524/94 781/523/94
f 932/818/94 781/523/94 782/412/94
f 931/833/94 782/412/94 472/411/94
usemtl SpacialRoverExploreralumBlack
f 138/888/236 162/889/237 134/890/238
f 142/891/239 170/892/240 136/893/241
f 135/894/242 173/895/243 160/896/244
f 141/897/245 170/898/240 166/899/246
f 163/900/247 177/901/248 159/902/247
f 165/903/249 178/904/250 164/905/251
f 166/906/252 176/907/253 165/903/253
f 172/908/254 159/902/255 158/909/256
f 161/910/257 181/911/258 175/912/259
f 160/913/260 167/914/261 179/915/260
f 170/916/262 174/917/263 166/906/264
f 175/912/265 169/918/266 171/919/266
f 161/910/257 179/915/267 180/920/268
f 173/921/269 158/909/256 167/914/261
f 164/905/251 177/901/248 162/922/270
f 171/919/271 168/923/272 170/924/262
f 133/925/273 164/926/274 138/888/236
f 133/925/273 166/899/246 165/927/275
f 137/928/276 172/929/277 131/930/278
f 135/894/242 161/931/279 140/932/280
f 139/933/281 161/931/279 175/934/282
f 142/891/239 175/934/282 171/935/283
f 131/930/278 173/895/243 132/936/284
f 137/928/276 162/889/237 163/937/285
f 138/888/236 164/926/274 162/889/237
f 142/891/239 171/935/283 170/892/240
f 135/894/242 132/936/284 173/895/243
f 141/897/245 136/938/241 170/898/240
f 163/900/247 162/922/270 177/901/248
f 165/903/249 176/907/249 178/904/250
f 166/906/264 174/917/263 176/907/253
f 172/908/254 163/900/255 159/902/255
f 161/910/257 180/920/268 181/911/258
f 160/913/260 173/921/269 167/914/261
f 170/916/262 168/939/272 174/917/263
f 175/912/259 181/911/258 169/918/286
f 161/910/257 160/913/287 179/915/267
f 173/921/269 172/908/254 158/909/256
f 164/905/251 178/904/250 177/901/248
f 171/919/271 169/918/271 168/923/272
f 133/925/273 165/927/275 164/926/274
f 133/925/273 141/897/245 166/899/246
f 137/928/276 163/937/285 172/929/277
f 135/894/242 160/896/244 161/931/279
f 139/933/281 140/932/280 161/931/279
f 142/891/239 139/933/281 175/934/282
f 131/930/278 172/929/277 173/895/243
f 137/928/276 134/890/238 162/889/237
usemtl SpacialRoverExploreralumGrayDeep
f 192/940/45 20/941/93 22/942/93
f 22/943/1 23/944/1 73/945/1
f 23/946/92 14/947/95 16/948/95
f 23/944/1 68/949/1 67/950/1
f 13/951/2 93/952/2 107/953/2
f 20/954/2 188/955/2 78/956/2
f 14/957/95 18/958/96 16/959/95
f 15/960/48 17/961/104 18/958/48
f 23/946/92 21/962/34 19/963/92
f 24/964/91 20/941/93 21/962/91
f 186/965/107 189/966/103 191/967/103
f 17/968/1 185/969/1 60/970/1
f 18/971/1 64/972/1 16/973/1
f 18/971/1 63/974/1 65/975/1
f 186/965/107 184/976/108 182/977/107
f 187/978/26 183/979/106 184/976/26
f 192/940/45 190/980/97 188/981/45
f 193/982/102 189/966/103 190/980/102
f 183/979/106 17/961/104 13/983/104
f 14/984/2 95/985/2 97/986/2
f 14/984/2 93/952/2 15/987/2
f 96/988/2 19/989/2 21/990/2
f 20/954/2 98/991/2 99/992/2
f 190/993/2 106/994/2 105/995/2
f 190/993/2 102/996/2 188/955/2
f 184/997/2 84/998/2 86/999/2
f 192/1000/1 51/1001/1 50/1002/1
f 192/1000/1 47/1003/1 193/1004/1
f 47/1003/1 191/1005/1 193/1004/1
f 71/1006/1 187/1007/1 186/1008/1
f 191/1005/1 43/1009/1 42/1010/288
f 70/1011/1 187/1007/1 71/1006/1
f 192/940/45 188/981/45 20/941/93
f 74/1012/1 56/1013/1 22/943/1
f 22/943/1 24/1014/1 23/944/1
f 23/944/1 72/1015/1 73/945/1
f 73/945/1 74/1012/1 22/943/1
f 23/946/92 19/963/92 14/947/95
f 66/1016/1 72/1015/1 23/944/1
f 23/944/1 16/973/1 64/972/1
f 23/944/1 64/972/1 68/949/1
f 67/950/1 66/1016/1 23/944/1
f 104/1017/2 103/1018/2 13/951/2
f 13/951/2 15/987/2 93/952/2
f 107/953/2 104/1017/2 13/951/2
f 76/1019/2 75/1020/2 20/954/2
f 188/955/2 102/996/2 101/1021/2
f 188/955/2 101/1021/2 100/1022/2
f 79/1023/2 76/1019/2 20/954/2
f 77/1024/2 79/1023/2 20/954/2
f 188/955/2 100/1022/2 78/956/2
f 78/956/2 77/1024/2 20/954/2
f 14/957/95 15/960/96 18/958/96
f 15/960/48 13/983/104 17/961/104
f 23/946/92 24/964/34 21/962/34
f 24/964/91 22/942/93 20/941/93
f 186/965/107 182/977/107 189/966/103
f 61/1025/1 63/974/1 17/968/1
f 185/969/1 70/1011/1 69/1026/1
f 185/969/1 69/1026/1 62/1027/1
f 59/1028/1 61/1025/1 17/968/1
f 58/1029/1 59/1028/1 17/968/1
f 185/969/1 62/1027/1 60/970/1
f 60/970/1 58/1029/1 17/968/1
f 65/975/1 64/972/1 18/971/1
f 18/971/1 17/968/1 63/974/1
f 186/965/107 187/978/108 184/976/108
f 187/978/26 185/1030/106 183/979/106
f 192/940/45 193/982/97 190/980/97
f 193/982/102 191/967/103 189/966/103
f 183/979/106 185/1030/106 17/961/104
f 94/1031/2 93/952/2 14/984/2
f 14/984/2 19/989/2 96/988/2
f 14/984/2 96/988/2 95/985/2
f 97/986/2 94/1031/2 14/984/2
f 96/988/2 21/990/2 20/954/2
f 20/954/2 75/1020/2 98/991/2
f 99/992/2 96/988/2 20/954/2
f 105/995/2 102/996/2 190/993/2
f 190/993/2 189/1032/2 106/994/2
f 91/1033/2 106/994/2 189/1032/2
f 189/1032/2 182/1034/2 184/997/2
f 184/997/2 183/1035/2 13/951/2
f 13/951/2 103/1018/2 85/1036/2
f 13/951/2 85/1036/2 83/1037/2
f 91/1033/2 189/1032/2 184/997/2
f 90/1038/2 91/1033/2 184/997/2
f 13/951/2 83/1037/2 81/1039/2
f 13/951/2 81/1039/2 80/1040/2
f 92/1041/2 90/1038/2 184/997/2
f 88/1042/2 92/1041/2 184/997/2
f 184/997/2 13/951/2 80/1040/2
f 184/997/2 80/1040/2 82/1043/2
f 89/1044/2 88/1042/2 184/997/2
f 87/1045/2 89/1044/2 184/997/2
f 184/997/2 82/1043/2 84/998/2
f 86/999/2 87/1045/2 184/997/2
f 46/1046/1 47/1003/1 192/1000/1
f 22/943/1 56/1013/1 53/1047/1
f 22/943/1 53/1047/1 48/1048/1
f 57/1049/1 46/1046/1 192/1000/1
f 49/1050/1 57/1049/1 192/1000/1
f 22/943/1 48/1048/1 54/1051/1
f 22/943/1 54/1051/1 51/1001/1
f 55/1052/1 49/1050/1 192/1000/1
f 52/1053/1 55/1052/1 192/1000/1
f 192/1000/1 22/943/1 51/1001/1
f 50/1002/1 52/1053/1 192/1000/1
f 71/1006/1 186/1008/1 191/1005/1
f 191/1005/1 47/1003/1 45/1054/1
f 191/1005/1 45/1054/1 44/1055/1
f 42/1010/288 71/1006/1 191/1005/1
f 191/1005/1 44/1055/1 43/1009/1
f 70/1011/1 185/969/1 187/1007/1
f 432/1056/229 503/1057/111 431/1058/111
f 460/373/124 485/1059/111 496/1060/215
f 495/1061/226 460/373/124 496/1060/215
f 456/376/126 495/1061/226 494/1062/99
f 454/378/129 494/1062/99 493/1063/218
f 452/379/128 493/1063/218 492/1064/219
f 450/384/133 492/1064/219 491/1065/88
f 448/385/132 491/1065/88 490/1066/227
f 489/1067/222 448/385/132 490/1066/227
f 488/1068/100 446/387/135 489/1067/222
f 442/390/137 488/1068/100 487/1069/228
f 440/391/136 487/1069/228 486/1070/229
f 437/372/125 486/1071/229 485/1059/111
f 425/1072/2 486/1073/2 426/1074/2
f 426/1074/2 487/1075/2 427/1076/2
f 427/1076/2 488/1077/2 428/1078/2
f 429/1079/2 488/1077/2 489/1080/2
f 429/1079/2 490/1081/2 430/1082/2
f 431/1083/2 490/1081/2 491/1084/2
f 431/1083/2 492/1085/2 432/1086/2
f 433/1087/2 492/1085/2 493/1088/2
f 433/1087/2 494/1089/2 434/1090/2
f 434/1090/2 495/1091/2 435/1092/2
f 435/1092/2 496/1093/2 436/1094/2
f 425/1072/2 496/1093/2 485/1095/2
f 500/1096/2 504/1097/2 508/1098/2
f 429/1099/226 500/1100/99 428/1101/99
f 436/1102/227 507/1103/222 435/1104/222
f 426/1105/219 497/1106/88 425/1107/88
f 433/1108/228 504/1109/229 432/1056/229
f 429/1099/226 502/1110/215 501/1111/226
f 425/1107/88 508/1112/227 436/1102/227
f 427/1113/218 498/1114/219 426/1115/219
f 434/1116/100 505/1117/228 433/1108/228
f 431/1058/111 502/1110/215 430/1118/215
f 428/1101/99 499/1119/218 427/1113/218
f 435/1104/222 506/1120/100 434/1116/100
f 798/1121/111 810/1122/229 799/1123/111
f 797/1124/229 811/361/228 810/834/229
f 800/1125/228 812/1126/100 811/361/228
f 801/1127/100 813/1128/222 812/1126/100
f 813/1128/222 803/1129/227 814/1130/227
f 803/1129/227 815/1131/88 814/1130/227
f 804/1132/88 816/1133/219 815/1131/88
f 805/1134/219 817/1135/218 816/1133/219
f 806/1136/218 818/1137/99 817/1135/218
f 807/1138/99 819/1139/226 818/1137/99
f 808/1140/1 804/1141/1 800/1125/1
f 808/1142/226 820/1143/215 819/1139/226
f 809/1144/215 799/1123/111 820/1143/215
f 432/1056/229 504/1109/229 503/1057/111
f 460/373/124 437/372/125 485/1059/111
f 495/1061/226 458/375/127 460/373/124
f 456/376/126 458/375/127 495/1061/226
f 454/378/129 456/376/126 494/1062/99
f 452/379/128 454/378/129 493/1063/218
f 450/384/133 452/379/128 492/1064/219
f 448/385/132 450/384/133 491/1065/88
f 489/1067/222 446/387/135 448/385/132
f 488/1068/100 444/388/134 446/387/135
f 442/390/137 444/388/134 488/1068/100
f 440/391/136 442/390/137 487/1069/228
f 437/372/125 440/1145/136 486/1071/229
f 425/1072/2 485/1095/2 486/1073/2
f 426/1074/2 486/1073/2 487/1075/2
f 427/1076/2 487/1075/2 488/1077/2
f 429/1079/2 428/1078/2 488/1077/2
f 429/1079/2 489/1080/2 490/1081/2
f 431/1083/2 430/1082/2 490/1081/2
f 431/1083/2 491/1084/2 492/1085/2
f 433/1087/2 432/1086/2 492/1085/2
f 433/1087/2 493/1088/2 494/1089/2
f 434/1090/2 494/1089/2 495/1091/2
f 435/1092/2 495/1091/2 496/1093/2
f 425/1072/2 436/1094/2 496/1093/2
f 508/1098/2 497/1146/2 498/1147/2
f 498/1147/2 499/1148/2 500/1096/2
f 500/1096/2 501/1149/2 502/1150/2
f 502/1150/2 503/1151/2 504/1097/2
f 504/1097/2 505/1152/2 506/1153/2
f 506/1153/2 507/1154/2 508/1098/2
f 508/1098/2 498/1147/2 500/1096/2
f 500/1096/2 502/1150/2 504/1097/2
f 504/1097/2 506/1153/2 508/1098/2
f 429/1099/226 501/1111/226 500/1100/99
f 436/1102/227 508/1112/227 507/1103/222
f 426/1105/219 498/1155/219 497/1106/88
f 433/1108/228 505/1117/228 504/1109/229
f 429/1099/226 430/1118/215 502/1110/215
f 425/1107/88 497/1106/88 508/1112/227
f 427/1113/218 499/1119/218 498/1114/219
f 434/1116/100 506/1120/100 505/1117/228
f 431/1058/111 503/1057/111 502/1110/215
f 428/1101/99 500/1100/99 499/1119/218
f 435/1104/222 507/1103/222 506/1120/100
f 798/1121/111 797/1156/229 810/1122/229
f 797/1124/229 800/1125/228 811/361/228
f 800/1125/228 801/1127/100 812/1126/100
f 801/1127/100 802/1157/222 813/1128/222
f 813/1128/222 802/1157/222 803/1129/227
f 803/1129/227 804/1132/88 815/1131/88
f 804/1132/88 805/1134/219 816/1133/219
f 805/1134/219 806/1136/218 817/1135/218
f 806/1136/218 807/1138/99 818/1137/99
f 807/1138/99 808/1142/226 819/1139/226
f 800/1125/1 797/1124/1 798/1158/1
f 798/1158/1 809/1159/1 808/1140/1
f 808/1140/1 807/1160/1 806/1161/1
f 806/1161/1 805/1162/1 804/1141/1
f 804/1141/1 803/1163/1 802/1164/1
f 802/1164/1 801/1165/1 800/1125/1
f 800/1125/1 798/1158/1 808/1140/1
f 808/1140/1 806/1161/1 804/1141/1
f 804/1141/1 802/1164/1 800/1125/1
f 808/1142/226 809/1144/215 820/1143/215
f 809/1144/215 798/1121/111 799/1123/111
usemtl SpacialRoverExplorerwheels
f 884/1166/1 392/1167/289 362/1168/290
f 883/1169/1 391/1170/291 392/1167/289
f 882/1171/1 390/1172/292 391/1170/291
f 881/1173/1 389/1174/293 390/1172/292
f 880/1175/1 388/1176/294 389/1174/293
f 879/1177/1 387/1178/295 388/1176/294
f 878/1179/1 386/1180/296 387/1178/295
f 877/1181/1 385/1182/296 386/1180/296
f 876/1183/1 384/1184/297 385/1182/296
f 875/1185/1 383/1186/298 384/1184/297
f 874/1187/1 382/1188/299 383/1186/298
f 873/1189/1 381/1190/300 382/1188/299
f 872/1191/1 380/1192/301 381/1193/300
f 870/1194/1 380/1192/301 871/1195/1
f 869/1196/1 379/1197/301 870/1194/1
f 868/1198/1 378/1199/302 869/1196/1
f 867/1200/1 377/1201/302 868/1198/1
f 866/1202/1 376/1203/303 867/1200/1
f 865/1204/1 375/1205/303 866/1202/1
f 864/1206/1 374/1207/304 865/1204/1
f 863/1208/1 373/1209/304 864/1206/1
f 862/1210/1 372/1211/305 863/1208/1
f 861/1212/1 371/1213/306 862/1210/1
f 860/1214/1 370/1215/307 861/1212/1
f 859/1216/1 369/1217/308 860/1214/1
f 858/1218/1 368/1219/309 859/1216/1
f 857/1220/1 367/1221/310 858/1218/1
f 856/1222/1 366/1223/311 857/1220/1
f 855/1224/1 365/1225/311 856/1226/1
f 855/1224/1 363/1227/312 364/1228/313
f 854/1229/1 361/1230/290 363/1227/312
f 853/1231/1 362/1168/290 361/1230/290
f 822/1232/2 415/1233/314 821/1234/2
f 823/1235/2 403/1236/315 402/1237/316
f 825/1238/2 416/1239/314 822/1232/2
f 824/1240/2 404/1241/317 403/1236/315
f 827/1242/2 417/1243/318 825/1238/2
f 826/1244/2 405/1245/319 404/1241/317
f 829/1246/2 418/1247/318 827/1242/2
f 828/1248/2 406/1249/320 405/1245/319
f 831/1250/2 419/1251/321 829/1246/2
f 830/1252/2 407/1253/322 406/1249/320
f 834/1254/2 393/1255/323 833/1256/2
f 835/1257/2 420/1258/324 831/1250/2
f 832/1259/2 408/1260/322 407/1253/322
f 837/1261/2 394/1262/323 834/1254/2
f 838/1263/2 421/1264/325 835/1257/2
f 839/1265/2 408/1260/322 836/1266/2
f 840/1267/2 395/1268/326 837/1261/2
f 841/1269/2 422/1270/327 838/1263/2
f 842/1271/2 409/1272/328 839/1265/2
f 843/1273/2 396/1274/326 840/1267/2
f 844/1275/2 423/1276/329 841/1269/2
f 845/1277/2 410/1278/330 842/1271/2
f 843/1279/2 398/1280/331 397/1281/331
f 833/1256/2 424/1282/332 844/1275/2
f 847/1283/2 411/1284/333 845/1277/2
f 846/1285/2 399/1286/334 398/1280/331
f 849/1287/2 412/1288/333 847/1283/2
f 848/1289/2 400/1290/335 399/1286/334
f 851/1291/2 413/1292/336 849/1293/2
f 850/1294/2 401/1295/337 400/1290/335
f 821/1234/2 414/1296/336 851/1291/2
f 852/1297/2 402/1237/316 401/1295/337
f 510/1298/338 419/1251/339 512/1299/340
f 514/1300/341 423/1276/342 516/1301/343
f 516/1301/344 708/1302/345 515/1303/346
f 520/1304/347 421/1264/348 518/1305/349
f 567/1306/350 610/1307/351 734/1308/352
f 515/1303/346 609/1309/353 391/1170/354
f 382/1188/299 619/1310/355 620/1311/356
f 566/1312/357 733/1313/358 701/1314/357
f 423/1276/329 671/1315/359 672/1316/359
f 534/1317/360 413/1318/361 528/1319/362
f 530/1320/363 415/1233/364 524/1321/365
f 526/1322/366 417/1243/367 522/1323/368
f 514/1300/369 707/1324/370 675/1325/371
f 565/1326/358 638/1327/372 733/1313/358
f 408/1260/373 536/1328/374 542/1329/375
f 410/1278/376 532/1330/377 538/1331/378
f 513/1332/379 612/1333/380 707/1324/370
f 384/1184/297 617/1334/381 618/1335/381
f 404/1241/382 544/1336/383 550/1337/384
f 406/1249/385 540/1338/386 546/1339/387
f 564/1340/388 732/1341/389 563/1342/390
f 421/1264/325 669/1343/391 670/1344/391
f 512/1299/392 706/1345/393 511/1346/394
f 563/1342/390 637/1347/395 363/1227/395
f 396/1274/396 560/1348/397 566/1312/398
f 398/1280/399 556/1349/400 562/1350/401
f 400/1290/402 552/1351/403 558/1352/404
f 402/1237/405 548/1353/406 554/1354/407
f 568/1355/408 393/1255/409 570/1356/410
f 511/1346/394 613/1357/411 387/1178/412
f 572/1358/413 395/1268/414 564/1340/415
f 386/1180/296 615/1359/416 616/1360/416
f 562/1350/417 731/1361/418 699/1362/419
f 419/1251/321 667/1363/420 668/1364/420
f 361/1230/421 563/1342/422 363/1227/421
f 571/1365/423 564/1340/415 563/1342/422
f 510/1298/424 705/1366/425 673/1367/426
f 561/1368/427 636/1369/428 731/1361/418
f 392/1167/429 569/1370/430 362/1168/429
f 567/1306/431 570/1356/410 569/1370/430
f 553/1371/432 371/1213/433 370/1215/433
f 554/1354/407 547/1372/434 553/1371/432
f 557/1373/435 369/1217/436 368/1219/436
f 558/1352/404 551/1374/437 557/1373/435
f 561/1368/438 367/1221/439 366/1223/439
f 562/1350/401 555/1375/440 561/1368/438
f 565/1326/441 365/1225/442 364/1228/442
f 566/1312/398 559/1376/443 565/1326/441
f 509/1377/444 616/1360/445 705/1366/425
f 388/1176/294 613/1357/446 614/1378/446
f 560/1379/447 730/1380/448 559/1381/449
f 417/1243/318 665/1382/450 666/1383/450
f 572/1358/451 641/1384/452 394/1262/453
f 559/1381/449 635/1385/454 365/1386/455
f 570/1356/456 642/1387/457 703/1388/456
f 390/1172/292 611/1389/458 612/1333/458
f 545/1390/459 375/1205/460 374/1207/460
f 546/1339/387 539/1391/461 545/1390/459
f 549/1392/462 373/1209/463 372/1211/463
f 550/1337/384 543/1393/464 549/1392/462
f 558/1352/465 729/1394/466 697/1395/465
f 415/1233/314 663/1396/467 664/1397/467
f 568/1355/468 671/1315/469 424/1282/470
f 557/1373/471 634/1398/472 729/1394/466
f 537/1399/473 379/1197/474 378/1199/474
f 538/1331/378 531/1400/475 537/1399/473
f 541/1401/476 377/1201/477 376/1203/477
f 542/1329/375 535/1402/478 541/1401/476
f 566/1312/357 643/1403/479 396/1274/479
f 392/1167/289 609/1309/480 610/1307/480
f 556/1349/481 728/1404/482 555/1375/483
f 413/1292/336 661/1405/484 662/1406/484
f 384/1184/485 521/1407/486 385/1182/485
f 525/1408/487 522/1323/368 521/1407/486
f 382/1188/488 523/1409/489 383/1186/488
f 529/1410/490 524/1321/365 523/1409/489
f 380/1192/491 527/1411/492 381/1193/491
f 533/1412/493 528/1319/362 527/1411/492
f 564/1340/388 644/1413/494 700/1414/388
f 555/1375/483 633/1415/495 367/1221/496
f 562/1350/417 645/1416/497 398/1280/498
f 554/1354/499 727/1417/500 695/1418/501
f 411/1284/333 659/1419/502 660/1420/502
f 560/1379/447 646/1421/503 698/1422/447
f 553/1371/504 632/1423/505 727/1417/500
f 558/1352/465 647/1424/506 400/1290/507
f 552/1351/508 726/1425/509 551/1374/510
f 410/1278/330 658/1426/511 409/1272/328
f 388/1176/512 517/1427/513 389/1174/512
f 519/1428/514 518/1305/349 517/1427/513
f 556/1349/481 648/1429/515 696/1430/481
f 551/1374/510 631/1431/516 369/1217/517
f 390/1172/518 515/1303/519 391/1170/518
f 513/1332/520 516/1301/343 515/1303/519
f 386/1180/521 511/1346/522 387/1178/523
f 509/1377/524 512/1299/340 511/1346/522
f 677/1432/525 669/1343/526 675/1325/527
f 674/1433/528 667/1363/529 678/1434/530
f 679/1435/531 665/1382/532 673/1367/533
f 680/1436/534 663/1396/535 681/1437/536
f 682/1438/537 661/1405/538 683/1439/539
f 684/1440/540 659/1419/541 685/1441/540
f 658/1426/542 687/1442/543 686/1443/544
f 656/1444/545 689/1445/546 688/1446/547
f 654/1447/548 691/1448/549 690/1449/550
f 652/1450/551 693/1451/552 692/1452/553
f 650/1453/554 695/1418/555 694/1454/556
f 648/1429/557 697/1395/558 696/1430/559
f 646/1421/560 699/1362/561 698/1422/562
f 644/1413/563 701/1314/564 700/1414/564
f 703/1388/565 641/1384/566 704/1455/567
f 676/1456/568 671/1315/569 702/1457/570
f 609/1309/571 734/1308/572 610/1307/571
f 708/1302/573 702/1457/570 734/1308/572
f 639/1458/574 736/1459/575 640/1460/574
f 735/1461/576 704/1455/567 736/1459/575
f 732/1341/577 638/1327/578 637/1347/578
f 700/1414/564 733/1313/577 732/1341/577
f 730/1380/579 636/1369/580 635/1385/580
f 698/1422/562 731/1361/581 730/1380/579
f 728/1404/582 634/1398/583 633/1415/583
f 696/1430/559 729/1394/584 728/1404/582
f 726/1425/585 632/1423/586 631/1431/586
f 694/1454/556 727/1417/587 726/1425/585
f 724/1462/588 630/1463/589 629/1464/589
f 692/1452/553 725/1465/590 724/1462/588
f 722/1466/591 628/1467/592 627/1468/592
f 690/1449/550 723/1469/593 722/1466/591
f 720/1470/594 626/1471/595 625/1472/595
f 688/1446/547 721/1473/596 720/1470/594
f 718/1474/597 624/1475/598 623/1476/598
f 686/1443/544 719/1477/599 718/1474/597
f 621/1478/600 717/1479/601 622/1480/600
f 684/1440/540 717/1479/601 716/1481/601
f 619/1310/602 715/1482/603 620/1311/602
f 714/1483/604 683/1439/539 715/1482/603
f 617/1334/605 713/1484/606 618/1335/605
f 712/1485/607 681/1437/536 713/1484/606
f 615/1359/608 705/1366/609 616/1360/608
f 711/1486/610 673/1367/533 705/1366/609
f 613/1357/611 710/1487/612 614/1378/613
f 706/1345/614 678/1434/530 710/1487/612
f 611/1389/615 707/1324/616 612/1333/615
f 709/1488/617 675/1325/527 707/1324/616
f 568/1355/468 734/1308/352 702/1457/468
f 379/1197/301 622/1480/618 380/1192/301
f 517/1427/619 611/1389/620 389/1174/621
f 569/1370/622 639/1458/623 362/1168/624
f 518/1305/625 709/1488/626 517/1427/619
f 570/1356/456 735/1461/627 569/1370/622
f 377/1201/302 624/1475/628 378/1199/302
f 519/1428/629 614/1378/630 710/1487/631
f 571/1365/632 640/1460/633 736/1459/634
f 520/1304/635 710/1487/631 678/1434/635
f 572/1358/451 736/1459/634 704/1455/636
f 375/1205/303 626/1471/637 376/1203/303
f 521/1407/638 615/1359/639 385/1182/640
f 522/1323/641 711/1486/642 521/1407/638
f 373/1209/304 628/1467/643 374/1207/304
f 523/1409/644 617/1334/645 383/1186/646
f 524/1321/647 712/1485/648 523/1409/644
f 371/1213/306 630/1463/649 372/1211/305
f 525/1408/650 618/1335/651 713/1484/652
f 526/1322/653 713/1484/652 681/1437/653
f 369/1217/308 632/1423/654 370/1215/307
f 527/1489/655 619/1310/656 381/1190/657
f 528/1490/658 714/1483/659 527/1489/655
f 510/1298/424 665/1382/660 418/1247/661
f 367/1221/310 634/1398/662 368/1219/309
f 529/1410/663 620/1311/664 715/1482/665
f 512/1299/392 668/1364/666 674/1433/667
f 530/1320/668 715/1482/665 683/1439/669
f 514/1300/369 669/1343/670 422/1270/671
f 365/1386/311 636/1369/672 366/1223/311
f 531/1400/673 621/1478/674 379/1197/674
f 516/1301/344 672/1316/675 676/1456/676
f 532/1330/677 716/1481/673 531/1400/673
f 518/1305/625 670/1344/678 677/1432/679
f 364/1228/313 637/1347/680 638/1327/681
f 533/1412/682 622/1480/683 717/1479/684
f 520/1304/635 667/1363/685 420/1258/686
f 534/1317/687 717/1479/684 685/1441/687
f 522/1323/641 666/1383/688 679/1435/641
f 361/1230/290 639/1458/689 640/1460/689
f 535/1402/690 623/1476/691 377/1201/692
f 524/1321/647 664/1397/693 680/1436/694
f 393/1255/323 641/1384/695 642/1387/696
f 536/1328/697 718/1474/698 535/1402/690
f 526/1322/653 663/1396/699 416/1239/700
f 537/1399/701 624/1475/702 719/1477/703
f 528/1490/658 662/1406/704 682/1438/658
f 396/1274/326 644/1413/705 395/1268/326
f 538/1331/706 719/1477/703 687/1442/707
f 530/1320/668 661/1405/708 414/1296/709
f 539/1391/710 625/1472/711 375/1205/712
f 532/1330/677 660/1420/713 684/1440/714
f 398/1280/331 646/1421/715 397/1281/331
f 540/1338/716 720/1470/717 539/1391/710
f 534/1317/687 659/1419/718 412/1288/719
f 541/1401/720 626/1471/721 721/1473/722
f 536/1328/697 658/1426/723 686/1443/697
f 400/1290/335 648/1429/724 399/1286/334
f 542/1329/725 721/1473/722 689/1445/725
f 538/1331/706 657/1491/726 410/1278/727
f 543/1393/728 627/1468/729 373/1209/730
f 540/1338/716 656/1444/731 688/1446/716
f 402/1237/316 650/1453/732 401/1295/337
f 544/1336/733 722/1466/734 543/1393/728
f 542/1329/725 655/1492/735 408/1260/736
f 545/1390/737 628/1467/738 723/1469/739
f 544/1336/733 654/1447/740 690/1449/741
f 404/1241/317 652/1450/742 403/1236/315
f 546/1339/743 723/1469/739 691/1448/744
f 546/1339/743 653/1493/745 406/1249/746
f 547/1372/747 629/1464/748 371/1213/749
f 548/1353/750 652/1450/751 692/1452/752
f 406/1249/320 654/1447/753 405/1245/319
f 548/1353/750 724/1462/754 547/1372/747
f 550/1337/755 651/1494/756 404/1241/757
f 549/1392/758 630/1463/759 725/1465/760
f 552/1351/508 650/1453/761 694/1454/508
f 408/1260/322 656/1444/762 407/1253/322
f 550/1337/755 725/1465/760 693/1451/763
f 554/1354/499 649/1495/764 402/1237/765
f 884/1166/1 883/1169/1 392/1167/289
f 883/1169/1 882/1171/1 391/1170/291
f 882/1171/1 881/1173/1 390/1172/292
f 881/1173/1 880/1175/1 389/1174/293
f 880/1175/1 879/1177/1 388/1176/294
f 879/1177/1 878/1179/1 387/1178/295
f 878/1179/1 877/1181/1 386/1180/296
f 877/1181/1 876/1183/1 385/1182/296
f 876/1183/1 875/1185/1 384/1184/297
f 875/1185/1 874/1187/1 383/1186/298
f 874/1187/1 873/1189/1 382/1188/299
f 873/1189/1 872/1496/1 381/1190/300
f 872/1191/1 871/1195/1 380/1192/301
f 870/1194/1 379/1197/301 380/1192/301
f 869/1196/1 378/1199/302 379/1197/301
f 868/1198/1 377/1201/302 378/1199/302
f 867/1200/1 376/1203/303 377/1201/302
f 866/1202/1 375/1205/303 376/1203/303
f 865/1204/1 374/1207/304 375/1205/303
f 864/1206/1 373/1209/304 374/1207/304
f 863/1208/1 372/1211/305 373/1209/304
f 862/1210/1 371/1213/306 372/1211/305
f 861/1212/1 370/1215/307 371/1213/306
f 860/1214/1 369/1217/308 370/1215/307
f 859/1216/1 368/1219/309 369/1217/308
f 858/1218/1 367/1221/310 368/1219/309
f 857/1220/1 366/1223/311 367/1221/310
f 856/1222/1 365/1386/311 366/1223/311
f 855/1224/1 364/1228/313 365/1225/311
f 855/1224/1 854/1229/1 363/1227/312
f 854/1229/1 853/1231/1 361/1230/290
f 853/1231/1 884/1166/1 362/1168/290
f 822/1232/2 416/1239/314 415/1233/314
f 823/1235/2 824/1240/2 403/1236/315
f 825/1238/2 417/1243/318 416/1239/314
f 824/1240/2 826/1244/2 404/1241/317
f 827/1242/2 418/1247/318 417/1243/318
f 826/1244/2 828/1248/2 405/1245/319
f 829/1246/2 419/1251/321 418/1247/318
f 828/1248/2 830/1252/2 406/1249/320
f 831/1250/2 420/1258/324 419/1251/321
f 830/1252/2 832/1259/2 407/1253/322
f 834/1254/2 394/1262/323 393/1255/323
f 835/1257/2 421/1264/325 420/1258/324
f 832/1259/2 836/1266/2 408/1260/322
f 837/1261/2 395/1268/326 394/1262/323
f 838/1263/2 422/1270/327 421/1264/325
f 839/1265/2 409/1272/328 408/1260/322
f 840/1267/2 396/1274/326 395/1268/326
f 841/1269/2 423/1276/329 422/1270/327
f 842/1271/2 410/1278/330 409/1272/328
f 843/1273/2 397/1497/331 396/1274/326
f 844/1275/2 424/1282/332 423/1276/329
f 845/1277/2 411/1284/333 410/1278/330
f 843/1279/2 846/1285/2 398/1280/331
f 833/1256/2 393/1255/323 424/1282/332
f 847/1283/2 412/1288/333 411/1284/333
f 846/1285/2 848/1289/2 399/1286/334
f 849/1287/2 413/1318/336 412/1288/333
f 848/1289/2 850/1294/2 400/1290/335
f 851/1291/2 414/1296/336 413/1292/336
f 850/1294/2 852/1297/2 401/1295/337
f 821/1234/2 415/1233/314 414/1296/336
f 852/1297/2 823/1235/2 402/1237/316
f 510/1298/338 418/1247/339 419/1251/339
f 514/1300/341 422/1270/342 423/1276/342
f 516/1301/344 676/1456/676 708/1302/345
f 520/1304/347 420/1258/348 421/1264/348
f 567/1306/350 392/1167/766 610/1307/351
f 515/1303/346 708/1302/345 609/1309/353
f 382/1188/299 381/1190/300 619/1310/355
f 566/1312/357 565/1326/358 733/1313/358
f 423/1276/329 424/1282/332 671/1315/359
f 534/1317/360 412/1288/361 413/1318/361
f 530/1320/363 414/1296/364 415/1233/364
f 526/1322/366 416/1239/367 417/1243/367
f 514/1300/369 513/1332/379 707/1324/370
f 565/1326/358 364/1228/767 638/1327/372
f 408/1260/373 409/1272/373 536/1328/374
f 410/1278/376 411/1284/376 532/1330/377
f 513/1332/379 390/1172/768 612/1333/380
f 384/1184/297 383/1186/298 617/1334/381
f 404/1241/382 405/1245/382 544/1336/383
f 406/1249/385 407/1253/385 540/1338/386
f 564/1340/388 700/1414/388 732/1341/389
f 421/1264/325 422/1270/327 669/1343/391
f 512/1299/392 674/1433/667 706/1345/393
f 563/1342/390 732/1341/389 637/1347/395
f 396/1274/396 397/1497/396 560/1348/397
f 398/1280/399 399/1286/399 556/1349/400
f 400/1290/402 401/1295/402 552/1351/403
f 402/1237/405 403/1236/405 548/1353/406
f 568/1355/408 424/1282/409 393/1255/409
f 511/1346/394 706/1345/393 613/1357/411
f 572/1358/413 394/1262/414 395/1268/414
f 386/1180/296 385/1182/296 615/1359/416
f 562/1350/417 561/1368/427 731/1361/418
f 419/1251/321 420/1258/324 667/1363/420
f 361/1230/421 571/1365/423 563/1342/422
f 571/1365/423 572/1358/413 564/1340/415
f 510/1298/424 509/1377/444 705/1366/425
f 561/1368/427 366/1223/769 636/1369/428
f 392/1167/429 567/1306/431 569/1370/430
f 567/1306/431 568/1355/408 570/1356/410
f 553/1371/432 547/1372/434 371/1213/433
f 554/1354/407 548/1353/406 547/1372/434
f 557/1373/435 551/1374/437 369/1217/436
f 558/1352/404 552/1351/403 551/1374/437
f 561/1368/438 555/1375/440 367/1221/439
f 562/1350/401 556/1349/400 555/1375/440
f 565/1326/441 559/1376/443 365/1225/442
f 566/1312/398 560/1348/397 559/1376/443
f 509/1377/444 386/1180/770 616/1360/445
f 388/1176/294 387/1178/295 613/1357/446
f 560/1379/447 698/1422/447 730/1380/448
f 417/1243/318 418/1247/318 665/1382/450
f 572/1358/451 704/1455/636 641/1384/452
f 559/1381/449 730/1380/448 635/1385/454
f 570/1356/456 393/1255/771 642/1387/457
f 390/1172/292 389/1174/293 611/1389/458
f 545/1390/459 539/1391/461 375/1205/460
f 546/1339/387 540/1338/386 539/1391/461
f 549/1392/462 543/1393/464 373/1209/463
f 550/1337/384 544/1336/383 543/1393/464
f 558/1352/465 557/1373/471 729/1394/466
f 415/1233/314 416/1239/314 663/1396/467
f 568/1355/468 702/1457/468 671/1315/469
f 557/1373/471 368/1219/772 634/1398/472
f 537/1399/473 531/1400/475 379/1197/474
f 538/1331/378 532/1330/377 531/1400/475
f 541/1401/476 535/1402/478 377/1201/477
f 542/1329/375 536/1328/374 535/1402/478
f 566/1312/357 701/1314/357 643/1403/479
f 392/1167/289 391/1170/291 609/1309/480
f 556/1349/481 696/1430/481 728/1404/482
f 413/1292/336 414/1296/336 661/1405/484
f 384/1184/485 525/1408/487 521/1407/486
f 525/1408/487 526/1322/366 522/1323/368
f 382/1188/488 529/1410/490 523/1409/489
f 529/1410/490 530/1320/363 524/1321/365
f 380/1192/491 533/1412/493 527/1411/492
f 533/1412/493 534/1317/360 528/1319/362
f 564/1340/388 395/1268/494 644/1413/494
f 555/1375/483 728/1404/482 633/1415/495
f 562/1350/417 699/1362/419 645/1416/497
f 554/1354/499 553/1371/504 727/1417/500
f 411/1284/333 412/1288/333 659/1419/502
f 560/1379/447 397/1281/773 646/1421/503
f 553/1371/504 370/1215/774 632/1423/505
f 558/1352/465 697/1395/465 647/1424/506
f 552/1351/508 694/1454/508 726/1425/509
f 410/1278/330 657/1491/511 658/1426/511
f 388/1176/512 519/1428/514 517/1427/513
f 519/1428/514 520/1304/347 518/1305/349
f 556/1349/481 399/1286/775 648/1429/515
f 551/1374/510 726/1425/509 631/1431/516
f 390/1172/518 513/1332/520 515/1303/519
f 513/1332/520 514/1300/341 516/1301/343
f 386/1180/521 509/1377/524 511/1346/522
f 509/1377/524 510/1298/338 512/1299/340
f 677/1432/525 670/1344/526 669/1343/526
f 674/1433/528 668/1364/529 667/1363/529
f 679/1435/531 666/1383/532 665/1382/532
f 680/1436/534 664/1397/535 663/1396/535
f 682/1438/537 662/1406/538 661/1405/538
f 684/1440/540 660/1420/541 659/1419/541
f 658/1426/542 657/1491/542 687/1442/543
f 656/1444/545 655/1492/545 689/1445/546
f 654/1447/548 653/1493/548 691/1448/549
f 652/1450/551 651/1494/551 693/1451/552
f 650/1453/554 649/1495/554 695/1418/555
f 648/1429/557 647/1424/557 697/1395/558
f 646/1421/560 645/1416/560 699/1362/561
f 644/1413/563 643/1403/563 701/1314/564
f 703/1388/565 642/1387/566 641/1384/566
f 676/1456/568 672/1316/569 671/1315/569
f 609/1309/571 708/1302/573 734/1308/572
f 708/1302/573 676/1456/568 702/1457/570
f 639/1458/574 735/1461/576 736/1459/575
f 735/1461/576 703/1388/565 704/1455/567
f 732/1341/577 733/1313/577 638/1327/578
f 700/1414/564 701/1314/564 733/1313/577
f 730/1380/579 731/1361/581 636/1369/580
f 698/1422/562 699/1362/561 731/1361/581
f 728/1404/582 729/1394/584 634/1398/583
f 696/1430/559 697/1395/558 729/1394/584
f 726/1425/585 727/1417/587 632/1423/586
f 694/1454/556 695/1418/555 727/1417/587
f 724/1462/588 725/1465/590 630/1463/589
f 692/1452/553 693/1451/552 725/1465/590
f 722/1466/591 723/1469/593 628/1467/592
f 690/1449/550 691/1448/549 723/1469/593
f 720/1470/594 721/1473/596 626/1471/595
f 688/1446/547 689/1445/546 721/1473/596
f 718/1474/597 719/1477/599 624/1475/598
f 686/1443/544 687/1442/543 719/1477/599
f 621/1478/600 716/1481/601 717/1479/601
f 684/1440/540 685/1441/540 717/1479/601
f 619/1310/602 714/1483/604 715/1482/603
f 714/1483/604 682/1438/537 683/1439/539
f 617/1334/605 712/1485/607 713/1484/606
f 712/1485/607 680/1436/534 681/1437/536
f 615/1359/608 711/1486/610 705/1366/609
f 711/1486/610 679/1435/531 673/1367/533
f 613/1357/611 706/1345/614 710/1487/612
f 706/1345/614 674/1433/528 678/1434/530
f 611/1389/615 709/1488/617 707/1324/616
f 709/1488/617 677/1432/525 675/1325/527
f 568/1355/468 567/1306/350 734/1308/352
f 379/1197/301 621/1478/776 622/1480/618
f 517/1427/619 709/1488/626 611/1389/620
f 569/1370/622 735/1461/627 639/1458/623
f 518/1305/625 677/1432/679 709/1488/626
f 570/1356/456 703/1388/456 735/1461/627
f 377/1201/302 623/1476/628 624/1475/628
f 519/1428/629 388/1176/777 614/1378/630
f 571/1365/632 361/1230/778 640/1460/633
f 520/1304/635 519/1428/629 710/1487/631
f 572/1358/451 571/1365/632 736/1459/634
f 375/1205/303 625/1472/637 626/1471/637
f 521/1407/638 711/1486/642 615/1359/639
f 522/1323/641 679/1435/641 711/1486/642
f 373/1209/304 627/1468/643 628/1467/643
f 523/1409/644 712/1485/648 617/1334/645
f 524/1321/647 680/1436/694 712/1485/648
f 371/1213/306 629/1464/649 630/1463/649
f 525/1408/650 384/1184/779 618/1335/651
f 526/1322/653 525/1408/650 713/1484/652
f 369/1217/308 631/1431/654 632/1423/654
f 527/1489/655 714/1483/659 619/1310/656
f 528/1490/658 682/1438/658 714/1483/659
f 510/1298/424 673/1367/426 665/1382/660
f 367/1221/310 633/1415/662 634/1398/662
f 529/1410/663 382/1188/780 620/1311/664
f 512/1299/392 419/1251/781 668/1364/666
f 530/1320/668 529/1410/663 715/1482/665
f 514/1300/369 675/1325/371 669/1343/670
f 365/1386/311 635/1385/672 636/1369/672
f 531/1400/673 716/1481/673 621/1478/674
f 516/1301/344 423/1276/782 672/1316/675
f 532/1330/677 684/1440/714 716/1481/673
f 518/1305/625 421/1264/783 670/1344/678
f 364/1228/313 363/1227/312 637/1347/680
f 533/1412/682 380/1192/683 622/1480/683
f 520/1304/635 678/1434/635 667/1363/685
f 534/1317/687 533/1412/682 717/1479/684
f 522/1323/641 417/1243/784 666/1383/688
f 361/1230/290 362/1168/290 639/1458/689
f 535/1402/690 718/1474/698 623/1476/691
f 524/1321/647 415/1233/785 664/1397/693
f 393/1255/323 394/1262/323 641/1384/695
f 536/1328/697 686/1443/697 718/1474/698
f 526/1322/653 681/1437/653 663/1396/699
f 537/1399/701 378/1199/786 624/1475/702
f 528/1490/658 413/1292/787 662/1406/704
f 396/1274/326 643/1403/705 644/1413/705
f 538/1331/706 537/1399/701 719/1477/703
f 530/1320/668 683/1439/669 661/1405/708
f 539/1391/710 720/1470/717 625/1472/711
f 532/1330/677 411/1284/713 660/1420/713
f 398/1280/331 645/1416/715 646/1421/715
f 540/1338/716 688/1446/716 720/1470/717
f 534/1317/687 685/1441/687 659/1419/718
f 541/1401/720 376/1203/788 626/1471/721
f 536/1328/697 409/1272/789 658/1426/723
f 400/1290/335 647/1424/724 648/1429/724
f 542/1329/725 541/1401/720 721/1473/722
f 538/1331/706 687/1442/707 657/1491/726
f 543/1393/728 722/1466/734 627/1468/729
f 540/1338/716 407/1253/790 656/1444/731
f 402/1237/316 649/1495/732 650/1453/732
f 544/1336/733 690/1449/741 722/1466/734
f 542/1329/725 689/1445/725 655/1492/735
f 545/1390/737 374/1207/791 628/1467/738
f 544/1336/733 405/1245/792 654/1447/740
f 404/1241/317 651/1494/742 652/1450/742
f 546/1339/743 545/1390/737 723/1469/739
f 546/1339/743 691/1448/744 653/1493/745
f 547/1372/747 724/1462/754 629/1464/748
f 548/1353/750 403/1236/793 652/1450/751
f 406/1249/320 653/1493/753 654/1447/753
f 548/1353/750 692/1452/752 724/1462/754
f 550/1337/755 693/1451/763 651/1494/756
f 549/1392/758 372/1211/794 630/1463/759
f 552/1351/508 401/1295/795 650/1453/761
f 408/1260/322 655/1492/796 656/1444/762
f 550/1337/755 549/1392/758 725/1465/760
f 554/1354/499 695/1418/501 649/1495/764
l 359 325
l 326 360
