# Blender 5.2.0 LTS
# www.blender.org
mtllib rueda_del_der.mtl
o RoverModificado.003
v 5.445287 3.545257 2.993526
v 5.469193 3.606779 3.021643
v 5.479095 3.632263 3.089526
v 5.469193 3.606779 3.157408
v 5.445287 3.545257 3.185526
v 5.421380 3.483735 3.157408
v 5.411478 3.458252 3.089526
v 5.421380 3.483735 3.021643
v 5.518206 3.493122 2.974325
v 5.518207 3.596803 3.008067
v 5.473902 3.619125 3.008067
v 5.518207 3.639748 3.089526
v 5.485785 3.649705 3.089526
v 5.518207 3.596803 3.170985
v 5.473902 3.619125 3.170985
v 5.518206 3.493122 3.204726
v 5.445214 3.545298 3.204726
v 5.518207 3.389442 3.170985
v 5.416526 3.471471 3.170985
v 5.518207 3.346497 3.089526
v 5.404643 3.440892 3.089526
v 5.518207 3.389442 3.008067
v 5.416526 3.471471 3.008067
v 5.445214 3.545298 2.974325
v 5.741981 3.207946 2.750172
v 5.741981 3.405384 2.851035
v 5.829669 3.207946 2.761717
v 5.803563 3.405384 2.859143
v 5.911380 3.207946 2.795563
v 5.860949 3.405384 2.882913
v 5.981548 3.207946 2.849404
v 5.910227 3.405384 2.920725
v 6.035389 3.207946 2.919572
v 5.948040 3.405384 2.970004
v 6.069236 3.207946 3.001285
v 5.971810 3.405384 3.027390
v 6.080781 3.207946 3.088973
v 5.979918 3.405384 3.088973
v 6.069236 3.207946 3.176660
v 5.971810 3.405384 3.150555
v 6.035389 3.207946 3.258372
v 5.948040 3.405384 3.207941
v 5.981548 3.207946 3.328540
v 5.910227 3.405384 3.257219
v 5.911380 3.207946 3.382382
v 5.860949 3.405384 3.295032
v 5.829669 3.207946 3.416228
v 5.803563 3.405384 3.318802
v 5.741981 3.207946 3.427772
v 5.741981 3.405384 3.326910
v 5.654293 3.207946 3.416228
v 5.680398 3.405384 3.318802
v 5.572581 3.207946 3.382382
v 5.623012 3.405384 3.295032
v 5.502413 3.207946 3.328540
v 5.573734 3.405384 3.257219
v 5.448571 3.207946 3.258372
v 5.516067 3.405384 3.231735
v 5.414725 3.207946 3.176660
v 5.516067 3.405384 3.162872
v 5.403181 3.207946 3.088972
v 5.516067 3.405384 3.088972
v 5.414725 3.207946 3.001285
v 5.516067 3.405384 3.015073
v 5.448571 3.207946 2.919572
v 5.516067 3.405384 2.946210
v 5.502413 3.207946 2.849405
v 5.573734 3.405384 2.920725
v 5.572580 3.207946 2.795563
v 5.623012 3.405384 2.882913
v 5.654293 3.207946 2.761716
v 5.680398 3.405384 2.859143
v 5.741981 3.117946 2.851812
v 5.803361 3.117946 2.859893
v 5.860560 3.117946 2.883585
v 5.909678 3.117946 2.921275
v 5.947367 3.117946 2.970392
v 5.971060 3.117946 3.027591
v 5.979141 3.117946 3.088972
v 5.971060 3.117946 3.150354
v 5.947367 3.117946 3.207552
v 5.909678 3.117946 3.256670
v 5.860560 3.117946 3.294359
v 5.803361 3.117946 3.318051
v 5.741981 3.117946 3.326132
v 5.680599 3.117946 3.318051
v 5.623401 3.117946 3.294359
v 5.574283 3.117946 3.256670
v 5.536593 3.117946 3.207552
v 5.512902 3.117946 3.150354
v 5.504821 3.117946 3.088972
v 5.512902 3.117946 3.027591
v 5.536593 3.117946 2.970392
v 5.574283 3.117946 2.921275
v 5.623401 3.117946 2.883585
v 5.680599 3.117946 2.859893
v 5.829669 3.405384 2.761717
v 5.741981 3.405384 2.750172
v 5.911380 3.405384 2.795563
v 5.981548 3.405384 2.849404
v 6.035389 3.405384 2.919572
v 6.069236 3.405384 3.001285
v 6.080781 3.405384 3.088973
v 6.069236 3.405384 3.176660
v 6.035389 3.405384 3.258372
v 5.981548 3.405384 3.328540
v 5.911380 3.405384 3.382382
v 5.829669 3.405384 3.416228
v 5.741981 3.405384 3.427772
v 5.654293 3.405384 3.416228
v 5.572581 3.405384 3.382382
v 5.502413 3.405384 3.328540
v 5.448571 3.405384 3.258372
v 5.414725 3.405384 3.176660
v 5.403181 3.405384 3.088972
v 5.414725 3.405384 3.001285
v 5.448571 3.405384 2.919572
v 5.502413 3.405384 2.849405
v 5.572580 3.405384 2.795563
v 5.654293 3.405384 2.761716
v 5.786320 3.735384 2.923495
v 5.741981 3.735384 2.917657
v 5.827638 3.735384 2.940609
v 5.863119 3.735384 2.967835
v 5.890344 3.735384 3.003315
v 5.907458 3.735384 3.044633
v 5.913295 3.735384 3.088972
v 5.907458 3.735384 3.133312
v 5.890344 3.735384 3.174630
v 5.863119 3.735384 3.210110
v 5.827638 3.735384 3.237335
v 5.786320 3.735384 3.254450
v 5.741981 3.735384 3.260287
v 5.697640 3.735384 3.254450
v 5.656322 3.735384 3.237335
v 5.620842 3.735384 3.210110
v 5.519321 3.735384 3.191761
v 5.519321 3.735384 3.142180
v 5.519321 3.735384 3.088972
v 5.519321 3.735384 3.035765
v 5.519321 3.735384 2.986184
v 5.620842 3.735384 2.967835
v 5.656322 3.735384 2.940609
v 5.697640 3.735384 2.923495
v 5.741981 3.605384 2.750172
v 5.741981 3.605384 3.427772
v 5.654293 3.605384 3.416228
v 5.572581 3.605384 3.382382
v 5.654293 3.605384 2.761716
v 5.572580 3.605384 2.795563
v 5.741981 3.605384 2.851035
v 5.741981 3.605384 3.326910
v 5.680398 3.605384 3.318802
v 5.623012 3.605384 3.295032
v 5.680398 3.605384 2.859143
v 5.623012 3.605384 2.882913
v 2.626778 4.305384 3.382382
v 2.626778 4.705384 3.382382
v 2.626778 4.305384 2.882913
v 2.626778 4.305384 2.795563
v 2.626778 4.705384 2.882913
v 2.626778 4.705384 2.795563
v 4.200593 3.885384 2.795563
v 4.200593 4.085384 2.795563
v 4.200593 3.885384 2.882913
v 4.200593 4.085384 2.882913
v 4.200593 3.888384 3.295032
v 4.200593 4.088385 3.295032
v 4.200593 4.088385 3.382382
v 4.200593 3.888384 3.382382
v 4.200752 3.795384 3.295032
v 4.200752 4.145384 3.382382
v 4.200752 4.145384 3.295032
v 4.200752 3.795384 3.382382
v 4.200752 3.795384 2.795563
v 4.200752 3.795384 2.882913
v 4.200752 4.145384 2.795563
v 4.200752 4.145384 2.882913
v 3.025424 4.436131 2.993526
v 3.044772 4.499919 3.021643
v 3.052786 4.526341 3.089526
v 3.044772 4.499919 3.157408
v 3.025424 4.436131 3.185526
v 3.006077 4.372342 3.157408
v 2.998063 4.345920 3.089526
v 3.006077 4.372342 3.021643
v 2.575058 4.738616 2.984987
v 2.545263 4.640382 2.941686
v 3.105452 4.402088 2.941686
v 2.587400 4.779307 3.089526
v 2.575058 4.738617 3.194064
v 2.545263 4.640382 3.237366
v 2.515468 4.542148 3.194064
v 2.503126 4.501458 3.089526
v 2.515468 4.542148 2.984987
v 3.135247 4.500322 2.984987
v 3.147589 4.541013 3.089526
v 3.135247 4.500323 3.194064
v 3.105452 4.402088 3.237366
v 3.075656 4.303855 3.194064
v 3.063315 4.263165 3.089526
v 3.075656 4.303854 2.984987
v 2.626778 4.705384 3.295032
v 2.626778 4.305384 3.295032
v 2.862874 4.228884 3.382382
v 2.862874 4.621384 3.295032
v 2.862874 4.621384 3.382382
v 2.862874 4.228884 3.295032
v 2.862874 4.228884 2.795563
v 2.862874 4.228884 2.882913
v 2.862874 4.621384 2.795563
v 2.862874 4.621384 2.882913
v 2.629138 4.302763 3.499746
v 2.629138 4.709323 3.499746
v 2.629138 4.709322 2.678200
v 2.629138 4.302763 2.678200
v 2.860513 4.225008 2.678200
v 2.860513 4.623945 3.499746
v 2.860513 4.225008 3.499746
v 2.860513 4.623945 2.678200
v 2.629138 4.677022 2.678200
v 2.626778 4.673160 2.795563
v 2.626778 4.337160 2.795563
v 2.629138 4.335511 2.678200
v 2.626778 4.673160 3.382382
v 2.629138 4.677022 3.499746
v 2.629138 4.335511 3.499746
v 2.626778 4.337160 3.382382
v 2.126798 4.673160 2.795563
v 2.026778 4.573106 2.795563
v 2.056073 4.643855 2.795563
v 2.026778 4.437171 2.795563
v 2.126798 4.337160 2.795563
v 2.056073 4.366453 2.795563
v 2.029139 4.576967 2.678200
v 2.129158 4.677022 2.678200
v 2.058434 4.647717 2.678200
v 2.129158 4.335511 2.678200
v 2.029139 4.435520 2.678200
v 2.058434 4.364803 2.678200
v 2.026778 4.573106 3.382382
v 2.126798 4.673160 3.382382
v 2.056073 4.643855 3.382382
v 2.126798 4.337160 3.382382
v 2.026778 4.437171 3.382382
v 2.056073 4.366453 3.382382
v 2.129158 4.677022 3.499746
v 2.029139 4.576967 3.499746
v 2.058434 4.647717 3.499746
v 2.029139 4.435520 3.499746
v 2.129158 4.335511 3.499746
v 2.058434 4.364803 3.499746
v 2.126798 4.505160 2.795563
v 2.129158 4.506266 2.678200
v 5.620842 3.735384 3.088972
v 5.845559 1.573558 2.424334
v 5.980343 1.573547 2.424334
v 5.895429 1.550091 2.424334
v 5.944763 1.550087 2.424334
v 5.632699 1.829985 2.424335
v 5.671738 1.701777 2.424335
v 5.620408 1.789347 2.424335
v 5.634696 1.742419 2.424335
v 5.980343 1.573547 2.232334
v 5.845559 1.573558 2.232334
v 5.944763 1.550087 2.232334
v 5.895429 1.550091 2.232334
v 5.671738 1.701777 2.232335
v 5.632699 1.829985 2.232335
v 5.634696 1.742419 2.232335
v 5.620408 1.789347 2.232335
v 5.855941 3.409781 2.148896
v 5.759032 3.469167 2.148896
v 5.648516 3.442634 2.148896
v 5.589129 3.345726 2.148896
v 5.615663 3.235209 2.148896
v 5.712571 3.175824 2.148896
v 5.823088 3.202356 2.148896
v 5.882473 3.299265 2.148896
v 6.247441 2.668840 2.424334
v 6.247441 2.668840 2.232334
v 6.595083 2.412403 2.232334
v 6.595083 2.412403 2.424334
v 6.525422 3.047817 2.424334
v 6.525422 3.047817 2.232334
v 5.848906 3.542355 2.424334
v 5.647305 3.541408 2.424335
v 5.511272 3.355954 2.424335
v 5.570925 3.163378 2.424335
v 5.493287 3.294737 2.424335
v 5.515121 3.224249 2.424335
v 5.647305 3.541408 2.232335
v 5.848906 3.542355 2.232334
v 5.570925 3.163378 2.232335
v 5.511272 3.355954 2.232335
v 5.515120 3.224249 2.232335
v 5.493287 3.294737 2.232335
v 6.655787 2.951653 2.232334
v 6.754773 2.630111 2.232334
v 6.748576 2.849911 2.232334
v 6.784808 2.732218 2.232334
v 6.754773 2.630111 2.424334
v 6.655787 2.951653 2.424334
v 6.784808 2.732218 2.424334
v 6.748576 2.849911 2.424334
v 5.855941 3.409781 2.589695
v 5.759033 3.469167 2.589695
v 5.648516 3.442634 2.589695
v 5.589129 3.345726 2.589695
v 5.615663 3.235209 2.589695
v 5.712572 3.175824 2.589695
v 5.823088 3.202357 2.589695
v 5.882473 3.299265 2.589695
v 5.741982 3.234461 3.525192
v 5.741982 3.408876 3.525192
v 5.632373 3.234461 3.510761
v 5.632373 3.408876 3.510761
v 5.530231 3.234461 3.468453
v 5.530231 3.408876 3.468453
v 5.442523 3.234461 3.401152
v 5.442523 3.408876 3.401152
v 5.375221 3.234461 3.313442
v 5.375221 3.408876 3.313442
v 5.332912 3.234461 3.211302
v 5.332912 3.408876 3.211302
v 5.318481 3.234461 3.101692
v 5.318481 3.408876 3.101692
v 5.332912 3.234461 2.992082
v 5.332912 3.408876 2.992082
v 5.375220 3.234461 2.889942
v 5.375220 3.408876 2.889942
v 5.442523 3.234461 2.802232
v 5.442523 3.408876 2.802232
v 5.530231 3.234461 2.734930
v 5.530231 3.408876 2.734930
v 5.632371 3.234461 2.692622
v 5.632371 3.408876 2.692622
v 5.741982 3.234461 2.678192
v 5.741982 3.408876 2.678192
v 5.851592 3.234461 2.692622
v 5.851592 3.408876 2.692622
v 5.953732 3.234461 2.734930
v 5.953732 3.408876 2.734930
v 6.041440 3.234461 2.802232
v 6.041440 3.408876 2.802232
v 6.108744 3.234461 2.889941
v 6.108744 3.408876 2.889941
v 6.151052 3.234461 2.992082
v 6.151052 3.408876 2.992082
v 6.165483 3.234461 3.101692
v 6.165483 3.408876 3.101692
v 6.151052 3.234461 3.211301
v 6.151052 3.408876 3.211301
v 6.108744 3.234461 3.313442
v 6.108744 3.408876 3.313442
v 6.041441 3.234461 3.401151
v 6.041441 3.408876 3.401151
v 5.953732 3.234461 3.468453
v 5.953732 3.408876 3.468453
v 5.851592 3.234461 3.510761
v 5.851592 3.408876 3.510761
v 6.069238 3.408876 3.189380
v 5.981550 3.408876 3.341260
v 6.035392 3.408876 3.271092
v 5.829669 3.408876 3.428948
v 5.911382 3.408876 3.395101
v 5.654294 3.408876 3.428948
v 5.741982 3.408876 3.440492
v 6.069238 3.408876 3.014004
v 5.981550 3.408876 2.862124
v 6.035391 3.408876 2.932292
v 5.829669 3.408876 2.774436
v 5.654294 3.408876 2.774436
v 5.741982 3.408876 2.762892
v 5.911382 3.408876 2.808283
v 5.502415 3.408876 3.341260
v 5.502414 3.408876 2.862124
v 5.403182 3.408876 3.101692
v 5.414726 3.408876 3.189380
v 5.448573 3.408876 2.932292
v 5.414726 3.408876 3.014004
v 5.448573 3.408876 3.271092
v 6.080781 3.408876 3.101692
v 5.572582 3.408876 2.808283
v 5.572582 3.408876 3.395102
v 5.741982 3.234461 3.440492
v 5.572582 3.234461 3.395102
v 5.654294 3.234461 3.428948
v 5.414726 3.234461 3.189380
v 5.448573 3.234461 3.271092
v 5.403182 3.234461 3.101692
v 5.502415 3.234461 3.341260
v 5.911382 3.234461 2.808283
v 5.741982 3.234461 2.762892
v 5.829669 3.234461 2.774436
v 5.572582 3.234461 2.808283
v 5.654294 3.234461 2.774436
v 5.448573 3.234461 2.932292
v 5.502414 3.234461 2.862124
v 6.080781 3.234461 3.101692
v 6.069238 3.234461 3.014004
v 6.069238 3.234461 3.189380
v 5.911382 3.234461 3.395101
v 5.981550 3.234461 3.341260
v 6.035391 3.234461 2.932292
v 6.035392 3.234461 3.271092
v 5.981550 3.234461 2.862124
v 5.414726 3.234461 3.014004
v 5.829669 3.234461 3.428948
v 5.632371 3.234461 2.587812
v 5.632371 3.408876 2.587812
v 5.741982 3.234461 2.587812
v 5.741982 3.408876 2.587812
v 5.851592 3.234461 2.587812
v 5.851592 3.408876 2.587812
v 6.009943 1.659398 2.232334
v 6.083148 1.732603 2.232334
v 6.109944 1.832603 2.232334
v 6.083148 1.932603 2.232334
v 5.709945 1.832603 2.232335
v 5.736740 1.932603 2.232335
v 5.809945 2.005808 2.232334
v 5.736740 1.732603 2.232335
v 5.809945 1.659398 2.232334
v 6.009943 2.005809 2.232334
v 5.954108 1.644437 2.232334
v 5.909945 2.032604 2.232334
v 5.909945 1.632603 2.232334
v 6.083148 1.732603 2.424334
v 5.736740 1.932603 2.424334
v 5.909945 2.032604 2.424334
v 5.809945 2.005808 2.424334
v 5.909945 1.632603 2.424334
v 6.009943 1.659398 2.424334
v 5.925780 1.636847 2.424334
v 6.109944 1.832603 2.424334
v 5.709945 1.832603 2.424334
v 6.009943 2.005809 2.424334
v 5.736740 1.732603 2.424334
v 5.809945 1.659398 2.424334
v 5.825779 1.655155 2.424334
v 6.083148 1.932603 2.424334
v 5.709915 3.352867 2.424334
v 5.709915 3.352867 2.232334
v 6.811276 1.832600 3.625331
v 6.793992 1.657113 3.625331
v 6.742805 1.488370 3.625331
v 6.659680 1.332856 3.625331
v 6.547815 1.196546 3.625331
v 6.411505 1.084680 3.625331
v 6.255991 1.001556 3.625331
v 6.087246 0.950368 3.625331
v 5.911761 0.933084 3.625332
v 5.736274 0.950368 3.625332
v 5.567531 1.001555 3.625332
v 5.412015 1.084680 3.625332
v 5.275707 1.196546 3.625332
v 5.163840 1.332856 3.625333
v 5.080717 1.488370 3.625333
v 5.029529 1.657113 3.625333
v 5.012245 1.832600 3.625333
v 5.029529 2.008087 3.625333
v 5.080716 2.176830 3.625333
v 5.163841 2.332344 3.625332
v 5.275707 2.468654 3.625332
v 5.412015 2.580520 3.625332
v 5.567531 2.663644 3.625332
v 5.736274 2.714832 3.625332
v 5.911761 2.732116 3.625332
v 6.087246 2.714832 3.625331
v 6.255991 2.663644 3.625331
v 6.411505 2.580520 3.625331
v 6.547815 2.468654 3.625331
v 6.659680 2.332344 3.625331
v 6.742805 2.176830 3.625331
v 6.793992 2.008087 3.625331
v 4.924322 2.493765 2.485333
v 6.811275 1.832600 2.585331
v 6.793990 1.657113 2.585331
v 6.742804 1.488370 2.585331
v 6.659679 1.332856 2.585331
v 6.547812 1.196546 2.585331
v 6.411504 1.084680 2.585331
v 6.255990 1.001556 2.585331
v 6.087245 0.950368 2.585332
v 5.911758 0.933084 2.585332
v 5.736273 0.950368 2.585332
v 5.567530 1.001556 2.585332
v 5.412014 1.084680 2.585332
v 5.275706 1.196546 2.585332
v 5.163839 1.332856 2.585333
v 5.080715 1.488370 2.585333
v 5.029528 1.657113 2.585333
v 5.012244 1.832600 2.585333
v 5.029528 2.008087 2.585333
v 5.080715 2.176830 2.585333
v 5.163839 2.332344 2.585333
v 5.275706 2.468654 2.585333
v 5.412014 2.580520 2.585332
v 5.567530 2.663644 2.585332
v 5.736272 2.714832 2.585332
v 5.911758 2.732116 2.585332
v 6.087245 2.714832 2.585332
v 6.255990 2.663644 2.585331
v 6.411503 2.580520 2.585331
v 6.547812 2.468654 2.585331
v 6.659679 2.332344 2.585331
v 6.742804 2.176830 2.585331
v 6.793990 2.008087 2.585331
v 4.813431 2.286301 3.685333
v 4.924323 2.493765 3.685333
v 4.813431 2.286301 3.685333
v 4.924322 2.493765 2.485333
v 4.924323 2.493765 3.685333
v 6.916004 1.631457 2.585331
v 6.935598 1.830392 2.585331
v 6.857978 1.440166 2.585331
v 6.763747 1.263872 2.585331
v 6.636932 1.109349 2.585331
v 6.482409 0.982535 2.585331
v 6.306116 0.888303 2.585331
v 6.114825 0.830276 2.585331
v 5.915890 0.810683 2.585332
v 5.716954 0.830276 2.585332
v 5.525664 0.888303 2.585332
v 5.349370 0.982535 2.585332
v 5.194846 1.109349 2.585333
v 5.068032 1.263872 2.585333
v 4.973801 1.440166 2.585333
v 4.915774 1.631457 2.585333
v 4.896180 1.830392 2.585333
v 4.915774 2.029328 2.585333
v 4.973801 2.220618 2.585333
v 5.068033 2.396912 2.585333
v 5.194846 2.551436 2.585333
v 5.349370 2.678250 2.585332
v 5.525664 2.772481 2.585332
v 5.716954 2.830509 2.585332
v 5.915890 2.850102 2.585332
v 6.114825 2.830509 2.585331
v 6.306116 2.772481 2.585331
v 6.482409 2.678250 2.585331
v 6.636932 2.551436 2.585331
v 6.763747 2.396912 2.585331
v 6.857978 2.220618 2.585331
v 6.916004 2.029328 2.585331
v 6.940311 1.832600 3.625330
v 6.920548 1.631939 3.625331
v 6.862019 1.438990 3.625331
v 6.766970 1.261167 3.625331
v 6.639056 1.105304 3.625331
v 6.483194 0.977391 3.625331
v 6.305371 0.882342 3.625331
v 6.112422 0.823812 3.625331
v 5.911761 0.804048 3.625332
v 5.711100 0.823812 3.625332
v 5.518151 0.882342 3.625332
v 5.340328 0.977390 3.625332
v 5.184464 1.105304 3.625332
v 5.056551 1.261167 3.625333
v 4.961503 1.438990 3.625333
v 4.902973 1.631939 3.625333
v 4.883209 1.832600 3.625333
v 4.902973 2.033260 3.625333
v 4.961503 2.226209 3.625333
v 5.056551 2.404033 3.625333
v 5.184464 2.559896 3.625333
v 5.340328 2.687809 3.625332
v 5.518151 2.782857 3.625332
v 5.711100 2.841388 3.625332
v 5.911761 2.861152 3.625332
v 6.112422 2.841388 3.625331
v 6.305371 2.782857 3.625331
v 6.483192 2.687809 3.625331
v 6.639056 2.559896 3.625331
v 6.766970 2.404033 3.625331
v 6.862019 2.226209 3.625331
v 6.920548 2.033260 3.625330
v 5.911760 1.929072 3.565330
v 5.863523 1.916147 3.565330
v 5.828213 1.880836 3.565330
v 5.815288 1.832600 3.565330
v 5.828213 1.784364 3.565330
v 5.863523 1.749052 3.565330
v 5.911760 1.736127 3.565330
v 5.959997 1.749052 3.565330
v 5.995307 1.784364 3.565330
v 6.008233 1.832600 3.565330
v 5.995307 1.880836 3.565330
v 5.959997 1.916147 3.565330
v 5.911760 2.032600 3.441996
v 5.911760 2.032600 3.288663
v 5.811759 2.005805 3.288663
v 5.811759 2.005805 3.441996
v 5.738554 1.932600 3.288663
v 5.738554 1.932600 3.441997
v 5.711760 1.832600 3.288663
v 5.711760 1.832600 3.441997
v 5.738554 1.732600 3.288663
v 5.738554 1.732600 3.441997
v 5.811759 1.659395 3.288663
v 5.811759 1.659395 3.441997
v 5.911760 1.632600 3.288663
v 5.911760 1.632600 3.441996
v 6.011760 1.659395 3.288663
v 6.011760 1.659395 3.441996
v 6.084965 1.732600 3.288663
v 6.084965 1.732600 3.441996
v 6.111760 1.832600 3.288663
v 6.111760 1.832600 3.441996
v 6.084965 1.932600 3.288663
v 6.084965 1.932600 3.441996
v 6.011760 2.005805 3.288663
v 6.011760 2.005805 3.441996
v 5.730587 2.708748 2.941996
v 5.730586 2.708748 2.688663
v 5.630586 2.681953 2.688663
v 5.630587 2.681953 2.941997
v 5.062407 2.113773 2.688664
v 5.062407 2.113773 2.941997
v 5.035612 2.013773 2.688664
v 5.035612 2.013773 2.941997
v 5.243580 1.237625 2.688664
v 5.243580 1.237625 2.941997
v 5.316785 1.164420 2.688664
v 5.316785 1.164420 2.941997
v 6.092933 0.956452 2.688663
v 6.092933 0.956452 2.941996
v 6.192933 0.983247 2.688663
v 6.192934 0.983247 2.941996
v 6.761112 1.551426 2.688662
v 6.761112 1.551426 2.941995
v 6.787907 1.651426 2.688662
v 6.787908 1.651426 2.941995
v 6.579938 2.427574 2.688662
v 6.579938 2.427574 2.941996
v 6.506733 2.500779 2.688663
v 6.506733 2.500779 2.941996
v 5.911760 2.032600 3.565330
v 5.811759 2.005805 3.565330
v 5.738554 1.932600 3.565330
v 5.711761 1.832600 3.565330
v 5.738554 1.732600 3.565330
v 5.811759 1.659395 3.565330
v 5.911760 1.632600 3.565330
v 6.011760 1.659395 3.565330
v 6.084965 1.732600 3.565330
v 6.111760 1.832600 3.565330
v 6.084965 1.932600 3.565330
v 6.011760 2.005805 3.565330
v 5.911760 1.929072 3.465330
v 5.863523 1.916147 3.465330
v 5.828213 1.880836 3.465330
v 5.815288 1.832600 3.465330
v 5.828213 1.784364 3.465330
v 5.863523 1.749052 3.465330
v 5.911760 1.736127 3.465330
v 5.959996 1.749052 3.465330
v 5.995307 1.784364 3.465330
v 6.008233 1.832600 3.465330
v 5.995307 1.880836 3.465330
v 5.959996 1.916147 3.465330
v 6.134044 2.934399 2.914665
v 6.133162 2.938388 3.295998
v 6.345071 2.870384 2.914665
v 6.344798 2.874189 3.295998
v 6.849920 2.456065 2.914664
v 6.851103 2.458675 3.295997
v 6.953875 2.261581 2.914664
v 6.955356 2.263631 3.295997
v 6.710021 2.626532 2.914664
v 6.710800 2.629634 3.295998
v 6.539556 2.766430 2.914664
v 6.539843 2.769936 3.295998
v 5.914582 2.956014 2.914665
v 5.913068 2.960065 3.295998
v 5.484093 2.870384 2.914665
v 5.481338 2.874189 3.295999
v 5.695121 2.934399 2.914665
v 5.692974 2.938388 3.295999
v 5.119142 2.626532 2.914666
v 5.115335 2.629634 3.295999
v 5.289608 2.766430 2.914666
v 5.286294 2.769935 3.295999
v 4.875288 2.261581 2.914666
v 4.870780 2.263631 3.296000
v 4.979244 2.456065 2.914666
v 4.975034 2.458675 3.295999
v 4.789659 1.831091 2.914666
v 4.784904 1.831901 3.296000
v 4.811275 2.050553 2.914666
v 4.806581 2.051995 3.296000
v 4.875288 1.400602 2.914666
v 4.870780 1.400171 3.296000
v 4.811275 1.611630 2.914666
v 4.806581 1.611807 3.296000
v 5.119142 1.035651 2.914666
v 5.115335 1.034168 3.295999
v 4.979243 1.206118 2.914666
v 4.975034 1.205126 3.296000
v 5.484093 0.791798 2.914665
v 5.481338 0.789612 3.295999
v 5.289608 0.895752 2.914666
v 5.286294 0.893866 3.295999
v 5.914582 0.706169 2.914665
v 5.913068 0.703736 3.295998
v 5.695121 0.727784 2.914665
v 5.692974 0.725413 3.295999
v 6.345071 0.791798 2.914665
v 6.344798 0.789613 3.295998
v 6.134044 0.727784 2.914665
v 6.133162 0.725413 3.295998
v 6.710021 1.035651 2.914664
v 6.710800 1.034168 3.295997
v 6.539556 0.895752 2.914664
v 6.539843 0.893866 3.295998
v 6.953875 1.400602 2.914664
v 6.955356 1.400171 3.295997
v 6.849920 1.206118 2.914664
v 6.851103 1.205126 3.295997
v 7.017887 2.050553 2.914664
v 7.019554 2.051995 3.295997
v 7.039503 1.831091 2.914664
v 7.041231 1.831901 3.295997
v 7.017887 1.611630 2.914664
v 7.019554 1.611807 3.295997
v 5.911758 2.032600 2.850885
v 5.911758 2.032600 2.753108
v 5.811759 2.005805 2.753108
v 5.811759 2.005805 2.850885
v 5.738554 1.932600 2.753108
v 5.738554 1.932600 2.850886
v 5.711760 1.832600 2.753108
v 5.711760 1.832600 2.850886
v 5.738554 1.732600 2.753108
v 5.738554 1.732600 2.850886
v 5.811759 1.659395 2.753108
v 5.811759 1.659395 2.850886
v 5.911758 1.632600 2.753108
v 5.911760 1.632600 2.850885
v 6.011759 1.659395 2.753108
v 6.011760 1.659395 2.850885
v 6.084965 1.732600 2.753107
v 6.084965 1.732600 2.850885
v 6.111760 1.832600 2.753107
v 6.111760 1.832600 2.850885
v 6.084965 1.932600 2.753107
v 6.084965 1.932600 2.850885
v 6.011759 2.005805 2.753107
v 6.011760 2.005805 2.850885
v 5.316783 2.500779 2.753108
v 5.316783 2.500779 2.850886
v 5.243578 2.427574 2.753108
v 5.243578 2.427574 2.850886
v 5.630586 0.983247 2.753108
v 5.630586 0.983247 2.850886
v 5.730586 0.956452 2.753108
v 5.730586 0.956452 2.850886
v 6.787907 2.013773 2.753107
v 6.787907 2.013773 2.850884
v 6.761112 2.113773 2.753107
v 6.761112 2.113773 2.850884
v 6.900463 2.238128 2.590531
v 6.961103 2.038230 2.590531
v 6.669472 2.583833 2.590531
v 6.801992 2.422356 2.590531
v 6.323769 2.814825 2.590532
v 6.507996 2.716353 2.590532
v 5.915983 2.895939 2.590532
v 6.123869 2.875464 2.590532
v 5.508195 2.814825 2.590533
v 5.708095 2.875464 2.590532
v 5.162492 2.583833 2.590533
v 5.323968 2.716353 2.590533
v 4.931499 2.238128 2.590533
v 5.029972 2.422356 2.590533
v 4.850387 1.830343 2.590533
v 4.870862 2.038230 2.590533
v 4.931499 1.422556 2.590533
v 4.870862 1.622455 2.590533
v 5.162492 1.076852 2.590533
v 5.029972 1.238329 2.590533
v 5.508197 0.845860 2.590533
v 5.323968 0.944332 2.590533
v 5.915983 0.764747 2.590532
v 5.708095 0.785222 2.590532
v 6.323768 0.845860 2.590532
v 6.123869 0.785222 2.590532
v 6.669472 1.076852 2.590531
v 6.507996 0.944332 2.590531
v 6.900463 1.422557 2.590531
v 6.801992 1.238329 2.590531
v 6.981578 1.830343 2.590531
v 6.961103 1.622455 2.590531
v 6.965851 1.622959 3.620131
v 6.986504 1.832650 3.620131
v 6.805361 1.235503 3.620131
v 6.904685 1.421328 3.620131
v 6.508814 0.938956 3.620131
v 6.671690 1.072626 3.620131
v 6.121357 0.778466 3.620132
v 6.322989 0.839630 3.620132
v 5.701978 0.778466 3.620132
v 5.911668 0.757814 3.620132
v 5.314521 0.938956 3.620133
v 5.500346 0.839630 3.620132
v 5.017973 1.235503 3.620133
v 5.151644 1.072625 3.620133
v 4.857484 1.622959 3.620133
v 4.918649 1.421327 3.620133
v 4.857484 2.042340 3.620133
v 4.836832 1.832650 3.620133
v 5.017973 2.429797 3.620133
v 4.918649 2.243971 3.620133
v 5.314519 2.726343 3.620133
v 5.151644 2.592673 3.620133
v 5.701978 2.886833 3.620132
v 5.500346 2.825668 3.620132
v 6.121357 2.886833 3.620132
v 5.911668 2.907486 3.620132
v 6.508814 2.726343 3.620131
v 6.322989 2.825668 3.620132
v 6.805361 2.429797 3.620131
v 6.671690 2.592674 3.620131
v 6.965851 2.042340 3.620131
v 6.904685 2.243971 3.620131
v 6.155096 3.049077 3.294092
v 6.387895 2.978458 3.294092
v 6.944829 2.521393 3.294091
v 7.059508 2.306844 3.294091
v 6.790498 2.709447 3.294091
v 6.602444 2.863779 3.294091
v 5.912992 3.072922 3.294092
v 5.438088 2.978458 3.294093
v 5.670888 3.049077 3.294092
v 5.035486 2.709447 3.294093
v 5.223540 2.863779 3.294093
v 4.766475 2.306844 3.294093
v 4.881155 2.521393 3.294093
v 4.672010 1.831941 3.294093
v 4.695857 2.074045 3.294093
v 4.766476 1.357038 3.294093
v 4.695857 1.589838 3.294093
v 5.035487 0.954435 3.294093
v 4.881155 1.142489 3.294093
v 5.438090 0.685425 3.294092
v 5.223540 0.800103 3.294093
v 5.912992 0.590961 3.294092
v 5.670888 0.614805 3.294092
v 6.387895 0.685425 3.294091
v 6.155096 0.614805 3.294092
v 6.790498 0.954435 3.294091
v 6.602444 0.800103 3.294091
v 7.059508 1.357038 3.294091
v 6.944829 1.142489 3.294091
v 7.130127 2.074045 3.294091
v 7.153973 1.831941 3.294091
v 7.130127 1.589838 3.294091
v 6.156065 3.044689 2.916572
v 6.388196 2.974273 2.916572
v 6.943529 2.518522 2.916571
v 7.057879 2.304589 2.916571
v 6.789641 2.706035 2.916571
v 6.602128 2.859924 2.916571
v 5.914658 3.068465 2.916572
v 5.441120 2.974273 2.916573
v 5.673250 3.044689 2.916572
v 5.039673 2.706035 2.916573
v 5.227187 2.859923 2.916573
v 4.771436 2.304589 2.916573
v 4.885786 2.518522 2.916573
v 4.677243 1.831051 2.916573
v 4.701020 2.072459 2.916573
v 4.771436 1.357513 2.916573
v 4.701020 1.589643 2.916573
v 5.039674 0.956067 2.916573
v 4.885785 1.143580 2.916573
v 5.441120 0.687829 2.916573
v 5.227187 0.802178 2.916573
v 5.914658 0.593637 2.916572
v 5.673250 0.617414 2.916572
v 6.388196 0.687829 2.916572
v 6.156065 0.617414 2.916572
v 6.789641 0.956067 2.916571
v 6.602128 0.802178 2.916571
v 7.057879 1.357513 2.916571
v 6.943529 1.143580 2.916571
v 7.128294 2.072458 2.916571
v 7.152071 1.831051 2.916571
v 7.128294 1.589643 2.916571
v 5.781237 2.519719 3.261348
v 5.808466 2.418095 3.399916
v 5.833879 2.323253 3.484077
v 5.872540 2.178967 3.506938
v 5.708467 2.391300 3.399916
v 5.681237 2.492924 3.261348
v 5.772541 2.152172 3.506938
v 5.733880 2.296458 3.484077
v 5.565392 1.871819 3.506938
v 5.421107 1.910480 3.484077
v 5.326265 1.935893 3.399916
v 5.224641 1.963123 3.261348
v 5.447902 2.010480 3.484077
v 5.592187 1.971819 3.506938
v 5.251436 2.063123 3.261348
v 5.353060 2.035893 3.399916
v 6.118908 2.112953 3.506938
v 6.224533 2.218577 3.484077
v 6.293962 2.288007 3.399915
v 6.368356 2.362401 3.261347
v 6.297737 2.145372 3.484077
v 6.192113 2.039748 3.506938
v 6.441561 2.289196 3.261347
v 6.367167 2.214802 3.399915
v 6.375618 1.654720 3.484077
v 6.231333 1.693381 3.506938
v 6.572083 1.602077 3.261347
v 6.470459 1.629307 3.399915
v 6.497256 1.729307 3.399915
v 6.598879 1.702076 3.261347
v 6.258128 1.793381 3.506938
v 6.402412 1.754720 3.484077
v 6.050980 1.513027 3.506938
v 6.089641 1.368742 3.484077
v 6.115054 1.273900 3.399916
v 6.142282 1.172276 3.261347
v 5.989641 1.341947 3.484077
v 5.950979 1.486232 3.506938
v 6.042284 1.145481 3.261348
v 6.015053 1.247105 3.399916
v 5.525783 1.519827 3.484077
v 5.631407 1.625451 3.506938
v 5.381958 1.376004 3.261348
v 5.456353 1.450398 3.399916
v 5.529558 1.377193 3.399916
v 5.455163 1.302799 3.261348
v 5.704612 1.552246 3.506938
v 5.598988 1.446622 3.484077
v 5.911758 2.032600 2.232663
v 5.811759 2.005805 2.232663
v 5.738554 1.932600 2.232663
v 5.711759 1.832600 2.232663
v 5.738554 1.732600 2.232663
v 5.811759 1.659395 2.232663
v 5.911758 1.632600 2.232663
v 6.011759 1.659395 2.232663
v 6.084964 1.732600 2.232663
v 6.111759 1.832600 2.232663
v 6.084964 1.932600 2.232663
v 6.011759 2.005805 2.232663
v 5.781759 2.057766 1.951084
v 5.911758 2.092600 1.951084
v 5.911758 2.092600 2.232617
v 5.686592 1.962600 1.951084
v 5.651759 1.832600 1.951084
v 5.686592 1.702600 1.951084
v 5.781759 1.607433 1.951084
v 5.911758 1.572600 1.951084
v 6.041759 1.607433 1.951084
v 6.136925 1.702600 1.951083
v 6.171759 1.832600 1.951083
v 6.136925 1.962600 1.951083
v 6.041759 2.057766 1.951083
v 5.781759 2.057766 2.232617
v 5.686593 1.962600 2.232617
v 5.651759 1.832600 2.232617
v 5.686593 1.702600 2.232617
v 5.781759 1.607433 2.232617
v 5.911758 1.572600 2.232617
v 6.041759 1.607433 2.232617
v 6.136926 1.702600 2.232617
v 6.171759 1.832600 2.232617
v 6.136926 1.962600 2.232617
v 6.041759 2.057766 2.232617
v 5.542840 2.723251 3.625332
v 5.723687 2.778110 3.625332
v 5.723687 0.887090 3.625332
v 5.542840 0.941949 3.625332
v 5.911761 2.796634 3.625332
v 5.376173 1.031035 3.625332
v 6.099833 2.778110 3.625331
v 5.230086 1.150925 3.625332
v 6.280680 2.723251 3.625331
v 5.110196 1.297011 3.625333
v 6.447349 2.634165 3.625331
v 5.021110 1.463680 3.625333
v 6.875794 1.832600 3.625331
v 6.857270 1.644526 3.625331
v 6.593435 2.514275 3.625331
v 4.966250 1.644526 3.625333
v 6.802410 1.463680 3.625331
v 6.713325 2.368188 3.625331
v 4.947727 1.832600 3.625333
v 6.713326 1.297011 3.625331
v 6.802410 2.201520 3.625331
v 4.966249 2.020674 3.625333
v 6.593435 1.150925 3.625331
v 6.857270 2.020674 3.625331
v 5.021110 2.201520 3.625333
v 6.447349 1.031035 3.625331
v 5.110196 2.368188 3.625332
v 6.280680 0.941949 3.625331
v 5.230086 2.514275 3.625332
v 6.099833 0.887090 3.625331
v 5.376172 2.634165 3.625332
v 5.911761 0.868566 3.625332
v 6.854999 1.644285 2.585331
v 6.800390 1.464268 2.585331
v 6.711713 1.298364 2.585331
v 6.592372 1.152947 2.585331
v 6.446957 1.033607 2.585331
v 6.281052 0.944929 2.585331
v 6.101036 0.890322 2.585332
v 5.913825 0.871883 2.585332
v 5.726614 0.890322 2.585332
v 5.546597 0.944929 2.585332
v 5.380692 1.033607 2.585332
v 5.235276 1.152947 2.585332
v 5.115936 1.298364 2.585333
v 5.027257 1.464268 2.585333
v 4.972651 1.644285 2.585333
v 4.954212 1.831496 2.585333
v 4.972651 2.018707 2.585333
v 5.027257 2.198724 2.585333
v 5.115936 2.364628 2.585333
v 5.235276 2.510045 2.585333
v 5.380692 2.629385 2.585332
v 5.546597 2.718063 2.585332
v 5.726614 2.772670 2.585332
v 5.913825 2.791109 2.585332
v 6.101036 2.772670 2.585332
v 6.281053 2.718063 2.585331
v 6.446957 2.629385 2.585331
v 6.592372 2.510045 2.585331
v 6.711713 2.364628 2.585331
v 6.800391 2.198724 2.585331
v 6.854999 2.018707 2.585331
v 6.873436 1.831496 2.585331
v 5.881759 2.144566 3.338342
v 5.826266 2.351670 3.305527
v 5.816081 2.389678 3.271799
v 5.776996 2.535546 3.072902
v 5.726264 2.324875 3.305527
v 5.781759 2.117771 3.338342
v 5.676996 2.508751 3.072902
v 5.716081 2.362883 3.271799
v 5.208813 1.967364 3.072902
v 5.354681 1.928279 3.271800
v 5.392690 1.918094 3.305527
v 5.599793 1.862601 3.338342
v 5.626589 1.962601 3.338342
v 5.419485 2.018094 3.305527
v 5.381476 2.028278 3.271800
v 5.235608 2.067364 3.072902
v 6.379941 2.373987 3.072901
v 6.273160 2.267204 3.271799
v 6.245336 2.239380 3.305527
v 6.093725 2.087770 3.338341
v 6.346363 2.193999 3.271799
v 6.453146 2.300782 3.072901
v 6.166930 2.014565 3.338341
v 6.318540 2.166175 3.305527
v 6.430830 1.747105 3.305527
v 6.223726 1.802598 3.338341
v 6.614706 1.697836 3.072901
v 6.468838 1.736921 3.271799
v 6.442044 1.636921 3.271799
v 6.587911 1.597836 3.072901
v 6.196930 1.702598 3.338341
v 6.404035 1.647105 3.305527
v 6.146523 1.156448 3.072902
v 6.107439 1.302316 3.271799
v 6.097255 1.340325 3.305527
v 6.041760 1.547428 3.338342
v 6.007439 1.275522 3.271799
v 6.046524 1.129653 3.072902
v 5.941761 1.520633 3.338342
v 5.997255 1.313530 3.305527
v 5.656590 1.650635 3.338342
v 5.504980 1.499024 3.305527
v 5.477156 1.471200 3.271800
v 5.370372 1.364417 3.072902
v 5.578185 1.425819 3.305527
v 5.729795 1.577430 3.338342
v 5.443577 1.291212 3.072902
v 5.550361 1.397995 3.271800
vn -0.4804 0.1605 0.8622
vn -0.2029 0.1582 0.9663
vn -0.4016 0.1140 0.9087
vn 0.1716 -0.7487 -0.6403
vn -0.0000 -0.7487 -0.6629
vn -0.0000 -1.0000 -0.0000
vn -0.0000 -0.7487 0.6629
vn -0.1716 -0.7487 0.6403
vn -0.6629 -0.7487 -0.0000
vn -0.6403 -0.7487 0.1716
vn -0.1716 -0.7487 -0.6403
vn -0.3315 -0.7487 -0.5741
vn 0.6404 -0.7487 -0.1716
vn 0.6629 -0.7487 -0.0000
vn 0.6403 -0.7487 -0.1716
vn 0.3315 -0.7487 0.5741
vn 0.1716 -0.7487 0.6403
vn -0.5741 -0.7487 0.3315
vn -0.4688 -0.7487 0.4688
vn -0.4688 -0.7487 -0.4688
vn -0.5741 -0.7487 -0.3315
vn 0.5741 -0.7487 -0.3315
vn 0.4688 -0.7487 -0.4688
vn 0.4688 -0.7487 0.4688
vn 0.5741 -0.7487 0.3315
vn -0.3315 -0.7487 0.5741
vn -0.6403 -0.7487 -0.1716
vn 0.3315 -0.7487 -0.5741
vn 0.6403 -0.7487 0.1716
vn -0.6404 -0.7487 -0.1716
vn 0.6404 -0.7487 0.1716
vn -0.2588 -0.0000 -0.9659
vn -0.1305 -0.0000 -0.9914
vn -0.0438 -0.0000 -0.9990
vn -0.0000 1.0000 -0.0000
vn -0.2588 -0.0000 0.9659
vn -0.1761 -0.0000 0.9844
vn -0.3723 -0.0000 0.9281
vn 0.1305 -0.0000 0.9914
vn 0.2588 -0.0000 0.9659
vn 0.8489 0.1979 0.4901
vn 0.6931 0.1979 0.6931
vn -0.2537 0.1979 -0.9468
vn -0.0000 0.1979 -0.9802
vn 0.4901 0.1979 -0.8489
vn 0.2537 0.1979 -0.9468
vn -1.0000 0.0099 -0.0000
vn 0.4901 0.1979 0.8489
vn 0.6931 0.1979 -0.6931
vn 0.2537 0.1979 0.9468
vn 0.8489 0.1979 -0.4901
vn -0.0000 0.1979 0.9802
vn 0.9468 0.1979 -0.2537
vn -0.2537 0.1979 0.9468
vn 0.9802 0.1979 -0.0000
vn -0.4804 0.1605 -0.8622
vn -0.2029 0.1582 -0.9663
vn -0.4069 0.1858 -0.8944
vn -0.4901 0.1979 0.8489
vn 0.9468 0.1979 0.2537
vn -0.4901 0.1979 -0.8489
vn -0.4069 0.1858 0.8944
vn 0.1246 0.9896 0.0720
vn 0.1239 0.9897 -0.0715
vn 0.1886 0.9764 -0.1056
vn 0.2588 -0.0000 -0.9659
vn 0.1305 -0.0000 -0.9914
vn 0.2177 -0.0000 -0.9760
vn -0.0438 -0.0000 0.9990
vn 0.1767 -0.0000 0.9843
vn 0.2176 -0.0000 0.9760
vn -0.3722 -0.0000 -0.9282
vn 1.0000 -0.0000 -0.0000
vn 0.9998 -0.0000 0.0201
vn -0.0000 -0.0000 -1.0000
vn -0.3082 -0.9513 -0.0000
vn -0.3082 -0.9513 0.0075
vn -0.3107 -0.9505 0.0104
vn 0.3352 0.9421 -0.0000
vn 0.3391 0.9406 0.0157
vn 0.3391 0.9406 -0.0158
vn 0.3382 0.9409 -0.0206
vn 0.3352 0.9421 -0.0046
vn -0.3082 -0.9513 -0.0075
vn -0.0000 -0.0000 1.0000
vn 0.3298 0.9440 -0.0076
vn -0.3150 -0.9326 0.1763
vn -0.3298 -0.9440 0.0071
vn -0.3302 -0.9439 -0.0000
vn -0.1762 -0.0000 -0.9844
vn 0.1897 0.9761 0.1062
vn 0.3317 0.9434 0.0071
vn 0.3321 0.9433 -0.0000
vn -0.3167 -0.9318 -0.1773
vn -0.3317 -0.9434 -0.0076
vn -0.3161 -0.9310 -0.1825
vn 0.1766 -0.0000 -0.9843
vn -0.3107 -0.9505 -0.0104
vn 0.3382 0.9409 0.0206
vn 0.3459 0.9375 0.0384
vn -0.3111 -0.9502 0.0214
vn -0.3183 -0.9472 0.0377
vn 0.9998 -0.0000 -0.0201
vn -0.3111 -0.9502 -0.0214
vn -0.9998 -0.0000 0.0201
vn -0.9998 -0.0000 -0.0201
vn -0.0000 0.9995 -0.0329
vn -0.1919 0.9810 -0.0284
vn -0.0000 0.9995 0.0329
vn -0.1919 0.9810 0.0284
vn -0.1983 0.9797 0.0282
vn -0.0000 -0.9999 0.0140
vn -0.1923 -0.9813 0.0099
vn -0.0000 -0.9999 -0.0140
vn -0.1923 -0.9813 -0.0099
vn -0.1978 -0.9802 -0.0098
vn -0.9802 -0.1972 0.0169
vn -0.9816 0.1906 0.0135
vn -0.9811 -0.1929 0.0170
vn -0.9816 0.1906 -0.0135
vn -0.9802 -0.1972 -0.0169
vn -0.9811 -0.1929 -0.0170
vn -0.3827 0.9236 0.0227
vn -0.9239 0.3826 -0.0060
vn -0.9798 0.1994 -0.0132
vn -0.9238 -0.3827 -0.0132
vn -0.3826 -0.9239 0.0053
vn -0.1978 -0.9802 0.0098
vn -0.3827 -0.9239 0.0053
vn -0.9798 0.1994 0.0131
vn -0.9239 0.3826 0.0060
vn -0.3827 0.9236 -0.0227
vn -0.1983 0.9797 -0.0283
vn -0.3826 -0.9239 -0.0053
vn -0.3827 -0.9239 -0.0053
vn -0.9238 -0.3827 0.0132
vn -0.4016 0.1140 -0.9087
vn -0.0000 1.0000 -0.0001
vn -0.0000 1.0000 0.0001
vn -0.1305 -0.0000 0.9914
vn 0.3352 0.9421 0.0046
vn 0.3459 0.9375 -0.0384
vn 0.3391 0.9406 -0.0157
vn 0.1760 -0.0000 0.9844
vn 0.1891 0.9763 -0.1052
vn 0.3302 0.9439 -0.0000
vn 0.3298 0.9440 -0.0071
vn -0.3144 -0.9318 0.1815
vn -0.3168 -0.9319 -0.1768
vn -0.3321 -0.9433 -0.0000
vn -0.3317 -0.9434 -0.0071
vn -0.1756 -0.0000 0.9845
vn -0.3183 -0.9472 -0.0377
vn -0.1345 -0.3653 -0.9211
vn -0.1353 -0.3678 -0.9200
vn -0.1353 -0.3679 -0.9200
vn -0.3199 -0.8696 -0.3762
vn -0.3202 -0.8706 -0.3736
vn -0.3202 -0.8706 -0.3735
vn -0.3202 -0.8706 0.3736
vn -0.3199 -0.8696 0.3762
vn -0.3202 -0.8706 0.3735
vn -0.1353 -0.3678 0.9200
vn -0.1345 -0.3653 0.9211
vn -0.1353 -0.3679 0.9200
vn 0.1354 0.3678 0.9200
vn 0.1346 0.3653 0.9211
vn 0.3207 0.8704 0.3736
vn 0.3204 0.8694 0.3762
vn 0.3204 0.8694 -0.3762
vn 0.3207 0.8704 -0.3736
vn 0.3207 0.8704 -0.3735
vn 0.1346 0.3653 -0.9211
vn 0.1354 0.3678 -0.9200
vn -0.1345 -0.3652 -0.9211
vn 0.1345 0.3652 0.9211
vn 0.1345 0.3652 -0.9211
vn -0.5000 -0.0000 0.8660
vn -0.7071 -0.0000 0.7071
vn -0.8660 -0.0000 0.5000
vn -0.9659 -0.0000 0.2588
vn -1.0000 -0.0000 -0.0000
vn -0.9659 -0.0000 -0.2588
vn -0.8660 -0.0000 -0.5000
vn -0.7071 -0.0000 -0.7071
vn -0.5000 -0.0000 -0.8660
vn -0.3827 -0.0000 -0.9239
vn 0.3827 -0.0000 -0.9239
vn 0.5000 -0.0000 -0.8660
vn 0.7071 -0.0000 -0.7071
vn 0.8660 -0.0000 -0.5000
vn 0.9659 -0.0000 -0.2588
vn 0.9659 -0.0000 0.2588
vn 0.8660 -0.0000 0.5000
vn 0.7071 -0.0000 0.7071
vn 0.5000 -0.0000 0.8660
vn 0.0005 1.0000 -0.0000
vn -0.0000 0.9999 -0.0148
vn -0.0000 0.9998 0.0221
vn -0.0000 -0.9999 0.0149
vn 0.0002 -0.9999 -0.0114
vn 0.1951 -0.9808 -0.0000
vn -0.1951 -0.9808 -0.0000
vn 0.3827 -0.9239 -0.0000
vn -0.3827 -0.9239 -0.0000
vn -0.5556 -0.8315 -0.0000
vn 0.5556 -0.8315 -0.0000
vn -0.7071 -0.7071 -0.0000
vn 0.7071 -0.7071 -0.0000
vn 0.8315 -0.5556 -0.0000
vn -0.8315 -0.5556 -0.0000
vn -0.9239 -0.3827 -0.0000
vn 0.9239 -0.3827 -0.0000
vn 0.9808 -0.1951 -0.0000
vn -0.9808 -0.1951 -0.0000
vn -0.9808 0.1951 -0.0000
vn 0.9808 0.1951 -0.0000
vn -0.9239 0.3827 -0.0000
vn 0.9239 0.3827 -0.0000
vn 0.8315 0.5556 -0.0000
vn -0.8315 0.5556 -0.0000
vn 0.7071 0.7071 -0.0000
vn -0.7071 0.7071 -0.0000
vn -0.5556 0.8315 -0.0000
vn 0.5556 0.8315 -0.0000
vn -0.3827 0.9239 -0.0000
vn 0.3827 0.9239 -0.0000
vn -0.1951 0.9808 -0.0000
vn 0.1951 0.9808 -0.0000
vn -0.0007 -0.0004 1.0000
vn -0.0008 -0.0000 1.0000
vn 0.0007 0.0004 1.0000
vn 0.0004 0.0007 1.0000
vn -0.0004 0.0007 1.0000
vn -0.0000 0.0008 1.0000
vn 0.0004 -0.0007 1.0000
vn 0.0007 -0.0004 1.0000
vn -0.0004 -0.0007 1.0000
vn -0.0007 0.0004 1.0000
vn 0.0008 -0.0000 1.0000
vn -0.0000 -0.0008 1.0000
vn 0.4210 0.9071 -0.0000
vn 0.0890 0.9960 -0.0000
vn 0.9960 0.0890 -0.0000
vn 0.9071 0.4210 -0.0000
vn 0.5751 -0.8181 -0.0000
vn 0.8181 -0.5751 -0.0000
vn 0.3805 -0.1020 -0.9191
vn 0.1219 -0.0327 -0.9920
vn -0.4210 -0.9071 -0.0000
vn -0.0890 -0.9960 -0.0000
vn -0.9960 -0.0890 -0.0000
vn -0.9071 -0.4210 -0.0000
vn -0.5751 0.8181 -0.0000
vn -0.8181 0.5751 -0.0000
vn 0.6806 0.6806 0.2714
vn 0.9659 -0.2588 -0.0000
vn 0.9297 -0.2491 0.2714
vn 0.2588 -0.9659 -0.0000
vn 0.2491 -0.9297 0.2714
vn -0.6806 -0.6806 0.2714
vn -0.9659 0.2588 -0.0000
vn -0.9297 0.2491 0.2714
vn -0.2491 0.9297 0.2714
vn -0.2588 0.9659 -0.0000
vn -0.5838 -0.5838 0.5643
vn 0.7974 -0.2137 0.5643
vn 0.2785 0.2785 -0.9191
vn 0.0892 0.0892 -0.9920
vn 0.2588 0.9659 -0.0000
vn 0.1020 -0.3805 -0.9191
vn 0.0327 -0.1219 -0.9920
vn -0.3805 0.1020 -0.9191
vn -0.1219 0.0327 -0.9920
vn 0.2785 0.2785 0.9191
vn 0.0892 0.0892 0.9920
vn -0.3805 0.1020 0.9191
vn -0.1219 0.0327 0.9920
vn 0.9659 0.2588 -0.0000
vn 0.8270 -0.2216 -0.5167
vn 0.8753 -0.2345 -0.4229
vn 0.2216 -0.8270 -0.5167
vn 0.2345 -0.8753 -0.4229
vn 0.1020 -0.3805 0.9191
vn 0.0327 -0.1219 0.9920
vn -0.1080 0.4029 0.9089
vn -0.1884 0.7029 0.6859
vn -0.2588 -0.9659 -0.0000
vn -0.6054 -0.6054 -0.5167
vn -0.6408 -0.6408 -0.4229
vn 0.4029 -0.1080 -0.9089
vn 0.7029 -0.1884 -0.6859
vn -0.7974 0.2137 0.5643
vn 0.3805 -0.1020 0.9191
vn 0.1219 -0.0327 0.9920
vn -0.4029 0.1080 0.9089
vn -0.7029 0.1883 0.6859
vn -0.2949 -0.2949 -0.9089
vn -0.5146 -0.5146 -0.6859
vn 0.5838 0.5838 0.5643
vn -0.2785 -0.2785 0.9191
vn -0.0892 -0.0892 0.9920
vn 0.2949 0.2949 0.9089
vn 0.5146 0.5146 0.6859
vn -0.4029 0.1079 -0.9089
vn -0.7029 0.1884 -0.6859
vn -0.4029 0.1080 -0.9089
vn 0.4029 -0.1080 0.9089
vn 0.7029 -0.1884 0.6859
vn -0.8270 0.2216 -0.5167
vn -0.8753 0.2345 -0.4229
vn -0.2216 0.8270 -0.5167
vn -0.2345 0.8753 -0.4229
vn -0.9659 -0.2588 -0.0000
vn -0.1079 0.4029 -0.9089
vn -0.1883 0.7029 -0.6859
vn -0.1080 0.4029 -0.9089
vn 0.2137 -0.7974 0.5643
vn -0.1020 0.3805 0.9191
vn -0.0327 0.1219 0.9920
vn 0.1080 -0.4029 0.9089
vn 0.1883 -0.7029 0.6859
vn 0.1884 -0.7029 0.6859
vn -0.2949 -0.2949 0.9089
vn -0.5146 -0.5146 0.6859
vn 0.6054 0.6054 -0.5167
vn 0.6408 0.6408 -0.4229
vn -0.2785 -0.2785 -0.9191
vn -0.0892 -0.0892 -0.9920
vn 0.2949 0.2949 -0.9089
vn 0.5146 0.5146 -0.6859
vn 0.5000 0.8660 -0.0000
vn 0.8181 0.5751 -0.0000
vn 0.9960 -0.0890 -0.0000
vn 0.8660 -0.5000 -0.0000
vn 0.5000 -0.8660 -0.0000
vn 0.0890 -0.9960 -0.0000
vn -0.5751 -0.8181 -0.0000
vn -0.8660 -0.5000 -0.0000
vn -0.9071 0.4210 -0.0000
vn -0.4210 0.9071 -0.0000
vn -0.2137 0.7974 0.5643
vn -0.4029 0.1079 0.9089
vn 0.8660 0.5000 -0.0000
vn -0.5000 -0.8660 -0.0000
vn -0.8660 0.5000 -0.0000
vn -0.5000 0.8660 -0.0000
vn 0.1884 -0.7029 -0.6859
vn -0.7029 0.1883 -0.6859
vn -0.1020 0.3805 -0.9191
vn -0.0327 0.1219 -0.9920
vn 0.1079 -0.4029 -0.9089
vn 0.1080 -0.4029 -0.9089
vn 0.5860 0.1714 0.7920
vn 0.3346 -0.4632 0.8207
vn 0.1436 -0.9279 0.3442
vn 0.1436 -0.9279 -0.3442
vn 0.1436 -0.9278 -0.3442
vn 0.3346 -0.4632 -0.8207
vn -0.9309 0.3651 0.0030
vn -0.9305 0.3663 -0.0000
vn -0.9321 0.3622 -0.0043
vn -0.9310 0.3651 -0.0031
vn -0.9332 0.3593 -0.0030
vn -0.9337 0.3581 -0.0000
vn -0.9321 0.3622 0.0043
vn -0.9332 0.3593 0.0031
vn -0.9310 0.3651 0.0031
vn -0.9309 0.3651 -0.0030
vn -0.9332 0.3593 -0.0031
vn -0.9332 0.3593 0.0030
vn -0.2382 -0.3139 -0.9191
vn -0.2389 -0.3113 -0.9198
vn -0.2422 -0.3003 -0.9226
vn -0.5885 -0.7215 -0.3648
vn -0.5903 -0.7174 -0.3699
vn -0.5924 -0.7127 -0.3757
vn -0.5903 -0.7174 0.3700
vn -0.5885 -0.7215 0.3648
vn -0.5924 -0.7127 0.3757
vn -0.2389 -0.3113 0.9198
vn -0.2382 -0.3139 0.9191
vn -0.2422 -0.3002 0.9226
vn 0.1945 0.3296 0.9239
vn 0.2043 0.3172 0.9261
vn 0.2160 0.3022 0.9285
vn 0.3159 0.8646 0.3907
vn 0.3775 0.8279 0.4149
vn 0.4071 0.8080 0.4260
vn 0.3775 0.8279 -0.4149
vn 0.3154 0.8649 -0.3905
vn 0.4071 0.8080 -0.4260
vn 0.2043 0.3172 -0.9261
vn 0.1945 0.3296 -0.9239
vn 0.2160 0.3022 -0.9285
vn 0.1529 0.3594 -0.9206
vn 0.3629 0.8531 -0.3749
vn 0.3629 0.8531 0.3749
vn 0.1529 0.3594 0.9206
vn -0.1529 -0.3594 0.9206
vn -0.3629 -0.8531 0.3749
vn -0.3629 -0.8531 -0.3749
vn -0.1529 -0.3594 -0.9206
vn 0.7449 0.5873 0.3165
vn 0.7449 0.5873 -0.3165
vn 0.5860 0.1714 -0.7920
vn -0.2341 -0.3274 -0.9154
vn -0.5862 -0.7266 -0.3583
vn -0.5903 -0.7174 0.3699
vn -0.5862 -0.7266 0.3583
vn -0.2341 -0.3274 0.9154
vn 0.1770 0.3514 0.9193
vn 0.3154 0.8649 0.3905
vn 0.2724 0.8870 0.3727
vn 0.3771 0.8281 0.4148
vn 0.2724 0.8870 -0.3727
vn 0.1770 0.3514 -0.9193
vn -0.8947 0.4467 -0.0000
vn -0.8066 0.5911 -0.0000
vn -0.5122 -0.8589 -0.0000
vn -0.6696 -0.7427 -0.0000
vn 0.6894 -0.7244 -0.0000
vn 0.5505 -0.8349 -0.0000
vn -0.0001 -1.0000 -0.0000
vn -0.2182 -0.9759 -0.0000
vn -0.9572 0.2895 -0.0000
vn -0.9566 -0.2913 -0.0000
vn -0.8691 -0.4946 -0.0000
vn -0.8692 -0.4945 -0.0000
vn -0.6696 -0.7428 -0.0000
vn 0.5225 0.8526 -0.0000
vn -0.2334 0.9724 -0.0000
vn -0.8526 0.5225 -0.0000
vn -0.9724 -0.2334 -0.0000
vn -0.5225 -0.8526 -0.0000
vn 0.2334 -0.9724 -0.0000
vn 0.8526 -0.5225 -0.0000
vn 0.9724 0.2334 -0.0000
vn -0.5901 -0.8073 -0.0000
vn -0.6669 -0.7452 -0.0000
vn 0.8065 -0.5913 -0.0000
vn 0.6694 0.7429 -0.0000
vn 0.5919 0.8060 -0.0000
vn 0.5901 0.8073 -0.0000
vn -0.8964 0.4433 -0.0000
vn -0.8063 0.5915 -0.0000
vn -0.8672 -0.4979 -0.0000
vn -0.9552 -0.2959 -0.0000
vn -0.9595 0.2819 -0.0000
vn -0.9594 0.2819 -0.0000
vn 0.6695 0.7429 -0.0000
vn 0.8683 0.4960 -0.0000
vn 0.9557 0.2942 -0.0000
vn 0.9594 -0.2822 -0.0000
vn 0.8963 -0.4435 -0.0000
vn -0.0047 1.0000 -0.0000
vn 0.0003 -0.0002 -1.0000
vn 0.5505 -0.8348 -0.0000
vn -0.9724 -0.2335 -0.0000
vn 0.0392 0.0119 -0.9992
vn 0.0407 -0.0040 -0.9992
vn 0.0391 0.0119 -0.9992
vn 0.0317 0.0260 -0.9992
vn 0.0316 0.0259 -0.9992
vn 0.0193 0.0362 -0.9992
vn 0.0193 0.0361 -0.9992
vn 0.0040 0.0408 -0.9992
vn -0.0119 0.0393 -0.9992
vn -0.0261 0.0318 -0.9992
vn -0.0260 0.0317 -0.9992
vn -0.0362 0.0194 -0.9992
vn -0.0409 0.0040 -0.9992
vn -0.0393 -0.0119 -0.9992
vn -0.0317 -0.0260 -0.9992
vn -0.0193 -0.0361 -0.9992
vn -0.0193 -0.0362 -0.9992
vn -0.0040 -0.0407 -0.9992
vn -0.0040 -0.0408 -0.9992
vn 0.0119 -0.0391 -0.9992
vn 0.0119 -0.0392 -0.9992
vn 0.0259 -0.0316 -0.9992
vn 0.0361 -0.0193 -0.9992
vn 0.0360 -0.0193 -0.9992
vn -0.0118 0.0388 0.9992
vn -0.0191 -0.0358 0.9992
vn -0.0040 -0.0405 0.9992
vn -0.0192 -0.0359 0.9992
vn 0.0040 0.0404 0.9992
vn -0.0313 -0.0257 0.9992
vn -0.0314 -0.0258 0.9992
vn 0.0192 0.0359 0.9992
vn -0.0388 -0.0118 0.9992
vn 0.0405 -0.0040 0.9992
vn 0.0191 0.0358 0.9992
vn 0.0315 0.0258 0.9992
vn 0.0359 -0.0192 0.9992
vn 0.0314 0.0258 0.9992
vn -0.0403 0.0040 0.9992
vn 0.0390 0.0118 0.9992
vn -0.0404 0.0040 0.9992
vn 0.0258 -0.0315 0.9992
vn 0.0389 0.0118 0.9992
vn -0.0357 0.0191 0.9992
vn 0.0118 -0.0389 0.9992
vn 0.0118 -0.0390 0.9992
vn -0.0257 0.0313 0.9992
vn -0.0040 -0.0404 0.9992
vn 0.2874 0.9476 0.1397
vn 0.2780 0.9165 0.2875
vn 0.2875 0.9477 0.1389
vn 0.8729 0.4666 0.1429
vn 0.8439 0.4511 0.2904
vn 0.8730 0.4666 0.1422
vn -0.3832 0.9236 -0.0039
vn -0.3822 0.9241 -0.0037
vn -0.3820 0.9241 -0.0037
vn 0.6280 0.7652 0.1414
vn 0.6073 0.7400 0.2890
vn 0.6281 0.7653 0.1406
vn 0.1945 -0.9809 0.0031
vn 0.1934 -0.9811 0.0034
vn 0.1947 -0.9809 0.0030
vn -0.3808 0.9246 -0.0042
vn -0.3806 0.9247 -0.0042
vn -0.0719 0.0876 -0.9936
vn -0.0719 0.0877 -0.9935
vn -0.5556 -0.8314 -0.0005
vn -0.5555 -0.8315 -0.0005
vn 0.1075 0.0326 0.9937
vn -0.7658 0.6285 0.1360
vn -0.7411 0.6082 0.2844
vn -0.7658 0.6285 0.1359
vn -0.4670 0.8736 0.1368
vn -0.4519 0.8454 0.2849
vn -0.4670 0.8737 0.1364
vn -0.0971 0.9856 0.1381
vn -0.0939 0.9536 0.2860
vn -0.0971 0.9857 0.1374
vn 0.5561 -0.8311 0.0044
vn 0.5551 -0.8318 0.0042
vn 0.5562 -0.8310 0.0044
vn -0.5554 -0.8316 -0.0005
vn -0.9539 -0.0940 0.2849
vn -0.9858 -0.0971 0.1368
vn -0.9859 -0.0971 0.1364
vn -0.9174 0.2783 0.2844
vn -0.9480 0.2876 0.1360
vn -0.9481 0.2876 0.1359
vn 0.5549 -0.8319 0.0043
vn 0.5537 -0.8327 0.0047
vn -0.0329 0.1085 -0.9936
vn -0.0329 0.1084 -0.9936
vn -0.6076 -0.7404 0.2875
vn -0.6282 -0.7654 0.1397
vn -0.6282 -0.7655 0.1389
vn -0.8451 -0.4517 0.2860
vn -0.8735 -0.4669 0.1381
vn -0.8736 -0.4669 0.1374
vn 0.3826 0.9239 -0.0005
vn 0.3827 0.9239 -0.0005
vn 0.3828 0.9238 -0.0005
vn 0.0868 0.0712 0.9937
vn -0.9242 0.3820 -0.0050
vn -0.9236 0.3833 -0.0048
vn -0.9235 0.3835 -0.0048
vn 0.3829 0.9238 -0.0005
vn 0.7393 -0.6067 0.2921
vn 0.7649 -0.6277 0.1444
vn 0.7649 -0.6278 0.1443
vn 0.4509 -0.8436 0.2915
vn 0.4665 -0.8727 0.1439
vn 0.4665 -0.8728 0.1435
vn 0.0938 -0.9523 0.2904
vn 0.0970 -0.9850 0.1429
vn 0.0970 -0.9851 0.1422
vn -0.2779 -0.9161 0.2890
vn -0.2874 -0.9473 0.1414
vn -0.2874 -0.9474 0.1406
vn 0.9848 0.0970 0.1439
vn 0.9520 0.0938 0.2915
vn 0.9849 0.0970 0.1435
vn -0.9229 0.3851 -0.0054
vn -0.9228 0.3853 -0.0054
vn 0.9469 -0.2872 0.1444
vn 0.9152 -0.2776 0.2921
vn 0.9469 -0.2872 0.1443
vn 0.0111 0.1127 -0.9936
vn -0.8317 -0.5553 -0.0024
vn -0.8313 -0.5558 -0.0023
vn -0.8317 -0.5552 -0.0024
vn 0.0529 0.0989 0.9937
vn 0.9131 -0.2770 -0.2992
vn 0.9458 -0.2869 -0.1519
vn 0.9459 -0.2869 -0.1518
vn 0.9809 -0.1944 0.0048
vn 0.9807 -0.1957 0.0046
vn 0.9809 -0.1943 0.0048
vn -0.8312 -0.5559 -0.0023
vn -0.8308 -0.5566 -0.0025
vn 0.9494 0.0935 -0.2997
vn 0.9835 0.0969 -0.1527
vn 0.9836 0.0969 -0.1523
vn -0.2867 -0.9453 -0.1556
vn -0.2767 -0.9122 -0.3022
vn -0.2868 -0.9454 -0.1548
vn 0.0968 -0.9833 -0.1540
vn 0.0935 -0.9491 -0.3008
vn 0.0969 -0.9834 -0.1533
vn 0.4659 -0.8716 -0.1527
vn 0.4497 -0.8414 -0.2997
vn 0.4659 -0.8716 -0.1523
vn 0.7640 -0.6270 -0.1519
vn 0.7376 -0.6053 -0.2992
vn 0.7641 -0.6270 -0.1518
vn 0.9806 -0.1959 0.0046
vn 0.9803 -0.1975 0.0051
vn 0.0533 0.0998 -0.9936
vn 0.7073 0.7069 0.0015
vn 0.7070 0.7072 0.0014
vn 0.7069 0.7073 0.0014
vn 0.0110 0.1115 0.9937
vn -0.1949 -0.9808 0.0014
vn -0.1943 -0.9809 0.0015
vn -0.1943 -0.9809 0.0016
vn 0.7066 0.7076 0.0016
vn 0.7065 0.7077 0.0016
vn -0.0004 1.0000 -0.0024
vn -0.0012 1.0000 -0.0025
vn 0.0874 0.0717 -0.9936
vn -0.8707 -0.4654 -0.1587
vn -0.8399 -0.4489 -0.3052
vn -0.8708 -0.4655 -0.1580
vn -0.6265 -0.7634 -0.1573
vn -0.6044 -0.7365 -0.3037
vn -0.6266 -0.7635 -0.1564
vn -0.9809 -0.1945 -0.0039
vn -0.9807 -0.1956 -0.0037
vn -0.0325 0.1072 0.9937
vn 0.1956 -0.9807 0.0032
vn 0.1967 -0.9805 0.0034
vn 0.1969 -0.9804 0.0034
vn -0.9806 -0.1958 -0.0037
vn -0.9804 -0.1971 -0.0041
vn -0.9446 0.2865 -0.1603
vn -0.9108 0.2763 -0.3068
vn -0.9446 0.2865 -0.1601
vn -0.9824 -0.0968 -0.1598
vn -0.9474 -0.0933 -0.3062
vn -0.9825 -0.0968 -0.1593
vn -0.5558 -0.8313 -0.0005
vn 0.1081 0.0328 -0.9936
vn 0.9241 0.3822 0.0032
vn 0.9237 0.3831 0.0030
vn 0.9237 0.3832 0.0031
vn -0.0710 0.0865 0.9937
vn -0.0933 0.9477 -0.3052
vn -0.0968 0.9826 -0.1587
vn -0.0968 0.9827 -0.1580
vn -0.4487 0.8396 -0.3062
vn -0.4653 0.8706 -0.1598
vn -0.4654 0.8707 -0.1593
vn -0.7357 0.6038 -0.3068
vn -0.7630 0.6262 -0.1603
vn -0.7630 0.6262 -0.1601
vn 0.3824 0.9240 -0.0005
vn 0.9232 0.3842 0.0034
vn 0.9232 0.3844 0.0034
vn -0.8322 -0.5545 -0.0025
vn -0.8322 -0.5544 -0.0025
vn -0.9806 0.1958 -0.0048
vn -0.9809 0.1945 -0.0046
vn -0.9806 0.1959 -0.0048
vn -0.0987 0.0528 0.9937
vn 0.7076 0.7066 0.0016
vn -0.9809 0.1942 -0.0046
vn -0.9813 0.1926 -0.0051
vn -0.9812 -0.1931 -0.0041
vn -0.9812 -0.1929 -0.0042
vn 1.0000 -0.0007 0.0044
vn 1.0000 0.0006 0.0042
vn 1.0000 0.0008 0.0043
vn -0.1114 0.0110 0.9937
vn 0.6047 0.7369 -0.3022
vn 0.6267 0.7636 -0.1556
vn 0.6267 0.7637 -0.1548
vn 0.9245 0.3811 0.0034
vn 1.0000 0.0023 0.0047
vn 1.0000 0.0025 0.0048
vn 0.8411 0.4496 -0.3008
vn 0.8714 0.4658 -0.1540
vn 0.8715 0.4658 -0.1533
vn 0.2766 0.9117 -0.3037
vn 0.2867 0.9450 -0.1573
vn 0.2867 0.9452 -0.1564
vn 0.7529 0.6179 0.2269
vn 0.6889 0.5654 0.4535
vn 0.7531 0.6180 0.2256
vn 0.4593 0.8592 0.2253
vn 0.4204 0.7866 0.4523
vn 0.4594 0.8595 0.2239
vn 0.0955 0.9700 0.2236
vn 0.0875 0.8882 0.4510
vn 0.0956 0.9703 0.2223
vn -0.2830 0.9330 0.2221
vn -0.2592 0.8546 0.4500
vn -0.2831 0.9333 0.2211
vn -0.6187 0.7539 0.2209
vn -0.5668 0.6906 0.4493
vn -0.6188 0.7540 0.2204
vn -0.8602 0.4598 0.2204
vn -0.7880 0.4212 0.4490
vn -0.8891 0.0876 0.4493
vn -0.9706 0.0956 0.2209
vn -0.9707 0.0956 0.2204
vn -0.8546 -0.2592 0.4500
vn -0.9330 -0.2830 0.2221
vn -0.9333 -0.2831 0.2211
vn -0.6899 -0.5662 0.4510
vn -0.7534 -0.6183 0.2236
vn -0.7537 -0.6185 0.2223
vn -0.4204 -0.7866 0.4523
vn -0.4593 -0.8592 0.2253
vn -0.4594 -0.8595 0.2239
vn -0.0874 -0.8869 0.4535
vn -0.0955 -0.9692 0.2269
vn -0.0955 -0.9695 0.2256
vn 0.2586 -0.8523 0.4546
vn 0.2826 -0.9317 0.2281
vn 0.2827 -0.9319 0.2271
vn 0.5648 -0.6882 0.4553
vn 0.6176 -0.7525 0.2288
vn 0.6176 -0.7526 0.2282
vn 0.7851 -0.4196 0.4556
vn 0.8585 -0.4589 0.2288
vn 0.9688 -0.0954 0.2288
vn 0.8860 -0.0873 0.4553
vn 0.9689 -0.0954 0.2282
vn 0.9317 0.2826 0.2281
vn 0.8523 0.2586 0.4546
vn 0.9319 0.2827 0.2271
vn 0.8486 0.2574 -0.4622
vn 0.9295 0.2820 -0.2377
vn 0.9297 0.2820 -0.2367
vn 0.8829 -0.0870 -0.4615
vn 0.9669 -0.0952 -0.2366
vn 0.8829 -0.0869 -0.4615
vn 0.9671 -0.0953 -0.2361
vn 0.8570 -0.4581 -0.2360
vn 0.7825 -0.4183 -0.4612
vn 0.6164 -0.7511 -0.2366
vn 0.5628 -0.6858 -0.4615
vn 0.6165 -0.7512 -0.2361
vn 0.2820 -0.9295 -0.2377
vn 0.2574 -0.8486 -0.4622
vn 0.2820 -0.9297 -0.2367
vn -0.0952 -0.9663 -0.2392
vn -0.0869 -0.8820 -0.4632
vn -0.0952 -0.9666 -0.2380
vn -0.4575 -0.8560 -0.2409
vn -0.4175 -0.7810 -0.4645
vn -0.4175 -0.7810 -0.4644
vn -0.4577 -0.8563 -0.2395
vn -0.7499 -0.6155 -0.2424
vn -0.6841 -0.5614 -0.4657
vn -0.7502 -0.6157 -0.2412
vn -0.9281 -0.2815 -0.2436
vn -0.8463 -0.2567 -0.4667
vn -0.9283 -0.2816 -0.2427
vn -0.9650 0.0950 -0.2443
vn -0.8798 0.0867 -0.4674
vn -0.9652 0.0951 -0.2438
vn -0.7795 0.4167 -0.4676
vn -0.8552 0.4571 -0.2444
vn -0.5608 0.6834 -0.4674
vn -0.6152 0.7496 -0.2443
vn -0.6152 0.7497 -0.2438
vn -0.2567 0.8463 -0.4667
vn -0.2815 0.9281 -0.2436
vn -0.2816 0.9283 -0.2427
vn 0.0867 0.8807 -0.4657
vn 0.0951 0.9655 -0.2424
vn 0.0951 0.9658 -0.2412
vn 0.4175 0.7810 -0.4645
vn 0.4575 0.8560 -0.2409
vn 0.4577 0.8563 -0.2395
vn 0.6851 0.5622 -0.4632
vn 0.7506 0.6160 -0.2392
vn 0.7508 0.6162 -0.2380
vn -0.1000 0.0535 -0.9936
vn -0.7065 0.7077 -0.0046
vn -0.7053 0.7089 -0.0051
vn -0.7051 0.7091 -0.0052
vn 0.0004 1.0000 -0.0023
vn 0.0012 1.0000 -0.0025
vn 0.0014 1.0000 -0.0026
vn -0.7076 0.7066 -0.0048
vn -0.7066 0.7076 -0.0046
vn 0.0003 1.0000 -0.0023
vn -0.1128 0.0111 -0.9936
vn 0.8310 -0.5563 0.0048
vn 0.8300 -0.5577 0.0054
vn 0.8311 -0.5561 0.0048
vn -0.1954 -0.9807 0.0014
vn -0.1958 -0.9806 0.0016
vn -0.1953 -0.9807 0.0014
vn 0.8319 -0.5549 0.0050
vn -0.1949 -0.9808 0.0015
vn -0.1084 -0.0329 -0.9936
vn -1.0000 0.0008 -0.0043
vn -1.0000 0.0023 -0.0048
vn -1.0000 0.0026 -0.0048
vn -1.0000 -0.0007 -0.0044
vn -1.0000 0.0006 -0.0042
vn -0.0875 -0.0718 -0.9936
vn -0.9241 -0.3821 -0.0031
vn -0.9245 -0.3812 -0.0034
vn -0.9246 -0.3810 -0.0034
vn -0.9237 -0.3831 -0.0032
vn -0.9240 -0.3823 -0.0030
vn -0.0533 -0.0998 -0.9936
vn 0.9809 0.1944 0.0037
vn 0.9812 0.1931 0.0042
vn 0.9809 0.1946 0.0037
vn 0.9807 0.1957 0.0039
vn 0.9806 0.1957 0.0039
vn -0.0111 -0.1125 -0.9936
vn -0.7073 -0.7069 -0.0014
vn -0.7076 -0.7066 -0.0016
vn -0.7077 -0.7065 -0.0016
vn -0.7069 -0.7073 -0.0014
vn -0.7072 -0.7070 -0.0014
vn 0.9813 -0.1926 0.0051
vn 0.9813 -0.1924 0.0051
vn 0.0328 -0.1081 -0.9936
vn 0.8317 0.5552 0.0023
vn 0.8321 0.5545 0.0025
vn 0.8316 0.5553 0.0023
vn -0.9249 0.3803 -0.0053
vn -0.9242 0.3819 -0.0050
vn 0.8313 0.5559 0.0024
vn 0.8312 0.5559 0.0024
vn 0.5575 -0.8302 0.0047
vn 0.5577 -0.8300 0.0047
vn 0.0716 -0.0873 -0.9936
vn -0.3826 -0.9239 0.0005
vn -0.3824 -0.9240 0.0005
vn -0.3845 0.9231 -0.0041
vn -0.3833 0.9236 -0.0039
vn -0.3828 -0.9239 0.0005
vn -0.7089 0.7053 -0.0051
vn -0.7077 0.7065 -0.0048
vn 0.0996 -0.0532 -0.9936
vn 0.0995 -0.0532 -0.9936
vn 0.5556 0.8314 0.0005
vn 0.5558 0.8313 0.0005
vn 0.8329 -0.5534 0.0053
vn 0.8331 -0.5532 0.0054
vn 0.5555 0.8315 0.0005
vn -1.0000 -0.0023 -0.0047
vn -1.0000 -0.0008 -0.0044
vn 0.1124 -0.0111 -0.9936
vn 0.0004 -1.0000 0.0023
vn 0.0012 -1.0000 0.0025
vn 0.0014 -1.0000 0.0026
vn -0.9232 -0.3842 -0.0034
vn -0.9237 -0.3832 -0.0032
vn 0.1119 -0.0110 0.9937
vn 0.1118 -0.0110 0.9937
vn -0.0004 -1.0000 0.0024
vn 0.0003 -1.0000 0.0023
vn 0.9804 0.1970 0.0041
vn 0.9803 0.1972 0.0041
vn 0.1948 0.9808 -0.0014
vn 0.1943 0.9809 -0.0016
vn 0.1949 0.9808 -0.0014
vn -0.7066 -0.7076 -0.0015
vn -0.7069 -0.7073 -0.0015
vn 0.0992 -0.0530 0.9937
vn 0.1953 0.9807 -0.0014
vn 0.1953 0.9807 -0.0015
vn 0.8308 0.5566 0.0025
vn 0.8307 0.5567 0.0025
vn 0.3833 -0.9236 0.0037
vn 0.3846 -0.9231 0.0042
vn 0.3848 -0.9230 0.0042
vn -0.3829 -0.9238 0.0005
vn -0.3828 -0.9238 0.0005
vn 0.0713 -0.0869 0.9937
vn 0.3821 -0.9241 0.0039
vn 0.3832 -0.9237 0.0037
vn 0.5554 0.8316 0.0005
vn 0.5553 0.8316 0.0005
vn -0.1957 0.9807 -0.0031
vn -0.1967 0.9805 -0.0034
vn -0.1955 0.9807 -0.0030
vn -0.0012 -1.0000 0.0025
vn 0.0326 -0.1075 0.9937
vn -0.1946 0.9809 -0.0032
vn 0.1958 0.9806 -0.0015
vn 0.1959 0.9806 -0.0016
vn 0.7077 -0.7065 0.0046
vn 0.7089 -0.7053 0.0052
vn 0.7091 -0.7051 0.0052
vn 0.3808 -0.9246 0.0041
vn -0.0110 -0.1117 0.9937
vn 0.7066 -0.7076 0.0048
vn 0.7075 -0.7067 0.0046
vn -0.1935 0.9811 -0.0034
vn -0.1933 0.9811 -0.0034
vn -0.5562 0.8310 -0.0043
vn -0.5575 0.8302 -0.0048
vn -0.5561 0.8311 -0.0042
vn 0.7054 -0.7088 0.0051
vn 0.7065 -0.7077 0.0048
vn -0.0529 -0.0989 0.9937
vn -0.5550 0.8318 -0.0044
vn -0.5549 0.8319 -0.0044
vn -0.5536 0.8327 -0.0047
vn -0.5534 0.8329 -0.0047
vn 0.9242 -0.3818 0.0048
vn 0.9249 -0.3803 0.0054
vn 0.9250 -0.3800 0.0054
vn 0.9236 -0.3834 0.0050
vn 0.9229 -0.3851 0.0053
vn 0.9235 -0.3835 0.0050
vn -0.0866 -0.0711 0.9937
vn 0.9241 -0.3821 0.0048
vn -0.8310 0.5562 -0.0050
vn -0.8300 0.5577 -0.0053
vn -0.8299 0.5580 -0.0053
vn -0.8320 0.5548 -0.0048
vn -0.8329 0.5534 -0.0054
vn -0.8318 0.5550 -0.0048
vn 1.0000 -0.0023 0.0047
vn 1.0000 -0.0008 0.0044
vn -0.1072 -0.0325 0.9937
vn -0.8310 0.5563 -0.0050
vn -0.9803 0.1975 -0.0051
vn -0.9802 0.1978 -0.0051
vn 0.1933 -0.9811 0.0034
vn 0.5535 -0.8329 0.0048
vn -0.8307 -0.5567 -0.0026
vn 0.9802 -0.1978 0.0052
vn -0.0014 1.0000 -0.0025
vn -0.9803 -0.1973 -0.0042
vn 0.7077 0.7065 0.0016
vn -0.9813 0.1923 -0.0052
vn 0.9246 0.3810 0.0034
vn -0.1000 0.0535 -0.9935
vn 0.8298 -0.5580 0.0054
vn -0.1959 -0.9806 0.0016
vn -0.1085 -0.0329 -0.9936
vn 0.9812 0.1929 0.0042
vn 0.8322 0.5544 0.0026
vn -0.9250 0.3800 -0.0053
vn -0.3847 0.9230 -0.0042
vn -0.7090 0.7051 -0.0052
vn -1.0000 -0.0025 -0.0047
vn -0.9232 -0.3844 -0.0034
vn 0.1942 0.9810 -0.0016
vn -0.7065 -0.7077 -0.0016
vn 0.0991 -0.0530 0.9937
vn -0.1969 0.9804 -0.0035
vn -0.0014 -1.0000 0.0025
vn 0.3806 -0.9247 0.0041
vn -0.5577 0.8300 -0.0048
vn 0.7052 -0.7090 0.0051
vn 0.9228 -0.3853 0.0053
vn -0.8331 0.5532 -0.0054
vn 1.0000 -0.0025 0.0047
vt 0.158491 0.932821
vt 0.236822 0.926542
vt 0.164577 0.949018
vt 0.141144 0.497956
vt 0.170140 0.518034
vt 0.139172 0.518034
vt 0.272475 0.481245
vt 0.260245 0.574143
vt 0.185908 0.517102
vt 0.314867 0.591543
vt 0.282148 0.578375
vt 0.293126 0.569490
vt 0.202555 0.613260
vt 0.228006 0.588844
vt 0.221839 0.619191
vt 0.141144 0.538112
vt 0.175607 0.545607
vt 0.146983 0.557424
vt 0.184794 0.432376
vt 0.214508 0.451376
vt 0.202075 0.458074
vt 0.281333 0.422434
vt 0.282148 0.457693
vt 0.269652 0.451114
vt 0.241907 0.621258
vt 0.256115 0.588977
vt 0.261994 0.619382
vt 0.156467 0.575230
vt 0.191182 0.569006
vt 0.169233 0.590852
vt 0.169233 0.445217
vt 0.182246 0.477997
vt 0.156467 0.460838
vt 0.261994 0.416686
vt 0.242054 0.445777
vt 0.241907 0.414810
vt 0.281333 0.613634
vt 0.299185 0.604235
vt 0.184794 0.603692
vt 0.214508 0.584692
vt 0.171520 0.532089
vt 0.175607 0.490462
vt 0.171520 0.503980
vt 0.202555 0.422808
vt 0.228006 0.447224
vt 0.299184 0.431833
vt 0.293126 0.466578
vt 0.242054 0.590291
vt 0.182246 0.558071
vt 0.191182 0.467062
vt 0.256115 0.447091
vt 0.269652 0.584954
vt 0.202075 0.577995
vt 0.146983 0.478645
vt 0.221839 0.416877
vt 0.355951 0.674789
vt 0.331741 0.729534
vt 0.331741 0.674789
vt 0.292802 0.853465
vt 0.265293 0.845822
vt 0.281298 0.833540
vt 0.272936 0.873331
vt 0.281561 0.862091
vt 0.267514 0.886421
vt 0.253011 0.861828
vt 0.265665 0.900469
vt 0.245291 0.880467
vt 0.245290 0.920471
vt 0.242657 0.900469
vt 0.272936 0.927606
vt 0.267514 0.914516
vt 0.265293 0.955115
vt 0.253011 0.939110
vt 0.281561 0.938847
vt 0.281298 0.967397
vt 0.356133 0.729666
vt 0.380343 0.674921
vt 0.380343 0.729666
vt 0.303026 0.871163
vt 0.283061 0.895406
vt 0.287456 0.870483
vt 0.322059 0.870992
vt 0.305232 0.896374
vt 0.346583 0.881324
vt 0.326898 0.891571
vt 0.331314 0.859962
vt 0.362945 0.866331
vt 0.351179 0.836287
vt 0.341247 0.848124
vt 0.360434 0.825257
vt 0.374868 0.847615
vt 0.382510 0.804279
vt 0.381542 0.826450
vt 0.353925 0.791268
vt 0.357298 0.806484
vt 0.304133 0.674789
vt 0.287130 0.729534
vt 0.287130 0.674789
vt 0.137404 0.836450
vt 0.214768 0.843977
vt 0.138260 0.850593
vt 0.162255 0.712532
vt 0.228028 0.753951
vt 0.156678 0.725557
vt 0.147576 0.752382
vt 0.224503 0.763524
vt 0.221476 0.773266
vt 0.169701 0.961063
vt 0.240512 0.935215
vt 0.215908 0.854115
vt 0.139844 0.864672
vt 0.144077 0.766112
vt 0.218956 0.783151
vt 0.175200 0.973990
vt 0.244471 0.944522
vt 0.217571 0.864180
vt 0.142154 0.878651
vt 0.141291 0.780004
vt 0.216950 0.793154
vt 0.248430 0.953829
vt 0.180699 0.986916
vt 0.219752 0.874145
vt 0.145183 0.892492
vt 0.139226 0.794021
vt 0.215464 0.803246
vt 0.252120 0.962501
vt 0.185823 0.998961
vt 0.148922 0.906158
vt 0.222444 0.883985
vt 0.214500 0.813402
vt 0.137888 0.808126
vt 0.175388 0.687433
vt 0.252120 0.704389
vt 0.241500 0.726502
vt 0.153362 0.919613
vt 0.225641 0.893672
vt 0.214062 0.823594
vt 0.137280 0.822282
vt 0.236539 0.735416
vt 0.168497 0.699813
vt 0.229334 0.903182
vt 0.214152 0.833795
vt 0.232044 0.744574
vt 0.151780 0.738852
vt 0.296054 0.819148
vt 0.237437 0.785305
vt 0.256976 0.751463
vt 0.352529 0.647548
vt 0.331923 0.674921
vt 0.335527 0.647548
vt 0.368952 0.643148
vt 0.356133 0.674921
vt 0.368770 0.761307
vt 0.355951 0.729534
vt 0.379336 0.735800
vt 0.335345 0.756907
vt 0.352347 0.756907
vt 0.287312 0.729666
vt 0.304315 0.674921
vt 0.304315 0.729666
vt 0.270310 0.729666
vt 0.287312 0.674921
vt 0.331923 0.729666
vt 0.270128 0.729534
vt 0.270128 0.674789
vt 0.380161 0.674789
vt 0.304133 0.729534
vt 0.956039 0.781802
vt 0.893884 0.852332
vt 0.932111 0.769751
vt 0.890865 0.898939
vt 0.857526 0.982512
vt 0.833885 0.894386
vt 0.319939 0.846194
vt 0.299937 0.825820
vt 0.319939 0.823187
vt 0.305892 0.848043
vt 0.292802 0.947472
vt 0.305892 0.952894
vt 0.319939 0.954743
vt 0.299937 0.975117
vt 0.319939 0.977751
vt 0.933060 0.769976
vt 0.879378 0.743141
vt 0.935547 0.750207
vt 0.895048 0.851037
vt 0.836230 0.865353
vt 0.838153 0.845521
vt 0.835472 0.874525
vt 0.892452 0.879077
vt 0.937430 0.723339
vt 0.878987 0.736985
vt 0.881155 0.717178
vt 0.876891 0.762910
vt 0.027237 0.272773
vt 0.355043 0.316332
vt 0.012606 0.315985
vt 0.038157 0.252523
vt 0.369674 0.273121
vt 0.023486 0.336257
vt 0.355043 0.336257
vt 0.038551 0.379319
vt 0.370109 0.379319
vt 0.039338 0.273096
vt 0.371101 0.252831
vt 0.371122 0.272756
vt 0.024232 0.316144
vt 0.356037 0.335729
vt 0.013381 0.336432
vt 0.356017 0.315804
vt 0.028138 0.379600
vt 0.370794 0.378897
vt 0.324265 0.104617
vt 0.404101 0.124543
vt 0.324265 0.124542
vt 0.404102 0.106439
vt 0.324265 0.126364
vt 0.324265 0.106439
vt 0.030359 0.208893
vt 0.000348 0.124541
vt 0.030359 0.020265
vt 0.351027 0.029399
vt 0.351594 0.009483
vt 0.030927 0.000348
vt 0.000348 0.104616
vt 0.030359 0.022088
vt 0.351026 0.031221
vt 0.000348 0.106440
vt 0.351594 0.221499
vt 0.030359 0.210717
vt 0.351027 0.201582
vt 0.000348 0.126365
vt 0.835720 0.899164
vt 0.889841 0.897450
vt 0.912984 0.985458
vt 0.589710 0.208842
vt 0.475662 0.169892
vt 0.475662 0.130942
vt 0.833846 0.892038
vt 0.883411 0.716663
vt 0.938656 0.723597
vt 0.938656 0.977793
vt 0.915886 0.891205
vt 0.935261 0.743146
vt 0.876765 0.763676
vt 0.830450 0.847439
vt 0.837807 0.847835
vt 0.826533 0.891137
vt 0.876003 0.715704
vt 0.869336 0.762890
vt 0.873627 0.770455
vt 0.588812 0.132482
vt 0.475302 0.105696
vt 0.589350 0.105696
vt 0.589171 0.104156
vt 0.475123 0.104156
vt 0.589171 0.027512
vt 0.475662 0.000739
vt 0.589710 0.000738
vt 0.588811 0.001021
vt 0.475302 0.027795
vt 0.474763 0.001022
vt 0.440380 0.027718
vt 0.408834 0.001132
vt 0.439841 0.000945
vt 0.458631 0.202443
vt 0.451948 0.155304
vt 0.474764 0.132481
vt 0.459169 0.099011
vt 0.452487 0.050608
vt 0.409194 0.027402
vt 0.440740 0.000816
vt 0.440201 0.027590
vt 0.374265 0.027129
vt 0.391010 0.000424
vt 0.391728 0.027205
vt 0.408476 0.000620
vt 0.457662 0.027580
vt 0.458200 0.000806
vt 0.475123 0.027512
vt 0.408116 0.027914
vt 0.391369 0.001329
vt 0.390650 0.028110
vt 0.373906 0.001405
vt 0.457840 0.027728
vt 0.457302 0.000954
vt 0.475123 0.065834
vt 0.458990 0.034194
vt 0.452308 0.081333
vt 0.458990 0.097471
vt 0.452308 0.050325
vt 0.459529 0.137626
vt 0.452846 0.153764
vt 0.459529 0.202160
vt 0.475662 0.208842
vt 0.452846 0.186029
vt 0.304147 0.812937
vt 0.327305 0.795419
vt 0.327305 0.804844
vt 0.327305 0.785305
vt 0.304147 0.785305
vt 0.327305 0.775191
vt 0.304147 0.757673
vt 0.327305 0.765766
vt 0.189563 0.503461
vt 0.196624 0.491231
vt 0.206610 0.481245
vt 0.218840 0.474184
vt 0.232481 0.470528
vt 0.246604 0.470528
vt 0.260245 0.474183
vt 0.282461 0.491230
vt 0.289522 0.503461
vt 0.293177 0.517102
vt 0.293177 0.531224
vt 0.289522 0.544865
vt 0.282461 0.557095
vt 0.272475 0.567081
vt 0.246604 0.577798
vt 0.232482 0.577798
vt 0.218841 0.574143
vt 0.206610 0.567081
vt 0.196624 0.557095
vt 0.189563 0.544865
vt 0.185908 0.531224
vt 0.314867 0.444525
vt 0.377707 0.782613
vt 0.183637 0.672223
vt 0.266401 0.747559
vt 0.276515 0.746227
vt 0.286629 0.747559
vt 0.296054 0.751463
vt 0.286629 0.823051
vt 0.276515 0.824383
vt 0.266401 0.823051
vt 0.256976 0.819147
vt 0.248883 0.812937
vt 0.242673 0.804844
vt 0.238769 0.795419
vt 0.238769 0.775191
vt 0.242673 0.765766
vt 0.248883 0.757673
vt 0.379518 0.668655
vt 0.270310 0.674921
vt 0.380161 0.729534
vt 0.918428 0.863051
vt 0.914063 0.985413
vt 0.893125 0.870869
vt 0.369714 0.253196
vt 0.028445 0.252831
vt 0.404101 0.104618
vt 0.404102 0.126364
vt 0.351026 0.199760
vt 0.030927 0.230633
vt 0.857431 0.981727
vt 0.855531 0.974503
vt 0.589710 0.130942
vt 0.828132 0.874130
vt 0.828935 0.864453
vt 0.872190 0.742210
vt 0.871778 0.736223
vt 0.840903 0.841148
vt 0.589350 0.027795
vt 0.588811 0.209125
vt 0.474764 0.209125
vt 0.451948 0.186312
vt 0.458631 0.139166
vt 0.452487 0.082873
vt 0.459169 0.034477
vt 0.373547 0.000348
vt 0.373188 0.028186
vt 0.071802 0.403474
vt 0.085879 0.981510
vt 0.072027 0.979730
vt 0.057838 0.403204
vt 0.058079 0.978995
vt 0.044131 0.979741
vt 0.030281 0.981533
vt 0.043874 0.403485
vt 0.016430 0.983325
vt 0.029923 0.404157
vt 0.113680 0.984027
vt 0.127630 0.404792
vt 0.127630 0.983289
vt 0.099703 0.404793
vt 0.099731 0.983290
vt 0.085753 0.404133
vt 0.015973 0.404828
vt 0.113666 0.405066
vt 0.504430 0.564988
vt 0.464329 0.590407
vt 0.464329 0.564988
vt 0.504430 0.590407
vt 0.464329 0.615825
vt 0.504430 0.615825
vt 0.464329 0.641244
vt 0.504430 0.641244
vt 0.464329 0.666662
vt 0.504430 0.666662
vt 0.464329 0.692080
vt 0.464185 0.841407
vt 0.504286 0.815989
vt 0.504286 0.841407
vt 0.464185 0.815989
vt 0.504286 0.790571
vt 0.464185 0.790571
vt 0.504286 0.765152
vt 0.464185 0.765152
vt 0.504286 0.739734
vt 0.464185 0.739734
vt 0.504286 0.714316
vt 0.464185 0.714316
vt 0.504286 0.688897
vt 0.795896 0.719174
vt 0.759757 0.722508
vt 0.779633 0.702785
vt 0.799510 0.683062
vt 0.818369 0.702067
vt 0.504430 0.285387
vt 0.464329 0.310805
vt 0.464329 0.285387
vt 0.504430 0.310805
vt 0.464329 0.336223
vt 0.504430 0.336223
vt 0.464329 0.361642
vt 0.504430 0.361642
vt 0.464329 0.387060
vt 0.504430 0.387060
vt 0.464329 0.412479
vt 0.504430 0.412479
vt 0.464329 0.437897
vt 0.504430 0.437897
vt 0.464329 0.463315
vt 0.504430 0.463315
vt 0.464329 0.488734
vt 0.504430 0.488734
vt 0.464329 0.514152
vt 0.955567 0.641979
vt 0.951869 0.621353
vt 0.955553 0.607604
vt 0.833918 0.609383
vt 0.860001 0.546413
vt 0.851117 0.579621
vt 0.504430 0.514152
vt 0.464329 0.539570
vt 0.504430 0.539570
vt 0.838231 0.627323
vt 0.847128 0.559748
vt 0.847141 0.594123
vt 0.964171 0.575157
vt 0.955275 0.642732
vt 0.955261 0.608357
vt 0.724516 0.790003
vt 0.688378 0.793337
vt 0.708254 0.773614
vt 0.831137 0.651678
vt 0.849996 0.670684
vt 0.746989 0.772897
vt 0.778617 0.741513
vt 0.728130 0.753891
vt 0.504430 0.692080
vt 0.464185 0.688897
vt 0.955553 0.593370
vt 0.969068 0.591590
vt 0.969068 0.609383
vt 0.964463 0.626570
vt 0.942986 0.654560
vt 0.934687 0.643746
vt 0.944752 0.633680
vt 0.922360 0.650863
vt 0.927576 0.663457
vt 0.910390 0.668062
vt 0.892597 0.668062
vt 0.875410 0.663457
vt 0.860001 0.654560
vt 0.847420 0.641979
vt 0.838524 0.626570
vt 0.833918 0.591590
vt 0.838523 0.574404
vt 0.847420 0.558995
vt 0.875410 0.537517
vt 0.892597 0.532912
vt 0.910390 0.532912
vt 0.927576 0.537517
vt 0.942985 0.546413
vt 0.955567 0.558995
vt 0.964463 0.574404
vt 0.951869 0.579620
vt 0.944752 0.567293
vt 0.908611 0.654547
vt 0.894376 0.654547
vt 0.934687 0.557228
vt 0.880627 0.650863
vt 0.922360 0.550111
vt 0.908611 0.546427
vt 0.868300 0.643746
vt 0.858235 0.633680
vt 0.894376 0.546427
vt 0.851117 0.621353
vt 0.880627 0.550111
vt 0.868300 0.557228
vt 0.847433 0.607604
vt 0.847433 0.593370
vt 0.858235 0.567293
vt 0.847141 0.608357
vt 0.850825 0.622106
vt 0.833626 0.610136
vt 0.833626 0.592343
vt 0.838231 0.575157
vt 0.857942 0.568046
vt 0.850825 0.580373
vt 0.868007 0.557981
vt 0.859709 0.547166
vt 0.875118 0.538270
vt 0.892305 0.533665
vt 0.910097 0.533665
vt 0.927284 0.538270
vt 0.942693 0.547166
vt 0.955275 0.559748
vt 0.968776 0.592343
vt 0.968776 0.610136
vt 0.964171 0.627323
vt 0.942693 0.655313
vt 0.927284 0.664210
vt 0.910098 0.668815
vt 0.892305 0.668815
vt 0.875118 0.664210
vt 0.859709 0.655313
vt 0.847128 0.642732
vt 0.857942 0.634433
vt 0.868008 0.644498
vt 0.880335 0.550864
vt 0.894084 0.547180
vt 0.880335 0.651616
vt 0.908318 0.547180
vt 0.894084 0.655300
vt 0.908318 0.655300
vt 0.922067 0.550864
vt 0.934395 0.557981
vt 0.922068 0.651616
vt 0.944460 0.568046
vt 0.934395 0.644498
vt 0.944460 0.634433
vt 0.951577 0.580373
vt 0.955261 0.594123
vt 0.951577 0.622106
vt 0.707237 0.812343
vt 0.463198 0.188097
vt 0.370971 0.188097
vt 0.463198 0.172459
vt 0.463198 0.203734
vt 0.370971 0.172460
vt 0.370971 0.203734
vt 0.463198 0.156822
vt 0.463198 0.219372
vt 0.370971 0.156822
vt 0.370971 0.219372
vt 0.463198 0.235009
vt 0.370971 0.235009
vt 0.463198 0.141185
vt 0.370971 0.141185
vt 0.463198 0.250647
vt 0.370971 0.250647
vt 0.463198 0.125547
vt 0.370971 0.125547
vt 0.463198 0.109910
vt 0.463198 0.266284
vt 0.370971 0.109910
vt 0.370971 0.266284
vt 0.463198 0.281921
vt 0.463197 0.094272
vt 0.370971 0.094272
vt 0.370971 0.281921
vt 0.463198 0.078635
vt 0.370971 0.297559
vt 0.370971 0.078635
vt 0.463198 0.297559
vt 0.463197 0.062998
vt 0.370971 0.062998
vt 0.463198 0.313196
vt 0.370971 0.313196
vt 0.463198 0.328834
vt 0.463197 0.047360
vt 0.370971 0.047360
vt 0.370971 0.328834
vt 0.463198 0.344471
vt 0.370971 0.344471
vt 0.463197 0.031723
vt 0.370971 0.547757
vt 0.370971 0.532120
vt 0.463197 0.532120
vt 0.463197 0.516482
vt 0.463198 0.360108
vt 0.370971 0.516482
vt 0.370971 0.360108
vt 0.463197 0.500845
vt 0.463198 0.375746
vt 0.370971 0.375746
vt 0.370971 0.500845
vt 0.463198 0.391383
vt 0.463198 0.485208
vt 0.370971 0.391383
vt 0.370971 0.485208
vt 0.463198 0.407021
vt 0.463198 0.469570
vt 0.370971 0.407021
vt 0.370971 0.469570
vt 0.463198 0.422658
vt 0.463198 0.453933
vt 0.370971 0.453933
vt 0.370971 0.422658
vt 0.463198 0.438295
vt 0.370971 0.438295
vt 0.053261 0.802122
vt 0.035664 0.793556
vt 0.055556 0.793556
vt 0.037959 0.859227
vt 0.018438 0.857847
vt 0.024708 0.851577
vt 0.017057 0.823024
vt 0.008492 0.840620
vt 0.008492 0.820729
vt 0.074163 0.838325
vt 0.072783 0.857847
vt 0.066512 0.851576
vt 0.072783 0.803502
vt 0.066512 0.809773
vt 0.017057 0.838325
vt 0.759651 0.236742
vt 0.751085 0.219145
vt 0.759651 0.221440
vt 0.055556 0.867793
vt 0.053261 0.859227
vt 0.074163 0.823024
vt 0.082729 0.820729
vt 0.024708 0.809773
vt 0.037959 0.802122
vt 0.035664 0.867793
vt 0.082729 0.840620
vt 0.915727 0.083729
vt 0.938390 0.068427
vt 0.938390 0.083729
vt 0.915727 0.114331
vt 0.938390 0.099030
vt 0.938390 0.114331
vt 0.915727 0.144934
vt 0.938390 0.129633
vt 0.938390 0.144934
vt 0.385927 0.944544
vt 0.411633 0.913230
vt 0.411633 0.944544
vt 0.915727 0.175537
vt 0.938390 0.160235
vt 0.938390 0.175537
vt 0.915727 0.206139
vt 0.938390 0.190838
vt 0.938390 0.206139
vt 0.915727 0.236742
vt 0.938390 0.221440
vt 0.938390 0.236742
vt 0.392729 0.626002
vt 0.367023 0.587929
vt 0.392729 0.587929
vt 0.392739 0.626370
vt 0.367033 0.588297
vt 0.392739 0.588297
vt 0.392570 0.626370
vt 0.366864 0.588297
vt 0.392570 0.588297
vt 0.392065 0.586984
vt 0.366359 0.625057
vt 0.366358 0.586984
vt 0.392475 0.625222
vt 0.366769 0.587149
vt 0.392475 0.587149
vt 0.098480 0.984914
vt 0.128781 0.934861
vt 0.131181 0.983294
vt 0.324552 0.774464
vt 0.350258 0.659558
vt 0.350258 0.774464
vt 0.325226 0.775777
vt 0.350932 0.660871
vt 0.350932 0.775777
vt 0.411623 0.944176
vt 0.385917 0.912862
vt 0.411623 0.912862
vt 0.367033 0.731655
vt 0.367033 0.626370
vt 0.385758 0.944544
vt 0.411464 0.913230
vt 0.411464 0.944544
vt 0.385663 0.943396
vt 0.411369 0.912082
vt 0.411369 0.943396
vt 0.350258 0.928233
vt 0.324552 0.887298
vt 0.350258 0.887298
vt 0.325226 0.929546
vt 0.350932 0.888611
vt 0.350932 0.929546
vt 0.308861 0.730507
vt 0.324962 0.659723
vt 0.324962 0.774630
vt 0.203015 0.712239
vt 0.172547 0.742163
vt 0.169824 0.687207
vt 0.206741 0.688296
vt 0.167800 0.646359
vt 0.366769 0.730507
vt 0.392475 0.730507
vt 0.089444 0.802547
vt 0.096080 0.936481
vt 0.173330 0.559910
vt 0.134555 0.601420
vt 0.143669 0.554187
vt 0.137123 0.688827
vt 0.135099 0.647979
vt 0.350668 0.659723
vt 0.366769 0.625222
vt 0.375723 0.796911
vt 0.350668 0.774630
vt 0.375723 0.734902
vt 0.299907 0.796911
vt 0.324962 0.817830
vt 0.367023 0.731287
vt 0.392729 0.731287
vt 0.379575 0.815542
vt 0.405282 0.802674
vt 0.405282 0.815542
vt 0.352735 0.927365
vt 0.327029 0.886430
vt 0.352735 0.886430
vt 0.350668 0.849941
vt 0.350668 0.817830
vt 0.309115 0.731287
vt 0.325216 0.660503
vt 0.325216 0.775409
vt 0.282497 0.890651
vt 0.325216 0.850721
vt 0.325216 0.888243
vt 0.393641 0.890651
vt 0.350922 0.850721
vt 0.393641 0.836793
vt 0.375977 0.797691
vt 0.350922 0.775409
vt 0.375977 0.735682
vt 0.405536 0.816322
vt 0.379829 0.803453
vt 0.405536 0.803453
vt 0.350922 0.660503
vt 0.325216 0.929178
vt 0.350922 0.888243
vt 0.350922 0.929178
vt 0.350922 0.818610
vt 0.379839 0.816690
vt 0.405545 0.803821
vt 0.405545 0.816690
vt 0.325226 0.851088
vt 0.350932 0.818978
vt 0.350932 0.851088
vt 0.375987 0.798059
vt 0.375987 0.736050
vt 0.392739 0.731655
vt 0.366864 0.731655
vt 0.392570 0.731655
vt 0.300171 0.798059
vt 0.325226 0.818978
vt 0.308957 0.731655
vt 0.325057 0.660871
vt 0.325057 0.775777
vt 0.300003 0.798059
vt 0.325057 0.818978
vt 0.350764 0.660871
vt 0.366864 0.626370
vt 0.375818 0.798059
vt 0.350764 0.775777
vt 0.375818 0.736050
vt 0.379671 0.816690
vt 0.405377 0.803821
vt 0.405377 0.816690
vt 0.350764 0.929546
vt 0.325057 0.888611
vt 0.350764 0.888611
vt 0.350764 0.851089
vt 0.350764 0.818978
vt 0.308451 0.730342
vt 0.324552 0.659558
vt 0.299497 0.796746
vt 0.324552 0.817665
vt 0.324552 0.849775
vt 0.350258 0.817665
vt 0.350258 0.849775
vt 0.392065 0.730342
vt 0.392065 0.625057
vt 0.385253 0.943231
vt 0.410959 0.911917
vt 0.410959 0.943231
vt 0.404872 0.815377
vt 0.379166 0.802508
vt 0.404872 0.802508
vt 0.851024 0.083729
vt 0.915727 0.068427
vt 0.052560 0.968036
vt 0.067012 0.952734
vt 0.067012 0.968036
vt 0.851024 0.099030
vt 0.915727 0.099030
vt 0.052560 0.983337
vt 0.067012 0.983337
vt 0.851024 0.114331
vt 0.948007 0.533596
vt 0.557964 0.479113
vt 0.948007 0.479114
vt 0.851024 0.129633
vt 0.915727 0.129633
vt 0.021310 0.952709
vt 0.035762 0.937407
vt 0.035762 0.952709
vt 0.851024 0.144934
vt 0.021310 0.968010
vt 0.035762 0.968010
vt 0.851024 0.160235
vt 0.915727 0.160235
vt 0.021310 0.983311
vt 0.035762 0.983311
vt 0.851024 0.175537
vt 0.488059 0.282086
vt 0.520375 0.063579
vt 0.520375 0.282086
vt 0.915727 0.190838
vt 0.051522 0.897372
vt 0.066823 0.882920
vt 0.066823 0.897372
vt 0.851024 0.206139
vt 0.036221 0.897372
vt 0.051522 0.882920
vt 0.851024 0.221440
vt 0.915727 0.221440
vt 0.020919 0.882920
vt 0.020919 0.897372
vt 0.851024 0.236742
vt 0.589753 0.276734
vt 0.620275 0.058228
vt 0.620275 0.276734
vt 0.851024 0.068427
vt 0.915727 0.053126
vt 0.836572 0.068427
vt 0.851024 0.053126
vt 0.526915 0.058228
vt 0.494599 0.027706
vt 0.526916 0.027706
vt 0.557964 0.309259
vt 0.503482 0.366945
vt 0.503482 0.309259
vt 0.488059 0.033057
vt 0.520375 0.033058
vt 0.557437 0.058228
vt 0.589753 0.058228
vt 0.583213 0.282086
vt 0.613735 0.063579
vt 0.613735 0.282086
vt 0.526915 0.276734
vt 0.494599 0.058228
vt 0.948007 0.421428
vt 0.557964 0.421427
vt 0.557437 0.276734
vt 0.557964 0.366945
vt 0.948007 0.366945
vt 0.948007 0.309259
vt 0.550897 0.063579
vt 0.550897 0.282086
vt 0.583213 0.063579
vt 0.209319 0.591439
vt 0.163364 0.604294
vt 0.379575 0.802674
vt 0.393387 0.889871
vt 0.393387 0.836013
vt 0.296055 0.815542
vt 0.324962 0.849941
vt 0.282243 0.889871
vt 0.324962 0.887463
vt 0.379829 0.816322
vt 0.296309 0.816322
vt 0.325216 0.818610
vt 0.300161 0.797691
vt 0.296319 0.816690
vt 0.282507 0.891019
vt 0.325226 0.888611
vt 0.379839 0.803821
vt 0.393651 0.891019
vt 0.393651 0.837161
vt 0.379671 0.803821
vt 0.393483 0.891019
vt 0.393483 0.837161
vt 0.296150 0.816690
vt 0.325057 0.851089
vt 0.282338 0.891019
vt 0.295645 0.815377
vt 0.281833 0.889706
vt 0.139846 0.743783
vt 0.147088 0.889956
vt 0.759651 0.083729
vt 0.836572 0.083729
vt 0.759651 0.099030
vt 0.836572 0.099030
vt 0.759651 0.114331
vt 0.836572 0.114331
vt 0.759651 0.129633
vt 0.836572 0.129633
vt 0.759651 0.144934
vt 0.836572 0.144934
vt 0.759651 0.160235
vt 0.836572 0.160235
vt 0.759651 0.175536
vt 0.836572 0.175537
vt 0.836572 0.190838
vt 0.759651 0.206139
vt 0.836572 0.206139
vt 0.836572 0.221441
vt 0.836572 0.236742
vt 0.759651 0.068427
vt 0.836573 0.053126
vt 0.904258 0.728522
vt 0.918833 0.703896
vt 0.913384 0.731290
vt 0.674265 0.605589
vt 0.686645 0.579788
vt 0.692694 0.587160
vt 0.894285 0.752601
vt 0.902695 0.757096
vt 0.709869 0.564270
vt 0.714364 0.572680
vt 0.879805 0.774271
vt 0.887177 0.780320
vt 0.735674 0.553581
vt 0.738442 0.562707
vt 0.861377 0.792700
vt 0.867426 0.800071
vt 0.764004 0.557622
vt 0.763069 0.548132
vt 0.714364 0.807179
vt 0.735675 0.826278
vt 0.709869 0.815589
vt 0.839707 0.807179
vt 0.844202 0.815589
vt 0.791001 0.548132
vt 0.790067 0.557622
vt 0.692694 0.792700
vt 0.686645 0.800071
vt 0.815628 0.817153
vt 0.818396 0.826278
vt 0.818396 0.553581
vt 0.815628 0.562706
vt 0.666894 0.780321
vt 0.674265 0.774271
vt 0.790066 0.822237
vt 0.791001 0.831727
vt 0.844202 0.564270
vt 0.839706 0.572680
vt 0.651376 0.757096
vt 0.659786 0.752601
vt 0.764004 0.822237
vt 0.763070 0.831727
vt 0.867426 0.579788
vt 0.861377 0.587160
vt 0.640687 0.731291
vt 0.649812 0.728523
vt 0.738443 0.817153
vt 0.879805 0.605589
vt 0.887177 0.599539
vt 0.635238 0.703896
vt 0.644728 0.702961
vt 0.894285 0.627259
vt 0.902695 0.622764
vt 0.635238 0.675964
vt 0.644728 0.676899
vt 0.904258 0.651337
vt 0.913384 0.648569
vt 0.640687 0.648569
vt 0.649812 0.651337
vt 0.909343 0.676899
vt 0.918833 0.675964
vt 0.651376 0.622764
vt 0.659786 0.627259
vt 0.909343 0.702961
vt 0.666894 0.599539
vt 0.838989 0.809207
vt 0.866361 0.801933
vt 0.843243 0.817380
vt 0.814910 0.819181
vt 0.817556 0.828020
vt 0.790287 0.833444
vt 0.789349 0.824265
vt 0.762483 0.833444
vt 0.763286 0.824265
vt 0.735214 0.828020
vt 0.737725 0.819181
vt 0.709527 0.817380
vt 0.713646 0.809207
vt 0.686409 0.801933
vt 0.691976 0.794728
vt 0.666749 0.782273
vt 0.673547 0.776299
vt 0.651302 0.759155
vt 0.659068 0.754629
vt 0.640662 0.733468
vt 0.649094 0.730550
vt 0.635238 0.706199
vt 0.644010 0.704989
vt 0.635238 0.678395
vt 0.644010 0.678926
vt 0.640662 0.651126
vt 0.649094 0.653365
vt 0.651302 0.625439
vt 0.659068 0.629286
vt 0.666749 0.602321
vt 0.673547 0.607616
vt 0.686409 0.582661
vt 0.691976 0.589188
vt 0.709527 0.567214
vt 0.713646 0.574708
vt 0.735214 0.556574
vt 0.737725 0.564735
vt 0.762483 0.551150
vt 0.763286 0.559650
vt 0.789349 0.559650
vt 0.790287 0.551150
vt 0.814910 0.564735
vt 0.817556 0.556574
vt 0.838989 0.574708
vt 0.843243 0.567214
vt 0.860659 0.589188
vt 0.866361 0.582661
vt 0.879088 0.607616
vt 0.886021 0.602321
vt 0.893567 0.629287
vt 0.901468 0.625439
vt 0.903541 0.653365
vt 0.912108 0.651126
vt 0.908625 0.678927
vt 0.917532 0.678395
vt 0.908625 0.704989
vt 0.917532 0.706199
vt 0.903541 0.730551
vt 0.912108 0.733468
vt 0.893567 0.754629
vt 0.901468 0.759155
vt 0.879087 0.776299
vt 0.886021 0.782273
vt 0.860659 0.794728
vt 0.220160 0.554180
vt 0.099658 0.565221
vt 0.106630 0.529090
vt 0.350668 0.928398
vt 0.385663 0.912082
vt 0.324962 0.928398
vt 0.289967 0.912082
vt 0.195810 0.797276
vt 0.179790 0.888336
vt 0.385917 0.944176
vt 0.290221 0.912862
vt 0.385927 0.913230
vt 0.290231 0.913230
vt 0.385758 0.913230
vt 0.325057 0.929546
vt 0.290063 0.913230
vt 0.324552 0.928233
vt 0.289557 0.911916
vt 0.385253 0.911917
vt 0.077776 0.797520
vt 0.106569 0.717018
vt 0.110477 0.795900
vt 0.419094 0.836013
vt 0.401429 0.734902
vt 0.419347 0.836793
vt 0.401683 0.735682
vt 0.419357 0.891019
vt 0.401693 0.736050
vt 0.419189 0.837161
vt 0.401525 0.798059
vt 0.392977 0.835848
vt 0.418684 0.889706
vt 0.392977 0.889706
vt 0.375313 0.734737
vt 0.401019 0.796746
vt 0.375313 0.796746
vt 0.069997 0.559498
vt 0.076970 0.523366
vt 0.367023 0.626002
vt 0.081512 0.599051
vt 0.082293 0.665881
vt 0.100494 0.693560
vt 0.101305 0.709930
vt 0.122145 0.800926
vt 0.309125 0.731655
vt 0.325226 0.660871
vt 0.050395 0.666254
vt 0.049614 0.599424
vt 0.068604 0.711550
vt 0.379166 0.815377
vt 0.366359 0.730342
vt 0.751085 0.239037
vt 0.018437 0.803502
vt 0.308861 0.625222
vt 0.206923 0.791121
vt 0.207553 0.704666
vt 0.299907 0.734902
vt 0.327029 0.927365
vt 0.309116 0.626002
vt 0.282497 0.836793
vt 0.300171 0.736050
vt 0.308957 0.626370
vt 0.300002 0.736050
vt 0.308451 0.625057
vt 0.299497 0.734737
vt 0.052560 0.952734
vt 0.557964 0.533595
vt 0.021310 0.937407
vt 0.488059 0.063579
vt 0.851024 0.190838
vt 0.036221 0.882920
vt 0.494599 0.276734
vt 0.220160 0.653917
vt 0.350668 0.887463
vt 0.296055 0.802674
vt 0.282243 0.836013
vt 0.296309 0.803453
vt 0.300161 0.735682
vt 0.296319 0.803821
vt 0.282507 0.837160
vt 0.296150 0.803821
vt 0.282338 0.837161
vt 0.295645 0.802508
vt 0.281833 0.835848
vt 0.759651 0.190838
vt 0.759651 0.053126
vt 0.289967 0.943396
vt 0.202446 0.931211
vt 0.290221 0.944176
vt 0.290231 0.944544
vt 0.290063 0.944544
vt 0.289557 0.943231
vt 0.073868 0.718638
vt 0.419094 0.889871
vt 0.401429 0.796911
vt 0.419347 0.890651
vt 0.401683 0.797691
vt 0.419357 0.837161
vt 0.401693 0.798059
vt 0.419189 0.891019
vt 0.401525 0.736050
vt 0.418684 0.835848
vt 0.401019 0.734737
vt 0.309125 0.626370
vt 0.067793 0.695180
vt 0.568572 0.944563
vt 0.537280 0.956369
vt 0.553971 0.936334
vt 0.520480 0.936775
vt 0.543062 0.923611
vt 0.511467 0.912589
vt 0.537210 0.907906
vt 0.537156 0.891146
vt 0.511384 0.886778
vt 0.616123 0.936055
vt 0.649618 0.936193
vt 0.632994 0.955938
vt 0.153748 0.658318
vt 0.140500 0.649839
vt 0.143872 0.648442
vt 0.153748 0.624599
vt 0.140500 0.633079
vt 0.152351 0.621227
vt 0.167715 0.624599
vt 0.180963 0.633078
vt 0.177591 0.634475
vt 0.167715 0.658318
vt 0.180963 0.649839
vt 0.169112 0.661690
vt 0.152351 0.661690
vt 0.143872 0.634475
vt 0.169112 0.621227
vt 0.177591 0.648442
vt 0.294410 0.628061
vt 0.316404 0.638658
vt 0.303163 0.654603
vt 0.278832 0.634244
vt 0.288540 0.664224
vt 0.271053 0.665000
vt 0.250979 0.659843
vt 0.262587 0.638365
vt 0.359108 0.604284
vt 0.366040 0.585149
vt 0.379236 0.599341
vt 0.343253 0.611702
vt 0.352748 0.595358
vt 0.324403 0.613094
vt 0.329650 0.622718
vt 0.309410 0.620584
vt 0.348497 0.964209
vt 0.511384 0.938399
vt 0.511184 0.964209
vt 0.348697 0.938399
vt 0.348697 0.886778
vt 0.820237 0.989670
vt 0.657349 0.963860
vt 0.820037 0.963860
vt 0.657149 0.938050
vt 0.819836 0.938050
vt 0.657066 0.912240
vt 0.819753 0.912240
vt 0.819836 0.886429
vt 0.348296 0.990018
vt 0.510984 0.990018
vt 0.585097 0.947359
vt 0.559766 0.969040
vt 0.610623 0.968811
vt 0.585214 0.973346
vt 0.601597 0.944414
vt 0.626918 0.923233
vt 0.246051 0.641100
vt 0.339204 0.605230
vt 0.348780 0.912589
vt 0.657549 0.989670
vt 0.657149 0.886429
vt 0.994327 0.817174
vt 0.962802 0.831297
vt 0.962802 0.817174
vt 0.994327 0.831297
vt 0.962802 0.845419
vt 0.994327 0.845419
vt 0.962802 0.859541
vt 0.994327 0.859541
vt 0.962802 0.873664
vt 0.994327 0.873664
vt 0.962802 0.887786
vt 0.994327 0.887786
vt 0.962802 0.901908
vt 0.994327 0.901908
vt 0.962802 0.916030
vt 0.994327 0.916030
vt 0.962802 0.930153
vt 0.994327 0.930153
vt 0.962802 0.944275
vt 0.994327 0.944275
vt 0.962802 0.958397
vt 0.994327 0.958397
vt 0.962802 0.972519
vt 0.994327 0.972519
vt 0.962802 0.986642
vt 0.994327 0.647707
vt 0.962802 0.661830
vt 0.962802 0.647707
vt 0.994327 0.661830
vt 0.962802 0.675952
vt 0.994327 0.675952
vt 0.962802 0.690074
vt 0.994327 0.690074
vt 0.962802 0.704196
vt 0.994327 0.704196
vt 0.962802 0.718319
vt 0.994327 0.718319
vt 0.962802 0.732441
vt 0.994327 0.732441
vt 0.962802 0.746563
vt 0.994327 0.746563
vt 0.962802 0.760685
vt 0.994327 0.760685
vt 0.962802 0.774808
vt 0.994327 0.774808
vt 0.962802 0.788930
vt 0.994327 0.788930
vt 0.962802 0.803052
vt 0.994327 0.803052
vt 0.994327 0.986642
vt 0.412781 0.600293
vt 0.447115 0.786267
vt 0.412781 0.786267
vt 0.655773 0.769248
vt 0.646465 0.757291
vt 0.653842 0.756864
vt 0.731026 0.608897
vt 0.683109 0.715848
vt 0.673987 0.702396
vt 0.447115 0.535471
vt 0.412781 0.574095
vt 0.412781 0.535471
vt 0.643519 0.862347
vt 0.640886 0.850941
vt 0.652371 0.847264
vt 0.638652 0.850460
vt 0.636639 0.862785
vt 0.631443 0.859817
vt 0.447115 0.509172
vt 0.412781 0.516793
vt 0.412781 0.509172
vt 0.447115 0.516793
vt 0.412781 0.525615
vt 0.447115 0.525615
vt 0.447115 0.592701
vt 0.447115 0.600293
vt 0.412781 0.592701
vt 0.447115 0.583929
vt 0.412781 0.583929
vt 0.447115 0.574095
vt 0.604933 0.568400
vt 0.531964 0.587214
vt 0.531964 0.568400
vt 0.604933 0.606029
vt 0.531964 0.606029
vt 0.604933 0.455512
vt 0.531964 0.474327
vt 0.531964 0.455512
vt 0.604933 0.474327
vt 0.531964 0.493141
vt 0.604933 0.493142
vt 0.531964 0.511956
vt 0.604933 0.530771
vt 0.531964 0.530771
vt 0.511274 0.852424
vt 0.531804 0.802859
vt 0.581370 0.823389
vt 0.531964 0.549585
vt 0.604933 0.549585
vt 0.446973 0.265650
vt 0.412640 0.415503
vt 0.412640 0.265650
vt 0.412781 0.323198
vt 0.516590 0.709155
vt 0.588510 0.712864
vt 0.521473 0.722452
vt 0.446973 0.710876
vt 0.412639 0.681908
vt 0.446973 0.681908
vt 0.805523 0.631494
vt 0.813393 0.617237
vt 0.446973 0.532055
vt 0.640043 0.501669
vt 0.673401 0.488912
vt 0.646361 0.512610
vt 0.412640 0.454875
vt 0.446973 0.496004
vt 0.412640 0.496003
vt 0.446973 0.415503
vt 0.412640 0.430270
vt 0.446973 0.430270
vt 0.412640 0.443465
vt 0.446973 0.443465
vt 0.683182 0.623136
vt 0.680900 0.632689
vt 0.653904 0.617314
vt 0.412639 0.710876
vt 0.446973 0.735500
vt 0.412639 0.735500
vt 0.504567 0.258512
vt 0.465328 0.283679
vt 0.465328 0.258512
vt 0.447115 0.255884
vt 0.412781 0.274916
vt 0.412781 0.255884
vt 0.447115 0.323198
vt 0.560146 0.874505
vt 0.510580 0.853974
vt 0.531111 0.804409
vt 0.412640 0.532055
vt 0.649216 0.771736
vt 0.641330 0.769962
vt 0.627564 0.754032
vt 0.640055 0.747382
vt 0.634379 0.759821
vt 0.634272 0.764472
vt 0.622654 0.736008
vt 0.631608 0.749796
vt 0.520371 0.693207
vt 0.544588 0.749966
vt 0.811881 0.598457
vt 0.801392 0.580184
vt 0.531802 0.678883
vt 0.548273 0.664970
vt 0.774456 0.658721
vt 0.785106 0.561500
vt 0.609810 0.717537
vt 0.606566 0.723398
vt 0.607213 0.731110
vt 0.611576 0.738613
vt 0.624670 0.800397
vt 0.615122 0.810734
vt 0.664035 0.836051
vt 0.677533 0.822068
vt 0.679490 0.827514
vt 0.650242 0.858669
vt 0.654518 0.846571
vt 0.677874 0.834002
vt 0.673119 0.839797
vt 0.680257 0.615164
vt 0.660567 0.591726
vt 0.674022 0.641261
vt 0.633785 0.593367
vt 0.670297 0.458675
vt 0.700442 0.465214
vt 0.643833 0.481869
vt 0.639117 0.490417
vt 0.621807 0.719660
vt 0.663229 0.756133
vt 0.677342 0.746414
vt 0.629223 0.705049
vt 0.642943 0.696077
vt 0.684312 0.731957
vt 0.659321 0.695108
vt 0.604933 0.587214
vt 0.604933 0.511956
vt 0.581370 0.852424
vt 0.560839 0.872955
vt 0.531804 0.872955
vt 0.511274 0.823389
vt 0.560839 0.802859
vt 0.446973 0.454875
vt 0.504567 0.283679
vt 0.447115 0.274916
vt 0.560146 0.804409
vt 0.580676 0.824939
vt 0.580676 0.853974
vt 0.531111 0.874505
vt 0.510580 0.824939
vt 0.667001 0.822261
vt 0.662613 0.808774
vt 0.626831 0.847723
vt 0.616099 0.837617
vt 0.652068 0.799233
vt 0.612012 0.824374
vt 0.638180 0.796150
vt 0.228492 0.766132
vt 0.243272 0.773513
vt 0.228492 0.773513
vt 0.956618 0.068427
vt 0.956618 0.083729
vt 0.956618 0.099030
vt 0.956618 0.114331
vt 0.956618 0.129633
vt 0.956618 0.144934
vt 0.956618 0.160235
vt 0.956618 0.175537
vt 0.956618 0.190838
vt 0.956618 0.206139
vt 0.956618 0.221440
vt 0.956618 0.236742
vt 0.956618 0.053126
vt 0.256616 0.587695
vt 0.249486 0.570483
vt 0.260306 0.581303
vt 0.262738 0.562833
vt 0.266698 0.577613
vt 0.278039 0.562833
vt 0.274079 0.577613
vt 0.280471 0.581303
vt 0.291290 0.570483
vt 0.298941 0.583735
vt 0.284161 0.587695
vt 0.284161 0.595076
vt 0.298941 0.599036
vt 0.291290 0.612287
vt 0.280471 0.601468
vt 0.274079 0.605158
vt 0.278039 0.619938
vt 0.262738 0.619938
vt 0.266698 0.605158
vt 0.249486 0.612287
vt 0.260306 0.601468
vt 0.241836 0.599036
vt 0.256616 0.595076
vt 0.241836 0.583735
vt 0.150003 0.911632
vt 0.173858 0.918024
vt 0.156395 0.935487
vt 0.228492 0.788274
vt 0.243272 0.795655
vt 0.228492 0.795655
vt 0.228492 0.736609
vt 0.243272 0.743989
vt 0.228492 0.743989
vt 0.228492 0.721847
vt 0.243272 0.729228
vt 0.228492 0.729228
vt 0.228492 0.758751
vt 0.243272 0.766132
vt 0.243272 0.780893
vt 0.243272 0.788274
vt 0.243272 0.736609
vt 0.228492 0.803036
vt 0.243272 0.810416
vt 0.228492 0.810416
vt 0.228492 0.751370
vt 0.243272 0.758751
vt 0.228492 0.780893
vt 0.243272 0.803036
vt 0.243272 0.751370
vt 0.709475 0.020228
vt 0.751086 0.000337
vt 0.751086 0.020228
vt 0.709475 0.239037
vt 0.709475 0.219145
vt 0.751085 0.199254
vt 0.709475 0.199253
vt 0.751085 0.179362
vt 0.709475 0.159470
vt 0.751085 0.159470
vt 0.751085 0.139578
vt 0.709475 0.139578
vt 0.751085 0.119687
vt 0.709475 0.119687
vt 0.751085 0.099795
vt 0.709475 0.099795
vt 0.751085 0.079903
vt 0.709475 0.079903
vt 0.751085 0.060012
vt 0.662410 0.266209
vt 0.645184 0.201918
vt 0.709475 0.060012
vt 0.751085 0.040120
vt 0.709475 0.040120
vt 0.938390 0.053126
vt 0.150003 0.931796
vt 0.146312 0.925404
vt 0.146312 0.918024
vt 0.156395 0.907941
vt 0.163775 0.907941
vt 0.170167 0.911632
vt 0.173858 0.925404
vt 0.170167 0.931796
vt 0.163775 0.935487
vt 0.243272 0.721847
vt 0.709475 0.000336
vt 0.709475 0.179362
vt 0.699529 0.256264
vt 0.682302 0.266209
vt 0.645184 0.256264
vt 0.635238 0.239037
vt 0.635238 0.219145
vt 0.662410 0.191973
vt 0.682302 0.191973
vt 0.699529 0.201918
vt 0.049333 0.393103
vt 0.056719 0.367919
vt 0.057243 0.393467
vt 0.049014 0.367742
vt 0.058216 0.341468
vt 0.050214 0.341489
vt 0.056363 0.315434
vt 0.048549 0.315527
vt 0.056812 0.288256
vt 0.048704 0.288517
vt 0.053956 0.261559
vt 0.046032 0.261886
vt 0.053463 0.233539
vt 0.045241 0.234071
vt 0.049528 0.206077
vt 0.041484 0.206725
vt 0.047846 0.177070
vt 0.039481 0.178037
vt 0.042244 0.148682
vt 0.034042 0.149940
vt 0.038224 0.118329
vt 0.029619 0.120286
vt 0.028899 0.088586
vt 0.020130 0.091446
vt 0.018582 0.057989
vt 0.180339 0.484432
vt 0.200389 0.463003
vt 0.186607 0.488547
vt 0.199605 0.432092
vt 0.192339 0.459952
vt 0.206428 0.405494
vt 0.207244 0.434157
vt 0.209195 0.377809
vt 0.214289 0.406953
vt 0.213208 0.351192
vt 0.216807 0.378743
vt 0.214126 0.323709
vt 0.221057 0.351885
vt 0.216784 0.297118
vt 0.221776 0.324113
vt 0.216582 0.269747
vt 0.224696 0.297386
vt 0.218218 0.243158
vt 0.224315 0.269797
vt 0.216997 0.215890
vt 0.226228 0.243098
vt 0.217544 0.189326
vt 0.224825 0.215629
vt 0.215034 0.162241
vt 0.225652 0.188924
vt 0.213874 0.135800
vt 0.222937 0.161574
vt 0.208829 0.109207
vt 0.222050 0.134794
vt 0.203469 0.083531
vt 0.216702 0.107579
vt 0.191969 0.059762
vt 0.211380 0.080836
vt 0.038478 0.467473
vt 0.033685 0.493445
vt 0.026911 0.489005
vt 0.051199 0.444065
vt 0.046291 0.470494
vt 0.044019 0.442955
vt 0.053886 0.419402
vt 0.046359 0.418638
vt 0.167973 0.137966
vt 0.160215 0.105757
vt 0.169987 0.106548
vt 0.340828 0.188084
vt 0.330506 0.216454
vt 0.331876 0.187947
vt 0.169529 0.167784
vt 0.158204 0.137724
vt 0.339704 0.216743
vt 0.331817 0.245671
vt 0.168727 0.198273
vt 0.160191 0.167626
vt 0.340723 0.245998
vt 0.329767 0.274029
vt 0.170397 0.227292
vt 0.159283 0.198221
vt 0.338930 0.274543
vt 0.330324 0.303213
vt 0.169276 0.256968
vt 0.161321 0.227102
vt 0.339206 0.303762
vt 0.327577 0.331501
vt 0.165183 0.423701
vt 0.158650 0.395956
vt 0.167011 0.396460
vt 0.170358 0.285248
vt 0.160090 0.256773
vt 0.336719 0.332214
vt 0.327561 0.360707
vt 0.167260 0.449749
vt 0.156610 0.423578
vt 0.168619 0.314106
vt 0.161530 0.284878
vt 0.333693 0.389740
vt 0.336426 0.361379
vt 0.172467 0.476584
vt 0.158775 0.450670
vt 0.169061 0.341645
vt 0.159683 0.313716
vt 0.333784 0.418815
vt 0.324539 0.389054
vt 0.179868 0.501131
vt 0.164290 0.478478
vt 0.166835 0.369685
vt 0.160476 0.341108
vt 0.332774 0.447174
vt 0.324877 0.418477
vt 0.345704 0.039273
vt 0.332481 0.068820
vt 0.335382 0.037141
vt 0.158135 0.369184
vt 0.337202 0.475910
vt 0.323464 0.447492
vt 0.342453 0.069975
vt 0.329673 0.099297
vt 0.345704 0.502226
vt 0.328339 0.477886
vt 0.339303 0.099868
vt 0.331184 0.129587
vt 0.171549 0.075379
vt 0.169558 0.040345
vt 0.179868 0.044214
vt 0.340279 0.129776
vt 0.329987 0.158530
vt 0.160811 0.073588
vt 0.339275 0.158705
vt 0.122208 0.205692
vt 0.123136 0.223048
vt 0.124394 0.319278
vt 0.124473 0.335667
vt 0.094039 0.345321
vt 0.091575 0.336125
vt 0.124016 0.263348
vt 0.124518 0.280135
vt 0.090791 0.373249
vt 0.063041 0.365019
vt 0.093187 0.364097
vt 0.063050 0.344329
vt 0.025431 0.058675
vt 0.034882 0.082805
vt 0.124579 0.492912
vt 0.085944 0.477883
vt 0.120880 0.479912
vt 0.153167 0.366055
vt 0.153654 0.344209
vt 0.284971 0.491514
vt 0.338011 0.505703
vt 0.287163 0.521942
vt 0.116481 0.077424
vt 0.117514 0.099246
vt 0.119269 0.145264
vt 0.120497 0.163674
vt 0.093423 0.310040
vt 0.121824 0.309192
vt 0.080586 0.488869
vt 0.051830 0.469042
vt 0.288529 0.380899
vt 0.289873 0.363722
vt 0.284891 0.441480
vt 0.286154 0.422659
vt 0.091310 0.319398
vt 0.062713 0.312212
vt 0.044384 0.120545
vt 0.048767 0.144216
vt 0.293958 0.267009
vt 0.294468 0.250204
vt 0.291912 0.323620
vt 0.292899 0.306779
vt 0.122046 0.446629
vt 0.088026 0.455485
vt 0.086741 0.445265
vt 0.154532 0.310599
vt 0.154589 0.288215
vt 0.091636 0.235013
vt 0.088395 0.225482
vt 0.056788 0.448240
vt 0.127463 0.519765
vt 0.290543 0.092519
vt 0.289969 0.072326
vt 0.293109 0.153048
vt 0.292641 0.135540
vt 0.294368 0.210380
vt 0.294372 0.193449
vt 0.123454 0.374054
vt 0.123234 0.390341
vt 0.058784 0.236201
vt 0.121990 0.429225
vt 0.053480 0.179609
vt 0.056025 0.202191
vt 0.250092 0.064169
vt 0.286956 0.059755
vt 0.154724 0.253691
vt 0.154260 0.230697
vt 0.087978 0.427577
vt 0.088710 0.197639
vt 0.119002 0.195084
vt 0.249599 0.076052
vt 0.215524 0.076103
vt 0.090475 0.389861
vt 0.260283 0.193386
vt 0.260363 0.210602
vt 0.257423 0.136875
vt 0.258379 0.154564
vt 0.252556 0.095964
vt 0.073669 0.514976
vt 0.087042 0.207742
vt 0.060377 0.258030
vt 0.290913 0.015179
vt 0.242449 0.037870
vt 0.233582 0.024876
vt 0.153709 0.195132
vt 0.152942 0.171416
vt 0.151679 0.420572
vt 0.206209 0.055415
vt 0.198494 0.055508
vt 0.151994 0.398978
vt 0.120788 0.400249
vt 0.061882 0.291009
vt 0.259016 0.304525
vt 0.257893 0.321723
vt 0.260625 0.248994
vt 0.260078 0.266126
vt 0.259234 0.126821
vt 0.289845 0.124798
vt 0.152470 0.134410
vt 0.152454 0.109459
vt 0.226673 0.131285
vt 0.249583 0.418440
vt 0.246670 0.437584
vt 0.255515 0.360497
vt 0.253752 0.378056
vt 0.156992 0.476279
vt 0.256458 0.106076
vt 0.154813 0.069077
vt 0.160326 0.042484
vt 0.084004 0.167127
vt 0.081912 0.148324
vt 0.076492 0.104098
vt 0.072573 0.082226
vt 0.228403 0.513091
vt 0.237048 0.485294
vt 0.154006 0.454103
vt 0.119490 0.457566
vt 0.223724 0.109676
vt 0.325461 0.064592
vt 0.262623 0.183804
vt 0.291940 0.183036
vt 0.320481 0.475142
vt 0.318195 0.450976
vt 0.328964 0.039509
vt 0.286007 0.032051
vt 0.230527 0.185808
vt 0.324007 0.126238
vt 0.261221 0.164157
vt 0.319072 0.391933
vt 0.090849 0.281573
vt 0.090055 0.264429
vt 0.324113 0.102592
vt 0.288101 0.104167
vt 0.229639 0.164336
vt 0.122432 0.290433
vt 0.121263 0.233731
vt 0.121125 0.253054
vt 0.118734 0.174918
vt 0.115433 0.111831
vt 0.115812 0.133974
vt 0.114624 0.033729
vt 0.113107 0.063815
vt 0.281567 0.453098
vt 0.281768 0.477292
vt 0.284511 0.411384
vt 0.285166 0.391303
vt 0.322123 0.334359
vt 0.288321 0.353069
vt 0.288744 0.333824
vt 0.324378 0.277004
vt 0.291124 0.296305
vt 0.291055 0.277240
vt 0.325185 0.219577
vt 0.292381 0.239804
vt 0.291744 0.220726
vt 0.324675 0.161791
vt 0.290718 0.163688
vt 0.119608 0.418936
vt 0.122168 0.345666
vt 0.121138 0.364064
vt 0.061812 0.396549
vt 0.090939 0.418227
vt 0.060365 0.416966
vt 0.092547 0.399152
vt 0.262736 0.220137
vt 0.231244 0.240199
vt 0.231384 0.218722
vt 0.263338 0.239578
vt 0.262125 0.275717
vt 0.229832 0.294663
vt 0.230768 0.273137
vt 0.262067 0.295184
vt 0.259650 0.331438
vt 0.226341 0.349346
vt 0.228128 0.327705
vt 0.258942 0.351124
vt 0.255193 0.388103
vt 0.219866 0.404702
vt 0.223033 0.382717
vt 0.253669 0.408668
vt 0.213167 0.439072
vt 0.243700 0.473532
vt 0.206531 0.461756
vt 0.247497 0.448884
vt 0.072950 0.069125
vt 0.066559 0.039417
vt 0.083272 0.137458
vt 0.081278 0.114892
vt 0.087754 0.177017
vt 0.091945 0.254751
vt 0.093689 0.290894
vt 0.056664 0.025195
vt 0.119881 0.015179
vt 0.317968 0.414800
vt 0.320769 0.356954
vt 0.323472 0.299592
vt 0.324868 0.242232
vt 0.324821 0.184658
vt 0.009813 0.061933
vt 0.172648 0.504207
s 1
usemtl SpacialRoverExploreralumWhite
f 56/1/1 137/2/2 58/3/3
f 27/4/4 73/5/5 25/6/5
f 80/7/6 88/8/6 96/9/6
f 49/10/7 86/11/8 85/12/7
f 61/13/9 90/14/10 59/15/10
f 71/16/11 95/17/12 69/18/12
f 35/19/13 79/20/14 78/21/15
f 45/22/16 84/23/17 83/24/16
f 57/25/18 88/26/19 55/27/19
f 67/28/20 93/29/21 65/30/21
f 33/31/22 76/32/23 31/33/23
f 43/34/24 81/35/25 41/36/25
f 53/37/26 86/11/8 51/38/8
f 63/39/27 91/40/9 61/13/9
f 25/6/5 96/41/11 71/16/11
f 27/4/4 75/42/28 74/43/4
f 37/44/14 80/45/29 79/20/14
f 47/46/17 85/47/7 84/23/17
f 57/25/18 90/14/10 89/48/18
f 67/28/20 95/17/12 94/49/20
f 33/31/22 78/21/15 77/50/22
f 43/34/24 83/24/16 82/51/24
f 53/37/26 88/26/19 87/52/26
f 65/30/21 92/53/30 63/39/27
f 31/33/23 75/42/28 29/54/28
f 39/55/31 81/35/25 80/45/29
f 120/56/32 145/57/33 98/58/34
f 30/59/35 100/60/35 99/61/35
f 34/62/35 100/60/35 32/63/35
f 36/64/35 101/65/35 34/62/35
f 38/66/35 102/67/35 36/64/35
f 38/66/35 104/68/35 103/69/35
f 42/70/35 104/68/35 40/71/35
f 42/70/35 106/72/35 105/73/35
f 44/74/35 107/75/35 106/72/35
f 110/76/36 148/77/37 111/78/38
f 56/79/35 111/80/35 54/81/35
f 58/82/35 112/83/35 56/79/35
f 58/82/35 114/84/35 113/85/35
f 60/86/35 115/87/35 114/84/35
f 64/88/35 115/87/35 62/89/35
f 66/90/35 116/91/35 64/88/35
f 66/90/35 118/92/35 117/93/35
f 70/94/35 118/92/35 68/95/35
f 26/96/39 155/97/40 72/98/40
f 42/99/41 130/100/42 44/101/42
f 72/102/43 122/103/44 26/104/44
f 30/105/45 121/106/46 123/107/45
f 60/108/47 137/2/47 138/109/47
f 44/101/42 131/110/48 46/111/48
f 32/112/49 123/107/45 124/113/49
f 62/114/47 138/109/47 139/115/47
f 46/111/48 132/116/50 48/117/50
f 34/118/51 124/113/49 125/119/51
f 62/114/47 140/120/47 64/121/47
f 48/117/50 133/122/52 50/123/52
f 36/124/53 125/119/51 126/125/53
f 64/121/47 141/126/47 66/127/47
f 52/128/54 133/122/52 134/129/54
f 36/124/53 127/130/55 38/131/55
f 68/132/56 141/133/57 142/134/58
f 54/135/59 134/129/54 135/136/59
f 38/131/55 128/137/60 40/138/60
f 68/132/56 143/139/61 70/140/61
f 56/1/1 135/136/59 136/141/62
f 40/138/60 129/142/41 42/99/41
f 70/140/61 144/143/43 72/102/43
f 28/144/46 122/103/44 121/106/46
f 135/145/35 127/146/35 123/147/35
f 153/148/35 146/149/35 152/150/35
f 154/151/63 147/152/35 153/148/35
f 156/153/64 149/154/35 150/155/65
f 151/156/35 149/154/35 155/157/35
f 52/158/66 152/159/67 50/160/67
f 54/161/68 153/162/66 52/158/66
f 109/163/69 147/152/36 110/76/36
f 72/98/40 156/164/70 70/165/71
f 119/166/72 149/154/32 120/56/32
f 98/58/73 151/167/73 26/96/73
f 205/168/74 218/169/74 219/170/74
f 206/171/75 204/172/75 203/173/75
f 109/163/73 152/159/73 146/149/73
f 26/174/35 97/175/35 98/176/35
f 26/174/35 28/177/35 97/175/35
f 107/75/35 46/178/35 48/179/35
f 28/177/35 30/59/35 99/61/35
f 28/177/35 99/61/35 97/175/35
f 50/180/35 108/181/35 48/179/35
f 109/182/35 108/181/35 50/180/35
f 108/181/35 107/75/35 48/179/35
f 210/183/76 160/184/77 209/185/78
f 212/186/79 162/187/80 161/188/79
f 158/189/81 218/169/82 207/190/83
f 208/191/76 157/192/84 204/193/76
f 212/186/85 159/194/85 210/183/85
f 206/171/79 158/189/81 207/190/83
f 156/195/70 165/196/85 70/197/71
f 150/198/65 166/199/86 156/195/64
f 119/200/87 165/196/88 163/201/89
f 150/202/90 163/201/75 164/203/75
f 148/204/91 168/205/92 169/206/93
f 111/207/94 167/208/95 54/209/96
f 148/204/37 170/210/85 111/207/38
f 154/211/97 167/208/75 168/212/75
f 172/213/73 171/214/73 173/215/73
f 176/216/73 177/217/73 178/218/73
f 173/215/75 208/219/75 206/220/75
f 172/213/85 205/221/85 174/222/85
f 171/223/76 205/221/98 208/224/76
f 172/213/79 206/220/79 207/225/83
f 178/218/85 210/226/85 176/227/85
f 177/217/79 212/228/79 178/218/79
f 176/229/76 209/230/78 175/231/76
f 177/217/75 209/230/75 211/232/75
f 221/233/75 220/234/75 217/235/75
f 224/236/75 254/237/75 236/238/75
f 162/187/80 220/234/99 215/239/100
f 209/185/78 216/240/101 217/241/102
f 209/242/103 220/234/103 211/243/103
f 205/244/98 213/245/104 157/192/84
f 158/189/105 226/246/105 214/247/105
f 221/248/106 162/187/106 215/239/106
f 160/184/106 224/249/106 216/240/106
f 227/250/105 157/192/105 213/245/105
f 227/251/85 219/170/85 218/169/85
f 225/252/107 247/253/108 226/254/107
f 222/255/109 236/238/110 229/256/111
f 223/257/112 238/258/113 224/259/112
f 228/260/114 251/261/115 244/262/116
f 250/263/117 241/264/118 245/265/119
f 246/266/75 241/267/75 242/268/75
f 249/269/85 250/270/85 251/261/85
f 230/271/120 239/272/121 232/273/122
f 229/274/111 237/275/123 231/276/123
f 231/276/124 235/277/125 230/271/120
f 239/272/121 234/278/126 232/273/122
f 240/279/127 233/280/128 234/278/129
f 248/281/130 243/282/131 241/264/118
f 249/283/132 242/284/133 243/282/132
f 244/262/116 252/285/134 246/286/135
f 246/286/136 250/263/117 245/265/119
f 222/255/85 253/287/85 233/280/85
f 233/280/85 253/287/85 234/288/85
f 230/289/85 253/287/85 231/290/85
f 231/290/85 253/287/85 229/256/85
f 234/288/85 253/287/85 232/291/85
f 232/291/85 253/287/85 230/289/85
f 236/238/75 254/237/75 237/292/75
f 237/292/75 254/237/75 235/293/75
f 240/294/75 254/237/75 238/295/75
f 235/293/75 254/237/75 239/296/75
f 239/296/75 254/237/75 240/294/75
f 136/297/35 138/298/35 137/299/35
f 139/300/35 255/301/35 140/302/35
f 140/302/35 142/303/35 141/304/35
f 138/298/35 255/301/35 139/300/35
f 56/1/1 136/141/62 137/2/2
f 27/4/4 74/43/4 73/5/5
f 96/9/6 73/305/6 74/306/6
f 74/306/6 75/307/6 76/308/6
f 76/308/6 77/309/6 78/310/6
f 78/310/6 79/311/6 80/7/6
f 80/7/6 81/312/6 82/313/6
f 82/313/6 83/314/6 84/315/6
f 84/315/6 85/316/6 86/317/6
f 86/317/6 87/318/6 88/8/6
f 88/8/6 89/319/6 90/320/6
f 90/320/6 91/321/6 92/322/6
f 92/322/6 93/323/6 94/324/6
f 94/324/6 95/325/6 96/9/6
f 96/9/6 74/306/6 76/308/6
f 76/308/6 78/310/6 80/7/6
f 80/7/6 82/313/6 84/315/6
f 84/315/6 86/317/6 88/8/6
f 88/8/6 90/320/6 92/322/6
f 92/322/6 94/324/6 96/9/6
f 96/9/6 76/308/6 80/7/6
f 80/7/6 84/315/6 88/8/6
f 88/8/6 92/322/6 96/9/6
f 49/10/7 51/38/8 86/11/8
f 61/13/9 91/40/9 90/14/10
f 71/16/11 96/41/11 95/17/12
f 35/19/13 37/44/14 79/20/14
f 45/22/16 47/46/17 84/23/17
f 57/25/18 89/48/18 88/26/19
f 67/28/20 94/49/20 93/29/21
f 33/31/22 77/50/22 76/32/23
f 43/34/24 82/51/24 81/35/25
f 53/37/26 87/52/26 86/11/8
f 63/39/27 92/53/30 91/40/9
f 25/6/5 73/5/5 96/41/11
f 27/4/4 29/54/28 75/42/28
f 37/44/14 39/55/31 80/45/29
f 47/46/17 49/326/7 85/47/7
f 57/25/18 59/15/10 90/14/10
f 67/28/20 69/18/12 95/17/12
f 33/31/22 35/19/13 78/21/15
f 43/34/24 45/22/16 83/24/16
f 53/37/26 55/27/19 88/26/19
f 65/30/21 93/29/21 92/53/30
f 31/33/23 76/32/23 75/42/28
f 39/55/31 41/36/25 81/35/25
f 120/56/32 149/154/32 145/57/33
f 30/59/35 32/63/35 100/60/35
f 34/62/35 101/65/35 100/60/35
f 36/64/35 102/67/35 101/65/35
f 38/66/35 103/69/35 102/67/35
f 38/66/35 40/71/35 104/68/35
f 42/70/35 105/73/35 104/68/35
f 42/70/35 44/74/35 106/72/35
f 44/74/35 46/178/35 107/75/35
f 110/76/36 147/152/36 148/77/37
f 56/79/35 112/83/35 111/80/35
f 58/82/35 113/85/35 112/83/35
f 58/82/35 60/86/35 114/84/35
f 60/86/35 62/89/35 115/87/35
f 64/88/35 116/91/35 115/87/35
f 66/90/35 117/93/35 116/91/35
f 66/90/35 68/95/35 118/92/35
f 70/94/35 119/327/35 118/92/35
f 26/96/39 151/167/39 155/97/40
f 42/99/41 129/142/41 130/100/42
f 72/102/43 144/143/43 122/103/44
f 30/105/45 28/144/46 121/106/46
f 60/108/47 58/3/47 137/2/47
f 44/101/42 130/100/42 131/110/48
f 32/112/49 30/105/45 123/107/45
f 62/114/47 60/108/47 138/109/47
f 46/111/48 131/110/48 132/116/50
f 34/118/51 32/112/49 124/113/49
f 62/114/47 139/115/47 140/120/47
f 48/117/50 132/116/50 133/122/52
f 36/124/53 34/118/51 125/119/51
f 64/121/47 140/120/47 141/126/47
f 52/128/54 50/123/52 133/122/52
f 36/124/53 126/125/53 127/130/55
f 68/132/56 66/328/137 141/133/57
f 54/135/59 52/128/54 134/129/54
f 38/131/55 127/130/55 128/137/60
f 68/132/56 142/134/58 143/139/61
f 56/1/1 54/135/59 135/136/59
f 40/138/60 128/137/60 129/142/41
f 70/140/61 143/139/61 144/143/43
f 28/144/46 26/104/44 122/103/44
f 123/147/35 121/329/35 122/330/35
f 122/330/35 144/331/138 143/332/35
f 143/332/35 142/303/35 255/301/35
f 255/301/35 136/297/35 135/145/35
f 135/145/35 134/333/139 133/334/35
f 133/334/35 132/335/35 131/336/35
f 131/336/35 130/337/35 129/338/35
f 129/338/35 128/339/35 127/146/35
f 127/146/35 126/340/35 125/341/35
f 125/341/35 124/342/35 123/147/35
f 123/147/35 122/330/35 143/332/35
f 143/332/35 255/301/35 135/145/35
f 135/145/35 133/334/35 131/336/35
f 131/336/35 129/338/35 127/146/35
f 127/146/35 125/341/35 123/147/35
f 123/147/35 143/332/35 135/145/35
f 135/145/35 131/336/35 127/146/35
f 153/148/35 147/152/35 146/149/35
f 154/151/63 148/343/91 147/152/35
f 156/153/64 155/157/35 149/154/35
f 151/156/35 145/57/35 149/154/35
f 52/158/66 153/162/66 152/159/67
f 54/161/68 154/344/97 153/162/66
f 109/163/69 146/149/140 147/152/36
f 72/98/40 155/97/40 156/164/70
f 119/166/72 150/345/90 149/154/32
f 98/58/73 145/57/73 151/167/73
f 205/168/74 207/346/74 218/169/74
f 206/171/75 208/347/75 204/172/75
f 109/163/73 50/160/73 152/159/73
f 210/183/76 159/194/76 160/184/77
f 212/186/79 211/348/141 162/187/80
f 158/189/81 214/247/142 218/169/82
f 208/191/76 205/244/98 157/192/84
f 212/186/85 161/188/85 159/194/85
f 206/171/79 203/173/79 158/189/143
f 156/195/144 166/199/85 165/196/85
f 150/198/145 164/349/146 166/199/147
f 119/200/87 70/197/148 165/196/88
f 150/202/90 119/200/72 163/201/75
f 148/204/91 154/350/63 168/205/92
f 111/207/149 170/210/150 167/208/151
f 148/204/152 169/206/85 170/210/85
f 154/211/97 54/209/68 167/208/75
f 172/213/73 174/351/73 171/214/73
f 176/216/73 175/352/73 177/217/73
f 173/215/75 171/353/75 208/219/75
f 172/213/85 207/225/85 205/221/85
f 171/223/76 174/222/76 205/221/98
f 172/213/79 173/215/79 206/220/79
f 178/218/85 212/228/85 210/226/85
f 177/217/79 211/232/141 212/228/79
f 176/229/76 210/354/76 209/230/78
f 177/217/75 175/231/75 209/230/75
f 217/235/75 216/355/75 224/356/75
f 221/233/75 215/239/75 220/234/75
f 217/235/75 224/356/75 221/233/75
f 236/238/75 221/357/75 224/236/75
f 224/236/75 238/295/75 254/237/75
f 162/187/80 211/348/141 220/234/99
f 209/185/78 160/184/77 216/240/101
f 209/242/103 217/235/103 220/234/103
f 205/244/98 219/170/153 213/245/104
f 158/189/105 225/358/105 226/246/105
f 221/248/106 222/359/106 162/187/106
f 160/184/106 223/360/106 224/249/106
f 227/250/105 228/361/105 157/192/105
f 218/169/85 214/247/85 226/362/85
f 227/251/85 213/245/85 219/170/85
f 218/169/85 226/362/85 227/251/85
f 225/252/107 242/268/133 247/253/108
f 222/255/109 221/357/109 236/238/110
f 223/257/112 233/280/128 238/258/113
f 228/260/114 227/363/114 251/261/115
f 250/263/117 248/281/130 241/264/118
f 242/268/75 225/252/75 228/364/75
f 228/364/75 244/365/75 246/266/75
f 246/266/75 245/366/75 241/267/75
f 241/267/75 243/367/75 242/268/75
f 242/268/75 228/364/75 246/266/75
f 251/261/85 227/363/85 226/254/85
f 226/254/85 247/253/85 249/269/85
f 249/269/85 248/368/85 250/270/85
f 250/270/85 252/369/85 251/261/85
f 251/261/85 226/254/85 249/269/85
f 230/271/120 235/277/125 239/272/121
f 229/274/111 236/370/110 237/275/123
f 231/276/124 237/275/124 235/277/125
f 239/272/121 240/279/126 234/278/126
f 240/279/127 238/258/113 233/280/128
f 248/281/130 249/283/131 243/282/131
f 249/283/132 247/371/108 242/284/133
f 244/262/116 251/261/115 252/285/134
f 246/286/136 252/285/136 250/263/117
f 233/280/85 223/257/85 222/255/85
f 222/255/85 229/256/85 253/287/85
f 136/297/35 255/301/35 138/298/35
f 140/302/35 255/301/35 142/303/35
usemtl SpacialRoverExploreralumGray
f 186/372/154 1/373/155 8/374/156
f 185/375/157 8/374/158 7/376/159
f 6/377/160 185/375/161 7/376/162
f 5/378/163 184/379/164 6/377/165
f 4/380/166 183/381/167 5/378/166
f 3/382/168 182/383/169 4/384/168
f 180/385/170 3/382/171 2/386/172
f 179/387/173 2/386/174 1/373/174
f 186/372/154 179/387/175 1/373/155
f 185/375/157 186/372/157 8/374/158
f 6/377/160 184/379/161 185/375/161
f 5/378/163 183/381/164 184/379/164
f 4/380/166 182/388/176 183/381/167
f 3/382/168 181/389/169 182/383/169
f 180/385/170 181/389/170 3/382/171
f 179/387/173 180/385/177 2/386/174
f 315/390/85 316/391/36 314/392/85
f 317/393/36 318/394/178 316/391/36
f 319/395/178 320/396/179 318/394/178
f 321/397/179 322/398/180 320/396/179
f 323/399/180 324/400/181 322/398/180
f 325/401/181 326/402/182 324/403/181
f 327/404/182 328/405/183 326/402/182
f 329/406/183 330/407/184 328/405/183
f 331/408/184 332/409/185 330/407/184
f 333/410/185 334/411/186 332/409/185
f 335/412/186 336/413/187 334/411/186
f 338/414/6 410/415/6 412/416/6
f 338/414/6 414/417/6 340/418/6
f 341/419/188 342/420/189 340/421/188
f 343/422/189 344/423/190 342/420/189
f 345/424/190 346/425/191 344/423/190
f 347/426/191 348/427/192 346/425/191
f 349/428/192 350/429/73 348/427/192
f 351/430/73 352/431/193 350/429/73
f 353/432/193 354/433/194 352/431/193
f 355/434/194 356/435/195 354/433/194
f 357/436/195 358/437/196 356/435/195
f 321/438/35 382/439/35 379/440/197
f 351/441/35 343/442/35 371/443/35
f 359/444/196 360/445/40 358/437/196
f 361/446/40 314/392/85 360/445/40
f 320/447/6 328/448/6 389/449/6
f 344/450/6 352/451/6 401/452/6
f 339/453/35 415/454/35 413/455/35
f 340/418/73 415/456/73 341/457/73
f 337/458/182 410/415/182 336/459/182
f 339/453/35 411/460/35 337/458/35
f 315/390/85 317/393/36 316/391/36
f 317/393/36 319/395/178 318/394/178
f 319/395/178 321/397/179 320/396/179
f 321/397/179 323/399/180 322/398/180
f 323/399/180 325/461/181 324/400/181
f 325/401/181 327/404/182 326/402/182
f 327/404/182 329/406/183 328/405/183
f 329/406/183 331/408/184 330/407/184
f 331/408/184 333/410/185 332/409/185
f 333/410/185 335/412/186 334/411/186
f 335/412/186 337/462/187 336/413/187
f 338/414/6 336/459/6 410/415/6
f 338/414/6 412/416/6 414/417/6
f 341/419/188 343/422/189 342/420/189
f 343/422/189 345/424/190 344/423/190
f 345/424/190 347/426/191 346/425/191
f 347/426/191 349/428/192 348/427/192
f 349/428/192 351/430/73 350/429/73
f 351/430/73 353/432/193 352/431/193
f 353/432/193 355/434/194 354/433/194
f 355/434/194 357/436/195 356/435/195
f 357/436/195 359/444/196 358/437/196
f 378/463/35 327/464/35 325/465/35
f 325/465/35 323/466/35 321/438/35
f 321/438/35 319/467/35 385/468/35
f 321/438/35 385/468/35 376/469/35
f 378/463/35 325/465/35 321/438/35
f 379/440/197 378/463/35 321/438/35
f 321/438/35 376/469/35 382/439/35
f 367/470/35 385/468/35 319/467/35
f 319/467/35 317/471/35 315/472/35
f 315/472/35 361/473/35 359/474/35
f 359/474/35 357/475/35 355/476/35
f 355/476/35 353/477/35 351/441/35
f 351/441/35 349/478/35 347/479/35
f 347/479/35 345/480/35 343/442/35
f 343/442/35 341/481/35 339/482/35
f 339/482/35 337/483/35 335/484/35
f 335/484/35 333/485/35 331/486/35
f 331/486/35 329/487/35 327/464/35
f 327/464/35 378/463/35 381/488/35
f 327/464/35 381/488/35 380/489/35
f 335/484/35 331/486/35 327/464/35
f 343/442/35 339/482/35 335/484/35
f 351/441/35 347/479/35 343/442/35
f 359/474/35 355/476/35 351/441/35
f 319/467/35 315/472/35 359/474/35
f 368/490/198 367/470/35 319/467/35
f 365/491/35 368/490/198 319/467/35
f 335/484/35 327/464/35 380/489/35
f 335/484/35 380/489/35 377/492/35
f 365/491/35 319/467/35 359/474/35
f 366/493/35 365/491/35 359/474/35
f 335/484/35 377/492/35 384/494/35
f 335/484/35 384/494/35 373/495/35
f 363/496/35 366/493/35 359/474/35
f 364/497/35 363/496/35 359/474/35
f 343/442/35 335/484/35 373/495/35
f 343/442/35 373/495/35 374/498/199
f 364/497/35 359/474/35 351/441/35
f 362/499/35 364/497/35 351/441/35
f 343/442/35 374/498/199 372/500/35
f 343/442/35 372/500/35 375/501/35
f 383/502/35 362/499/35 351/441/35
f 369/503/35 383/502/35 351/441/35
f 343/442/35 375/501/35 370/504/35
f 371/443/35 369/503/35 351/441/35
f 343/442/35 370/504/35 371/443/35
f 359/444/196 361/446/40 360/445/40
f 361/446/40 315/390/85 314/392/85
f 390/505/6 392/506/6 320/447/6
f 320/447/6 322/507/6 324/508/6
f 324/508/6 326/509/6 328/448/6
f 328/448/6 408/510/6 391/511/6
f 389/449/6 390/505/6 320/447/6
f 328/448/6 391/511/6 389/449/6
f 320/447/6 324/508/6 328/448/6
f 398/512/6 408/510/6 328/448/6
f 328/448/6 330/513/6 332/514/6
f 332/514/6 334/515/6 336/516/6
f 336/516/6 338/517/6 340/518/6
f 340/518/6 342/519/6 344/450/6
f 344/450/6 346/520/6 348/521/6
f 348/521/6 350/522/6 352/451/6
f 352/451/6 354/523/6 356/524/6
f 356/524/6 358/525/6 360/526/6
f 360/526/6 314/527/6 316/528/6
f 316/528/6 318/529/6 320/447/6
f 320/447/6 392/506/6 387/530/6
f 320/447/6 387/530/6 388/531/6
f 360/526/6 316/528/6 320/447/6
f 352/451/6 356/524/6 360/526/6
f 344/450/6 348/521/6 352/451/6
f 336/516/6 340/518/6 344/450/6
f 328/448/6 332/514/6 336/516/6
f 399/532/200 398/512/6 328/448/6
f 396/533/6 399/532/200 328/448/6
f 360/526/6 320/447/6 388/531/6
f 360/526/6 388/531/6 386/534/6
f 396/533/6 328/448/6 336/516/6
f 397/535/6 396/533/6 336/516/6
f 360/526/6 386/534/6 409/536/6
f 360/526/6 409/536/6 403/537/6
f 394/538/6 397/535/6 336/516/6
f 395/539/6 394/538/6 336/516/6
f 352/451/6 360/526/6 403/537/6
f 352/451/6 403/537/6 404/540/201
f 395/539/6 336/516/6 344/450/6
f 393/541/6 395/539/6 344/450/6
f 352/451/6 404/540/201 406/542/6
f 352/451/6 406/542/6 402/543/6
f 407/544/6 393/541/6 344/450/6
f 405/545/6 407/544/6 344/450/6
f 352/451/6 402/543/6 400/546/6
f 401/452/6 405/545/6 344/450/6
f 352/451/6 400/546/6 401/452/6
f 339/453/35 341/547/35 415/454/35
f 340/418/73 414/417/73 415/456/73
f 337/458/182 411/460/182 410/415/182
f 339/453/35 413/455/35 411/460/35
f 502/548/6 469/549/6 501/550/202
f 469/549/6 502/548/6 503/551/203
f 469/549/6 468/552/202 501/550/202
f 503/551/203 470/553/203 469/549/6
f 468/552/202 500/554/204 501/550/202
f 503/551/203 504/555/205 470/553/203
f 468/552/202 467/556/204 500/554/204
f 504/555/205 471/557/205 470/553/203
f 504/555/205 505/558/206 471/557/205
f 505/558/206 472/559/206 471/557/205
f 467/556/204 499/560/207 500/554/204
f 499/560/207 467/556/204 466/561/207
f 505/558/206 506/562/208 472/559/206
f 506/562/208 473/563/208 472/559/206
f 499/560/207 466/561/207 498/564/209
f 466/561/207 465/565/209 498/564/209
f 465/565/209 497/566/210 498/564/209
f 506/562/208 507/567/211 473/563/208
f 465/565/209 464/568/210 497/566/210
f 507/567/211 474/569/211 473/563/208
f 507/567/211 508/570/212 474/569/211
f 497/566/210 464/568/210 496/571/213
f 464/568/210 463/572/213 496/571/213
f 474/569/211 508/570/212 475/573/212
f 463/572/213 495/574/214 496/571/213
f 475/573/212 508/570/212 476/575/215
f 463/572/213 462/576/214 495/574/214
f 476/575/215 508/570/212 509/577/215
f 462/576/214 494/578/73 495/574/214
f 494/578/73 462/576/214 461/579/73
f 476/575/215 509/577/215 478/580/182
f 478/580/182 445/581/182 476/575/215
f 478/580/182 479/582/216 445/581/182
f 494/578/73 461/579/73 493/583/217
f 493/583/217 461/579/73 460/584/217
f 445/581/182 479/582/216 446/585/216
f 446/585/216 479/582/216 480/586/218
f 446/585/216 480/586/218 447/587/218
f 493/583/217 460/584/217 492/588/219
f 460/589/217 459/590/219 492/591/219
f 459/590/219 491/592/220 492/591/219
f 447/587/218 480/586/218 481/593/221
f 459/590/219 458/594/220 491/592/220
f 447/587/218 481/593/221 448/595/221
f 491/592/220 458/594/220 490/596/222
f 448/595/221 481/593/221 482/597/223
f 448/595/221 482/597/223 449/598/223
f 490/596/222 458/594/220 457/599/222
f 449/598/223 482/597/223 483/600/224
f 490/596/222 457/599/222 489/601/225
f 449/598/223 483/600/224 450/602/224
f 489/601/225 457/599/222 456/603/225
f 450/602/224 483/600/224 484/604/226
f 489/601/225 456/603/225 488/605/227
f 450/602/224 484/604/226 451/606/226
f 488/605/227 456/603/225 455/607/227
f 451/606/226 484/604/226 485/608/228
f 488/605/227 455/607/227 487/609/229
f 487/609/229 455/607/227 454/610/229
f 451/606/226 485/608/228 452/611/228
f 487/609/229 454/610/229 486/612/35
f 452/611/228 485/608/228 486/612/35
f 486/612/35 454/610/229 453/613/35
f 452/611/228 486/612/35 453/613/35
f 943/614/230 966/615/231 967/616/230
f 949/617/232 974/618/233 950/619/233
f 940/620/234 953/621/235 964/622/234
f 946/623/236 971/624/237 947/625/237
f 943/614/230 968/626/238 944/627/238
f 939/628/235 974/618/233 953/621/235
f 940/629/234 965/630/239 941/631/239
f 947/625/237 972/632/240 948/633/240
f 945/634/241 968/626/238 969/635/241
f 941/636/239 966/615/231 942/637/231
f 948/633/240 973/638/232 949/617/232
f 945/634/241 970/639/236 946/623/236
f 613/640/242 591/641/243 614/642/242
f 609/643/244 612/644/245 610/645/244
f 605/646/246 608/647/247 606/648/246
f 609/649/248 1069/650/249 607/651/248
f 601/652/250 604/653/251 602/654/250
f 597/655/252 600/656/253 598/657/252
f 593/658/254 596/659/255 594/660/254
f 635/661/222 638/662/256 636/663/256
f 631/664/257 634/665/258 632/666/258
f 627/667/259 630/668/260 628/669/260
f 624/670/261 625/671/208 626/672/261
f 619/673/262 622/674/263 620/675/263
f 615/676/264 617/677/265 618/678/264
f 933/679/266 626/680/261 936/681/266
f 917/682/267 634/683/258 920/684/267
f 611/685/268 1058/686/269 1061/687/269
f 1065/688/270 634/683/270 633/689/270
f 605/690/271 1077/691/272 603/692/271
f 597/693/273 1051/694/274 595/695/273
f 602/696/275 932/697/276 937/698/276
f 608/699/277 921/700/278 610/701/277
f 1054/702/270 620/703/270 905/704/270
f 1041/705/279 891/706/279 892/707/279
f 1040/708/279 892/707/279 893/709/279
f 1047/710/280 619/673/281 1054/711/280
f 1042/712/282 617/677/283 616/713/283
f 591/714/284 897/715/285 594/716/284
f 893/709/286 895/717/287 898/718/286
f 1047/710/288 622/719/288 621/720/288
f 1048/721/288 902/722/288 1047/723/288
f 1053/724/270 905/704/270 906/725/270
f 1055/726/289 635/661/290 1060/727/289
f 1049/728/291 1053/729/292 1052/730/291
f 905/704/293 622/719/263 902/722/293
f 598/731/294 904/732/295 899/733/295
f 900/734/296 906/725/297 901/735/297
f 1060/736/209 636/737/209 913/738/209
f 1061/739/209 911/740/209 912/741/209
f 1058/742/223 908/743/223 1057/744/223
f 1056/745/223 910/746/223 1055/747/223
f 1062/748/298 1056/749/299 1059/750/299
f 913/738/300 638/751/256 910/746/300
f 612/752/301 907/753/302 614/754/301
f 911/740/303 909/755/304 908/743/303
f 1063/756/305 1067/757/306 1070/758/307
f 915/759/308 919/760/309 922/761/308
f 1066/762/270 920/684/270 1065/763/270
f 1065/688/310 631/664/311 1068/764/310
f 1071/765/312 627/667/313 1076/766/312
f 1067/767/288 917/682/288 918/768/288
f 1076/769/314 628/770/314 929/771/314
f 1075/772/314 929/771/314 930/773/314
f 1071/765/279 630/774/279 629/775/279
f 1072/776/279 926/777/279 1071/778/279
f 1073/779/315 1075/780/316 1078/781/317
f 929/771/318 630/774/260 926/777/318
f 606/782/319 928/783/320 923/784/320
f 924/785/321 930/773/322 925/786/323
f 1082/787/223 624/788/223 933/679/223
f 1081/789/223 933/679/223 934/790/223
f 931/791/324 935/792/325 938/793/324
f 1082/794/326 625/671/327 623/795/327
f 601/796/328 1079/797/329 599/798/328
f 1080/799/330 1086/800/331 1081/801/331
f 750/802/332 592/803/243 613/640/242
f 749/804/332 727/805/35 750/806/332
f 748/807/333 613/640/242 611/808/245
f 747/809/333 750/806/332 748/810/333
f 746/811/334 611/808/245 609/643/244
f 737/812/262 756/813/262 738/814/262
f 744/815/335 609/643/244 607/816/247
f 743/817/335 746/818/334 744/819/335
f 742/820/336 607/816/247 605/646/246
f 741/821/336 744/819/335 742/822/336
f 740/823/337 605/646/246 603/824/251
f 739/825/337 742/822/336 740/826/337
f 738/827/338 603/824/251 601/652/250
f 731/828/75 751/829/75 729/830/75
f 599/831/253 738/827/338 601/652/250
f 736/832/339 737/833/338 738/834/338
f 734/835/182 599/831/253 597/655/252
f 734/836/182 735/837/339 736/832/339
f 732/838/340 597/655/252 595/839/255
f 731/840/340 734/836/182 732/841/340
f 730/842/341 595/839/255 593/658/254
f 748/843/265 761/844/265 747/845/265
f 727/846/35 593/847/254 592/803/243
f 728/848/35 730/849/341 727/846/35
f 759/850/279 762/851/279 760/852/279
f 755/853/288 758/854/288 756/855/288
f 751/829/223 754/856/223 752/857/223
f 748/843/85 760/858/85 762/859/85
f 732/860/208 753/861/208 731/862/208
f 745/863/75 761/864/75 759/850/75
f 740/865/85 756/813/85 758/866/85
f 745/863/259 760/858/259 746/867/259
f 740/865/257 757/868/257 739/869/257
f 739/869/75 755/853/75 737/870/75
f 729/830/222 752/871/222 730/872/222
f 730/872/85 754/873/85 732/860/85
f 1039/874/279 893/709/279 894/875/279
f 1049/728/288 901/735/288 1048/876/288
f 1050/877/288 900/734/288 1049/878/288
f 1052/879/270 906/725/270 903/880/270
f 1051/881/270 903/880/270 904/882/270
f 1057/883/223 909/755/223 1056/749/223
f 1062/884/209 914/885/209 911/740/209
f 1059/886/209 913/738/209 914/885/209
f 1070/887/288 918/768/288 915/759/288
f 1069/888/288 915/759/288 916/889/288
f 1063/756/270 919/760/270 1066/890/270
f 1064/891/270 922/761/270 1063/892/270
f 1073/779/279 925/786/279 1072/893/279
f 1074/894/279 924/785/279 1073/895/279
f 1078/896/314 930/773/314 927/897/314
f 1077/898/314 927/897/314 928/783/314
f 1080/899/223 934/790/223 931/791/223
f 1079/900/223 931/791/223 932/697/223
f 893/709/286 897/715/285 894/875/285
f 896/901/342 892/707/287 891/706/342
f 900/734/296 904/882/295 903/880/343
f 902/722/293 906/725/297 905/704/293
f 908/743/303 912/741/302 911/740/303
f 910/746/300 914/885/304 913/738/300
f 922/761/308 916/889/278 915/759/308
f 920/684/267 918/768/309 917/682/267
f 924/785/321 928/783/320 927/897/321
f 929/771/318 925/786/323 930/773/322
f 938/793/324 932/697/276 931/791/324
f 936/681/266 934/790/325 933/679/266
f 891/706/342 618/902/264 896/901/342
f 950/903/332 728/848/35 749/904/332
f 949/905/344 749/904/332 747/906/333
f 948/907/73 747/906/333 745/908/334
f 947/909/335 745/908/334 743/910/335
f 946/911/336 743/910/335 741/912/336
f 945/913/6 741/912/336 739/914/337
f 944/915/345 739/914/337 737/916/338
f 735/917/339 944/915/345 737/916/338
f 942/918/182 735/917/339 733/919/182
f 941/631/346 733/919/182 731/920/340
f 940/629/347 731/920/340 729/921/341
f 939/922/35 729/923/341 728/848/35
f 453/924/85 977/925/85 1006/926/85
f 467/927/85 1005/928/85 466/929/85
f 452/930/85 1006/926/85 1004/931/85
f 466/929/85 1003/932/85 465/933/85
f 451/934/85 1004/931/85 1002/935/85
f 465/933/85 1001/936/85 464/937/85
f 450/938/85 1002/935/85 1000/939/85
f 463/940/85 1001/936/85 999/941/85
f 476/942/85 987/943/85 998/944/85
f 449/945/85 1000/939/85 997/946/85
f 463/940/85 996/947/85 462/948/85
f 475/949/85 998/944/85 995/950/85
f 448/951/85 997/946/85 994/952/85
f 462/948/85 993/953/85 461/954/85
f 475/949/85 992/955/85 474/956/85
f 447/957/85 994/952/85 991/958/85
f 461/954/85 990/959/85 460/960/85
f 474/956/85 989/961/85 473/962/85
f 446/963/85 991/958/85 988/964/85
f 460/960/85 986/965/85 459/966/85
f 473/962/85 985/967/85 472/968/85
f 446/963/85 987/943/85 445/969/85
f 458/970/85 986/965/85 984/971/85
f 472/968/85 983/972/85 471/973/85
f 457/974/85 984/971/85 982/975/85
f 471/973/85 981/976/85 470/977/85
f 456/978/85 982/975/85 980/979/85
f 470/977/85 979/980/85 469/981/85
f 455/982/85 980/979/85 978/983/85
f 469/981/85 976/984/85 468/985/85
f 454/986/85 978/983/85 977/925/85
f 468/985/85 975/987/85 467/927/85
f 479/988/75 1038/989/75 1007/990/75
f 480/991/75 1007/990/75 1008/992/75
f 480/991/75 1009/993/75 481/994/75
f 481/994/75 1010/995/75 482/996/75
f 482/996/75 1011/997/75 483/998/75
f 483/998/75 1012/999/75 484/1000/75
f 484/1000/75 1013/1001/75 485/1002/75
f 485/1002/75 1014/1003/75 486/1004/75
f 486/1004/75 1015/1005/75 487/1006/75
f 487/1006/75 1016/1007/75 488/1008/75
f 488/1008/75 1017/1009/75 489/1010/75
f 489/1010/75 1018/1011/75 490/1012/75
f 490/1012/75 1019/1013/75 491/1014/75
f 491/1014/75 1020/1015/75 492/1016/75
f 492/1016/75 1021/1017/75 493/1018/75
f 493/1018/75 1022/1019/75 494/1020/75
f 494/1020/75 1023/1021/75 495/1022/75
f 495/1022/75 1024/1023/75 496/1024/75
f 496/1024/75 1025/1025/75 497/1026/75
f 498/1027/75 1025/1025/75 1026/1028/75
f 499/1029/75 1026/1028/75 1027/1030/75
f 500/1031/75 1027/1030/75 1028/1032/75
f 501/1033/75 1028/1032/75 1029/1034/75
f 502/1035/75 1029/1034/75 1030/1036/75
f 503/1037/75 1030/1036/75 1031/1038/75
f 504/1039/75 1031/1038/75 1032/1040/75
f 505/1041/75 1032/1040/75 1033/1042/75
f 506/1043/75 1033/1042/75 1034/1044/75
f 507/1045/75 1034/1044/75 1035/1046/75
f 508/1047/75 1035/1046/75 1036/1048/75
f 509/1049/75 1036/1048/75 1037/1050/75
f 478/1051/75 1037/1050/75 1038/989/75
f 1039/874/279 591/714/279 592/1052/279
f 594/716/314 1044/1053/314 593/1054/314
f 598/1055/288 1050/1056/288 597/693/288
f 596/1057/270 1051/1058/270 904/882/270
f 1042/1059/279 615/1060/279 891/706/279
f 614/754/223 1058/686/223 613/1061/223
f 612/752/209 1061/1062/209 912/741/209
f 610/701/270 1064/1063/270 609/649/270
f 608/699/288 1069/1064/288 916/889/288
f 606/782/279 1074/1065/279 605/690/279
f 604/1066/314 1077/1067/314 928/783/314
f 600/1068/223 1079/1069/223 932/697/223
f 602/696/209 1084/1070/209 601/796/209
f 1042/1071/282 1046/1072/348 1045/1073/282
f 1052/1074/291 1050/877/274 1049/878/291
f 1054/1075/280 1048/721/292 1047/723/280
f 1062/1076/298 1058/742/269 1057/744/298
f 1060/1077/289 1056/745/299 1055/747/289
f 1063/892/305 1069/1078/249 1064/891/249
f 1068/1079/310 1066/762/349 1065/763/310
f 1078/1080/317 1074/894/272 1073/895/315
f 1071/778/312 1075/1081/316 1072/776/316
f 1083/1082/330 1079/1083/329 1084/1084/329
f 1085/1085/326 1081/1086/331 1086/1087/331
f 593/1054/350 1039/1088/351 592/1089/350
f 1055/726/223 638/751/223 637/1090/223
f 1044/1091/314 898/718/314 1043/1092/314
f 1043/1093/314 895/717/314 1046/1094/314
f 1046/1072/314 896/901/314 1045/1073/314
f 1045/1095/314 618/902/314 617/677/314
f 1068/1096/288 632/1097/288 917/682/288
f 1044/1091/351 1040/1098/352 1039/1099/351
f 1041/1100/348 1043/1093/353 1046/1094/348
f 1084/1084/209 938/793/209 1083/1082/209
f 1083/1101/209 935/792/209 1086/800/209
f 1086/1087/209 936/681/209 1085/1085/209
f 1085/1102/209 626/680/209 625/671/209
f 943/614/230 942/637/231 966/615/231
f 949/617/232 973/638/232 974/618/233
f 940/620/234 939/628/235 953/621/235
f 946/623/236 970/639/236 971/624/237
f 943/614/230 967/616/230 968/626/238
f 939/628/235 950/619/233 974/618/233
f 940/629/234 964/1103/234 965/630/239
f 947/625/237 971/624/237 972/632/240
f 945/634/241 944/627/238 968/626/238
f 941/636/239 965/1104/239 966/615/231
f 948/633/240 972/632/240 973/638/232
f 945/634/241 969/635/241 970/639/236
f 613/640/242 592/803/243 591/641/243
f 609/643/244 611/808/245 612/644/245
f 605/646/246 607/816/247 608/647/247
f 609/649/248 1064/1063/249 1069/650/249
f 601/652/250 603/824/251 604/653/251
f 597/655/252 599/831/253 600/656/253
f 593/658/254 595/839/255 596/659/255
f 635/661/222 637/1090/222 638/662/256
f 631/664/257 633/689/257 634/665/258
f 627/667/259 629/775/259 630/668/260
f 624/670/261 623/795/208 625/671/208
f 619/673/262 621/720/262 622/674/263
f 615/676/264 616/713/265 617/677/265
f 933/679/266 624/788/261 626/680/261
f 917/682/267 632/1097/258 634/683/258
f 611/685/268 613/1061/268 1058/686/269
f 1065/688/270 920/684/270 634/683/270
f 605/690/271 1074/1065/272 1077/691/272
f 597/693/273 1050/1056/274 1051/694/274
f 602/696/275 600/1068/275 932/697/276
f 608/699/277 916/889/278 921/700/278
f 1054/702/270 619/1105/270 620/703/270
f 1041/705/279 1042/1106/279 891/706/279
f 1040/708/279 1041/1107/279 892/707/279
f 1047/710/280 621/720/281 619/673/281
f 1042/712/282 1045/1095/282 617/677/283
f 591/714/284 894/875/285 897/715/285
f 893/709/286 892/707/287 895/717/287
f 1047/710/288 902/722/288 622/719/288
f 1048/721/288 901/735/288 902/722/288
f 1053/724/270 1054/1108/270 905/704/270
f 1055/726/289 637/1090/290 635/661/290
f 1049/728/291 1048/876/292 1053/729/292
f 905/704/293 620/703/263 622/719/263
f 598/731/294 596/1109/294 904/732/295
f 900/734/296 903/880/343 906/725/297
f 1060/736/209 635/1110/209 636/737/209
f 1061/739/209 1062/1111/209 911/740/209
f 1058/742/223 907/753/223 908/743/223
f 1056/745/223 909/755/223 910/746/223
f 1062/748/298 1057/883/298 1056/749/299
f 913/738/300 636/737/256 638/751/256
f 612/752/301 912/741/302 907/753/302
f 911/740/303 914/885/304 909/755/304
f 1063/756/305 1066/890/349 1067/757/306
f 915/759/308 918/768/309 919/760/309
f 1066/762/270 919/760/270 920/684/270
f 1065/688/310 633/689/311 631/664/311
f 1071/765/312 629/775/313 627/667/313
f 1067/767/288 1068/1112/288 917/682/288
f 1076/769/314 627/1113/314 628/770/314
f 1075/772/314 1076/1114/314 929/771/314
f 1071/765/279 926/777/279 630/774/279
f 1072/776/279 925/786/279 926/777/279
f 1073/779/315 1072/893/316 1075/780/316
f 929/771/318 628/770/260 630/774/260
f 606/782/319 604/1066/319 928/783/320
f 924/785/321 927/897/321 930/773/322
f 1082/787/223 623/1115/223 624/788/223
f 1081/789/223 1082/1116/223 933/679/223
f 931/791/324 934/790/325 935/792/325
f 1082/794/326 1085/1102/326 625/671/327
f 601/796/328 1084/1070/329 1079/797/329
f 1080/799/330 1083/1101/330 1086/800/331
f 750/802/332 727/846/35 592/803/243
f 749/804/332 728/1117/35 727/805/35
f 748/807/333 750/802/332 613/640/242
f 747/809/333 749/804/332 750/806/332
f 746/811/334 748/807/333 611/808/245
f 737/812/262 755/1118/262 756/813/262
f 744/815/335 746/811/334 609/643/244
f 743/817/335 745/1119/334 746/818/334
f 742/820/336 744/815/335 607/816/247
f 741/821/336 743/817/335 744/819/335
f 740/823/337 742/820/336 605/646/246
f 739/825/337 741/821/336 742/822/336
f 738/827/338 740/823/337 603/824/251
f 731/828/75 753/1120/75 751/829/75
f 599/831/253 736/1121/339 738/827/338
f 736/832/339 735/837/339 737/833/338
f 734/835/182 736/1121/339 599/831/253
f 734/836/182 733/1122/182 735/837/339
f 732/838/340 734/835/182 597/655/252
f 731/840/340 733/1122/182 734/836/182
f 730/842/341 732/838/340 595/839/255
f 748/843/265 762/859/265 761/844/265
f 727/846/35 730/849/341 593/847/254
f 728/848/35 729/923/341 730/849/341
f 759/850/279 761/864/279 762/851/279
f 755/853/288 757/868/288 758/854/288
f 751/829/223 753/1120/223 754/856/223
f 748/843/85 746/867/85 760/858/85
f 732/860/208 754/873/208 753/861/208
f 745/863/75 747/1123/75 761/864/75
f 740/865/85 738/814/85 756/813/85
f 745/863/259 759/850/259 760/858/259
f 740/865/257 758/866/257 757/868/257
f 739/869/75 757/868/75 755/853/75
f 729/830/222 751/829/222 752/871/222
f 730/872/85 752/871/85 754/873/85
f 1039/874/279 1040/1124/279 893/709/279
f 1049/728/288 900/734/288 901/735/288
f 1050/877/288 899/1125/288 900/734/288
f 1052/879/270 1053/1126/270 906/725/270
f 1051/881/270 1052/1127/270 903/880/270
f 1057/883/223 908/743/223 909/755/223
f 1062/884/209 1059/1128/209 914/885/209
f 1059/886/209 1060/1129/209 913/738/209
f 1070/887/288 1067/1130/288 918/768/288
f 1069/888/288 1070/1131/288 915/759/288
f 1063/756/270 922/761/270 919/760/270
f 1064/891/270 921/700/270 922/761/270
f 1073/779/279 924/785/279 925/786/279
f 1074/894/279 923/784/279 924/785/279
f 1078/896/314 1075/1132/314 930/773/314
f 1077/898/314 1078/1133/314 927/897/314
f 1080/899/223 1081/1134/223 934/790/223
f 1079/900/223 1080/1135/223 931/791/223
f 893/709/286 898/718/286 897/715/285
f 896/901/342 895/717/287 892/707/287
f 900/734/296 899/1125/295 904/882/295
f 902/722/293 901/735/297 906/725/297
f 908/743/303 907/753/302 912/741/302
f 910/746/300 909/755/304 914/885/304
f 922/761/308 921/700/278 916/889/278
f 920/684/267 919/760/309 918/768/309
f 924/785/321 923/784/320 928/783/320
f 929/771/318 926/777/318 925/786/323
f 938/793/324 937/698/276 932/697/276
f 936/681/266 935/792/325 934/790/325
f 891/706/342 615/1060/264 618/902/264
f 950/903/332 939/922/35 728/848/35
f 949/905/344 950/903/332 749/904/332
f 948/907/73 949/905/344 747/906/333
f 947/909/335 948/907/73 745/908/334
f 946/911/336 947/909/335 743/910/335
f 945/913/6 946/911/336 741/912/336
f 944/915/345 945/913/6 739/914/337
f 735/917/339 943/1136/339 944/915/345
f 942/918/182 943/1136/339 735/917/339
f 941/631/346 942/918/182 733/919/182
f 940/629/347 941/631/346 731/920/340
f 939/922/35 940/1137/347 729/923/341
f 453/924/85 454/986/85 977/925/85
f 467/927/85 975/987/85 1005/928/85
f 452/930/85 453/924/85 1006/926/85
f 466/929/85 1005/928/85 1003/932/85
f 451/934/85 452/930/85 1004/931/85
f 465/933/85 1003/932/85 1001/936/85
f 450/938/85 451/934/85 1002/935/85
f 463/940/85 464/937/85 1001/936/85
f 476/942/85 445/969/85 987/943/85
f 449/945/85 450/938/85 1000/939/85
f 463/940/85 999/941/85 996/947/85
f 475/949/85 476/942/85 998/944/85
f 448/951/85 449/945/85 997/946/85
f 462/948/85 996/947/85 993/953/85
f 475/949/85 995/950/85 992/955/85
f 447/957/85 448/951/85 994/952/85
f 461/954/85 993/953/85 990/959/85
f 474/956/85 992/955/85 989/961/85
f 446/963/85 447/957/85 991/958/85
f 460/960/85 990/959/85 986/965/85
f 473/962/85 989/961/85 985/967/85
f 446/963/85 988/964/85 987/943/85
f 458/970/85 459/966/85 986/965/85
f 472/968/85 985/967/85 983/972/85
f 457/974/85 458/970/85 984/971/85
f 471/973/85 983/972/85 981/976/85
f 456/978/85 457/974/85 982/975/85
f 470/977/85 981/976/85 979/980/85
f 455/982/85 456/978/85 980/979/85
f 469/981/85 979/980/85 976/984/85
f 454/986/85 455/982/85 978/983/85
f 468/985/85 976/984/85 975/987/85
f 479/988/75 478/1051/75 1038/989/75
f 480/991/75 479/988/75 1007/990/75
f 480/991/75 1008/992/75 1009/993/75
f 481/994/75 1009/993/75 1010/995/75
f 482/996/75 1010/995/75 1011/997/75
f 483/998/75 1011/997/75 1012/999/75
f 484/1000/75 1012/999/75 1013/1001/75
f 485/1002/75 1013/1001/75 1014/1003/75
f 486/1004/75 1014/1003/75 1015/1005/75
f 487/1006/75 1015/1005/75 1016/1007/75
f 488/1008/75 1016/1007/75 1017/1009/75
f 489/1010/75 1017/1009/75 1018/1011/75
f 490/1012/75 1018/1011/75 1019/1013/75
f 491/1014/75 1019/1013/75 1020/1015/75
f 492/1016/75 1020/1015/75 1021/1017/75
f 493/1018/75 1021/1017/75 1022/1019/75
f 494/1020/75 1022/1019/75 1023/1021/75
f 495/1022/75 1023/1021/75 1024/1023/75
f 496/1024/75 1024/1023/75 1025/1025/75
f 498/1027/75 497/1026/75 1025/1025/75
f 499/1029/75 498/1027/75 1026/1028/75
f 500/1031/75 499/1029/75 1027/1030/75
f 501/1033/75 500/1031/75 1028/1032/75
f 502/1035/75 501/1033/75 1029/1034/75
f 503/1037/75 502/1035/75 1030/1036/75
f 504/1039/75 503/1037/75 1031/1038/75
f 505/1041/75 504/1039/75 1032/1040/75
f 506/1043/75 505/1041/75 1033/1042/75
f 507/1045/75 506/1043/75 1034/1044/75
f 508/1047/75 507/1045/75 1035/1046/75
f 509/1049/75 508/1047/75 1036/1048/75
f 478/1051/75 509/1049/75 1037/1050/75
f 1039/874/279 894/875/279 591/714/279
f 594/716/314 897/715/314 1044/1053/314
f 598/1055/288 899/1125/288 1050/1056/288
f 596/1057/270 595/1138/270 1051/1058/270
f 1042/1059/279 616/1139/279 615/1060/279
f 614/754/223 907/753/223 1058/686/223
f 612/752/209 611/1140/209 1061/1062/209
f 610/701/270 921/700/270 1064/1063/270
f 608/699/288 607/1141/288 1069/1064/288
f 606/782/279 923/784/279 1074/1065/279
f 604/1066/314 603/1142/314 1077/1067/314
f 600/1068/223 599/1143/223 1079/1069/223
f 602/696/209 937/698/209 1084/1070/209
f 1042/1071/282 1041/1144/348 1046/1072/348
f 1052/1074/291 1051/1145/274 1050/877/274
f 1054/1075/280 1053/1146/292 1048/721/292
f 1062/1076/298 1061/1147/269 1058/742/269
f 1060/1077/289 1059/1148/299 1056/745/299
f 1063/892/305 1070/1149/307 1069/1078/249
f 1068/1079/310 1067/1150/306 1066/762/349
f 1078/1080/317 1077/1151/272 1074/894/272
f 1071/778/312 1076/1152/312 1075/1081/316
f 1083/1082/330 1080/1153/330 1079/1083/329
f 1085/1085/326 1082/1154/326 1081/1086/331
f 593/1054/350 1044/1053/351 1039/1088/351
f 1055/726/223 910/746/223 638/751/223
f 1044/1091/314 897/715/314 898/718/314
f 1043/1093/314 898/718/314 895/717/314
f 1046/1072/314 895/717/314 896/901/314
f 1045/1095/314 896/901/314 618/902/314
f 1068/1096/288 631/1155/288 632/1097/288
f 1044/1091/351 1043/1092/353 1040/1098/352
f 1041/1100/348 1040/1156/352 1043/1093/353
f 1084/1084/209 937/698/209 938/793/209
f 1083/1101/209 938/793/209 935/792/209
f 1086/1087/209 935/792/209 936/681/209
f 1085/1102/209 936/681/209 626/680/209
usemtl SpacialRoverExploreralumBlack
f 186/1157/354 189/1158/354 179/1159/354
f 179/1159/355 196/1160/355 180/1161/355
f 180/1161/356 197/1162/356 181/1163/356
f 182/1164/357 197/1162/357 198/1165/358
f 183/1166/359 198/1167/359 199/1168/359
f 8/1169/360 21/1170/361 7/1171/361
f 5/1172/362 19/1173/363 17/1174/362
f 4/1175/364 13/1176/365 3/1177/365
f 1/1178/366 11/1179/367 24/1180/366
f 1/1178/366 23/1181/368 8/1169/360
f 6/1182/369 21/1170/361 19/1173/363
f 5/1172/362 15/1183/370 4/1175/364
f 2/1184/371 13/1176/365 11/1179/367
f 23/1185/372 9/1186/373 22/1187/374
f 21/1188/375 22/1187/376 20/1189/377
f 18/1190/378 21/1188/379 20/1189/380
f 16/1191/381 19/1192/382 18/1190/383
f 14/1193/384 17/1194/385 16/1195/386
f 12/1196/387 15/1197/388 14/1193/389
f 11/1198/390 12/1196/391 10/1199/392
f 24/1200/393 10/1199/394 9/1186/395
f 188/1201/396 196/1202/396 189/1203/396
f 187/1204/397 197/1162/397 196/1202/397
f 197/1162/398 191/1205/398 198/1165/398
f 198/1206/399 192/1207/399 199/1208/399
f 199/1208/400 193/1209/400 200/1210/400
f 200/1210/401 194/1211/401 201/1212/401
f 194/1211/402 202/1213/402 201/1212/402
f 195/1214/403 189/1203/403 202/1215/403
f 185/1216/404 202/1217/404 186/1157/404
f 185/1216/405 200/1218/405 201/1219/405
f 184/1220/406 199/1168/406 200/1218/406
f 186/1157/354 202/1217/354 189/1158/354
f 179/1159/355 189/1158/355 196/1160/355
f 180/1161/356 196/1160/356 197/1162/356
f 182/1164/357 181/1163/357 197/1162/357
f 183/1166/359 182/1221/359 198/1167/359
f 8/1169/360 23/1181/368 21/1170/361
f 5/1172/362 6/1182/369 19/1173/363
f 4/1175/364 15/1183/370 13/1176/365
f 1/1178/366 2/1184/371 11/1179/367
f 1/1178/366 24/1180/366 23/1181/368
f 6/1182/369 7/1171/361 21/1170/361
f 5/1172/362 17/1174/362 15/1183/370
f 2/1184/371 3/1177/365 13/1176/365
f 23/1185/372 24/1200/407 9/1186/373
f 21/1188/375 23/1185/408 22/1187/376
f 18/1190/409 19/1192/410 21/1188/379
f 16/1191/381 17/1222/411 19/1192/382
f 14/1193/384 15/1197/412 17/1194/385
f 12/1196/413 13/1223/414 15/1197/415
f 11/1198/390 13/1223/416 12/1196/391
f 24/1200/393 11/1198/417 10/1199/394
f 188/1201/396 187/1204/396 196/1202/396
f 187/1204/397 190/1224/397 197/1162/397
f 197/1162/398 190/1224/398 191/1205/398
f 198/1206/399 191/1225/399 192/1207/399
f 199/1208/400 192/1207/400 193/1209/400
f 200/1210/401 193/1209/401 194/1211/401
f 194/1211/402 195/1226/402 202/1213/402
f 195/1214/403 188/1201/403 189/1203/403
f 185/1216/404 201/1219/404 202/1217/404
f 185/1216/405 184/1220/405 200/1218/405
f 184/1220/406 183/1166/406 199/1168/406
usemtl SpacialRoverExploreralumOrange
f 98/1227/34 27/1228/66 25/1229/75
f 97/1230/66 29/1231/189 27/1228/66
f 99/1232/189 31/1233/190 29/1231/189
f 100/1234/190 33/1235/191 31/1233/190
f 101/1236/191 35/1237/192 33/1235/191
f 102/1238/192 37/1239/73 35/1237/192
f 103/1240/73 39/1241/193 37/1239/73
f 104/1242/193 41/1243/194 39/1241/193
f 105/1244/194 43/1245/195 41/1243/194
f 106/1246/195 45/1247/196 43/1245/195
f 107/1248/196 47/1249/40 45/1247/196
f 108/1250/40 49/1251/85 47/1249/40
f 109/1252/69 51/1253/36 49/1254/85
f 110/1255/36 53/1256/178 51/1253/36
f 111/1257/38 55/1258/179 53/1256/178
f 112/1259/179 57/1260/180 55/1258/179
f 113/1261/180 59/1262/181 57/1260/180
f 114/1263/181 61/1264/182 59/1262/181
f 115/1265/182 63/1266/183 61/1264/182
f 116/1267/183 65/1268/184 63/1266/183
f 117/1269/184 67/1270/185 65/1268/184
f 118/1271/185 69/1272/186 67/1270/185
f 119/1273/72 71/1274/32 69/1272/186
f 120/1275/32 25/1229/75 71/1274/32
f 98/1227/34 97/1230/66 27/1228/66
f 97/1230/66 99/1232/189 29/1231/189
f 99/1232/189 100/1234/190 31/1233/190
f 100/1234/190 101/1236/191 33/1235/191
f 101/1236/191 102/1238/192 35/1237/192
f 102/1238/192 103/1240/73 37/1239/73
f 103/1240/73 104/1242/193 39/1241/193
f 104/1242/193 105/1244/194 41/1243/194
f 105/1244/194 106/1246/195 43/1245/195
f 106/1246/195 107/1248/196 45/1247/196
f 107/1248/196 108/1250/40 47/1249/40
f 108/1250/40 109/1276/69 49/1251/85
f 109/1252/69 110/1255/36 51/1253/36
f 110/1255/36 111/1257/38 53/1256/178
f 111/1257/38 112/1259/179 55/1258/179
f 112/1259/179 113/1261/180 57/1260/180
f 113/1261/180 114/1263/181 59/1262/181
f 114/1263/181 115/1265/182 61/1264/182
f 115/1265/182 116/1267/183 63/1266/183
f 116/1267/183 117/1269/184 65/1268/184
f 117/1269/184 118/1271/185 67/1270/185
f 118/1271/185 119/1273/72 69/1272/186
f 119/1273/72 120/1275/32 71/1274/32
f 120/1275/32 98/1227/34 25/1229/75
usemtl SpacialRoverExploreralumGrayDeep
f 269/1277/418 280/1278/419 281/1279/419
f 264/1280/75 428/1281/75 426/1282/75
f 281/1283/75 419/1284/75 425/1285/75
f 256/1286/420 268/1287/421 265/1288/420
f 258/1289/85 433/1290/85 441/1291/85
f 435/1292/85 259/1293/85 257/1294/85
f 257/1295/422 266/1296/423 264/1297/422
f 259/1298/424 267/1299/425 266/1296/424
f 258/1300/425 265/1288/420 267/1299/425
f 269/1277/418 262/1301/426 260/1302/418
f 271/1303/427 263/1304/428 262/1301/427
f 270/1305/429 261/1306/430 263/1304/428
f 272/1307/431 307/1308/431 306/1309/431
f 307/1308/432 274/1310/432 308/1311/432
f 274/1312/433 309/1313/433 308/1314/433
f 275/1315/434 310/1316/434 309/1313/434
f 276/1317/435 311/1318/435 310/1316/435
f 311/1318/436 278/1319/436 312/1320/436
f 273/1321/75 279/1322/75 277/1323/75
f 278/1319/437 313/1324/437 312/1320/437
f 279/1325/438 306/1309/438 313/1324/438
f 280/1326/439 294/1327/440 281/1328/439
f 282/1329/441 257/1295/422 264/1297/422
f 304/1330/85 280/1331/85 302/1332/85
f 303/1333/442 285/1334/443 284/1335/443
f 299/1336/75 281/1283/75 301/1337/75
f 285/1334/443 286/1338/444 284/1335/443
f 296/1339/75 444/1340/75 294/1341/75
f 295/1342/445 287/1343/446 292/1344/446
f 289/1345/440 296/1346/447 294/1327/440
f 291/1347/447 297/1348/448 296/1346/447
f 290/1349/449 295/1342/445 297/1348/450
f 290/1350/85 291/1351/85 443/1352/85
f 298/1353/451 305/1354/452 300/1355/452
f 305/1356/452 301/1357/453 300/1358/452
f 304/1359/454 299/1360/455 301/1361/454
f 299/1360/455 283/1362/441 282/1329/441
f 308/1363/85 310/1364/85 312/1365/85
f 292/1344/456 286/1338/456 293/1366/456
f 428/1281/75 266/1367/75 267/1368/75
f 265/1369/75 428/1370/75 267/1371/75
f 265/1372/75 423/1373/75 424/1374/75
f 280/1331/85 304/1330/85 305/1375/85
f 302/1332/85 280/1331/85 283/1376/85
f 300/1377/75 281/1283/75 298/1378/75
f 303/1379/85 284/1380/85 280/1331/85
f 280/1331/85 305/1375/85 303/1379/85
f 281/1283/75 299/1336/75 282/1381/75
f 301/1337/75 281/1283/75 300/1377/75
f 298/1378/75 281/1283/75 285/1382/75
f 269/1383/75 423/1373/75 271/1384/75
f 270/1385/75 423/1373/75 268/1386/75
f 271/1384/75 423/1373/75 270/1385/75
f 435/1292/85 258/1289/85 259/1293/85
f 283/1376/85 438/1387/85 442/1388/85
f 439/1389/85 260/1390/85 262/1391/85
f 256/1392/85 440/1393/85 439/1389/85
f 262/1391/85 263/1394/85 439/1389/85
f 263/1394/85 261/1395/85 439/1389/85
f 443/1352/85 280/1331/85 284/1380/85
f 288/1396/85 443/1352/85 287/1397/85
f 443/1352/85 291/1351/85 289/1398/85
f 443/1352/85 288/1396/85 290/1350/85
f 287/1397/85 443/1352/85 286/1399/85
f 444/1340/75 285/1382/75 281/1283/75
f 444/1340/75 292/1400/75 293/1401/75
f 292/1400/75 444/1340/75 295/1402/75
f 444/1340/75 297/1403/75 295/1402/75
f 297/1403/75 444/1340/75 296/1339/75
f 269/1277/418 260/1302/418 280/1278/419
f 264/1280/75 266/1367/75 428/1281/75
f 420/1404/75 423/1373/75 269/1383/75
f 264/1280/75 426/1282/75 416/1405/75
f 264/1280/75 416/1405/75 417/1406/75
f 421/1407/457 420/1404/75 269/1383/75
f 422/1408/75 421/1407/457 269/1383/75
f 282/1381/75 264/1280/75 417/1406/75
f 282/1381/75 417/1406/75 418/1409/75
f 422/1408/75 269/1383/75 281/1283/75
f 427/1410/75 422/1408/75 281/1283/75
f 281/1283/75 282/1381/75 418/1409/75
f 281/1283/75 418/1409/75 419/1284/75
f 425/1285/75 427/1410/75 281/1283/75
f 256/1286/420 261/1306/430 268/1287/421
f 441/1291/85 256/1392/85 258/1289/85
f 258/1289/85 435/1292/85 433/1290/85
f 257/1295/422 259/1298/458 266/1296/423
f 259/1298/424 258/1300/425 267/1299/425
f 258/1300/425 256/1286/420 265/1288/420
f 269/1277/418 271/1303/426 262/1301/426
f 271/1303/427 270/1305/429 263/1304/428
f 270/1305/429 268/1287/421 261/1306/430
f 272/1307/431 273/1411/431 307/1308/431
f 307/1308/432 273/1411/432 274/1310/432
f 274/1312/433 275/1315/433 309/1313/433
f 275/1315/434 276/1317/459 310/1316/434
f 276/1317/435 277/1412/435 311/1318/435
f 311/1318/436 277/1412/436 278/1319/436
f 277/1323/75 276/1413/75 275/1414/75
f 275/1414/75 274/1415/75 273/1321/75
f 273/1321/75 272/1416/75 279/1322/75
f 279/1322/75 278/1417/75 277/1323/75
f 277/1323/75 275/1414/75 273/1321/75
f 278/1319/437 279/1325/437 313/1324/437
f 279/1325/438 272/1307/438 306/1309/438
f 280/1326/439 289/1345/440 294/1327/440
f 282/1329/441 283/1362/441 257/1295/422
f 303/1333/442 298/1353/451 285/1334/443
f 285/1334/443 293/1366/444 286/1338/444
f 295/1342/445 288/1418/445 287/1343/446
f 289/1345/440 291/1347/447 296/1346/447
f 291/1347/447 290/1349/448 297/1348/448
f 290/1349/449 288/1418/445 295/1342/445
f 298/1353/451 303/1333/442 305/1354/452
f 305/1356/452 304/1419/453 301/1357/453
f 304/1359/454 302/1420/455 299/1360/455
f 299/1360/455 302/1420/455 283/1362/441
f 312/1365/85 313/1421/85 306/1422/85
f 306/1422/85 307/1423/85 308/1363/85
f 308/1363/85 309/1424/85 310/1364/85
f 310/1364/85 311/1425/85 312/1365/85
f 312/1365/85 306/1422/85 308/1363/85
f 292/1344/456 287/1343/456 286/1338/456
f 424/1374/75 428/1281/75 265/1372/75
f 265/1372/75 268/1386/75 423/1373/75
f 260/1390/85 439/1389/85 437/1426/85
f 260/1390/85 437/1426/85 430/1427/85
f 434/1428/85 435/1292/85 257/1294/85
f 429/1429/85 434/1428/85 257/1294/85
f 280/1331/85 260/1390/85 430/1427/85
f 280/1331/85 430/1427/85 432/1430/85
f 429/1429/85 257/1294/85 283/1376/85
f 436/1431/85 429/1429/85 283/1376/85
f 283/1376/85 280/1331/85 432/1430/85
f 283/1376/85 432/1430/85 431/1432/85
f 442/1388/85 436/1431/85 283/1376/85
f 283/1376/85 431/1432/85 438/1387/85
f 439/1389/85 261/1395/85 256/1392/85
f 256/1392/85 441/1291/85 440/1393/85
f 284/1380/85 286/1399/85 443/1352/85
f 443/1352/85 289/1398/85 280/1331/85
f 281/1283/75 294/1341/75 444/1340/75
f 444/1340/75 293/1401/75 285/1382/75
f 586/1433/347 657/1434/35 585/1435/35
f 614/642/242 639/1436/35 650/1437/332
f 649/1438/344 614/642/242 650/1437/332
f 610/645/244 649/1438/344 648/1439/73
f 608/647/247 648/1439/73 647/1440/335
f 606/648/246 647/1440/335 646/1441/336
f 604/653/251 646/1441/336 645/1442/6
f 602/654/250 645/1442/6 644/1443/345
f 643/1444/339 602/654/250 644/1443/345
f 642/1445/182 600/656/253 643/1444/339
f 596/659/255 642/1445/182 641/1446/346
f 594/660/254 641/1446/346 640/1447/347
f 591/641/243 640/1448/347 639/1436/35
f 579/1449/85 640/1450/85 580/1451/85
f 580/1451/85 641/1452/85 581/1453/85
f 581/1453/85 642/1454/85 582/1455/85
f 583/1456/85 642/1454/85 643/1457/85
f 583/1456/85 644/1458/85 584/1459/85
f 585/1460/85 644/1458/85 645/1461/85
f 585/1460/85 646/1462/85 586/1463/85
f 587/1464/85 646/1462/85 647/1465/85
f 587/1464/85 648/1466/85 588/1467/85
f 588/1467/85 649/1468/85 589/1469/85
f 589/1469/85 650/1470/85 590/1471/85
f 579/1449/85 650/1470/85 639/1472/85
f 654/1473/85 658/1474/85 662/1475/85
f 583/1476/344 654/1477/73 582/1478/73
f 590/1479/345 661/1480/339 589/1481/339
f 580/1482/336 651/1483/6 579/1484/6
f 587/1485/346 658/1486/347 586/1433/347
f 583/1476/344 656/1487/332 655/1488/344
f 579/1484/6 662/1489/345 590/1479/345
f 581/1490/335 652/1491/336 580/1492/336
f 588/1493/182 659/1494/346 587/1485/346
f 585/1435/35 656/1487/332 584/1495/332
f 582/1478/73 653/1496/335 581/1490/335
f 589/1481/339 660/1497/182 588/1493/182
f 952/1498/35 964/1499/347 953/1500/35
f 951/1501/347 965/630/346 964/1103/347
f 954/1502/346 966/1503/182 965/630/346
f 955/1504/182 967/1505/339 966/1503/182
f 967/1505/339 957/1506/345 968/1507/345
f 957/1506/345 969/1508/6 968/1507/345
f 958/1509/6 970/1510/336 969/1508/6
f 959/1511/336 971/1512/335 970/1510/336
f 960/1513/335 972/1514/73 971/1512/335
f 961/1515/73 973/1516/344 972/1514/73
f 962/1517/75 958/1518/75 954/1502/75
f 962/1519/344 974/1520/332 973/1516/344
f 963/1521/332 953/1500/35 974/1520/332
f 586/1433/347 658/1486/347 657/1434/35
f 614/642/242 591/641/243 639/1436/35
f 649/1438/344 612/644/245 614/642/242
f 610/645/244 612/644/245 649/1438/344
f 608/647/247 610/645/244 648/1439/73
f 606/648/246 608/647/247 647/1440/335
f 604/653/251 606/648/246 646/1441/336
f 602/654/250 604/653/251 645/1442/6
f 643/1444/339 600/656/253 602/654/250
f 642/1445/182 598/657/252 600/656/253
f 596/659/255 598/657/252 642/1445/182
f 594/660/254 596/659/255 641/1446/346
f 591/641/243 594/1522/254 640/1448/347
f 579/1449/85 639/1472/85 640/1450/85
f 580/1451/85 640/1450/85 641/1452/85
f 581/1453/85 641/1452/85 642/1454/85
f 583/1456/85 582/1455/85 642/1454/85
f 583/1456/85 643/1457/85 644/1458/85
f 585/1460/85 584/1459/85 644/1458/85
f 585/1460/85 645/1461/85 646/1462/85
f 587/1464/85 586/1463/85 646/1462/85
f 587/1464/85 647/1465/85 648/1466/85
f 588/1467/85 648/1466/85 649/1468/85
f 589/1469/85 649/1468/85 650/1470/85
f 579/1449/85 590/1471/85 650/1470/85
f 662/1475/85 651/1523/85 652/1524/85
f 652/1524/85 653/1525/85 654/1473/85
f 654/1473/85 655/1526/85 656/1527/85
f 656/1527/85 657/1528/85 658/1474/85
f 658/1474/85 659/1529/85 660/1530/85
f 660/1530/85 661/1531/85 662/1475/85
f 662/1475/85 652/1524/85 654/1473/85
f 654/1473/85 656/1527/85 658/1474/85
f 658/1474/85 660/1530/85 662/1475/85
f 583/1476/344 655/1488/344 654/1477/73
f 590/1479/345 662/1489/345 661/1480/339
f 580/1482/336 652/1532/336 651/1483/6
f 587/1485/346 659/1494/346 658/1486/347
f 583/1476/344 584/1495/332 656/1487/332
f 579/1484/6 651/1483/6 662/1489/345
f 581/1490/335 653/1496/335 652/1491/336
f 588/1493/182 660/1497/182 659/1494/346
f 585/1435/35 657/1434/35 656/1487/332
f 582/1478/73 654/1477/73 653/1496/335
f 589/1481/339 661/1480/339 660/1497/182
f 952/1498/35 951/1533/347 964/1499/347
f 951/1501/347 954/1502/346 965/630/346
f 954/1502/346 955/1504/182 966/1503/182
f 955/1504/182 956/1534/339 967/1505/339
f 967/1505/339 956/1534/339 957/1506/345
f 957/1506/345 958/1509/6 969/1508/6
f 958/1509/6 959/1511/336 970/1510/336
f 959/1511/336 960/1513/335 971/1512/335
f 960/1513/335 961/1515/73 972/1514/73
f 961/1515/73 962/1519/344 973/1516/344
f 954/1502/75 951/1501/75 952/1535/75
f 952/1535/75 963/1536/75 962/1517/75
f 962/1517/75 961/1537/75 960/1538/75
f 960/1538/75 959/1539/75 958/1518/75
f 958/1518/75 957/1540/75 956/1541/75
f 956/1541/75 955/1542/75 954/1502/75
f 954/1502/75 952/1535/75 962/1517/75
f 962/1517/75 960/1538/75 958/1518/75
f 958/1518/75 956/1541/75 954/1502/75
f 962/1519/344 963/1521/332 974/1520/332
f 963/1521/332 952/1498/35 953/1500/35
usemtl SpacialRoverExplorerwheels
f 1038/1543/75 546/1544/460 516/1545/461
f 1037/1546/75 545/1547/462 546/1544/460
f 1036/1548/75 544/1549/463 545/1547/462
f 1035/1550/75 543/1551/464 544/1549/463
f 1034/1552/75 542/1553/465 543/1551/464
f 1033/1554/75 541/1555/466 542/1553/465
f 1032/1556/75 540/1557/467 541/1555/466
f 1031/1558/75 539/1559/467 540/1557/467
f 1030/1560/75 538/1561/468 539/1559/467
f 1029/1562/75 537/1563/468 538/1561/468
f 1028/1564/75 536/1565/469 537/1563/468
f 1027/1566/75 535/1567/470 536/1565/469
f 1026/1568/75 534/1569/471 535/1570/470
f 1024/1571/75 534/1569/471 1025/1572/75
f 1023/1573/75 533/1574/471 1024/1571/75
f 1022/1575/75 532/1576/472 1023/1573/75
f 1021/1577/75 531/1578/472 1022/1575/75
f 1020/1579/75 530/1580/473 1021/1577/75
f 1019/1581/75 529/1582/473 1020/1579/75
f 1018/1583/75 528/1584/474 1019/1581/75
f 1017/1585/75 527/1586/474 1018/1583/75
f 1016/1587/75 526/1588/475 1017/1585/75
f 1015/1589/75 525/1590/476 1016/1587/75
f 1014/1591/75 524/1592/477 1015/1589/75
f 1013/1593/75 523/1594/478 1014/1591/75
f 1012/1595/75 522/1596/479 1013/1593/75
f 1011/1597/75 521/1598/480 1012/1595/75
f 1010/1599/75 520/1600/481 1011/1597/75
f 1009/1601/75 519/1602/481 1010/1603/75
f 1009/1601/75 517/1604/482 518/1605/483
f 1008/1606/75 515/1607/461 517/1604/482
f 1007/1608/75 516/1545/461 515/1607/461
f 976/1609/85 569/1610/484 975/1611/85
f 977/1612/85 557/1613/485 556/1614/486
f 979/1615/85 570/1616/484 976/1609/85
f 978/1617/85 558/1618/487 557/1613/485
f 981/1619/85 571/1620/488 979/1615/85
f 980/1621/85 559/1622/489 558/1618/487
f 983/1623/85 572/1624/488 981/1619/85
f 982/1625/85 560/1626/490 559/1622/489
f 985/1627/85 573/1628/491 983/1623/85
f 984/1629/85 561/1630/492 560/1626/490
f 988/1631/85 547/1632/493 987/1633/85
f 989/1634/85 574/1635/494 985/1627/85
f 986/1636/85 562/1637/492 561/1630/492
f 991/1638/85 548/1639/493 988/1631/85
f 992/1640/85 575/1641/495 989/1634/85
f 993/1642/85 562/1637/492 990/1643/85
f 994/1644/85 549/1645/496 991/1638/85
f 995/1646/85 576/1647/497 992/1640/85
f 996/1648/85 563/1649/498 993/1642/85
f 997/1650/85 550/1651/496 994/1644/85
f 998/1652/85 577/1653/499 995/1646/85
f 999/1654/85 564/1655/500 996/1648/85
f 997/1656/85 552/1657/501 551/1658/501
f 987/1633/85 578/1659/502 998/1652/85
f 1001/1660/85 565/1661/503 999/1654/85
f 1000/1662/85 553/1663/504 552/1657/501
f 1003/1664/85 566/1665/503 1001/1660/85
f 1002/1666/85 554/1667/505 553/1663/504
f 1005/1668/85 567/1669/506 1003/1670/85
f 1004/1671/85 555/1672/507 554/1667/505
f 975/1611/85 568/1673/506 1005/1668/85
f 1006/1674/85 556/1614/486 555/1672/507
f 664/1675/508 573/1628/509 666/1676/510
f 668/1677/511 577/1653/512 670/1678/513
f 670/1678/514 862/1679/515 669/1680/516
f 674/1681/517 575/1641/518 672/1682/519
f 721/1683/520 764/1684/521 888/1685/522
f 669/1680/516 763/1686/523 545/1547/524
f 536/1565/469 773/1687/525 774/1688/526
f 720/1689/527 887/1690/528 855/1691/527
f 577/1653/499 825/1692/529 826/1693/529
f 688/1694/530 567/1695/531 682/1696/532
f 684/1697/533 569/1610/534 678/1698/535
f 680/1699/536 571/1620/537 676/1700/538
f 668/1677/539 861/1701/540 829/1702/541
f 719/1703/528 792/1704/542 887/1690/528
f 562/1637/543 690/1705/544 696/1706/545
f 564/1655/546 686/1707/547 692/1708/548
f 667/1709/549 766/1710/550 861/1701/540
f 538/1561/468 771/1711/551 772/1712/552
f 558/1618/553 698/1713/554 704/1714/555
f 560/1626/556 694/1715/557 700/1716/558
f 718/1717/559 886/1718/560 717/1719/561
f 575/1641/495 823/1720/562 824/1721/562
f 666/1676/563 860/1722/564 665/1723/565
f 717/1719/561 791/1724/566 517/1604/566
f 550/1651/567 714/1725/568 720/1689/569
f 552/1657/570 710/1726/571 716/1727/572
f 554/1667/573 706/1728/574 712/1729/575
f 556/1614/576 702/1730/577 708/1731/578
f 722/1732/579 547/1632/580 724/1733/581
f 665/1723/565 767/1734/582 541/1555/583
f 726/1735/584 549/1645/585 718/1717/586
f 540/1557/467 769/1736/587 770/1737/587
f 716/1727/588 885/1738/589 853/1739/590
f 573/1628/491 821/1740/591 822/1741/591
f 515/1607/592 717/1719/593 517/1604/592
f 725/1742/594 718/1717/586 717/1719/593
f 664/1675/595 859/1743/596 827/1744/597
f 715/1745/598 790/1746/599 885/1738/589
f 546/1544/600 723/1747/601 516/1545/600
f 721/1683/602 724/1733/581 723/1747/601
f 707/1748/603 525/1590/604 524/1592/604
f 708/1731/578 701/1749/605 707/1748/603
f 711/1750/606 523/1594/607 522/1596/607
f 712/1729/575 705/1751/608 711/1750/606
f 715/1745/609 521/1598/610 520/1600/610
f 716/1727/572 709/1752/611 715/1745/609
f 719/1703/612 519/1602/613 518/1605/613
f 720/1689/569 713/1753/614 719/1703/612
f 663/1754/615 770/1737/616 859/1743/596
f 542/1553/465 767/1734/617 768/1755/617
f 714/1756/618 884/1757/619 713/1758/620
f 571/1620/488 819/1759/621 820/1760/621
f 726/1735/622 795/1761/623 548/1639/624
f 713/1758/620 789/1762/625 519/1763/626
f 724/1733/627 796/1764/628 857/1765/627
f 544/1549/463 765/1766/629 766/1710/629
f 699/1767/630 529/1582/631 528/1584/631
f 700/1716/558 693/1768/632 699/1767/630
f 703/1769/633 527/1586/634 526/1588/634
f 704/1714/555 697/1770/635 703/1769/633
f 712/1729/636 883/1771/637 851/1772/636
f 569/1610/484 817/1773/638 818/1774/638
f 722/1732/639 825/1692/640 578/1659/641
f 711/1750/642 788/1775/643 883/1771/637
f 691/1776/644 533/1574/645 532/1576/645
f 692/1708/548 685/1777/646 691/1776/644
f 695/1778/647 531/1578/648 530/1580/648
f 696/1706/545 689/1779/649 695/1778/647
f 720/1689/527 797/1780/650 550/1651/650
f 546/1544/460 763/1686/651 764/1684/651
f 710/1726/652 882/1781/653 709/1752/654
f 567/1669/506 815/1782/655 816/1783/655
f 538/1561/656 675/1784/657 539/1559/656
f 679/1785/658 676/1700/538 675/1784/657
f 536/1565/659 677/1786/660 537/1563/659
f 683/1787/661 678/1698/535 677/1786/660
f 534/1569/662 681/1788/663 535/1570/662
f 687/1789/664 682/1696/532 681/1788/663
f 718/1717/559 798/1790/665 854/1791/559
f 709/1752/654 787/1792/666 521/1598/667
f 716/1727/588 799/1793/668 552/1657/669
f 708/1731/670 881/1794/671 849/1795/672
f 565/1661/503 813/1796/673 814/1797/673
f 714/1756/618 800/1798/674 852/1799/618
f 707/1748/675 786/1800/676 881/1794/671
f 712/1729/636 801/1801/677 554/1667/678
f 706/1728/679 880/1802/680 705/1751/681
f 564/1655/500 812/1803/682 563/1649/498
f 542/1553/683 671/1804/684 543/1551/683
f 673/1805/685 672/1682/519 671/1804/684
f 710/1726/652 802/1806/686 850/1807/652
f 705/1751/681 785/1808/687 523/1594/688
f 544/1549/689 669/1680/690 545/1547/689
f 667/1709/691 670/1678/513 669/1680/690
f 540/1557/692 665/1723/693 541/1555/692
f 663/1754/694 666/1676/510 665/1723/693
f 831/1809/695 823/1720/696 829/1702/697
f 828/1810/698 821/1740/699 832/1811/700
f 833/1812/701 819/1759/702 827/1744/703
f 834/1813/704 817/1773/705 835/1814/706
f 836/1815/707 815/1782/708 837/1816/709
f 838/1817/710 813/1796/711 839/1818/710
f 812/1803/712 841/1819/713 840/1820/714
f 810/1821/715 843/1822/716 842/1823/717
f 808/1824/718 845/1825/719 844/1826/720
f 806/1827/721 847/1828/722 846/1829/723
f 804/1830/724 849/1795/725 848/1831/726
f 802/1806/727 851/1772/728 850/1807/729
f 800/1798/730 853/1739/731 852/1799/732
f 798/1790/733 855/1691/734 854/1791/734
f 857/1765/735 795/1761/736 858/1832/737
f 830/1833/738 825/1692/739 856/1834/740
f 763/1686/741 888/1685/742 764/1684/741
f 862/1679/743 856/1834/740 888/1685/742
f 793/1835/744 890/1836/745 794/1837/746
f 889/1838/747 858/1832/737 890/1836/745
f 886/1718/748 792/1704/749 791/1724/749
f 854/1791/734 887/1690/748 886/1718/748
f 884/1757/750 790/1746/751 789/1762/751
f 852/1799/732 885/1738/752 884/1757/750
f 882/1781/753 788/1775/754 787/1792/754
f 850/1807/729 883/1771/755 882/1781/753
f 880/1802/756 786/1800/757 785/1808/757
f 848/1831/726 881/1794/758 880/1802/756
f 878/1839/759 784/1840/760 783/1841/761
f 846/1829/723 879/1842/762 878/1839/759
f 876/1843/763 782/1844/764 781/1845/764
f 844/1826/720 877/1846/765 876/1843/763
f 874/1847/766 780/1848/767 779/1849/767
f 842/1823/717 875/1850/768 874/1847/766
f 872/1851/769 778/1852/770 777/1853/770
f 840/1820/714 873/1854/771 872/1851/769
f 775/1855/772 871/1856/773 776/1857/772
f 838/1817/710 871/1856/773 870/1858/773
f 773/1687/774 869/1859/775 774/1688/774
f 868/1860/776 837/1816/709 869/1859/775
f 771/1711/777 867/1861/778 772/1712/777
f 866/1862/779 835/1814/706 867/1861/778
f 769/1736/780 859/1743/781 770/1737/780
f 865/1863/782 827/1744/703 859/1743/781
f 767/1734/783 864/1864/784 768/1755/783
f 860/1722/785 832/1811/700 864/1864/784
f 765/1766/786 861/1701/787 766/1710/786
f 863/1865/788 829/1702/697 861/1701/787
f 722/1732/639 888/1685/522 856/1834/639
f 533/1574/471 776/1857/789 534/1569/471
f 671/1804/790 765/1766/791 543/1551/792
f 723/1747/793 793/1835/794 516/1545/795
f 672/1682/796 863/1865/797 671/1804/790
f 724/1733/627 889/1838/798 723/1747/793
f 531/1578/472 778/1852/799 532/1576/472
f 673/1805/800 768/1755/801 864/1864/802
f 725/1742/803 794/1837/804 890/1836/805
f 674/1681/806 864/1864/802 832/1811/806
f 726/1735/622 890/1836/805 858/1832/807
f 529/1582/473 780/1848/808 530/1580/473
f 675/1784/809 769/1736/810 539/1559/811
f 676/1700/812 865/1863/813 675/1784/809
f 527/1586/474 782/1844/814 528/1584/474
f 677/1786/815 771/1711/816 537/1563/817
f 678/1698/818 866/1862/819 677/1786/815
f 525/1590/476 784/1840/820 526/1588/475
f 679/1785/821 772/1712/822 867/1861/823
f 680/1699/824 867/1861/823 835/1814/825
f 523/1594/478 786/1800/826 524/1592/477
f 681/1866/827 773/1687/828 535/1567/829
f 682/1867/830 868/1860/831 681/1866/827
f 664/1675/595 819/1759/832 572/1624/833
f 521/1598/480 788/1775/834 522/1596/479
f 683/1787/835 774/1688/836 869/1859/837
f 666/1676/563 822/1741/838 828/1810/839
f 684/1697/840 869/1859/837 837/1816/841
f 668/1677/539 823/1720/842 576/1647/843
f 519/1763/481 790/1746/844 520/1600/481
f 685/1777/845 775/1855/846 533/1574/846
f 670/1678/514 826/1693/847 830/1833/848
f 686/1707/849 870/1858/845 685/1777/845
f 672/1682/796 824/1721/850 831/1809/851
f 518/1605/483 791/1724/852 792/1704/853
f 687/1789/854 776/1857/855 871/1856/854
f 674/1681/806 821/1740/856 574/1635/857
f 688/1694/858 871/1856/854 839/1818/858
f 676/1700/812 820/1760/859 833/1812/860
f 515/1607/461 793/1835/861 794/1837/861
f 689/1779/862 777/1853/863 531/1578/864
f 678/1698/818 818/1774/865 834/1813/866
f 547/1632/493 795/1761/867 796/1764/868
f 690/1705/869 872/1851/870 689/1779/862
f 680/1699/824 817/1773/871 570/1616/872
f 691/1776/873 778/1852/874 873/1854/875
f 682/1867/830 816/1783/876 836/1815/877
f 550/1651/496 798/1790/878 549/1645/496
f 692/1708/879 873/1854/875 841/1819/880
f 684/1697/840 815/1782/881 568/1673/882
f 693/1768/883 779/1849/884 529/1582/885
f 686/1707/849 814/1797/886 838/1817/887
f 552/1657/501 800/1798/888 551/1658/501
f 694/1715/889 874/1847/890 693/1768/883
f 688/1694/858 813/1796/891 566/1665/892
f 695/1778/893 780/1848/894 875/1850/895
f 690/1705/869 812/1803/896 840/1820/869
f 554/1667/505 802/1806/897 553/1663/504
f 696/1706/898 875/1850/895 843/1822/898
f 692/1708/879 811/1868/899 564/1655/900
f 697/1770/901 781/1845/902 527/1586/903
f 694/1715/889 810/1821/904 842/1823/889
f 556/1614/486 804/1830/905 555/1672/507
f 698/1713/906 876/1843/907 697/1770/901
f 696/1706/898 809/1869/908 562/1637/909
f 699/1767/910 782/1844/911 877/1846/912
f 698/1713/906 808/1824/913 844/1826/914
f 558/1618/487 806/1827/915 557/1613/485
f 700/1716/916 877/1846/912 845/1825/917
f 700/1716/916 807/1870/918 560/1626/919
f 701/1749/920 783/1841/921 525/1590/922
f 702/1730/923 806/1827/924 846/1829/925
f 560/1626/490 808/1824/926 559/1622/489
f 702/1730/923 878/1839/927 701/1749/920
f 704/1714/928 805/1871/929 558/1618/930
f 703/1769/931 784/1840/932 879/1842/933
f 706/1728/679 804/1830/934 848/1831/935
f 562/1637/492 810/1821/936 561/1630/492
f 704/1714/928 879/1842/933 847/1828/937
f 708/1731/670 803/1872/938 556/1614/939
f 1038/1543/75 1037/1546/75 546/1544/460
f 1037/1546/75 1036/1548/75 545/1547/462
f 1036/1548/75 1035/1550/75 544/1549/463
f 1035/1550/75 1034/1552/75 543/1551/464
f 1034/1552/75 1033/1554/75 542/1553/465
f 1033/1554/75 1032/1556/75 541/1555/466
f 1032/1556/75 1031/1558/75 540/1557/467
f 1031/1558/75 1030/1560/75 539/1559/467
f 1030/1560/75 1029/1562/75 538/1561/468
f 1029/1562/75 1028/1564/75 537/1563/468
f 1028/1564/75 1027/1566/75 536/1565/469
f 1027/1566/75 1026/1873/75 535/1567/470
f 1026/1568/75 1025/1572/75 534/1569/471
f 1024/1571/75 533/1574/471 534/1569/471
f 1023/1573/75 532/1576/472 533/1574/471
f 1022/1575/75 531/1578/472 532/1576/472
f 1021/1577/75 530/1580/473 531/1578/472
f 1020/1579/75 529/1582/473 530/1580/473
f 1019/1581/75 528/1584/474 529/1582/473
f 1018/1583/75 527/1586/474 528/1584/474
f 1017/1585/75 526/1588/475 527/1586/474
f 1016/1587/75 525/1590/476 526/1588/475
f 1015/1589/75 524/1592/477 525/1590/476
f 1014/1591/75 523/1594/478 524/1592/477
f 1013/1593/75 522/1596/479 523/1594/478
f 1012/1595/75 521/1598/480 522/1596/479
f 1011/1597/75 520/1600/481 521/1598/480
f 1010/1599/75 519/1763/481 520/1600/481
f 1009/1601/75 518/1605/483 519/1602/481
f 1009/1601/75 1008/1606/75 517/1604/482
f 1008/1606/75 1007/1608/75 515/1607/461
f 1007/1608/75 1038/1543/75 516/1545/461
f 976/1609/85 570/1616/484 569/1610/484
f 977/1612/85 978/1617/85 557/1613/485
f 979/1615/85 571/1620/488 570/1616/484
f 978/1617/85 980/1621/85 558/1618/487
f 981/1619/85 572/1624/488 571/1620/488
f 980/1621/85 982/1625/85 559/1622/489
f 983/1623/85 573/1628/491 572/1624/488
f 982/1625/85 984/1629/85 560/1626/490
f 985/1627/85 574/1635/494 573/1628/491
f 984/1629/85 986/1636/85 561/1630/492
f 988/1631/85 548/1639/493 547/1632/493
f 989/1634/85 575/1641/495 574/1635/494
f 986/1636/85 990/1643/85 562/1637/492
f 991/1638/85 549/1645/496 548/1639/493
f 992/1640/85 576/1647/497 575/1641/495
f 993/1642/85 563/1649/498 562/1637/492
f 994/1644/85 550/1651/496 549/1645/496
f 995/1646/85 577/1653/499 576/1647/497
f 996/1648/85 564/1655/500 563/1649/498
f 997/1650/85 551/1874/501 550/1651/496
f 998/1652/85 578/1659/502 577/1653/499
f 999/1654/85 565/1661/503 564/1655/500
f 997/1656/85 1000/1662/85 552/1657/501
f 987/1633/85 547/1632/493 578/1659/502
f 1001/1660/85 566/1665/503 565/1661/503
f 1000/1662/85 1002/1666/85 553/1663/504
f 1003/1664/85 567/1695/506 566/1665/503
f 1002/1666/85 1004/1671/85 554/1667/505
f 1005/1668/85 568/1673/506 567/1669/506
f 1004/1671/85 1006/1674/85 555/1672/507
f 975/1611/85 569/1610/484 568/1673/506
f 1006/1674/85 977/1612/85 556/1614/486
f 664/1675/508 572/1624/509 573/1628/509
f 668/1677/511 576/1647/512 577/1653/512
f 670/1678/514 830/1833/848 862/1679/515
f 674/1681/517 574/1635/518 575/1641/518
f 721/1683/520 546/1544/940 764/1684/521
f 669/1680/516 862/1679/515 763/1686/523
f 536/1565/469 535/1567/470 773/1687/525
f 720/1689/527 719/1703/528 887/1690/528
f 577/1653/499 578/1659/502 825/1692/529
f 688/1694/530 566/1665/531 567/1695/531
f 684/1697/533 568/1673/534 569/1610/534
f 680/1699/536 570/1616/537 571/1620/537
f 668/1677/539 667/1709/549 861/1701/540
f 719/1703/528 518/1605/542 792/1704/542
f 562/1637/543 563/1649/543 690/1705/544
f 564/1655/546 565/1661/546 686/1707/547
f 667/1709/549 544/1549/941 766/1710/550
f 538/1561/468 537/1563/468 771/1711/551
f 558/1618/553 559/1622/553 698/1713/554
f 560/1626/556 561/1630/556 694/1715/557
f 718/1717/559 854/1791/559 886/1718/560
f 575/1641/495 576/1647/497 823/1720/562
f 666/1676/563 828/1810/839 860/1722/564
f 717/1719/561 886/1718/560 791/1724/566
f 550/1651/567 551/1874/567 714/1725/568
f 552/1657/570 553/1663/570 710/1726/571
f 554/1667/573 555/1672/573 706/1728/574
f 556/1614/576 557/1613/576 702/1730/577
f 722/1732/579 578/1659/580 547/1632/580
f 665/1723/565 860/1722/564 767/1734/582
f 726/1735/584 548/1639/585 549/1645/585
f 540/1557/467 539/1559/467 769/1736/587
f 716/1727/588 715/1745/598 885/1738/589
f 573/1628/491 574/1635/494 821/1740/591
f 515/1607/592 725/1742/594 717/1719/593
f 725/1742/594 726/1735/584 718/1717/586
f 664/1675/595 663/1754/615 859/1743/596
f 715/1745/598 520/1600/942 790/1746/599
f 546/1544/600 721/1683/602 723/1747/601
f 721/1683/602 722/1732/579 724/1733/581
f 707/1748/603 701/1749/605 525/1590/604
f 708/1731/578 702/1730/577 701/1749/605
f 711/1750/606 705/1751/608 523/1594/607
f 712/1729/575 706/1728/574 705/1751/608
f 715/1745/609 709/1752/611 521/1598/610
f 716/1727/572 710/1726/571 709/1752/611
f 719/1703/612 713/1753/614 519/1602/613
f 720/1689/569 714/1725/568 713/1753/614
f 663/1754/615 540/1557/943 770/1737/616
f 542/1553/465 541/1555/466 767/1734/617
f 714/1756/618 852/1799/618 884/1757/619
f 571/1620/488 572/1624/488 819/1759/621
f 726/1735/622 858/1832/807 795/1761/623
f 713/1758/620 884/1757/619 789/1762/625
f 724/1733/627 547/1632/944 796/1764/628
f 544/1549/463 543/1551/464 765/1766/629
f 699/1767/630 693/1768/632 529/1582/631
f 700/1716/558 694/1715/557 693/1768/632
f 703/1769/633 697/1770/635 527/1586/634
f 704/1714/555 698/1713/554 697/1770/635
f 712/1729/636 711/1750/642 883/1771/637
f 569/1610/484 570/1616/484 817/1773/638
f 722/1732/639 856/1834/639 825/1692/640
f 711/1750/642 522/1596/945 788/1775/643
f 691/1776/644 685/1777/646 533/1574/645
f 692/1708/548 686/1707/547 685/1777/646
f 695/1778/647 689/1779/649 531/1578/648
f 696/1706/545 690/1705/544 689/1779/649
f 720/1689/527 855/1691/527 797/1780/650
f 546/1544/460 545/1547/462 763/1686/651
f 710/1726/652 850/1807/652 882/1781/653
f 567/1669/506 568/1673/506 815/1782/655
f 538/1561/656 679/1785/658 675/1784/657
f 679/1785/658 680/1699/536 676/1700/538
f 536/1565/659 683/1787/661 677/1786/660
f 683/1787/661 684/1697/533 678/1698/535
f 534/1569/662 687/1789/664 681/1788/663
f 687/1789/664 688/1694/530 682/1696/532
f 718/1717/559 549/1645/665 798/1790/665
f 709/1752/654 882/1781/653 787/1792/666
f 716/1727/588 853/1739/590 799/1793/668
f 708/1731/670 707/1748/675 881/1794/671
f 565/1661/503 566/1665/503 813/1796/673
f 714/1756/618 551/1658/946 800/1798/674
f 707/1748/675 524/1592/947 786/1800/676
f 712/1729/636 851/1772/636 801/1801/677
f 706/1728/679 848/1831/935 880/1802/680
f 564/1655/500 811/1868/682 812/1803/682
f 542/1553/683 673/1805/685 671/1804/684
f 673/1805/685 674/1681/517 672/1682/519
f 710/1726/652 553/1663/948 802/1806/686
f 705/1751/681 880/1802/680 785/1808/687
f 544/1549/689 667/1709/691 669/1680/690
f 667/1709/691 668/1677/511 670/1678/513
f 540/1557/692 663/1754/694 665/1723/693
f 663/1754/694 664/1675/508 666/1676/510
f 831/1809/695 824/1721/696 823/1720/696
f 828/1810/698 822/1741/699 821/1740/699
f 833/1812/701 820/1760/702 819/1759/702
f 834/1813/704 818/1774/705 817/1773/705
f 836/1815/707 816/1783/708 815/1782/708
f 838/1817/710 814/1797/711 813/1796/711
f 812/1803/712 811/1868/712 841/1819/713
f 810/1821/715 809/1869/715 843/1822/716
f 808/1824/718 807/1870/718 845/1825/719
f 806/1827/721 805/1871/721 847/1828/722
f 804/1830/724 803/1872/724 849/1795/725
f 802/1806/727 801/1801/727 851/1772/728
f 800/1798/730 799/1793/730 853/1739/731
f 798/1790/733 797/1780/733 855/1691/734
f 857/1765/735 796/1764/736 795/1761/736
f 830/1833/738 826/1693/739 825/1692/739
f 763/1686/741 862/1679/743 888/1685/742
f 862/1679/743 830/1833/738 856/1834/740
f 793/1835/744 889/1838/747 890/1836/745
f 889/1838/747 857/1765/735 858/1832/737
f 886/1718/748 887/1690/748 792/1704/749
f 854/1791/734 855/1691/734 887/1690/748
f 884/1757/750 885/1738/752 790/1746/751
f 852/1799/732 853/1739/731 885/1738/752
f 882/1781/753 883/1771/755 788/1775/754
f 850/1807/729 851/1772/728 883/1771/755
f 880/1802/756 881/1794/758 786/1800/757
f 848/1831/726 849/1795/725 881/1794/758
f 878/1839/759 879/1842/762 784/1840/760
f 846/1829/723 847/1828/722 879/1842/762
f 876/1843/763 877/1846/765 782/1844/764
f 844/1826/720 845/1825/719 877/1846/765
f 874/1847/766 875/1850/768 780/1848/767
f 842/1823/717 843/1822/716 875/1850/768
f 872/1851/769 873/1854/771 778/1852/770
f 840/1820/714 841/1819/713 873/1854/771
f 775/1855/772 870/1858/773 871/1856/773
f 838/1817/710 839/1818/710 871/1856/773
f 773/1687/774 868/1860/776 869/1859/775
f 868/1860/776 836/1815/707 837/1816/709
f 771/1711/777 866/1862/779 867/1861/778
f 866/1862/779 834/1813/704 835/1814/706
f 769/1736/780 865/1863/782 859/1743/781
f 865/1863/782 833/1812/701 827/1744/703
f 767/1734/783 860/1722/785 864/1864/784
f 860/1722/785 828/1810/698 832/1811/700
f 765/1766/786 863/1865/788 861/1701/787
f 863/1865/788 831/1809/695 829/1702/697
f 722/1732/639 721/1683/520 888/1685/522
f 533/1574/471 775/1855/949 776/1857/789
f 671/1804/790 863/1865/797 765/1766/791
f 723/1747/793 889/1838/798 793/1835/794
f 672/1682/796 831/1809/851 863/1865/797
f 724/1733/627 857/1765/627 889/1838/798
f 531/1578/472 777/1853/799 778/1852/799
f 673/1805/800 542/1553/950 768/1755/801
f 725/1742/803 515/1607/951 794/1837/804
f 674/1681/806 673/1805/800 864/1864/802
f 726/1735/622 725/1742/803 890/1836/805
f 529/1582/473 779/1849/952 780/1848/808
f 675/1784/809 865/1863/813 769/1736/810
f 676/1700/812 833/1812/860 865/1863/813
f 527/1586/474 781/1845/814 782/1844/814
f 677/1786/815 866/1862/819 771/1711/816
f 678/1698/818 834/1813/866 866/1862/819
f 525/1590/476 783/1841/820 784/1840/820
f 679/1785/821 538/1561/953 772/1712/822
f 680/1699/824 679/1785/821 867/1861/823
f 523/1594/478 785/1808/826 786/1800/826
f 681/1866/827 868/1860/831 773/1687/828
f 682/1867/830 836/1815/877 868/1860/831
f 664/1675/595 827/1744/597 819/1759/832
f 521/1598/480 787/1792/834 788/1775/834
f 683/1787/835 536/1565/954 774/1688/836
f 666/1676/563 573/1628/955 822/1741/838
f 684/1697/840 683/1787/835 869/1859/837
f 668/1677/539 829/1702/541 823/1720/842
f 519/1763/481 789/1762/844 790/1746/844
f 685/1777/845 870/1858/845 775/1855/846
f 670/1678/514 577/1653/956 826/1693/847
f 686/1707/849 838/1817/887 870/1858/845
f 672/1682/796 575/1641/957 824/1721/850
f 518/1605/483 517/1604/482 791/1724/852
f 687/1789/854 534/1569/855 776/1857/855
f 674/1681/806 832/1811/806 821/1740/856
f 688/1694/858 687/1789/854 871/1856/854
f 676/1700/812 571/1620/958 820/1760/859
f 515/1607/461 516/1545/461 793/1835/861
f 689/1779/862 872/1851/870 777/1853/863
f 678/1698/818 569/1610/959 818/1774/865
f 547/1632/493 548/1639/493 795/1761/867
f 690/1705/869 840/1820/869 872/1851/870
f 680/1699/824 835/1814/825 817/1773/871
f 691/1776/873 532/1576/960 778/1852/874
f 682/1867/830 567/1669/961 816/1783/876
f 550/1651/496 797/1780/962 798/1790/878
f 692/1708/879 691/1776/873 873/1854/875
f 684/1697/840 837/1816/841 815/1782/881
f 693/1768/883 874/1847/890 779/1849/884
f 686/1707/849 565/1661/886 814/1797/886
f 552/1657/501 799/1793/888 800/1798/888
f 694/1715/889 842/1823/889 874/1847/890
f 688/1694/858 839/1818/858 813/1796/891
f 695/1778/893 530/1580/963 780/1848/894
f 690/1705/869 563/1649/964 812/1803/896
f 554/1667/505 801/1801/897 802/1806/897
f 696/1706/898 695/1778/893 875/1850/895
f 692/1708/879 841/1819/880 811/1868/899
f 697/1770/901 876/1843/907 781/1845/902
f 694/1715/889 561/1630/965 810/1821/904
f 556/1614/486 803/1872/905 804/1830/905
f 698/1713/906 844/1826/914 876/1843/907
f 696/1706/898 843/1822/898 809/1869/908
f 699/1767/910 528/1584/966 782/1844/911
f 698/1713/906 559/1622/967 808/1824/913
f 558/1618/487 805/1871/915 806/1827/915
f 700/1716/916 699/1767/910 877/1846/912
f 700/1716/916 845/1825/917 807/1870/918
f 701/1749/920 878/1839/927 783/1841/921
f 702/1730/923 557/1613/968 806/1827/924
f 560/1626/490 807/1870/926 808/1824/926
f 702/1730/923 846/1829/925 878/1839/927
f 704/1714/928 847/1828/937 805/1871/929
f 703/1769/931 526/1588/969 784/1840/932
f 706/1728/679 555/1672/970 804/1830/934
f 562/1637/492 809/1869/936 810/1821/936
f 704/1714/928 703/1769/931 879/1842/933
f 708/1731/670 849/1795/672 803/1872/938
l 510 512
l 477 513
l 514 511
